polarity,tau,depth_m,radius_m,radius_over_R,divF_tilted,divF_jacobian,divF_jacobian_correction,divF_christoffel_qg_approx,divF_curved_total,divF_curved_tube_qg_approx,divF_scale_upper_bound,metric_valid_fraction,metric_invalid_or_large_curvature
anticyclonic,0.5,0.5057600140571594,2604.3822167148437,0.03125,6.877122153026902e-07,6.877122153026902e-07,0.0,1.0560161204217613e-09,6.88768231423112e-07,6.877122153026902e-07,6.466336454682486e-09,1.0,False
anticyclonic,0.5,0.5057600140571594,7813.146650144531,0.09375,0.0075118214209226545,0.0075118214209226545,0.0,5.6780709263937666e-09,0.007511827098993581,0.0075118214209226545,3.476870884219899e-08,1.0,False
anticyclonic,0.5,0.5057600140571594,13021.911083574218,0.15625,0.015268878029325002,0.015268878029325002,0.0,1.8462460195965765e-08,0.015268896491785198,0.015268878029325002,1.1305175849078602e-07,1.0,False
anticyclonic,0.5,0.5057600140571594,18230.675517003907,0.21875,0.023360636588964662,0.023360636588964662,0.0,3.8744733628736124e-08,0.023360675333698292,0.023360636588964662,2.3724683614715775e-07,1.0,False
anticyclonic,0.5,0.5057600140571594,23439.439950433592,0.28125,0.031339747472036675,0.031339747472036675,0.0,6.479936435463734e-08,0.03133981227140103,0.031339747472036675,3.9678796929661875e-07,1.0,False
anticyclonic,0.5,0.5057600140571594,28648.20438386328,0.34375,0.03905882709739585,0.03905882709739585,0.0,9.792043922323161e-08,0.039058925017835075,0.03905882709739585,5.995992803166826e-07,1.0,False
anticyclonic,0.5,0.5057600140571594,33856.96881729297,0.40625,0.0462075571243423,0.0462075571243423,0.0,1.2408595645319454e-07,0.04620768121029875,0.0462075571243423,7.598194082557878e-07,1.0,False
anticyclonic,0.5,0.5057600140571594,39065.73325072265,0.46874999999999994,0.05267436609302107,0.05267436609302107,0.0,1.3776467600319978e-07,0.05267450385769707,0.05267436609302107,8.43578738410947e-07,1.0,False
anticyclonic,0.5,0.5057600140571594,44274.497684152346,0.53125,0.058195812177744215,0.05819581217774424,2.7755575615628914e-17,1.3709948403225415e-07,0.05819594927722827,0.058195812177744215,8.395055476632813e-07,1.0,False
anticyclonic,0.5,0.5057600140571594,49483.26211758203,0.59375,0.06167311496891816,0.06167311496891816,0.0,1.2853576054345375e-07,0.061673243504678704,0.06167311496891816,7.870670324620796e-07,1.0,False
anticyclonic,0.5,0.5057600140571594,54692.02655101172,0.65625,0.06338673691491631,0.06338673691491635,4.163336342344337e-17,1.2405266109276154e-07,0.06338686096757744,0.06338673691491631,7.596155297365339e-07,1.0,False
anticyclonic,0.5,0.5057600140571594,59900.7909844414,0.71875,0.06362924978921249,0.06362924978921249,0.0,1.2295169433538164e-07,0.06362937274090683,0.06362924978921249,7.52873945644242e-07,1.0,False
anticyclonic,0.5,0.5057600140571594,65109.555417871095,0.78125,0.062459136720046986,0.062459136720047014,2.7755575615628914e-17,1.1368008360514675e-07,0.06245925040013062,0.062459136720046986,6.961008024136268e-07,1.0,False
anticyclonic,0.5,0.5057600140571594,70318.31985130078,0.84375,0.05935894435538138,0.05935894435538141,2.7755575615628914e-17,1.0807164585808155e-07,0.05935905242702727,0.05935894435538138,6.617584805907547e-07,1.0,False
anticyclonic,0.5,0.5057600140571594,75527.08428473047,0.9062500000000001,0.05290054958495006,0.05290054958495006,0.0,1.3462553793214522e-07,0.05290068421048799,0.05290054958495006,8.243567563288604e-07,1.0,False
anticyclonic,0.5,0.5057600140571594,80735.84871816015,0.96875,0.044274875327392244,0.0442748753273923,5.551115123125783e-17,1.683570116157813e-07,0.044275043684403916,0.044274875327392244,1.0309057414556636e-06,1.0,False
anticyclonic,0.5,0.5057600140571594,85944.61315158985,1.03125,0.032389027538179536,0.032389027538179564,2.7755575615628914e-17,2.111268267847792e-07,0.03238923866500635,0.032389027538179536,1.2927994849686569e-06,1.0,False
anticyclonic,0.5,0.5057600140571594,91153.37758501952,1.09375,0.0190559274209636,0.019055927420963615,1.3877787807814457e-17,2.562441524401908e-07,0.019056183665116057,0.0190559274209636,1.5690678126783231e-06,1.0,False
anticyclonic,0.5,0.5057600140571594,96362.14201844922,1.15625,-0.00043632271242683676,-0.0004363227124268372,-4.336808689942018e-19,3.3649980863821854e-07,-0.000435986212618199,-0.00043632271242683676,2.0604997760090574e-06,1.0,False
anticyclonic,0.5,0.5057600140571594,101570.90645187891,1.21875,-0.015007581690911653,-0.015007581690911667,-1.3877787807814457e-17,2.4010208262779067e-07,-0.01500734158882904,-0.015007581690911653,1.4702245730123754e-06,1.0,False
anticyclonic,0.5,0.5057600140571594,106779.67088530859,1.28125,-0.025275388889694106,-0.025275388889694116,-1.0408340855860843e-17,6.48839551948985e-08,-0.02527532400573892,-0.025275388889694106,3.973059470277679e-07,1.0,False
anticyclonic,0.5,0.5057600140571594,111988.43531873828,1.34375,-0.034902368340896314,-0.03490236834089634,-2.7755575615628914e-17,-1.5733849555488226e-07,-0.034902525679391894,-0.034902368340896314,-9.634357183156385e-07,1.0,False
anticyclonic,0.5,0.5057600140571594,117197.19975216797,1.40625,-0.044811969341071164,-0.04481196934107119,-2.7755575615628914e-17,-4.368423440920652e-07,-0.04481240618341528,-0.044811969341071164,-2.67493035373673e-06,1.0,False
anticyclonic,0.5,0.5057600140571594,122405.96418559765,1.46875,-0.05474211153611626,-0.054742111536116335,-7.632783294297951e-17,-7.154230340487543e-07,-0.054742826959150385,-0.05474211153611626,-4.380772183422133e-06,1.0,False
anticyclonic,0.5,0.5057600140571594,127614.72861902734,1.53125,-0.06560536030075105,-0.06560536030075116,-1.1102230246251565e-16,-9.875929207533486e-07,-0.06560634789367191,-0.06560536030075105,-6.0473585415563424e-06,1.0,False
anticyclonic,0.5,0.5057600140571594,132823.49305245702,1.59375,-0.07547021503870888,-0.07547021503870893,-5.551115123125783e-17,-1.2382587288697547e-06,-0.0754714532974378,-0.07547021503870888,-7.582268304409391e-06,1.0,False
anticyclonic,0.5,0.5057600140571594,138032.25748588672,1.65625,-0.08670902029994643,-0.0867090202999466,-1.6653345369377348e-16,-1.4201507016249892e-06,-0.08671044045064821,-0.08670902029994643,-8.696053095660053e-06,1.0,False
anticyclonic,0.5,0.5057600140571594,143241.0219193164,1.71875,-0.09699711135899518,-0.09699711135899533,-1.5265566588595902e-16,-1.5779403581104845e-06,-0.09699868929935344,-0.09699711135899518,-9.662251421776968e-06,1.0,False
anticyclonic,0.5,0.5057600140571594,148449.7863527461,1.7812500000000002,-0.10760571876433556,-0.10760571876433571,-1.5265566588595902e-16,-1.7021522741986488e-06,-0.10760742091660991,-0.10760571876433556,-1.0422842122595125e-05,1.0,False
anticyclonic,0.5,0.5057600140571594,153658.55078617577,1.8437499999999998,-0.11723830224823087,-0.11723830224823102,-1.5265566588595902e-16,-1.7267905321490883e-06,-0.11724002903876317,-0.11723830224823087,-1.0573710336142061e-05,1.0,False
anticyclonic,0.5,0.5057600140571594,158867.31521960546,1.90625,-0.12706684411401442,-0.12706684411401464,-2.220446049250313e-16,-1.6184398123840134e-06,-0.12706846255382703,-0.12706684411401442,-9.910242993590356e-06,1.0,False
anticyclonic,0.5,0.5057600140571594,164076.07965303515,1.96875,-0.13571716638492176,-0.13571716638492196,-1.942890293094024e-16,-1.4438252868259523e-06,-0.13571861021020878,-0.13571716638492176,-8.84102042179645e-06,1.0,False
anticyclonic,0.5,0.5057600140571594,169284.84408646484,2.03125,-0.1431484372251575,-0.1431484372251576,-1.1102230246251565e-16,-1.1358292590039969e-06,-0.1431495730544166,-0.1431484372251575,-6.9550587360912305e-06,1.0,False
anticyclonic,0.5,0.5057600140571594,174493.60851989454,2.09375,-0.1504537776666934,-0.1504537776666936,-1.942890293094024e-16,-7.851499105690615e-07,-0.15045456281660416,-0.1504537776666934,-4.8077329416862505e-06,1.0,False
anticyclonic,0.5,0.5057600140571594,179702.37295332423,2.15625,-0.15762081734880884,-0.15762081734880903,-1.942890293094024e-16,-3.4404802927513616e-07,-0.15762116139683832,-0.15762081734880884,-2.1067200309167125e-06,1.0,False
anticyclonic,0.5,0.5057600140571594,184911.1373867539,2.21875,-0.1624119920554278,-0.16241199205542803,-2.220446049250313e-16,1.316436193962772e-07,-0.16241186041180863,-0.1624119920554278,8.060974815313547e-07,1.0,False
anticyclonic,0.5,0.5057600140571594,190119.9018201836,2.28125,-0.16737051431367994,-0.16737051431368016,-2.220446049250313e-16,6.832881415630288e-07,-0.1673698310255386,-0.16737051431367994,4.183999593752992e-06,1.0,False
anticyclonic,0.5,0.5057600140571594,195328.66625361328,2.34375,-0.17059010092484353,-0.17059010092484372,-1.942890293094024e-16,1.2659087043073381e-06,-0.17058883501613942,-0.17059010092484353,7.751578261601816e-06,1.0,False
anticyclonic,0.5,0.5057600140571594,200537.43068704297,2.40625,-0.17735672212374143,-0.17735672212374162,-1.942890293094024e-16,1.866212442013975e-06,-0.1773548559112996,-0.17735672212374143,1.1427436866358953e-05,1.0,False
anticyclonic,0.5,0.5057600140571594,205746.19512047266,2.46875,-0.18239010540733042,-0.18239010540733064,-2.220446049250313e-16,2.361265727086705e-06,-0.18238774414160355,-0.18239010540733042,1.4458812091007604e-05,1.0,False
anticyclonic,0.5,1.5558552742004395,2604.3822167148437,0.03125,1.565538312254254e-06,1.565538312254254e-06,0.0,4.6681622329966104e-08,1.6122199345842201e-06,1.565538312254254e-06,2.5432959051186883e-08,1.0,False
anticyclonic,0.5,1.5558552742004395,7813.146650144531,0.09375,0.010319911615888843,0.010319911615888843,0.0,1.8872113260149386e-07,0.010320100337021444,0.010319911615888843,1.0281855252631894e-07,1.0,False
anticyclonic,0.5,1.5558552742004395,13021.911083574218,0.15625,0.020820601259005266,0.020820601259005266,0.0,4.5741195741062825e-07,0.020821058670962678,0.020820601259005266,2.492059830337133e-07,1.0,False
anticyclonic,0.5,1.5558552742004395,18230.675517003907,0.21875,0.03156079745910451,0.03156079745910452,6.938893903907228e-18,8.05254474089654e-07,0.03156160271357861,0.03156079745910451,4.387166307234479e-07,0.0,True
anticyclonic,0.5,1.5558552742004395,23439.439950433592,0.28125,0.04221041645480328,0.04221041645480328,0.0,1.2656907386854623e-06,0.04221168214554197,0.04221041645480328,6.895703088662817e-07,0.0,True
anticyclonic,0.5,1.5558552742004395,28648.20438386328,0.34375,0.052562211988455024,0.05256221198845504,1.3877787807814457e-17,1.9637727883917016e-06,0.05256417576124343,0.052562211988455024,1.069897540406186e-06,0.0,True
anticyclonic,0.5,1.5558552742004395,33856.96881729297,0.40625,0.0621802279218973,0.06218022792189731,1.3877787807814457e-17,2.6780597248777127e-06,0.06218290598162219,0.0621802279218973,1.459053475862717e-06,0.0,True
anticyclonic,0.5,1.5558552742004395,39065.73325072265,0.46874999999999994,0.07063885861400701,0.07063885861400702,1.3877787807814457e-17,3.2925748360641062e-06,0.0706421511888431,0.07063885861400701,1.7938519871198224e-06,0.0,True
anticyclonic,0.5,1.5558552742004395,44274.497684152346,0.53125,0.07765346710986878,0.07765346710986881,2.7755575615628914e-17,3.614317090636094e-06,0.07765708142695944,0.07765346710986878,1.969142758458614e-06,0.0,True
anticyclonic,0.5,1.5558552742004395,49483.26211758203,0.59375,0.08233124243937477,0.08233124243937479,1.3877787807814457e-17,3.894344186187758e-06,0.08233513678356097,0.08233124243937477,2.1217063862615943e-06,0.0,True
anticyclonic,0.5,1.5558552742004395,54692.02655101172,0.65625,0.08478783297234666,0.08478783297234668,2.7755575615628914e-17,4.390570874247991e-06,0.08479222354322093,0.08478783297234666,2.3920593090528096e-06,0.0,True
anticyclonic,0.5,1.5558552742004395,59900.7909844414,0.71875,0.08533127130262604,0.08533127130262606,2.7755575615628914e-17,5.066907329423031e-06,0.08533633820995548,0.08533127130262604,2.760539162809944e-06,0.0,True
anticyclonic,0.5,1.5558552742004395,65109.555417871095,0.78125,0.08389159547917223,0.08389159547917228,5.551115123125783e-17,5.6849938415744635e-06,0.08389728047301385,0.08389159547917223,3.0972834353745115e-06,0.0,True
anticyclonic,0.5,1.5558552742004395,70318.31985130078,0.84375,0.07962972243589006,0.0796297224358901,4.163336342344337e-17,6.2809734144827774e-06,0.07963600340930459,0.07962972243589006,3.4219834632780194e-06,0.0,True
anticyclonic,0.5,1.5558552742004395,75527.08428473047,0.9062500000000001,0.07144399758745319,0.07144399758745322,2.7755575615628914e-17,7.2621367206595326e-06,0.07145125972417388,0.07144399758745319,3.95653828256291e-06,0.0,True
anticyclonic,0.5,1.5558552742004395,80735.84871816015,0.96875,0.06034731940752878,0.06034731940752882,4.163336342344337e-17,8.421562146279419e-06,0.0603557409696751,0.06034731940752878,4.588213402254855e-06,0.0,True
anticyclonic,0.5,1.5558552742004395,85944.61315158985,1.03125,0.046206659489457264,0.04620665948945728,1.3877787807814457e-17,9.699033962318982e-06,0.0462163585234196,0.046206659489457264,5.284202246788295e-06,0.0,True
anticyclonic,0.5,1.5558552742004395,91153.37758501952,1.09375,0.029720312706438053,0.029720312706438063,1.0408340855860843e-17,1.1007779029967215e-05,0.02973132048546803,0.029720312706438053,5.997229302246341e-06,0.0,True
anticyclonic,0.5,1.5558552742004395,96362.14201844922,1.15625,0.00557135451989041,0.005571354519890408,-1.734723475976807e-18,1.2268308163785605e-05,0.005583622828054194,0.00557135451989041,6.6839874790857035e-06,0.0,True
anticyclonic,0.5,1.5558552742004395,101570.90645187891,1.21875,-0.013858839537700927,-0.013858839537700948,-2.0816681711721685e-17,1.0906020994868538e-05,-0.013847933516706079,-0.013858839537700927,5.941789756433201e-06,0.0,True
anticyclonic,0.5,1.5558552742004395,106779.67088530859,1.28125,-0.02880266165099264,-0.028802661650992677,-3.8163916471489756e-17,8.704232729564392e-06,-0.028793957418263114,-0.02880266165099264,4.742217248111919e-06,0.0,True
anticyclonic,0.5,1.5558552742004395,111988.43531873828,1.34375,-0.04298953017104602,-0.042989530171046064,-4.163336342344337e-17,5.880900363107841e-06,-0.042983649270682954,-0.04298953017104602,3.2040167126543903e-06,0.0,True
anticyclonic,0.5,1.5558552742004395,117197.19975216797,1.40625,-0.05719131770432225,-0.05719131770432232,-6.938893903907228e-17,2.164007965047173e-06,-0.05718915369635728,-0.05719131770432225,1.1789891442174084e-06,0.0,True
anticyclonic,0.5,1.5558552742004395,122405.96418559765,1.46875,-0.07165164932531785,-0.07165164932531794,-8.326672684688674e-17,-1.5695656643343247e-06,-0.07165321889098226,-0.07165164932531785,-8.551266489198042e-07,0.0,True
anticyclonic,0.5,1.5558552742004395,127614.72861902734,1.53125,-0.08695918160350675,-0.08695918160350688,-1.249000902703301e-16,-5.350996323115999e-06,-0.08696453259983,-0.08695918160350675,-2.915315783305588e-06,0.0,True
anticyclonic,0.5,1.5558552742004395,132823.49305245702,1.59375,-0.10164479291139465,-0.10164479291139476,-1.1102230246251565e-16,-9.023772278322523e-06,-0.10165381668367308,-0.10164479291139465,-4.916307947045994e-06,0.0,True
anticyclonic,0.5,1.5558552742004395,138032.25748588672,1.65625,-0.11689690846887962,-0.11689690846887985,-2.220446049250313e-16,-1.165049191864514e-05,-0.11690855896079849,-0.11689690846887962,-6.347390452685252e-06,0.0,True
anticyclonic,0.5,1.5558552742004395,143241.0219193164,1.71875,-0.13071347637278224,-0.13071347637278247,-2.220446049250313e-16,-1.3840300646698566e-05,-0.13072731667342916,-0.13071347637278224,-7.5404363009389765e-06,0.0,True
anticyclonic,0.5,1.5558552742004395,148449.7863527461,1.7812500000000002,-0.14374211096079184,-0.14374211096079198,-1.3877787807814457e-16,-1.5860962089573435e-05,-0.14375797192288156,-0.14374211096079184,-8.641327768885224e-06,0.0,True
anticyclonic,0.5,1.5558552742004395,153658.55078617577,1.8437499999999998,-0.15616306316448095,-0.15616306316448111,-1.6653345369377348e-16,-1.6770455781953036e-05,-0.15617983362026305,-0.15616306316448095,-9.136835737140962e-06,0.0,True
anticyclonic,0.5,1.5558552742004395,158867.31521960546,1.90625,-0.16818970128532312,-0.16818970128532343,-3.0531133177191805e-16,-1.544009318108916e-05,-0.1682051413785045,-0.16818970128532312,-8.412031073930237e-06,0.0,True
anticyclonic,0.5,1.5558552742004395,164076.07965303515,1.96875,-0.17795748873238246,-0.17795748873238265,-1.942890293094024e-16,-1.3364488971264757e-05,-0.17797085322135392,-0.17795748873238246,-7.281205831786739e-06,0.0,True
anticyclonic,0.5,1.5558552742004395,169284.84408646484,2.03125,-0.18636040296944706,-0.18636040296944723,-1.6653345369377348e-16,-9.49202782902502e-06,-0.18636989499727624,-0.18636040296944706,-5.171421708138714e-06,0.0,True
anticyclonic,0.5,1.5558552742004395,174493.60851989454,2.09375,-0.19376088047628381,-0.19376088047628406,-2.498001805406602e-16,-5.76085566665167e-06,-0.1937666413319507,-0.19376088047628381,-3.138614275958824e-06,0.0,True
anticyclonic,0.5,1.5558552742004395,179702.37295332423,2.15625,-0.20104468816565083,-0.20104468816565105,-2.220446049250313e-16,2.660990009479011e-07,-0.2010444220666501,-0.20104468816565083,1.4497535982860134e-07,0.0,True
anticyclonic,0.5,1.5558552742004395,184911.1373867539,2.21875,-0.20533711893357626,-0.2053371189335767,-4.440892098500626e-16,7.068865800905024e-06,-0.2053300500677758,-0.20533711893357626,3.851240926932099e-06,0.0,True
anticyclonic,0.5,1.5558552742004395,190119.9018201836,2.28125,-0.20921104262580653,-0.2092110426258069,-3.608224830031759e-16,1.3937230595449012e-05,-0.20919710539521144,-0.20921104262580653,7.593245421409951e-06,0.0,True
anticyclonic,0.5,1.5558552742004395,195328.66625361328,2.34375,-0.21201096917024362,-0.21201096917024403,-4.163336342344337e-16,2.1309346132225738e-05,-0.2119896598241118,-0.21201096917024362,1.1609702074140794e-05,0.0,True
anticyclonic,0.5,1.5558552742004395,200537.43068704297,2.40625,-0.21502642441698674,-0.21502642441698722,-4.718447854656915e-16,2.842919798907255e-05,-0.21499799521899815,-0.21502642441698674,1.5488721090355722e-05,0.0,True
anticyclonic,0.5,1.5558552742004395,205746.19512047266,2.46875,-0.21944197963287138,-0.21944197963287174,-3.608224830031759e-16,3.522950423562301e-05,-0.2194067501286361,-0.21944197963287138,1.9193646105205217e-05,0.0,True
anticyclonic,0.5,2.6676816940307617,2604.3822167148437,0.03125,2.3033274324653947e-06,2.3033274324653947e-06,0.0,2.832933656778725e-07,2.5866207981432674e-06,2.3033274324653947e-06,4.176336657510439e-08,1.0,False
anticyclonic,0.5,2.6676816940307617,7813.146650144531,0.09375,0.0091349770808908,0.0091349770808908,0.0,1.133766816760301e-06,0.00913611084770756,0.0091349770808908,1.671409390959418e-07,0.0,True
anticyclonic,0.5,2.6676816940307617,13021.911083574218,0.15625,0.018339723310807424,0.018339723310807424,0.0,2.731494367296489e-06,0.01834245480517472,0.018339723310807424,4.0267939309581364e-07,0.0,True
anticyclonic,0.5,2.6676816940307617,18230.675517003907,0.21875,0.02766959321254937,0.027669593212549377,6.938893903907228e-18,4.535283433801916e-06,0.027674128495983177,0.02766959321254937,6.685956238849611e-07,0.0,True
anticyclonic,0.5,2.6676816940307617,23439.439950433592,0.28125,0.036982344849221006,0.03698234484922102,1.3877787807814457e-17,6.638093219588729e-06,0.03698898294244061,0.036982344849221006,9.785937620742978e-07,0.0,True
anticyclonic,0.5,2.6676816940307617,28648.20438386328,0.34375,0.04600984953955078,0.0460098495395508,2.0816681711721685e-17,9.692559869908518e-06,0.046019542099420704,0.04600984953955078,1.428886023961532e-06,0.0,True
anticyclonic,0.5,2.6676816940307617,33856.96881729297,0.40625,0.054416312906896774,0.0544163129068968,2.7755575615628914e-17,1.3632580522903617e-05,0.05442994548741971,0.054416312906896774,2.00972746530902e-06,0.0,True
anticyclonic,0.5,2.6676816940307617,39065.73325072265,0.46874999999999994,0.06177300327995043,0.06177300327995046,2.7755575615628914e-17,1.7653863618012337e-05,0.06179065714356847,0.06177300327995043,2.6025486900540427e-06,0.0,True
anticyclonic,0.5,2.6676816940307617,44274.497684152346,0.53125,0.0678360573575217,0.06783605735752173,2.7755575615628914e-17,2.0293738758890308e-05,0.06785635109628062,0.0678360573575217,2.991721493155811e-06,0.0,True
anticyclonic,0.5,2.6676816940307617,49483.26211758203,0.59375,0.07205812437235314,0.07205812437235319,5.551115123125783e-17,2.2501422158573785e-05,0.07208062579451177,0.07205812437235314,3.3171801952406065e-06,0.0,True
anticyclonic,0.5,2.6676816940307617,54692.02655101172,0.65625,0.07426801423123415,0.07426801423123419,4.163336342344337e-17,2.563850138007327e-05,0.07429365273261426,0.07426801423123415,3.779651277784773e-06,0.0,True
anticyclonic,0.5,2.6676816940307617,59900.7909844414,0.71875,0.07477417217700534,0.0747741721770054,5.551115123125783e-17,3.0329466849245613e-05,0.07480450164385465,0.07477417217700534,4.471197689439775e-06,0.0,True
anticyclonic,0.5,2.6676816940307617,65109.555417871095,0.78125,0.07353593963286176,0.0735359396328618,4.163336342344337e-17,3.525712250000483e-05,0.0735711967553618,0.07353593963286176,5.197637183729055e-06,0.0,True
anticyclonic,0.5,2.6676816940307617,70318.31985130078,0.84375,0.06971340894108778,0.06971340894108784,5.551115123125783e-17,3.9647688340734084e-05,0.06975305662942857,0.06971340894108778,5.8448984079365e-06,0.0,True
anticyclonic,0.5,2.6676816940307617,75527.08428473047,0.9062500000000001,0.06273223933723981,0.0627322393372399,8.326672684688674e-17,4.5554550255438895e-05,0.06277779388749534,0.06273223933723981,6.7156933835338e-06,0.0,True
anticyclonic,0.5,2.6676816940307617,80735.84871816015,0.96875,0.053223354899166624,0.05322335489916666,3.469446951953614e-17,5.2195660992142386e-05,0.0532755505601588,0.053223354899166624,7.694731990735725e-06,0.0,True
anticyclonic,0.5,2.6676816940307617,85944.61315158985,1.03125,0.04182743827893757,0.0418274382789376,2.7755575615628914e-17,5.959864802612644e-05,0.041887036926963724,0.04182743827893757,8.786087097168313e-06,0.0,True
anticyclonic,0.5,2.6676816940307617,91153.37758501952,1.09375,0.028217659927191475,0.028217659927191486,1.0408340855860843e-17,6.67911538828544e-05,0.02828445108107434,0.028217659927191475,9.846412876310191e-06,0.0,True
anticyclonic,0.5,2.6676816940307617,96362.14201844922,1.15625,0.007876645282575456,0.007876645282575458,1.734723475976807e-18,7.202597149451979e-05,0.007948671254069978,0.007876645282575456,1.061813446727179e-05,0.0,True
anticyclonic,0.5,2.6676816940307617,101570.90645187891,1.21875,-0.009049664223350252,-0.009049664223350264,-1.214306433183765e-17,6.642900870566666e-05,-0.008983235214644598,-0.009049664223350252,9.793025103701723e-06,0.0,True
anticyclonic,0.5,2.6676816940307617,106779.67088530859,1.28125,-0.023312572524837465,-0.02331257252483749,-2.42861286636753e-17,5.799027342736025e-05,-0.023254582251410128,-0.023312572524837465,8.54897904559912e-06,0.0,True
anticyclonic,0.5,2.6676816940307617,111988.43531873828,1.34375,-0.037220920274694425,-0.03722092027469448,-5.551115123125783e-17,4.752963327898508e-05,-0.0371733906414155,-0.037220920274694425,7.006861925837111e-06,0.0,True
anticyclonic,0.5,2.6676816940307617,117197.19975216797,1.40625,-0.05107781728084562,-0.051077817280845685,-6.245004513516506e-17,3.323381405952613e-05,-0.051044583466786156,-0.05107781728084562,4.899359206438553e-06,0.0,True
anticyclonic,0.5,2.6676816940307617,122405.96418559765,1.46875,-0.06537128560753433,-0.06537128560753441,-8.326672684688674e-17,1.8645651891086554e-05,-0.06535263995564333,-0.06537128560753433,2.7487590226334032e-06,0.0,True
anticyclonic,0.5,2.6676816940307617,127614.72861902734,1.53125,-0.08029329899050967,-0.08029329899050976,-8.326672684688674e-17,2.986701006467801e-06,-0.08029031228950329,-0.08029329899050967,4.4030218881010235e-07,0.0,True
anticyclonic,0.5,2.6676816940307617,132823.49305245702,1.59375,-0.09505387516727765,-0.09505387516727778,-1.3877787807814457e-16,-1.180995001517264e-05,-0.09506568511729296,-0.09505387516727765,-1.7410336120548245e-06,0.0,True
anticyclonic,0.5,2.6676816940307617,138032.25748588672,1.65625,-0.1097364430553343,-0.10973644305533452,-2.220446049250313e-16,-2.248670675851134e-05,-0.10975892976209303,-0.1097364430553343,-3.3150108375303166e-06,0.0,True
anticyclonic,0.5,2.6676816940307617,143241.0219193164,1.71875,-0.1229757502069366,-0.12297575020693677,-1.6653345369377348e-16,-3.1407368345416606e-05,-0.12300715757528219,-0.1229757502069366,-4.630102911977286e-06,0.0,True
anticyclonic,0.5,2.6676816940307617,148449.7863527461,1.7812500000000002,-0.1350357770651973,-0.1350357770651974,-1.1102230246251565e-16,-4.0727419894394724e-05,-0.1350765044850918,-0.1350357770651973,-6.0040734192197196e-06,0.0,True
anticyclonic,0.5,2.6676816940307617,153658.55078617577,1.8437499999999998,-0.14643619277000047,-0.1464361927700006,-1.3877787807814457e-16,-4.536579729046277e-05,-0.1464815585672911,-0.14643619277000047,-6.687867249132194e-06,0.0,True
anticyclonic,0.5,2.6676816940307617,158867.31521960546,1.90625,-0.15697653807499215,-0.1569765380749925,-3.608224830031759e-16,-4.10706765561319e-05,-0.15701760875154863,-0.15697653807499215,-6.054676629637915e-06,0.0,True
anticyclonic,0.5,2.6676816940307617,164076.07965303515,1.96875,-0.165494800624444,-0.16549480062444413,-1.3877787807814457e-16,-3.38870329373556e-05,-0.1655286876573815,-0.165494800624444,-4.995657329704843e-06,0.0,True
anticyclonic,0.5,2.6676816940307617,169284.84408646484,2.03125,-0.17284227293473428,-0.1728422729347345,-2.220446049250313e-16,-1.9856223952646268e-05,-0.17286212915868715,-0.17284227293473428,-2.9272226610300265e-06,0.0,True
anticyclonic,0.5,2.6676816940307617,174493.60851989454,2.09375,-0.17874755715588855,-0.17874755715588886,-3.0531133177191805e-16,-5.715754213558351e-06,-0.17875327291010243,-0.17874755715588855,-8.426217038399216e-07,0.0,True
anticyclonic,0.5,2.6676816940307617,179702.37295332423,2.15625,-0.1840145909401556,-0.18401459094015576,-1.6653345369377348e-16,1.6614082132309736e-05,-0.18399797685802347,-0.1840145909401556,2.449263154257973e-06,0.0,True
anticyclonic,0.5,2.6676816940307617,184911.1373867539,2.21875,-0.18711452727497152,-0.18711452727497196,-4.440892098500626e-16,4.249657273806979e-05,-0.18707203070223388,-0.18711452727497152,6.2648835464212305e-06,0.0,True
anticyclonic,0.5,2.6676816940307617,190119.9018201836,2.28125,-0.18958672264771623,-0.18958672264771664,-4.163336342344337e-16,6.883293071850415e-05,-0.18951788971699815,-0.18958672264771623,1.014741348127585e-05,0.0,True
anticyclonic,0.5,2.6676816940307617,195328.66625361328,2.34375,-0.19140803803078463,-0.19140803803078515,-5.273559366969494e-16,9.625308034747528e-05,-0.19131178495043769,-0.19140803803078463,1.418971697030662e-05,0.0,True
anticyclonic,0.5,2.6676816940307617,200537.43068704297,2.40625,-0.19116732130601688,-0.1911673213060174,-5.273559366969494e-16,0.00012223865157766074,-0.19104508265443976,-0.19116732130601688,1.8020533602220735e-05,0.0,True
anticyclonic,0.5,2.6676816940307617,205746.19512047266,2.46875,-0.1933627849013472,-0.19336278490134756,-3.608224830031759e-16,0.0001493126487777643,-0.1932134722525698,-0.1933627849013472,2.2011806984199523e-05,0.0,True
anticyclonic,0.5,3.8562798500061035,2604.3822167148437,0.03125,2.427588231636774e-06,2.427588231636774e-06,0.0,1.2408693951910772e-07,2.551675171155882e-06,2.427588231636774e-06,5.068576116052611e-08,1.0,False
anticyclonic,0.5,3.8562798500061035,7813.146650144531,0.09375,0.002596536102922862,0.002596536102922862,0.0,6.21594927600101e-07,0.002597157697850462,0.002596536102922862,2.5390272466250756e-07,0.0,True
anticyclonic,0.5,3.8562798500061035,13021.911083574218,0.15625,0.005164027631362426,0.005164027631362426,0.0,1.5886721575794688e-06,0.005165616303520006,0.005164027631362426,6.489245189986427e-07,0.0,True
anticyclonic,0.5,3.8562798500061035,18230.675517003907,0.21875,0.007795374709952247,0.007795374709952242,-5.204170427930421e-18,2.735862518567003e-06,0.007798110572470809,0.007795374709952247,1.1175170789248884e-06,0.0,True
anticyclonic,0.5,3.8562798500061035,23439.439950433592,0.28125,0.010471918308961128,0.01047191830896112,-6.938893903907228e-18,4.0002107244006624e-06,0.010475918519685521,0.010471918308961128,1.633965074443034e-06,0.0,True
anticyclonic,0.5,3.8562798500061035,28648.20438386328,0.34375,0.013002528172651072,0.01300252817265107,-1.734723475976807e-18,5.763395249846764e-06,0.013008291567900917,0.013002528172651072,2.3541726167116957e-06,0.0,True
anticyclonic,0.5,3.8562798500061035,33856.96881729297,0.40625,0.01531775637325667,0.015317756373256662,-8.673617379884035e-18,8.16996612819528e-06,0.015325926339384857,0.01531775637325667,3.3371840216876992e-06,0.0,True
anticyclonic,0.5,3.8562798500061035,39065.73325072265,0.46874999999999994,0.01738645220961727,0.017386452209617265,-6.938893903907228e-18,1.0737486170814665e-05,0.01739718969578808,0.01738645220961727,4.385938291552101e-06,0.0,True
anticyclonic,0.5,3.8562798500061035,44274.497684152346,0.53125,0.01914976995793789,0.019149769957937882,-6.938893903907228e-18,1.2477115978483181e-05,0.019162247073916366,0.01914976995793789,5.096524444139422e-06,0.0,True
anticyclonic,0.5,3.8562798500061035,49483.26211758203,0.59375,0.02029972106660168,0.020299721066601665,-1.3877787807814457e-17,1.382817289451735e-05,0.020313549239496183,0.02029972106660168,5.648390324833819e-06,0.0,True
anticyclonic,0.5,3.8562798500061035,54692.02655101172,0.65625,0.020668886406819506,0.02066888640681949,-1.734723475976807e-17,1.5760383170128776e-05,0.020684646789989616,0.020668886406819506,6.437639773011838e-06,0.0,True
anticyclonic,0.5,3.8562798500061035,59900.7909844414,0.71875,0.02045211554233626,0.02045211554233624,-2.0816681711721685e-17,1.8600224352581118e-05,0.02047071576668882,0.02045211554233626,7.5976289907767e-06,0.0,True
anticyclonic,0.5,3.8562798500061035,65109.555417871095,0.78125,0.019804462047709054,0.019804462047709036,-1.734723475976807e-17,2.1778188994842204e-05,0.019826240236703877,0.019804462047709054,8.895731413630303e-06,0.0,True
anticyclonic,0.5,3.8562798500061035,70318.31985130078,0.84375,0.018385810348104038,0.018385810348104017,-2.0816681711721685e-17,2.4535286004620477e-05,0.01841034563410864,0.018385810348104038,1.0021922139871104e-05,0.0,True
anticyclonic,0.5,3.8562798500061035,75527.08428473047,0.9062500000000001,0.01579828211666226,0.01579828211666224,-2.0816681711721685e-17,2.807127335196588e-05,0.015826353390014206,0.01579828211666226,1.146626600755585e-05,0.0,True
anticyclonic,0.5,3.8562798500061035,80735.84871816015,0.96875,0.012540482886799936,0.012540482886799926,-1.0408340855860843e-17,3.204590896977108e-05,0.012572528795769696,0.012540482886799936,1.3089784424602252e-05,0.0,True
anticyclonic,0.5,3.8562798500061035,85944.61315158985,1.03125,0.008707816752552486,0.00870781675255248,-5.204170427930421e-18,3.64447147881213e-05,0.008744261467340602,0.008707816752552486,1.4886563537412106e-05,0.0,True
anticyclonic,0.5,3.8562798500061035,91153.37758501952,1.09375,0.003958847850141255,0.003958847850141251,-3.469446951953614e-18,4.082067616545433e-05,0.003999668526306705,0.003958847850141255,1.6674011387111347e-05,0.0,True
anticyclonic,0.5,3.8562798500061035,96362.14201844922,1.15625,-0.003364755064982085,-0.0033647550649820814,3.469446951953614e-18,4.4431118706381064e-05,-0.0033203239462757,-0.003364755064982085,1.8148767949102594e-05,0.0,True
anticyclonic,0.5,3.8562798500061035,101570.90645187891,1.21875,-0.008750971848403037,-0.008750971848403021,1.5612511283791264e-17,4.1955896093578735e-05,-0.008709015952309442,-0.008750971848403037,1.7137714387318895e-05,0.0,True
anticyclonic,0.5,3.8562798500061035,106779.67088530859,1.28125,-0.013257194822484917,-0.01325719482248489,2.7755575615628914e-17,3.769721901644245e-05,-0.013219497603468447,-0.013257194822484917,1.5398173626397006e-05,0.0,True
anticyclonic,0.5,3.8562798500061035,111988.43531873828,1.34375,-0.017859577368382187,-0.01785957736838216,2.7755575615628914e-17,3.248297048238608e-05,-0.017827094397899774,-0.017859577368382187,1.3268310831383777e-05,0.0,True
anticyclonic,0.5,3.8562798500061035,117197.19975216797,1.40625,-0.022550314639148715,-0.022550314639148687,2.7755575615628914e-17,2.5089057092042113e-05,-0.022525225582056645,-0.022550314639148715,1.0248120877493572e-05,0.0,True
anticyclonic,0.5,3.8562798500061035,122405.96418559765,1.46875,-0.02765536763297155,-0.027655367632971502,4.85722573273506e-17,1.7271695252572034e-05,-0.027638095937718928,-0.02765536763297155,7.05496504146155e-06,0.0,True
anticyclonic,0.5,3.8562798500061035,127614.72861902734,1.53125,-0.0332046503729308,-0.03320465037293075,4.85722573273506e-17,8.119208328752085e-06,-0.033196531164602,-0.0332046503729308,3.316450996039859e-06,0.0,True
anticyclonic,0.5,3.8562798500061035,132823.49305245702,1.59375,-0.0389788538437466,-0.03897885384374654,6.245004513516506e-17,3.347462226042554e-07,-0.038978519097523937,-0.0389788538437466,1.3673370585221764e-07,0.0,True
anticyclonic,0.5,3.8562798500061035,138032.25748588672,1.65625,-0.045028118885112774,-0.04502811888511266,1.1102230246251565e-16,-5.939607224026651e-06,-0.04503405849233669,-0.045028118885112774,-2.4261498777475455e-06,0.0,True
anticyclonic,0.5,3.8562798500061035,143241.0219193164,1.71875,-0.05076069530119058,-0.05076069530119048,1.0408340855860843e-16,-1.1633291586555841e-05,-0.050772328592777034,-0.05076069530119058,-4.7518477057461e-06,0.0,True
anticyclonic,0.5,3.8562798500061035,148449.7863527461,1.7812500000000002,-0.056659763249349765,-0.056659763249349696,6.938893903907228e-17,-1.7053725820088935e-05,-0.05667681697516978,-0.056659763249349765,-6.965931121872999e-06,0.0,True
anticyclonic,0.5,3.8562798500061035,153658.55078617577,1.8437499999999998,-0.062042555727501496,-0.0620425557275014,9.71445146547012e-17,-1.943727683342375e-05,-0.06206199300433482,-0.062042555727501496,-7.9395396083424e-06,0.0,True
anticyclonic,0.5,3.8562798500061035,158867.31521960546,1.90625,-0.06718109111787504,-0.06718109111787487,1.6653345369377348e-16,-1.8572317048671504e-05,-0.06719966343492355,-0.06718109111787504,-7.5862297013262665e-06,0.0,True
anticyclonic,0.5,3.8562798500061035,164076.07965303515,1.96875,-0.07216153418497039,-0.07216153418497034,4.163336342344337e-17,-1.5471772417048598e-05,-0.0721770059573874,-0.07216153418497039,-6.319751010861097e-06,0.0,True
anticyclonic,0.5,3.8562798500061035,169284.84408646484,2.03125,-0.07649355396962465,-0.0764935539696246,5.551115123125783e-17,-7.602514368854322e-06,-0.07650115648399344,-0.07649355396962465,-3.105397143426855e-06,0.0,True
anticyclonic,0.5,3.8562798500061035,174493.60851989454,2.09375,-0.08020266971186266,-0.08020266971186257,8.326672684688674e-17,-5.346944222258903e-07,-0.0802032044062848,-0.08020266971186266,-2.184064969596073e-07,0.0,True
anticyclonic,0.5,3.8562798500061035,179702.37295332423,2.15625,-0.08352155923577247,-0.08352155923577237,9.71445146547012e-17,1.023178243510961e-05,-0.08351132745333725,-0.08352155923577247,4.17937361306726e-06,0.0,True
anticyclonic,0.5,3.8562798500061035,184911.1373867539,2.21875,-0.08640625019362559,-0.08640625019362537,2.220446049250313e-16,2.3818554808127843e-05,-0.08638243163881724,-0.08640625019362559,9.729159127240515e-06,0.0,True
anticyclonic,0.5,3.8562798500061035,190119.9018201836,2.28125,-0.08879440085943696,-0.08879440085943677,1.942890293094024e-16,3.821657584339804e-05,-0.08875618428359337,-0.08879440085943696,1.5610315179651337e-05,0.0,True
anticyclonic,0.5,3.8562798500061035,195328.66625361328,2.34375,-0.0902406883148822,-0.09024068831488195,2.498001805406602e-16,5.2593761013808566e-05,-0.09018809455386814,-0.0902406883148822,2.1482960411552416e-05,0.0,True
anticyclonic,0.5,3.8562798500061035,200537.43068704297,2.40625,-0.09080178300865022,-0.09080178300864988,3.3306690738754696e-16,6.440690275722018e-05,-0.09073737610589266,-0.09080178300865022,2.6308271465902352e-05,0.0,True
anticyclonic,0.5,3.8562798500061035,205746.19512047266,2.46875,-0.09191530703662948,-0.0919153070366293,1.8041124150158794e-16,7.802551835653825e-05,-0.09183728151827276,-0.09191530703662948,3.187106397476069e-05,0.0,True
anticyclonic,0.5,5.140361309051514,2604.3822167148437,0.03125,2.771620440645811e-06,2.771620440645811e-06,0.0,2.1113962402858269e-07,2.9827600646743937e-06,2.771620440645811e-06,5.121294770079398e-08,1.0,False
anticyclonic,0.5,5.140361309051514,7813.146650144531,0.09375,0.00042412692552130655,0.00042412692552130655,0.0,8.524834323192785e-07,0.0004249794089536258,0.00042412692552130655,2.0677402281085053e-07,0.0,True
anticyclonic,0.5,5.140361309051514,13021.911083574218,0.15625,0.0007851304607070725,0.0007851304607070723,-2.168404344971009e-19,2.2356847629726497e-06,0.0007873661454700449,0.0007851304607070725,5.422762656150254e-07,0.0,True
anticyclonic,0.5,5.140361309051514,18230.675517003907,0.21875,0.0011104436998826952,0.0011104436998826948,-4.336808689942018e-19,3.8018639679968284e-06,0.0011142455638506917,0.0011104436998826952,9.221606861069187e-07,0.0,True
anticyclonic,0.5,5.140361309051514,23439.439950433592,0.28125,0.0014477639601835905,0.0014477639601835895,-1.0842021724855044e-18,5.565383451925779e-06,0.0014533293436355152,0.0014477639601835905,1.3499109556989413e-06,0.0,True
anticyclonic,0.5,5.140361309051514,28648.20438386328,0.34375,0.0017457271275033162,0.0017457271275033114,-4.7704895589362195e-18,7.991769495554975e-06,0.0017537188969988663,0.0017457271275033162,1.938442748942528e-06,0.0,True
anticyclonic,0.5,5.140361309051514,33856.96881729297,0.40625,0.001931586586260966,0.001931586586260963,-3.0357660829594124e-18,1.1160523491456572e-05,0.0019427471097524197,0.001931586586260966,2.7070395171494367e-06,0.0,True
anticyclonic,0.5,5.140361309051514,39065.73325072265,0.46874999999999994,0.001992083853515836,0.00199208385351583,-6.071532165918825e-18,1.4623874324377486e-05,0.0020067077278402073,0.001992083853515836,3.547092187944517e-06,0.0,True
anticyclonic,0.5,5.140361309051514,44274.497684152346,0.53125,0.001980980819486034,0.0019809808194860227,-1.1275702593849246e-17,1.7405041883564864e-05,0.0019983858613695877,0.001980980819486034,4.2216779716936e-06,0.0,True
anticyclonic,0.5,5.140361309051514,49483.26211758203,0.59375,0.0018343273002547908,0.0018343273002547822,-8.673617379884035e-18,1.9763642793178972e-05,0.0018540909430479612,0.0018343273002547908,4.7937681493987595e-06,0.0,True
anticyclonic,0.5,5.140361309051514,54692.02655101172,0.65625,0.0014843597857922095,0.0014843597857922002,-9.324138683375338e-18,2.259340614367819e-05,0.0015069531919358783,0.0014843597857922095,5.480141079830432e-06,0.0,True
anticyclonic,0.5,5.140361309051514,59900.7909844414,0.71875,0.0009402947672252339,0.0009402947672252255,-8.456776945386935e-18,2.6574510373620434e-05,0.0009668692775988459,0.0009402947672252339,6.445777367464635e-06,0.0,True
anticyclonic,0.5,5.140361309051514,65109.555417871095,0.78125,0.00033311476307402814,0.00033311476307402017,-7.968885967768458e-18,3.111299690167579e-05,0.00036422775997569593,0.00033311476307402814,7.546609455574217e-06,0.0,True
anticyclonic,0.5,5.140361309051514,70318.31985130078,0.84375,-0.00039977660132186493,-0.0003997766013218742,-9.269928574751063e-18,3.5450858528820546e-05,-0.00036432574279305366,-0.00039977660132186493,8.598778993463381e-06,0.0,True
anticyclonic,0.5,5.140361309051514,75527.08428473047,0.9062500000000001,-0.0015202973658943661,-0.0015202973658943746,-8.456776945386935e-18,4.02800913464179e-05,-0.0014800172745479568,-0.0015202973658943661,9.770133015051915e-06,0.0,True
anticyclonic,0.5,5.140361309051514,80735.84871816015,0.96875,-0.002770470023574706,-0.0027704700235747105,-4.336808689942018e-18,4.576042221552256e-05,-0.0027247096013591878,-0.002770470023574706,1.1099414051114143e-05,0.0,True
anticyclonic,0.5,5.140361309051514,85944.61315158985,1.03125,-0.0041537350710153164,-0.004153735071015316,8.673617379884035e-19,5.1883281021327564e-05,-0.004101851789993988,-0.0041537350710153164,1.2584543378419324e-05,0.0,True
anticyclonic,0.5,5.140361309051514,91153.37758501952,1.09375,-0.005965229962747706,-0.005965229962747704,1.734723475976807e-18,5.771127244856771e-05,-0.005907518690299137,-0.005965229962747706,1.3998151181962256e-05,0.0,True
anticyclonic,0.5,5.140361309051514,96362.14201844922,1.15625,-0.008573838982093757,-0.008573838982093745,1.214306433183765e-17,6.312123785709201e-05,-0.008510717744236652,-0.008573838982093757,1.531036473166694e-05,0.0,True
anticyclonic,0.5,5.140361309051514,101570.90645187891,1.21875,-0.01004521482183192,-0.010045214821831905,1.5612511283791264e-17,6.139074850183407e-05,-0.00998382407333007,-0.01004521482183192,1.4890626081210655e-05,0.0,True
anticyclonic,0.5,5.140361309051514,106779.67088530859,1.28125,-0.010406953684602576,-0.010406953684602559,1.734723475976807e-17,5.681719266897556e-05,-0.010350136491933584,-0.010406953684602576,1.3781287761828518e-05,0.0,True
anticyclonic,0.5,5.140361309051514,111988.43531873828,1.34375,-0.010619083373750175,-0.010619083373750145,2.949029909160572e-17,5.141662519421818e-05,-0.010567666748555927,-0.010619083373750175,1.2471353726889071e-05,0.0,True
anticyclonic,0.5,5.140361309051514,117197.19975216797,1.40625,-0.010774902224567317,-0.010774902224567286,3.122502256758253e-17,4.2908160552131373e-05,-0.010731994064015154,-0.010774902224567317,1.0407584044935585e-05,0.0,True
anticyclonic,0.5,5.140361309051514,122405.96418559765,1.46875,-0.011331849508879877,-0.011331849508879843,3.469446951953614e-17,3.250682909598744e-05,-0.011299342679783855,-0.011331849508879877,7.884690266314423e-06,0.0,True
anticyclonic,0.5,5.140361309051514,127614.72861902734,1.53125,-0.012179862681081344,-0.0121798626810813,4.336808689942018e-17,2.236408824486384e-05,-0.012157498592836437,-0.012179862681081344,5.424518902738532e-06,0.0,True
anticyclonic,0.5,5.140361309051514,132823.49305245702,1.59375,-0.013475452183447484,-0.01347545218344743,5.377642775528102e-17,1.178427115146355e-05,-0.013463667912295967,-0.013475452183447484,2.8583325604964576e-06,0.0,True
anticyclonic,0.5,5.140361309051514,138032.25748588672,1.65625,-0.015097527922959361,-0.015097527922959304,5.724587470723463e-17,3.914234928233212e-06,-0.01509361368803107,-0.015097527922959361,9.494168116975131e-07,0.0,True
anticyclonic,0.5,5.140361309051514,143241.0219193164,1.71875,-0.01701787204828299,-0.017017872048282916,7.28583859910259e-17,-3.2063619331938505e-06,-0.01702107841021611,-0.01701787204828299,-7.777187571966315e-07,0.0,True
anticyclonic,0.5,5.140361309051514,148449.7863527461,1.7812500000000002,-0.019372251749171752,-0.01937225174917168,7.28583859910259e-17,-1.0737030290353376e-05,-0.019382988779462033,-0.019372251749171752,-2.604319171503639e-06,0.0,True
anticyclonic,0.5,5.140361309051514,153658.55078617577,1.8437499999999998,-0.022058441084926567,-0.022058441084926488,7.979727989493313e-17,-1.5339844712335903e-05,-0.022073780929638822,-0.022058441084926567,-3.72075430467192e-06,0.0,True
anticyclonic,0.5,5.140361309051514,158867.31521960546,1.90625,-0.02495908019742166,-0.02495908019742157,9.020562075079397e-17,-1.3663949703808055e-05,-0.02497274414712538,-0.02495908019742166,-3.3142577798313734e-06,0.0,True
anticyclonic,0.5,5.140361309051514,164076.07965303515,1.96875,-0.027860269422903934,-0.02786026942290381,1.249000902703301e-16,-1.0178181242545128e-05,-0.027870447604146354,-0.027860269422903934,-2.4687676037213268e-06,0.0,True
anticyclonic,0.5,5.140361309051514,169284.84408646484,2.03125,-0.030608324432384825,-0.030608324432384655,1.700029006457271e-16,-2.921724988458932e-06,-0.030611246157373113,-0.030608324432384825,-7.086786751585493e-07,0.0,True
anticyclonic,0.5,5.140361309051514,174493.60851989454,2.09375,-0.033226118767711296,-0.03322611876771115,1.457167719820518e-16,5.276461963564451e-06,-0.03322084230574759,-0.033226118767711296,1.279831636664627e-06,0.0,True
anticyclonic,0.5,5.140361309051514,179702.37295332423,2.15625,-0.035944209269285335,-0.03594420926928516,1.734723475976807e-16,1.7935893951991134e-05,-0.03592627337533317,-0.035944209269285335,4.350438735298505e-06,0.0,True
anticyclonic,0.5,5.140361309051514,184911.1373867539,2.21875,-0.038419112283116605,-0.038419112283116376,2.2898349882893854e-16,3.357790009010602e-05,-0.03838553438302627,-0.038419112283116605,8.144483770532308e-06,0.0,True
anticyclonic,0.5,5.140361309051514,190119.9018201836,2.28125,-0.0404646769605644,-0.040464676960564175,2.220446049250313e-16,5.008302943632772e-05,-0.04041459393112785,-0.0404646769605644,1.2147883558193502e-05,0.0,True
anticyclonic,0.5,5.140361309051514,195328.66625361328,2.34375,-0.041949906894659536,-0.04194990689465934,1.942890293094024e-16,6.574889560238161e-05,-0.04188415799905696,-0.041949906894659536,1.5947715959813894e-05,0.0,True
anticyclonic,0.5,5.140361309051514,200537.43068704297,2.40625,-0.04282476242098247,-0.042824762420982286,1.8735013540549517e-16,7.961659559798939e-05,-0.042745145825384294,-0.04282476242098247,1.931139436870042e-05,0.0,True
anticyclonic,0.5,5.140361309051514,205746.19512047266,2.46875,-0.04425500804155274,-0.044255008041552565,1.734723475976807e-16,9.592372876557662e-05,-0.04415908431278699,-0.04425500804155274,2.3266769215576496e-05,0.0,True
anticyclonic,0.5,6.543033599853516,2604.3822167148437,0.03125,3.1263157626773128e-06,3.1263157626773128e-06,0.0,4.3998922314638746e-07,3.5663049858237004e-06,3.1263157626773128e-06,3.898718544256119e-07,1.0,False
anticyclonic,0.5,6.543033599853516,7813.146650144531,0.09375,0.0001640744303800323,0.00016407443038003207,-2.168404344971009e-19,1.6816112238924677e-06,0.00016575604160392455,0.0001640744303800323,1.490065782960671e-06,0.0,True
anticyclonic,0.5,6.543033599853516,13021.911083574218,0.15625,0.0003069548396262958,0.0003069548396262953,-4.87890977618477e-19,4.322928623759252e-06,0.00031127776825005455,0.0003069548396262958,3.830521545601215e-06,0.0,True
anticyclonic,0.5,6.543033599853516,18230.675517003907,0.21875,0.000391021558097703,0.0003910215580977043,1.3010426069826053e-18,7.197606517614423e-06,0.0003982191646153187,0.000391021558097703,6.37775666499582e-06,0.0,True
anticyclonic,0.5,6.543033599853516,23439.439950433592,0.28125,0.00044731112129546064,0.0004473111212954602,-4.336808689942018e-19,1.0610596845159031e-05,0.00045792171814061926,0.00044731112129546064,9.401987255511405e-06,0.0,True
anticyclonic,0.5,6.543033599853516,28648.20438386328,0.34375,0.0004906427217211258,0.0004906427217211272,1.4094628242311558e-18,1.541355464153995e-05,0.0005060562763626672,0.0004906427217211258,1.3657859818508189e-05,0.0,True
anticyclonic,0.5,6.543033599853516,33856.96881729297,0.40625,0.0004906676017062785,0.0004906676017062775,-9.75781955236954e-19,2.189484059929327e-05,0.0005125624423055708,0.0004906676017062785,1.9400889062138682e-05,0.0,True
anticyclonic,0.5,6.543033599853516,39065.73325072265,0.46874999999999994,0.00042090405356433737,0.0004209040535643371,-2.710505431213761e-19,2.83064086446876e-05,0.0004492104622090247,0.00042090405356433737,2.5082141675006018e-05,0.0,True
anticyclonic,0.5,6.543033599853516,44274.497684152346,0.53125,0.00029715093665619145,0.00029715093665618776,-3.686287386450715e-18,3.364160073794469e-05,0.00033079253739413245,0.00029715093665619145,2.9809623907958258e-05,0.0,True
anticyclonic,0.5,6.543033599853516,49483.26211758203,0.59375,0.00018302670095652243,0.00018302670095651885,-3.577867169202165e-18,3.8715477272259485e-05,0.00022174217822877834,0.00018302670095652243,3.430555596605268e-05,0.0,True
anticyclonic,0.5,6.543033599853516,54692.02655101172,0.65625,2.3168817906961357e-06,2.316881790688333e-06,-7.802867510106615e-18,4.419513783890044e-05,4.651201962958878e-05,2.3168817906961357e-06,3.916105086081838e-05,0.0,True
anticyclonic,0.5,6.543033599853516,59900.7909844414,0.71875,-0.0003124465834146909,-0.0003124465834146924,-1.5178830414797062e-18,5.1703741578031394e-05,-0.000260742841836661,-0.0003124465834146909,4.5814380328726966e-05,0.0,True
anticyclonic,0.5,6.543033599853516,65109.555417871095,0.78125,-0.0006916628740248807,-0.000691662874024882,-1.3010426069826053e-18,6.0266601378492816e-05,-0.0006313962726463892,-0.0006916628740248807,5.3401879871827604e-05,0.0,True
anticyclonic,0.5,6.543033599853516,70318.31985130078,0.84375,-0.0010577175511302837,-0.0010577175511302845,-8.673617379884035e-19,6.903179462994814e-05,-0.0009886857565003363,-0.0010577175511302837,6.116866589196335e-05,0.0,True
anticyclonic,0.5,6.543033599853516,75527.08428473047,0.9062500000000001,-0.0014670315624474525,-0.001467031562447452,4.336808689942018e-19,7.837641942747426e-05,-0.0013886551430199777,-0.0014670315624474525,6.944888278607337e-05,0.0,True
anticyclonic,0.5,6.543033599853516,80735.84871816015,0.96875,-0.0019970853356750043,-0.001997085335675016,-1.1709383462843448e-17,8.858518455364406e-05,-0.001908500151121372,-0.0019970853356750043,7.849480932644032e-05,0.0,True
anticyclonic,0.5,6.543033599853516,85944.61315158985,1.03125,-0.0025373400896251614,-0.0025373400896251696,-8.239936510889834e-18,9.981569551162783e-05,-0.0024375243941135417,-0.0025373400896251614,8.844609881945487e-05,0.0,True
anticyclonic,0.5,6.543033599853516,91153.37758501952,1.09375,-0.003104914682376775,-0.003104914682376774,1.3010426069826053e-18,0.00011074107858554747,-0.0029941736037912264,-0.003104914682376775,9.812701629484059e-05,0.0,True
anticyclonic,0.5,6.543033599853516,96362.14201844922,1.15625,-0.00396823363948444,-0.00396823363948444,0.0,0.00012034317506776531,-0.003847890464416675,-0.00396823363948444,0.0001066353773295162,0.0,True
anticyclonic,0.5,6.543033599853516,101570.90645187891,1.21875,-0.004486018311567352,-0.00448601831156735,2.6020852139652106e-18,0.00011697809521027428,-0.004369040216357076,-0.004486018311567352,0.00010365359992381414,0.0,True
anticyclonic,0.5,6.543033599853516,106779.67088530859,1.28125,-0.004487385549539958,-0.004487385549539956,1.734723475976807e-18,0.00010882356408332775,-0.004378561985456628,-0.004487385549539958,9.642791800892717e-05,0.0,True
anticyclonic,0.5,6.543033599853516,111988.43531873828,1.34375,-0.004307789949457063,-0.004307789949457059,3.469446951953614e-18,9.9392313111289e-05,-0.00420839763634577,-0.004307789949457063,8.807094217272867e-05,0.0,True
anticyclonic,0.5,6.543033599853516,117197.19975216797,1.40625,-0.0040717848013614045,-0.0040717848013614,4.336808689942018e-18,8.454572286179197e-05,-0.003987239078499608,-0.0040717848013614045,7.491546615657449e-05,0.0,True
anticyclonic,0.5,6.543033599853516,122405.96418559765,1.46875,-0.004010043198078833,-0.004010043198078838,-4.336808689942018e-18,6.629539606295874e-05,-0.003943747802015879,-0.004010043198078833,5.874395926817225e-05,0.0,True
anticyclonic,0.5,6.543033599853516,127614.72861902734,1.53125,-0.0040362091439252795,-0.004036209143925257,2.2551405187698492e-17,4.836518814952884e-05,-0.003987843955775728,-0.0040362091439252795,4.285610783522951e-05,0.0,True
anticyclonic,0.5,6.543033599853516,132823.49305245702,1.59375,-0.004209035280369408,-0.004209035280369412,-3.469446951953614e-18,2.9450173209201235e-05,-0.00417958510716021,-0.004209035280369408,2.609562470671398e-05,0.0,True
anticyclonic,0.5,6.543033599853516,138032.25748588672,1.65625,-0.004478028190994041,-0.00447802819099403,1.1275702593849246e-17,1.546208214944253e-05,-0.004462566108844587,-0.004478028190994041,1.3700859756918812e-05,0.0,True
anticyclonic,0.5,6.543033599853516,143241.0219193164,1.71875,-0.004866771864252638,-0.004866771864252627,1.1275702593849246e-17,2.7746404591522673e-06,-0.004863997223793474,-0.004866771864252638,2.4585925387861574e-06,0.0,True
anticyclonic,0.5,6.543033599853516,148449.7863527461,1.7812500000000002,-0.005303461222799766,-0.005303461222799755,1.1275702593849246e-17,-1.0698973596517481e-05,-0.005314160196396273,-0.005303461222799766,-9.480297373413467e-06,0.0,True
anticyclonic,0.5,6.543033599853516,153658.55078617577,1.8437499999999998,-0.006002684459856409,-0.006002684459856404,5.204170427930421e-18,-1.8844579100499902e-05,-0.006021529038956904,-0.006002684459856409,-1.6698070346458552e-05,0.0,True
anticyclonic,0.5,6.543033599853516,158867.31521960546,1.90625,-0.006799935961982555,-0.006799935961982539,1.6479873021779667e-17,-1.642450574560891e-05,-0.0068163604677281475,-0.006799935961982555,-1.4553657626596436e-05,0.0,True
anticyclonic,0.5,6.543033599853516,164076.07965303515,1.96875,-0.007515148512749924,-0.007515148512749897,2.688821387764051e-17,-1.2325718617528066e-05,-0.007527474231367425,-0.007515148512749924,-1.0921746537744516e-05,0.0,True
anticyclonic,0.5,6.543033599853516,169284.84408646484,2.03125,-0.008427292150272827,-0.008427292150272827,0.0,6.127899897656348e-08,-0.00842723087127385,-0.008427292150272827,5.429895940971558e-08,0.0,True
anticyclonic,0.5,6.543033599853516,174493.60851989454,2.09375,-0.009347603002183005,-0.009347603002182998,6.938893903907228e-18,1.5396572293506472e-05,-0.009332206429889491,-0.009347603002183005,1.3642811860121921e-05,0.0,True
anticyclonic,0.5,6.543033599853516,179702.37295332423,2.15625,-0.009983830180082212,-0.009983830180082157,5.551115123125783e-17,3.8353661049032405e-05,-0.009945476519033124,-0.009983830180082212,3.3984952745587256e-05,0.0,True
anticyclonic,0.5,6.543033599853516,184911.1373867539,2.21875,-0.010449808614347463,-0.010449808614347467,-3.469446951953614e-18,6.384387608254472e-05,-0.010385964738264922,-0.010449808614347463,5.657168187898842e-05,0.0,True
anticyclonic,0.5,6.543033599853516,190119.9018201836,2.28125,-0.011059957646918991,-0.011059957646919014,-2.2551405187698492e-17,9.1086007806134e-05,-0.010968871639112879,-0.011059957646918991,8.071077405409127e-05,0.0,True
anticyclonic,0.5,6.543033599853516,195328.66625361328,2.34375,-0.011818583161603089,-0.011818583161603058,3.122502256758253e-17,0.000116330073682299,-0.011702253087920758,-0.011818583161603089,0.00010307939187159693,0.0,True
anticyclonic,0.5,6.543033599853516,200537.43068704297,2.40625,-0.012647257250655717,-0.012647257250655637,7.979727989493313e-17,0.00013908562111140843,-0.01250817162954423,-0.012647257250655717,0.00012324294817694117,0.0,True
anticyclonic,0.5,6.543033599853516,205746.19512047266,2.46875,-0.013643411295967689,-0.013643411295967628,6.071532165918825e-17,0.00016584455693244922,-0.013477566739035178,-0.013643411295967689,0.00014695388331394595,0.0,True
anticyclonic,0.5,8.09251880645752,2604.3822167148437,0.03125,3.188273954227895e-06,3.1882739542278953e-06,4.235164736271502e-22,7.326046703809685e-07,3.920878624608864e-06,3.188273954227895e-06,6.650644472801485e-07,0.0,True
anticyclonic,0.5,8.09251880645752,7813.146650144531,0.09375,-0.00048588195033532987,-0.0004858819503353301,-2.168404344971009e-19,3.3561560407875864e-06,-0.0004825257942945425,-0.00048588195033532987,3.0467456085034423e-06,0.0,True
anticyclonic,0.5,8.09251880645752,13021.911083574218,0.15625,-0.000952095535280277,-0.0009520955352802766,4.336808689942018e-19,9.986155839204355e-06,-0.0009421093794410723,-0.000952095535280277,9.065513068870005e-06,0.0,True
anticyclonic,0.5,8.09251880645752,18230.675517003907,0.21875,-0.0013952481153552464,-0.0013952481153552464,0.0,1.684065163015055e-05,-0.0013784074637250958,-0.0013952481153552464,1.5288079807653057e-05,0.0,True
anticyclonic,0.5,8.09251880645752,23439.439950433592,0.28125,-0.0018270517248705263,-0.0018270517248705276,-1.3010426069826053e-18,2.4044078038376266e-05,-0.0018030076468321513,-0.0018270517248705263,2.182740858400195e-05,0.0,True
anticyclonic,0.5,8.09251880645752,28648.20438386328,0.34375,-0.002242290544911168,-0.002242290544911168,0.0,3.4787477151935074e-05,-0.0022075030677592327,-0.002242290544911168,3.158035322419031e-05,0.0,True
anticyclonic,0.5,8.09251880645752,33856.96881729297,0.40625,-0.0026107095028559736,-0.0026107095028559684,5.204170427930421e-18,4.906702892011082e-05,-0.0025616424739358574,-0.0026107095028559736,4.4543445855269964e-05,0.0,True
anticyclonic,0.5,8.09251880645752,39065.73325072265,0.46874999999999994,-0.002922774234564571,-0.0029227742345645695,1.3010426069826053e-18,6.380854607204278e-05,-0.0028589656884925266,-0.002922774234564571,5.792591439948789e-05,0.0,True
anticyclonic,0.5,8.09251880645752,44274.497684152346,0.53125,-0.0031795793701889655,-0.003179579370188966,-4.336808689942018e-19,7.657674116546641e-05,-0.0031030026290234996,-0.0031795793701889655,6.951698521283262e-05,0.0,True
anticyclonic,0.5,8.09251880645752,49483.26211758203,0.59375,-0.0033612612493536475,-0.003361261249353654,-6.5052130349130266e-18,8.864098099463326e-05,-0.0032726202683590207,-0.0033612612493536475,8.046899974157925e-05,0.0,True
anticyclonic,0.5,8.09251880645752,54692.02655101172,0.65625,-0.003512531013480883,-0.0035125310134808832,-4.336808689942018e-19,0.00010147889841438718,-0.003411052115066496,-0.003512531013480883,9.212336504689035e-05,0.0,True
anticyclonic,0.5,8.09251880645752,59900.7909844414,0.71875,-0.0036747655084968423,-0.0036747655084968414,8.673617379884035e-19,0.00011848979141644445,-0.003556275717080397,-0.0036747655084968423,0.00010756599134938419,0.0,True
anticyclonic,0.5,8.09251880645752,65109.555417871095,0.78125,-0.0038136839008372694,-0.0038136839008372702,-8.673617379884035e-19,0.0001379734502425756,-0.003675710450594695,-0.0038136839008372694,0.00012525341447413378,0.0,True
anticyclonic,0.5,8.09251880645752,70318.31985130078,0.84375,-0.003877256322526588,-0.0038772563225265826,5.204170427930421e-18,0.0001583766012716582,-0.0037188797212549243,-0.003877256322526588,0.00014377556006033905,0.0,True
anticyclonic,0.5,8.09251880645752,75527.08428473047,0.9062500000000001,-0.0038995170399921597,-0.0038995170399921536,6.071532165918825e-18,0.00017938595186067175,-0.003720131088131482,-0.0038995170399921597,0.0001628480185118135,0.0,True
anticyclonic,0.5,8.09251880645752,80735.84871816015,0.96875,-0.003917331376295805,-0.003917331376295807,-1.734723475976807e-18,0.00020220217467242026,-0.0037151292016233866,-0.003917331376295805,0.00018356077018649958,0.0,True
anticyclonic,0.5,8.09251880645752,85944.61315158985,1.03125,-0.003944253076417847,-0.003944253076417838,8.673617379884035e-18,0.00022700213908101756,-0.0037172509373368206,-0.003944253076417847,0.00020607437853326882,0.0,True
anticyclonic,0.5,8.09251880645752,91153.37758501952,1.09375,-0.003992829419207314,-0.003992829419207305,8.673617379884035e-18,0.0002509053538100854,-0.0037419240653972195,-0.003992829419207314,0.00022777391026535478,0.0,True
anticyclonic,0.5,8.09251880645752,96362.14201844922,1.15625,-0.004192793494731293,-0.004192793494731287,5.204170427930421e-18,0.0002709226541341334,-0.0039218708405971536,-0.004192793494731293,0.00024594577745960957,0.0,True
anticyclonic,0.5,8.09251880645752,101570.90645187891,1.21875,-0.004375474282103186,-0.004375474282103191,-5.204170427930421e-18,0.00026397298665695775,-0.0041115012954462335,-0.004375474282103186,0.00023963681309403274,0.0,True
anticyclonic,0.5,8.09251880645752,106779.67088530859,1.28125,-0.004333369627094683,-0.0043333696270946775,5.204170427930421e-18,0.00024850624499567984,-0.004084863382098998,-0.004333369627094683,0.0002255959798724352,0.0,True
anticyclonic,0.5,8.09251880645752,111988.43531873828,1.34375,-0.004178750021647678,-0.00417875002164767,7.806255641895632e-18,0.00023067113259197063,-0.0039480788890556996,-0.004178750021647678,0.00020940512052835815,0.0,True
anticyclonic,0.5,8.09251880645752,117197.19975216797,1.40625,-0.003996117434981928,-0.003996117434981926,1.734723475976807e-18,0.00020161552032744884,-0.003794501914654477,-0.003996117434981928,0.00018302820062551106,0.0,True
anticyclonic,0.5,8.09251880645752,122405.96418559765,1.46875,-0.003841782735655725,-0.0038417827356557206,4.336808689942018e-18,0.00016608690647512857,-0.003675695829180592,-0.003841782735655725,0.00015077503750817006,0.0,True
anticyclonic,0.5,8.09251880645752,127614.72861902734,1.53125,-0.003728760406966868,-0.00372876040696686,7.806255641895632e-18,0.0001312827695828601,-0.003597477637384,-0.003728760406966868,0.00011917956043691106,0.0,True
anticyclonic,0.5,8.09251880645752,132823.49305245702,1.59375,-0.003594057467543887,-0.0035940574675438885,-1.3010426069826053e-18,9.357808952208238e-05,-0.003500479378021806,-0.003594057467543887,8.495094680896907e-05,0.0,True
anticyclonic,0.5,8.09251880645752,138032.25748588672,1.65625,-0.003482189378995498,-0.003482189378995489,8.673617379884035e-18,6.517794598373699e-05,-0.003417011433011752,-0.003482189378995498,5.91690667191459e-05,0.0,True
anticyclonic,0.5,8.09251880645752,143241.0219193164,1.71875,-0.0033622955538123805,-0.003362295553812377,3.469446951953614e-18,3.864871831756134e-05,-0.0033236468354948157,-0.0033622955538123805,3.508561919566875e-05,0.0,True
anticyclonic,0.5,8.09251880645752,148449.7863527461,1.7812500000000002,-0.0032187108999377893,-0.0032187108999377875,1.734723475976807e-18,1.1198089032161951e-05,-0.0032075128109056257,-0.0032187108999377893,1.0165715827194856e-05,0.0,True
anticyclonic,0.5,8.09251880645752,153658.55078617577,1.8437499999999998,-0.0030432672647835255,-0.0030432672647835086,1.691355389077387e-17,-5.081921562051231e-06,-0.0030483491863455598,-0.0030432672647835255,-4.613409511884639e-06,0.0,True
anticyclonic,0.5,8.09251880645752,158867.31521960546,1.90625,-0.0028896272261346896,-0.0028896272261346753,1.431146867680866e-17,-9.921346202201212e-07,-0.0028906193607548952,-0.0028896272261346896,-9.006678356023431e-07,0.0,True
anticyclonic,0.5,8.09251880645752,164076.07965303515,1.96875,-0.002757011920836856,-0.002757011920836887,-3.0791341698588326e-17,6.387588942803405e-06,-0.0027506243318940835,-0.002757011920836856,5.798704924293221e-06,0.0,True
anticyclonic,0.5,8.09251880645752,169284.84408646484,2.03125,-0.002673572995482406,-0.0026735729954823996,6.5052130349130266e-18,2.9992184146334984e-05,-0.0026435808113360647,-0.002673572995482406,2.7227147434965195e-05,0.0,True
anticyclonic,0.5,8.09251880645752,174493.60851989454,2.09375,-0.0025034120182411885,-0.002503412018241188,4.336808689942018e-19,5.9406809178269264e-05,-0.002444005209062919,-0.0025034120182411885,5.392998203284355e-05,0.0,True
anticyclonic,0.5,8.09251880645752,179702.37295332423,2.15625,-0.0022335307278944843,-0.002233530727894543,-5.854691731421724e-17,0.00010178125060375317,-0.00213174947729079,-0.0022335307278944843,9.239784281073e-05,0.0,True
anticyclonic,0.5,8.09251880645752,184911.1373867539,2.21875,-0.0018388704824940732,-0.0018388704824940495,2.3635607360183997e-17,0.00015143493598302903,-0.0016874355465110206,-0.0018388704824940732,0.00013747386014627052,0.0,True
anticyclonic,0.5,8.09251880645752,190119.9018201836,2.28125,-0.001461846679393886,-0.0014618466793938887,-2.8189256484623115e-18,0.00020527101936359212,-0.0012565756600302967,-0.001461846679393886,0.00018634669222718418,0.0,True
anticyclonic,0.5,8.09251880645752,195328.66625361328,2.34375,-0.0011401571162747831,-0.0011401571162748159,-3.2742905609062234e-17,0.0002533555506511705,-0.0008868015656236454,-0.0011401571162747831,0.0002299982187822476,0.0,True
anticyclonic,0.5,8.09251880645752,200537.43068704297,2.40625,-0.000996457909397825,-0.0009964579093978024,2.2551405187698492e-17,0.00029492390482676527,-0.0007015340045710371,-0.000996457909397825,0.00026773430703262843,0.0,True
anticyclonic,0.5,8.09251880645752,205746.19512047266,2.46875,-0.0010816743174803317,-0.0010816743174803666,-3.491130995403324e-17,0.0003457982429224725,-0.000735876074557894,-0.0010816743174803317,0.000313918442780453,0.0,True
anticyclonic,0.5,9.822750091552734,2604.3822167148437,0.03125,3.7468745507274974e-06,3.7468745507274983e-06,8.470329472543003e-22,1.7136992359047698e-06,5.460573786632268e-06,3.7468745507274974e-06,6.038039364267537e-07,0.0,True
anticyclonic,0.5,9.822750091552734,7813.146650144531,0.09375,-3.285264778945806e-05,-3.285264778945794e-05,1.1519648082658485e-19,7.26575186021436e-06,-2.5586895929243584e-05,-3.285264778945806e-05,2.5600113966213083e-06,0.0,True
anticyclonic,0.5,9.822750091552734,13021.911083574218,0.15625,-2.69149703130692e-05,-2.6914970313068765e-05,4.336808689942018e-19,2.075410241746775e-05,-6.160867895601014e-06,-2.69149703130692e-05,7.312490123189506e-06,0.0,True
anticyclonic,0.5,9.822750091552734,18230.675517003907,0.21875,3.76649033514301e-05,3.766490335143011e-05,6.776263578034403e-21,3.505801727358224e-05,7.272292062501234e-05,3.76649033514301e-05,1.2352324369176761e-05,0.0,True
anticyclonic,0.5,9.822750091552734,23439.439950433592,0.28125,0.0001402058237036879,0.00014020582370368872,8.131516293641283e-19,4.976859779229479e-05,0.0001899744214959835,0.0001402058237036879,1.75354429924583e-05,0.0,True
anticyclonic,0.5,9.822750091552734,28648.20438386328,0.34375,0.0002624711939266685,0.0002624711939266684,-1.0842021724855044e-19,7.252905565480403e-05,0.00033500024958147247,0.0002624711939266685,2.5554851395241773e-05,0.0,True
anticyclonic,0.5,9.822750091552734,33856.96881729297,0.40625,0.00039761674984468704,0.0003976167498446924,5.366800753803247e-18,0.00010170390279939697,0.0004993206526440894,0.00039761674984468704,3.583430252731485e-05,0.0,True
anticyclonic,0.5,9.822750091552734,39065.73325072265,0.46874999999999994,0.0005363772776701946,0.0005363772776701978,3.2526065174565133e-18,0.00013138058476929118,0.000667757862439489,0.0005363772776701946,4.6290569892134255e-05,0.0,True
anticyclonic,0.5,9.822750091552734,44274.497684152346,0.53125,0.0006790545001722871,0.0006790545001722909,3.7947076036992655e-18,0.0001574500245441546,0.0008365045247164455,0.0006790545001722871,5.547586333611023e-05,0.0,True
anticyclonic,0.5,9.822750091552734,49483.26211758203,0.59375,0.0008174322190154598,0.000817432219015463,3.144186300207963e-18,0.00018327613471656948,0.0010007083537320325,0.0008174322190154598,6.457542214898566e-05,0.0,True
anticyclonic,0.5,9.822750091552734,54692.02655101172,0.65625,0.0009231543197221623,0.0009231543197221721,9.75781955236954e-18,0.0002106374456892224,0.0011337917654113945,0.0009231543197221623,7.421589284824576e-05,0.0,True
anticyclonic,0.5,9.822750091552734,59900.7909844414,0.71875,0.0009751641801596395,0.0009751641801596452,5.637851296924623e-18,0.00024485951730586025,0.0012200236974655055,0.0009751641801596395,8.627368054043358e-05,0.0,True
anticyclonic,0.5,9.822750091552734,65109.555417871095,0.78125,0.0009485870868734184,0.0009485870868734218,3.469446951953614e-18,0.00028376335326824276,0.0012323504401416645,0.0009485870868734184,9.998103875360642e-05,0.0,True
anticyclonic,0.5,9.822750091552734,70318.31985130078,0.84375,0.0008468135843555057,0.0008468135843555113,5.637851296924623e-18,0.0003252474831260524,0.0011720610674815636,0.0008468135843555057,0.00011459753643451919,0.0,True
anticyclonic,0.5,9.822750091552734,75527.08428473047,0.9062500000000001,0.0006276374803210236,0.0006276374803210271,3.469446951953614e-18,0.00036836030047833674,0.0009959977807993637,0.0006276374803210236,0.00012978788505716603,0.0,True
anticyclonic,0.5,9.822750091552734,80735.84871816015,0.96875,0.00029428685840250055,0.0002942868584025122,1.1655173354219173e-17,0.0004146302282111027,0.0007089170866136149,0.00029428685840250055,0.00014609060838100254,0.0,True
anticyclonic,0.5,9.822750091552734,85944.61315158985,1.03125,-0.00013196178530321104,-0.00013196178530319768,1.3362791775883842e-17,0.0004634289283968312,0.0003314671430936335,-0.00013196178530321104,0.00016328431813316652,0.0,True
anticyclonic,0.5,9.822750091552734,91153.37758501952,1.09375,-0.0006696651193568928,-0.0006696651193568897,3.144186300207963e-18,0.0005103807335943202,-0.00015928438576256945,-0.0006696651193568928,0.00017982729382377445,0.0,True
anticyclonic,0.5,9.822750091552734,96362.14201844922,1.15625,-0.001589566021951122,-0.0015895660219511203,1.734723475976807e-18,0.0005472060150999297,-0.0010423600068511906,-0.001589566021951122,0.00019280229519346985,0.0,True
anticyclonic,0.5,9.822750091552734,101570.90645187891,1.21875,-0.0025290076788040215,-0.002529007678804018,3.469446951953614e-18,0.0005339711700942804,-0.0019950365087097375,-0.0025290076788040215,0.0001881391364868664,0.0,True
anticyclonic,0.5,9.822750091552734,106779.67088530859,1.28125,-0.0032027239345599223,-0.003202723934559922,4.336808689942018e-19,0.0005052568478935314,-0.0026974670866663905,-0.0032027239345599223,0.0001780219464844535,0.0,True
anticyclonic,0.5,9.822750091552734,111988.43531873828,1.34375,-0.003759225040819713,-0.0037592250408197197,-6.5052130349130266e-18,0.00047272775566416545,-0.0032864972851555543,-0.003759225040819713,0.00016656066230753068,0.0,True
anticyclonic,0.5,9.822750091552734,117197.19975216797,1.40625,-0.004322319405859974,-0.004322319405859971,2.6020852139652106e-18,0.0004192852758080905,-0.003903034130051881,-0.004322319405859974,0.00014773076553601882,0.0,True
anticyclonic,0.5,9.822750091552734,122405.96418559765,1.46875,-0.004974454531870434,-0.004974454531870441,-6.938893903907228e-18,0.0003537204384780566,-0.004620734093392384,-0.004974454531870434,0.00012462968336149534,0.0,True
anticyclonic,0.5,9.822750091552734,127614.72861902734,1.53125,-0.005721817497619912,-0.005721817497619936,-2.42861286636753e-17,0.0002899943370551354,-0.005431823160564801,-0.005721817497619912,0.00010217646048194178,0.0,True
anticyclonic,0.5,9.822750091552734,132823.49305245702,1.59375,-0.006511683701288223,-0.006511683701288211,1.1275702593849246e-17,0.000219413222248527,-0.006292270479039685,-0.006511683701288223,7.73079455962953e-05,0.0,True
anticyclonic,0.5,9.822750091552734,138032.25748588672,1.65625,-0.007336922299362559,-0.007336922299362574,-1.474514954580286e-17,0.0001660516516771678,-0.007170870647685406,-0.007336922299362559,5.850655636191791e-05,0.0,True
anticyclonic,0.5,9.822750091552734,143241.0219193164,1.71875,-0.00815122021542011,-0.008151220215420103,6.938893903907228e-18,0.00011580032007621333,-0.00803541989534389,-0.00815122021542011,4.08010271794164e-05,0.0,True
anticyclonic,0.5,9.822750091552734,148449.7863527461,1.7812500000000002,-0.008963355811882099,-0.008963355811882089,1.0408340855860843e-17,6.412114764400934e-05,-0.008899234664238078,-0.008963355811882099,2.2592413268605423e-05,0.0,True
anticyclonic,0.5,9.822750091552734,153658.55078617577,1.8437499999999998,-0.009733753708864546,-0.009733753708864566,-1.9081958235744878e-17,3.2400295065464996e-05,-0.0097013534137991,-0.009733753708864546,1.1415903848254516e-05,0.0,True
anticyclonic,0.5,9.822750091552734,158867.31521960546,1.90625,-0.010462309377189633,-0.010462309377189656,-2.2551405187698492e-17,3.797972377582044e-05,-0.010424329653413835,-0.010462309377189633,1.3381756984990275e-05,0.0,True
anticyclonic,0.5,9.822750091552734,164076.07965303515,1.96875,-0.01104144633332501,-0.011041446333325055,-4.5102810375396984e-17,4.981989534264653e-05,-0.010991626437982408,-0.01104144633332501,1.755351714583509e-05,0.0,True
anticyclonic,0.5,9.822750091552734,169284.84408646484,2.03125,-0.011515402190884979,-0.01151540219088495,2.949029909160572e-17,9.096981646332192e-05,-0.011424432374421627,-0.011515402190884979,3.205225988653322e-05,0.0,True
anticyclonic,0.5,9.822750091552734,174493.60851989454,2.09375,-0.011869679215419458,-0.011869679215419485,-2.7755575615628914e-17,0.00014286730406112009,-0.011726811911358366,-0.011869679215419458,5.033779485420505e-05,0.0,True
anticyclonic,0.5,9.822750091552734,179702.37295332423,2.15625,-0.012158746300754874,-0.012158746300754955,-8.153200337090993e-17,0.00021851549857165208,-0.011940230802183304,-0.012158746300754874,7.69916420824909e-05,0.0,True
anticyclonic,0.5,9.822750091552734,184911.1373867539,2.21875,-0.012394315444520052,-0.012394315444520045,6.938893903907228e-18,0.000306532271584336,-0.012087783172935709,-0.012394315444520052,0.00010800342810839765,0.0,True
anticyclonic,0.5,9.822750091552734,190119.9018201836,2.28125,-0.012464394628815587,-0.012464394628815599,-1.214306433183765e-17,0.0004015870853153449,-0.012062807543500254,-0.012464394628815587,0.00014149499390045034,0.0,True
anticyclonic,0.5,9.822750091552734,195328.66625361328,2.34375,-0.012223793768654104,-0.012223793768654128,-2.42861286636753e-17,0.0004890129487931183,-0.01173478081986101,-0.012223793768654104,0.0001722985791547306,0.0,True
anticyclonic,0.5,9.822750091552734,200537.43068704297,2.40625,-0.012043399599145788,-0.01204339959914584,-5.204170427930421e-17,0.0005643119815205867,-0.011479087617625254,-0.012043399599145788,0.00019882940289403633,0.0,True
anticyclonic,0.5,9.822750091552734,205746.19512047266,2.46875,-0.011697365561179203,-0.011697365561179264,-6.071532165918825e-17,0.0006475383217778915,-0.011049827239401372,-0.011697365561179203,0.00022815333022555644,0.0,True
anticyclonic,0.5,11.773679733276367,2604.3822167148437,0.03125,4.309849405391557e-06,4.309849405391557e-06,0.0,2.1991755874756993e-07,4.529766964139127e-06,4.309849405391557e-06,3.6402330930952377e-07,1.0,False
anticyclonic,0.5,11.773679733276367,7813.146650144531,0.09375,0.0006076038536396044,0.0006076038536396046,2.168404344971009e-19,9.634426019611266e-07,0.0006085672962415657,0.0006076038536396044,1.5947592647580854e-06,1.0,False
anticyclonic,0.5,11.773679733276367,13021.911083574218,0.15625,0.0012264849822302387,0.0012264849822302387,0.0,2.6191694708948097e-06,0.0012291041517011334,0.0012264849822302387,4.335437078637263e-06,0.0,True
anticyclonic,0.5,11.773679733276367,18230.675517003907,0.21875,0.0018634655465856894,0.0018634655465856894,0.0,4.46757123336876e-06,0.0018679331178190581,0.0018634655465856894,7.395044189325777e-06,0.0,True
anticyclonic,0.5,11.773679733276367,23439.439950433592,0.28125,0.0025146964786276122,0.002514696478627614,1.734723475976807e-18,6.283223914611511e-06,0.0025209797025422254,0.0025146964786276122,1.0400442672951857e-05,0.0,True
anticyclonic,0.5,11.773679733276367,28648.20438386328,0.34375,0.0031578568800991733,0.0031578568800991755,2.168404344971009e-18,9.040284729179519e-06,0.003166897164828355,0.0031578568800991733,1.4964127389180762e-05,0.0,True
anticyclonic,0.5,11.773679733276367,33856.96881729297,0.40625,0.003763267122138666,0.0037632671221386636,-2.6020852139652106e-18,1.2547920445129604e-05,0.0037758150425837933,0.003763267122138666,2.0770217491508892e-05,0.0,True
anticyclonic,0.5,11.773679733276367,39065.73325072265,0.46874999999999994,0.004303571020612842,0.0043035710206128465,4.336808689942018e-18,1.626462210714829e-05,0.004319835642719995,0.004303571020612842,2.692236853587928e-05,0.0,True
anticyclonic,0.5,11.773679733276367,44274.497684152346,0.53125,0.004776071113348976,0.004776071113348983,6.938893903907228e-18,1.9691088223468392e-05,0.004795762201572451,0.004776071113348976,3.259410089778455e-05,0.0,True
anticyclonic,0.5,11.773679733276367,49483.26211758203,0.59375,0.0051730329513929516,0.00517303295139296,8.673617379884035e-18,2.306531516027549e-05,0.005196098266553236,0.0051730329513929516,3.817936322469018e-05,0.0,True
anticyclonic,0.5,11.773679733276367,54692.02655101172,0.65625,0.005491753912736163,0.005491753912736168,5.204170427930421e-18,2.6685826826839965e-05,0.005518439739563008,0.005491753912736163,4.417229369264492e-05,0.0,True
anticyclonic,0.5,11.773679733276367,59900.7909844414,0.71875,0.005722281788809234,0.005722281788809238,3.469446951953614e-18,3.1107271641732015e-05,0.00575338906045097,0.005722281788809234,5.1490986127267196e-05,0.0,True
anticyclonic,0.5,11.773679733276367,65109.555417871095,0.78125,0.005828097665912642,0.00582809766591265,7.806255641895632e-18,3.613392111755472e-05,0.005864231587030204,0.005828097665912642,5.981145670428148e-05,0.0,True
anticyclonic,0.5,11.773679733276367,70318.31985130078,0.84375,0.00579241343422039,0.005792413434220395,4.336808689942018e-18,4.1508222240354466e-05,0.005833921656460749,0.00579241343422039,6.870738521080446e-05,0.0,True
anticyclonic,0.5,11.773679733276367,75527.08428473047,0.9062500000000001,0.00559891609199942,0.00559891609199942,0.0,4.707167718931959e-05,0.0056459877691887395,0.00559891609199942,7.791641469098967e-05,0.0,True
anticyclonic,0.5,11.773679733276367,80735.84871816015,0.96875,0.005258885679534137,0.005258885679534151,1.3877787807814457e-17,5.2922976415676136e-05,0.005311808655949827,0.005258885679534137,8.760190465490599e-05,0.0,True
anticyclonic,0.5,11.773679733276367,85944.61315158985,1.03125,0.004807370007394148,0.004807370007394151,3.469446951953614e-18,5.908405773687117e-05,0.004866454065131022,0.004807370007394148,9.780016815073198e-05,0.0,True
anticyclonic,0.5,11.773679733276367,91153.37758501952,1.09375,0.00424684354152763,0.004246843541527627,-3.469446951953614e-18,6.494347669034608e-05,0.004311787018217973,0.00424684354152763,0.00010749909846908453,0.0,True
anticyclonic,0.5,11.773679733276367,96362.14201844922,1.15625,0.0034367199990891317,0.00343671999908913,-1.734723475976807e-18,6.902198192655575e-05,0.003505741981015686,0.0034367199990891317,0.00011425013272745144,0.0,True
anticyclonic,0.5,11.773679733276367,101570.90645187891,1.21875,0.0025981705631920233,0.0025981705631920302,6.938893903907228e-18,6.700963242165858e-05,0.002665180195613689,0.0025981705631920233,0.00011091914755995561,0.0,True
anticyclonic,0.5,11.773679733276367,106779.67088530859,1.28125,0.0018048334360865105,0.0018048334360865137,3.2526065174565133e-18,6.358011013226692e-05,0.0018684135462187807,0.0018048334360865105,0.00010524235640128273,0.0,True
anticyclonic,0.5,11.773679733276367,111988.43531873828,1.34375,0.0010386349857282775,0.0010386349857282773,-2.168404344971009e-19,6.008591765825582e-05,0.0010987209033865332,0.0010386349857282775,9.945851851676908e-05,0.0,True
anticyclonic,0.5,11.773679733276367,117197.19975216797,1.40625,0.00022488671305263583,0.00022488671305263608,2.439454888092385e-19,5.400494082872551e-05,0.00027889165388136157,0.00022488671305263583,8.93928497183034e-05,0.0,True
anticyclonic,0.5,11.773679733276367,122405.96418559765,1.46875,-0.0006628547920189523,-0.0006628547920189521,2.168404344971009e-19,4.640122656370612e-05,-0.000616453565455246,-0.0006628547920189523,7.680663675031783e-05,0.0,True
anticyclonic,0.5,11.773679733276367,127614.72861902734,1.53125,-0.001582627489700475,-0.0015826274897004747,2.168404344971009e-19,3.901602057085039e-05,-0.0015436114691296243,-0.001582627489700475,6.45821143394552e-05,0.0,True
anticyclonic,0.5,11.773679733276367,132823.49305245702,1.59375,-0.0025455712567291487,-0.002545571256729155,-6.071532165918825e-18,3.093458669968296e-05,-0.002514636670029472,-0.0025455712567291487,5.1205145631262165e-05,0.0,True
anticyclonic,0.5,11.773679733276367,138032.25748588672,1.65625,-0.003453240067456317,-0.003453240067456321,-4.336808689942018e-18,2.4807716950599893e-05,-0.003428432350505721,-0.003453240067456317,4.106351158225163e-05,0.0,True
anticyclonic,0.5,11.773679733276367,143241.0219193164,1.71875,-0.0042940382718041955,-0.004294038271804215,-1.9081958235744878e-17,1.8843804724116346e-05,-0.004275194467080098,-0.0042940382718041955,3.119161650720656e-05,0.0,True
anticyclonic,0.5,11.773679733276367,148449.7863527461,1.7812500000000002,-0.005125680166563071,-0.0051256801665630885,-1.734723475976807e-17,1.2792677122420592e-05,-0.005112887489440668,-0.005125680166563071,2.1175356290568307e-05,0.0,True
anticyclonic,0.5,11.773679733276367,153658.55078617577,1.8437499999999998,-0.005903840931357403,-0.005903840931357415,-1.214306433183765e-17,9.058938051123112e-06,-0.005894781993306292,-0.005903840931357403,1.4995003704933781e-05,0.0,True
anticyclonic,0.5,11.773679733276367,158867.31521960546,1.90625,-0.006571989079151991,-0.006571989079152003,-1.214306433183765e-17,9.348072093748234e-06,-0.006562641007058255,-0.006571989079151991,1.547359910054405e-05,0.0,True
anticyclonic,0.5,11.773679733276367,164076.07965303515,1.96875,-0.007117567184424333,-0.007117567184424322,1.0408340855860843e-17,1.0836045182444585e-05,-0.007106731139241877,-0.007117567184424333,1.7936598830968007e-05,0.0,True
anticyclonic,0.5,11.773679733276367,169284.84408646484,2.03125,-0.007597286566806737,-0.007597286566806781,-4.423544863740858e-17,1.505108480576805e-05,-0.007582235482001013,-0.007597286566806737,2.4913634595148118e-05,0.0,True
anticyclonic,0.5,11.773679733276367,174493.60851989454,2.09375,-0.008024586516132724,-0.008024586516132725,-1.734723475976807e-18,2.087231005918511e-05,-0.00800371420607354,-0.008024586516132724,3.454934396302716e-05,0.0,True
anticyclonic,0.5,11.773679733276367,179702.37295332423,2.15625,-0.008337926600361017,-0.008337926600361,1.734723475976807e-17,2.9521167358163885e-05,-0.008308405433002836,-0.008337926600361017,4.886555260798545e-05,0.0,True
anticyclonic,0.5,11.773679733276367,184911.1373867539,2.21875,-0.008672558489593371,-0.008672558489593418,-4.683753385137379e-17,3.858046175846539e-05,-0.008633978027834954,-0.008672558489593371,6.386114616762628e-05,0.0,True
anticyclonic,0.5,11.773679733276367,190119.9018201836,2.28125,-0.009022868632139308,-0.009022868632139332,-2.42861286636753e-17,4.888150285548812e-05,-0.008973987129283843,-0.009022868632139308,8.091216788152139e-05,0.0,True
anticyclonic,0.5,11.773679733276367,195328.66625361328,2.34375,-0.009302255655657624,-0.00930225565565763,-5.204170427930421e-18,5.866239123568071e-05,-0.00924359326442195,-0.009302255655657624,9.710219552834347e-05,0.0,True
anticyclonic,0.5,11.773679733276367,200537.43068704297,2.40625,-0.009618890778818844,-0.009618890778818877,-3.2959746043559335e-17,6.679051745819212e-05,-0.009552100261360686,-0.009618890778818844,0.00011055645276389409,0.0,True
anticyclonic,0.5,11.773679733276367,205746.19512047266,2.46875,-0.009717709261322508,-0.009717709261322508,0.0,7.602574328883271e-05,-0.009641683518033677,-0.009717709261322508,0.000125843260639701,0.0,True
anticyclonic,0.5,13.99103832244873,2604.3822167148437,0.03125,5.212566694774374e-06,5.212566694774374e-06,0.0,1.2983740736803907e-06,6.510940768454765e-06,5.212566694774374e-06,7.662305008679084e-07,0.0,True
anticyclonic,0.5,13.99103832244873,7813.146650144531,0.09375,-4.0301994571929783e-05,-4.0301994571929783e-05,0.0,5.0800000455760405e-06,-3.522199452635374e-05,-4.0301994571929783e-05,2.9979426255001586e-06,0.0,True
anticyclonic,0.5,13.99103832244873,13021.911083574218,0.15625,-8.006836994529226e-05,-8.006836994529226e-05,0.0,1.2191674345689454e-05,-6.78766955996028e-05,-8.006836994529226e-05,7.19487005300108e-06,0.0,True
anticyclonic,0.5,13.99103832244873,18230.675517003907,0.21875,-0.00010212243704717419,-0.00010212243704717419,0.0,1.9943540036261724e-05,-8.217889701091246e-05,-0.00010212243704717419,1.1769603984579932e-05,0.0,True
anticyclonic,0.5,13.99103832244873,23439.439950433592,0.28125,-0.00011245073144079534,-0.00011245073144079534,0.0,2.8420277213804208e-05,-8.403045422699114e-05,-0.00011245073144079534,1.6772118055784998e-05,0.0,True
anticyclonic,0.5,13.99103832244873,28648.20438386328,0.34375,-0.00012672073139730584,-0.00012672073139730587,-2.710505431213761e-20,4.131659303682615e-05,-8.540413836047973e-05,-0.00012672073139730584,2.4382829585486486e-05,0.0,True
anticyclonic,0.5,13.99103832244873,33856.96881729297,0.40625,-0.0001428526802852301,-0.00014285268028523134,-1.2468324983583301e-18,5.7891216192747087e-05,-8.496146409248425e-05,-0.0001428526802852301,3.416428013960805e-05,0.0,True
anticyclonic,0.5,13.99103832244873,39065.73325072265,0.46874999999999994,-0.00014142690499260158,-0.00014142690499260242,-8.402566836762659e-19,7.490450572505385e-05,-6.652239926754857e-05,-0.00014142690499260158,4.4204607980411146e-05,0.0,True
anticyclonic,0.5,13.99103832244873,44274.497684152346,0.53125,-0.00011939523308708145,-0.00011939523308708143,1.3552527156068805e-20,9.154387623989502e-05,-2.7851356847186418e-05,-0.00011939523308708145,5.402426894111815e-05,0.0,True
anticyclonic,0.5,13.99103832244873,49483.26211758203,0.59375,-9.149155336698484e-05,-9.14915533669848e-05,4.0657581468206416e-20,0.00010779763663091487,1.630608326393007e-05,-9.149155336698484e-05,6.361636355996358e-05,0.0,True
anticyclonic,0.5,13.99103832244873,54692.02655101172,0.65625,-6.39632119189072e-05,-6.396321191890721e-05,-1.3552527156068805e-20,0.0001251498862954441,6.118667437653688e-05,-6.39632119189072e-05,7.385672742825055e-05,0.0,True
anticyclonic,0.5,13.99103832244873,59900.7909844414,0.71875,-3.52505722466545e-05,-3.525057224665448e-05,2.0328790734103208e-20,0.0001464001467286958,0.00011114957448204131,-3.52505722466545e-05,8.639748746452349e-05,0.0,True
anticyclonic,0.5,13.99103832244873,65109.555417871095,0.78125,8.560699878543548e-06,8.560699878543137e-06,-4.1165801236558996e-19,0.00017086425537886864,0.00017942495525741177,8.560699878543548e-06,0.00010083488775177168,0.0,True
anticyclonic,0.5,13.99103832244873,70318.31985130078,0.84375,7.261298691876572e-05,7.261298691876435e-05,-1.3688052427629493e-18,0.00019735558327544725,0.0002699685701942116,7.261298691876572e-05,0.00011646864373498621,0.0,True
anticyclonic,0.5,13.99103832244873,75527.08428473047,0.9062500000000001,0.00015675100770498737,0.00015675100770498734,-2.710505431213761e-20,0.00022455390245444746,0.0003813049101594348,0.00015675100770498737,0.00013251962792340018,0.0,True
anticyclonic,0.5,13.99103832244873,80735.84871816015,0.96875,0.0002604402924476718,0.00026044029244767287,1.0842021724855044e-18,0.00025263906424535955,0.0005130793566930324,0.0002604402924476718,0.00014909397889222898,0.0,True
anticyclonic,0.5,13.99103832244873,85944.61315158985,1.03125,0.0003737305943400458,0.000373730594340045,-7.589415207398531e-19,0.0002819649728570639,0.0006556955671971089,0.0003737305943400458,0.00016640055185872222,0.0,True
anticyclonic,0.5,13.99103832244873,91153.37758501952,1.09375,0.000497653884859693,0.0004976538848596922,-8.673617379884035e-19,0.0003103628164298686,0.0008080167012895608,0.000497653884859693,0.00018315943078694928,0.0,True
anticyclonic,0.5,13.99103832244873,96362.14201844922,1.15625,0.0006970001391116116,0.0006970001391116111,-4.336808689942018e-19,0.0003288167127321165,0.0010258168518437276,0.0006970001391116116,0.00019404992721110738,0.0,True
anticyclonic,0.5,13.99103832244873,101570.90645187891,1.21875,0.0008462817316967861,0.000846281731696786,-1.0842021724855044e-19,0.00031783602263047415,0.00116411775432726,0.0008462817316967861,0.00018756971488477297,0.0,True
anticyclonic,0.5,13.99103832244873,106779.67088530859,1.28125,0.0009180961541625007,0.0009180961541624994,-1.3010426069826053e-18,0.00030294281698719356,0.001221038971149693,0.0009180961541625007,0.00017878054645411253,0.0,True
anticyclonic,0.5,13.99103832244873,111988.43531873828,1.34375,0.0009360553842796681,0.0009360553842796673,-7.589415207398531e-19,0.0002886885504859808,0.001224743934765648,0.0009360553842796681,0.00017036844551792464,0.0,True
anticyclonic,0.5,13.99103832244873,117197.19975216797,1.40625,0.0009283586042975739,0.0009283586042975748,8.673617379884035e-19,0.00026310134574133873,0.0011914599500389136,0.0009283586042975739,0.0001552682543598232,0.0,True
anticyclonic,0.5,13.99103832244873,122405.96418559765,1.46875,0.0009318878038543188,0.0009318878038543188,0.0,0.0002303950812253061,0.0011622828850796248,0.0009318878038543188,0.000135966777266553,0.0,True
anticyclonic,0.5,13.99103832244873,127614.72861902734,1.53125,0.0009485169704080225,0.000948516970408022,-5.421010862427522e-19,0.0001982245994496991,0.001146741569857721,0.0009485169704080225,0.00011698149031129825,0.0,True
anticyclonic,0.5,13.99103832244873,132823.49305245702,1.59375,0.0009668654160769016,0.0009668654160769009,-6.505213034913027e-19,0.0001629416977533254,0.0011298071138302263,0.0009668654160769016,9.615942062667166e-05,0.0,True
anticyclonic,0.5,13.99103832244873,138032.25748588672,1.65625,0.0009874037959384805,0.0009874037959384805,0.0,0.00013650799861361824,0.0011239117945520986,0.0009874037959384805,8.055967403423066e-05,0.0,True
anticyclonic,0.5,13.99103832244873,143241.0219193164,1.71875,0.001013930001162101,0.0010139300011621003,-6.505213034913027e-19,0.00010962212218085368,0.001123552123342954,0.001013930001162101,6.469307673923492e-05,0.0,True
anticyclonic,0.5,13.99103832244873,148449.7863527461,1.7812500000000002,0.0010245616031812376,0.0010245616031812372,-4.336808689942018e-19,8.4314021016129e-05,0.0011088756241973662,0.0010245616031812376,4.975759749287698e-05,0.0,True
anticyclonic,0.5,13.99103832244873,153658.55078617577,1.8437499999999998,0.0010427418324465423,0.0010427418324465418,-4.336808689942018e-19,6.785926307821923e-05,0.001110601095524761,0.0010427418324465423,4.004688493937876e-05,0.0,True
anticyclonic,0.5,13.99103832244873,158867.31521960546,1.90625,0.001068145006812395,0.0010681450068123965,1.5178830414797062e-18,6.702802011614483e-05,0.0011351730269285414,0.001068145006812395,3.955633007997083e-05,0.0,True
anticyclonic,0.5,13.99103832244873,164076.07965303515,1.96875,0.001100967783721977,0.0011009677837219762,-8.673617379884035e-19,7.270775935379755e-05,0.0011736755430757737,0.001100967783721977,4.2908206499167595e-05,0.0,True
anticyclonic,0.5,13.99103832244873,169284.84408646484,2.03125,0.001081392914514714,0.001081392914514715,1.0842021724855044e-18,8.837091522374061e-05,0.0011697638297384558,0.001081392914514714,5.2151758115520125e-05,0.0,True
anticyclonic,0.5,13.99103832244873,174493.60851989454,2.09375,0.0010341947450394537,0.0010341947450394529,-8.673617379884035e-19,0.00011452879049596163,0.0011487235355354146,0.0010341947450394537,6.758872830598311e-05,0.0,True
anticyclonic,0.5,13.99103832244873,179702.37295332423,2.15625,0.001011410079721109,0.001011410079721108,-8.673617379884035e-19,0.00015300242446923362,0.0011644125041903417,0.001011410079721109,9.029379645786422e-05,0.0,True
anticyclonic,0.5,13.99103832244873,184911.1373867539,2.21875,0.0010147695833073302,0.0010147695833073302,0.0,0.0001903926903006573,0.0012051622736079875,0.0010147695833073302,0.00011235951903840338,0.0,True
anticyclonic,0.5,13.99103832244873,190119.9018201836,2.28125,0.0009624169759002371,0.0009624169759002392,2.0599841277224584e-18,0.00023082983533050626,0.0011932468112307456,0.0009624169759002371,0.0001362233457413359,0.0,True
anticyclonic,0.5,13.99103832244873,195328.66625361328,2.34375,0.0009499060836246227,0.0009499060836246223,-3.2526065174565133e-19,0.00027011141566337624,0.0012200174992879986,0.0009499060836246227,0.00015940522035164724,0.0,True
anticyclonic,0.5,13.99103832244873,200537.43068704297,2.40625,0.0009180728470129171,0.0009180728470129148,-2.2768245622195593e-18,0.00030311316978643495,0.0012211860167993496,0.0009180728470129171,0.00017888107950797812,0.0,True
anticyclonic,0.5,13.99103832244873,205746.19512047266,2.46875,0.0010064843985082737,0.001006484398508278,4.336808689942018e-18,0.0003429573604618041,0.0013494417589700821,0.0010064843985082737,0.0002023949764632094,0.0,True
anticyclonic,0.5,16.52532196044922,2604.3822167148437,0.03125,6.0952268582972394e-06,6.0952268582972394e-06,0.0,2.7810451244373885e-07,6.373331370740978e-06,6.0952268582972394e-06,1.182414070165125e-06,1.0,False
anticyclonic,0.5,16.52532196044922,7813.146650144531,0.09375,-0.00041531517009830445,-0.00041531517009830445,0.0,1.1570076800119893e-06,-0.00041415816241829244,-0.00041531517009830445,4.919237548912649e-06,1.0,False
anticyclonic,0.5,16.52532196044922,13021.911083574218,0.15625,-0.0008132210318266854,-0.0008132210318266848,6.505213034913027e-19,2.5154590791924656e-06,-0.0008107055727474923,-0.0008132210318266854,1.0694951268593642e-05,0.0,True
anticyclonic,0.5,16.52532196044922,18230.675517003907,0.21875,-0.00118381442666816,-0.0011838144266681592,8.673617379884035e-19,3.994664390660539e-06,-0.0011798197622774986,-0.00118381442666816,1.6984073144300958e-05,0.0,True
anticyclonic,0.5,16.52532196044922,23439.439950433592,0.28125,-0.0015385112013817227,-0.0015385112013817223,4.336808689942018e-19,5.675731950688774e-06,-0.0015328354694310335,-0.0015385112013817227,2.4131450647848878e-05,0.0,True
anticyclonic,0.5,16.52532196044922,28648.20438386328,0.34375,-0.0018872439256821005,-0.0018872439256821005,0.0,8.360870271961967e-06,-0.0018788830554101385,-0.0018872439256821005,3.554782538953987e-05,0.0,True
anticyclonic,0.5,16.52532196044922,33856.96881729297,0.40625,-0.002206080638964986,-0.0022060806389649816,4.336808689942018e-18,1.1838218237399581e-05,-0.002194242420727582,-0.002206080638964986,5.033242965598558e-05,0.0,True
anticyclonic,0.5,16.52532196044922,39065.73325072265,0.46874999999999994,-0.0024709216753755594,-0.002470921675375556,3.469446951953614e-18,1.53737028965035e-05,-0.0024555479724790523,-0.0024709216753755594,6.536421309971208e-05,0.0,True
anticyclonic,0.5,16.52532196044922,44274.497684152346,0.53125,-0.0026890082745992514,-0.002689008274599249,2.6020852139652106e-18,1.891644919476128e-05,-0.0026700918254044877,-0.0026890082745992514,8.042687077928804e-05,0.0,True
anticyclonic,0.5,16.52532196044922,49483.26211758203,0.59375,-0.0028768975524162484,-0.0028768975524162436,4.7704895589362195e-18,2.2444555229038914e-05,-0.0028544529971872047,-0.0028768975524162484,9.542728260039539e-05,0.0,True
anticyclonic,0.5,16.52532196044922,54692.02655101172,0.65625,-0.0030378705640752976,-0.0030378705640752924,5.204170427930421e-18,2.626563830025854e-05,-0.0030116049257750336,-0.0030378705640752976,0.00011167334184977155,0.0,True
anticyclonic,0.5,16.52532196044922,59900.7909844414,0.71875,-0.0031738600547677,-0.003173860054767688,1.214306433183765e-17,3.086161365209956e-05,-0.003142998441115588,-0.0031738600547677,0.00013121400256899782,0.0,True
anticyclonic,0.5,16.52532196044922,65109.555417871095,0.78125,-0.003260244249722734,-0.0032602442497227293,4.7704895589362195e-18,3.6131999557713025e-05,-0.003224112250165016,-0.003260244249722734,0.00015362204764254915,0.0,True
anticyclonic,0.5,16.52532196044922,70318.31985130078,0.84375,-0.003279626141582105,-0.0032796261415820927,1.214306433183765e-17,4.182171508157177e-05,-0.003237804426500521,-0.003279626141582105,0.00017781295210336233,0.0,True
anticyclonic,0.5,16.52532196044922,75527.08428473047,0.9062500000000001,-0.0032258226153120406,-0.003225822615312034,6.5052130349130266e-18,4.7673127648725245e-05,-0.003178149487663309,-0.0032258226153120406,0.0002026913422055114,0.0,True
anticyclonic,0.5,16.52532196044922,80735.84871816015,0.96875,-0.003100790740227049,-0.0031007907402270433,5.637851296924623e-18,5.3628064384871596e-05,-0.0030471626758421717,-0.003100790740227049,0.0002280098849428828,0.0,True
anticyclonic,0.5,16.52532196044922,85944.61315158985,1.03125,-0.0029117528087604376,-0.0029117528087604285,9.107298248878237e-18,5.975960006642618e-05,-0.0028519932086940023,-0.0029117528087604376,0.0002540792715841957,0.0,True
anticyclonic,0.5,16.52532196044922,91153.37758501952,1.09375,-0.002685837562831295,-0.0026858375628312876,7.37257477290143e-18,6.570147313727795e-05,-0.0026201360896940095,-0.002685837562831295,0.0002793422716713723,0.0,True
anticyclonic,0.5,16.52532196044922,96362.14201844922,1.15625,-0.0024074525485693814,-0.002407452548569371,1.0408340855860843e-17,6.938261798884577e-05,-0.0023380699305805253,-0.0024074525485693814,0.00029499335704414296,0.0,True
anticyclonic,0.5,16.52532196044922,101570.90645187891,1.21875,-0.002125362110793623,-0.0021253621107936143,8.673617379884035e-18,6.699644778394601e-05,-0.0020583656630096684,-0.002125362110793623,0.0002848481019409808,0.0,True
anticyclonic,0.5,16.52532196044922,106779.67088530859,1.28125,-0.0018240978165679983,-0.0018240978165679916,6.7220534694101275e-18,6.402949243543877e-05,-0.0017600683241325529,-0.0018240978165679983,0.0002722335286685088,0.0,True
anticyclonic,0.5,16.52532196044922,111988.43531873828,1.34375,-0.0015269558513239369,-0.0015269558513239354,1.5178830414797062e-18,6.124519044449339e-05,-0.001465710660879442,-0.0015269558513239369,0.0002603955407813162,0.0,True
anticyclonic,0.5,16.52532196044922,117197.19975216797,1.40625,-0.0012261174517902722,-0.0012261174517902696,2.6020852139652106e-18,5.622106454765369e-05,-0.001169896387242616,-0.0012261174517902722,0.00023903451683206966,0.0,True
anticyclonic,0.5,16.52532196044922,122405.96418559765,1.46875,-0.0009004679510204471,-0.0009004679510204471,0.0,4.979751657543159e-05,-0.0008506704344450155,-0.0009004679510204471,0.00021172358456421364,0.0,True
anticyclonic,0.5,16.52532196044922,127614.72861902734,1.53125,-0.0005949512647746256,-0.000594951264774625,6.505213034913027e-19,4.3521469372121084e-05,-0.0005514297954025039,-0.0005949512647746256,0.00018503977978518801,0.0,True
anticyclonic,0.5,16.52532196044922,132823.49305245702,1.59375,-0.00028958045843178467,-0.00028958045843178516,-4.87890977618477e-19,3.651534586750954e-05,-0.0002530651125642756,-0.00028958045843178467,0.00015525191717061362,0.0,True
anticyclonic,0.5,16.52532196044922,138032.25748588672,1.65625,-4.873412460600607e-05,-4.873412460600835e-05,-2.2836008257975937e-18,3.125290319296789e-05,-1.748122141304046e-05,-4.873412460600607e-05,0.00013287764425019765,0.0,True
anticyclonic,0.5,16.52532196044922,143241.0219193164,1.71875,0.00015748820729546718,0.0001574882072954665,-6.776263578034403e-19,2.5773292806261498e-05,0.000183261500101728,0.00015748820729546718,0.00010958004162113082,0.0,True
anticyclonic,0.5,16.52532196044922,148449.7863527461,1.7812500000000002,0.00030852578476606504,0.0003085257847660626,-2.439454888092385e-18,2.0791300828617528e-05,0.00032931708559468014,0.00030852578476606504,8.839815801898062e-05,0.0,True
anticyclonic,0.5,16.52532196044922,153658.55078617577,1.8437499999999998,0.0004393873183738483,0.00043938731837384184,-6.451002926288751e-18,1.7424702017214662e-05,0.0004568120203910565,0.0004393873183738483,7.408442478169902e-05,0.0,True
anticyclonic,0.5,16.52532196044922,158867.31521960546,1.90625,0.0004812426073140409,0.000481242607314037,-3.903127820947816e-18,1.7026529222487508e-05,0.0004982691365365245,0.0004812426073140409,7.23915176414828e-05,0.0,True
anticyclonic,0.5,16.52532196044922,164076.07965303515,1.96875,0.0004909248905068167,0.0004909248905068091,-7.589415207398531e-18,1.7924028071948666e-05,0.0005088489185787578,0.0004909248905068167,7.620740418800035e-05,0.0,True
anticyclonic,0.5,16.52532196044922,169284.84408646484,2.03125,0.0004554097477931289,0.0004554097477931214,-7.48099499014998e-18,2.0662502190526986e-05,0.0004760722499836484,0.0004554097477931289,8.785054618572361e-05,0.0,True
anticyclonic,0.5,16.52532196044922,174493.60851989454,2.09375,0.0003482507004459227,0.000348250700445919,-3.686287386450715e-18,2.565417071623354e-05,0.00037390487116215255,0.0003482507004459227,0.0001090735714668753,0.0,True
anticyclonic,0.5,16.52532196044922,179702.37295332423,2.15625,0.00023429955099082552,0.00023429955099081663,-8.890457814381136e-18,3.286767109671007e-05,0.0002671672220875267,0.00023429955099082552,0.00013974313619298683,0.0,True
anticyclonic,0.5,16.52532196044922,184911.1373867539,2.21875,0.0001688850792968499,0.00016888507929684212,-7.779150587583494e-18,3.982211264715671e-05,0.00020870719194399881,0.0001688850792968499,0.00016931126317924926,0.0,True
anticyclonic,0.5,16.52532196044922,190119.9018201836,2.28125,8.499668301036589e-05,8.499668301036502e-05,-8.673617379884035e-19,4.757256698038439e-05,0.00013256924999074943,8.499668301036589e-05,0.00020226378945526437,0.0,True
anticyclonic,0.5,16.52532196044922,195328.66625361328,2.34375,0.0001324275184962467,0.00013242751849624085,-5.854691731421724e-18,5.5135847646957745e-05,0.0001875633661431986,0.0001324275184962467,0.0002344205113947308,0.0,True
anticyclonic,0.5,16.52532196044922,200537.43068704297,2.40625,0.00024221952993462055,0.00024221952993461245,-8.104411239329146e-18,6.1590463220633e-05,0.0003038099931552455,0.00024221952993462055,0.0002618635334613524,0.0,True
anticyclonic,0.5,16.52532196044922,205746.19512047266,2.46875,0.00042538083018341436,0.00042538083018341143,-2.927345865710862e-18,6.946647485664363e-05,0.000494847305040055,0.00042538083018341436,0.0002953498904189267,0.0,True
anticyclonic,0.5,19.42980194091797,2604.3822167148437,0.03125,6.823155985364471e-06,6.823155985364471e-06,0.0,1.3105486257406612e-06,8.133704611105133e-06,6.823155985364471e-06,3.0229922259485555e-07,0.0,True
anticyclonic,0.5,19.42980194091797,7813.146650144531,0.09375,-0.00036042242661412564,-0.00036042242661412554,1.0842021724855044e-19,1.0113555379248324e-05,-0.00035030887123487723,-0.00036042242661412564,2.332855011075177e-06,0.0,True
anticyclonic,0.5,19.42980194091797,13021.911083574218,0.15625,-0.0007180126257312437,-0.0007180126257312437,0.0,2.077482831091511e-05,-0.0006972377974203286,-0.0007180126257312437,4.792049928236695e-06,0.0,True
anticyclonic,0.5,19.42980194091797,18230.675517003907,0.21875,-0.0010819510281904435,-0.0010819510281904429,6.505213034913027e-19,3.292264106906867e-05,-0.0010490283871213743,-0.0010819510281904435,7.594139282946665e-06,0.0,True
anticyclonic,0.5,19.42980194091797,23439.439950433592,0.28125,-0.0014381583733794926,-0.0014381583733794913,1.3010426069826053e-18,5.061569135029197e-05,-0.0013875426820291992,-0.0014381583733794926,1.1675327298631866e-05,0.0,True
anticyclonic,0.5,19.42980194091797,28648.20438386328,0.34375,-0.0017794867505942804,-0.0017794867505942795,8.673617379884035e-19,7.852769401475741e-05,-0.001700959056579522,-0.0017794867505942804,1.8113681847868678e-05,0.0,True
anticyclonic,0.5,19.42980194091797,33856.96881729297,0.40625,-0.002119774114703797,-0.0021197741147037956,1.3010426069826053e-18,0.00011022512802741303,-0.0020095489866763824,-0.002119774114703797,2.5425207320540223e-05,0.0,True
anticyclonic,0.5,19.42980194091797,39065.73325072265,0.46874999999999994,-0.0024713182267544157,-0.002471318226754414,1.734723475976807e-18,0.0001419451176957904,-0.0023293731090586237,-0.0024713182267544157,3.2741935619765376e-05,0.0,True
anticyclonic,0.5,19.42980194091797,44274.497684152346,0.53125,-0.0028260164724777464,-0.002826016472477747,-4.336808689942018e-19,0.0001761556599041423,-0.0026498608125736043,-0.0028260164724777464,4.063315011650987e-05,0.0,True
anticyclonic,0.5,19.42980194091797,49483.26211758203,0.59375,-0.0031677861070036535,-0.0031677861070036526,8.673617379884035e-19,0.00021480145968977865,-0.002952984647313874,-0.0031677861070036535,4.954742845940755e-05,0.0,True
anticyclonic,0.5,19.42980194091797,54692.02655101172,0.65625,-0.00350988925000912,-0.0035098892500091163,3.903127820947816e-18,0.0002557553102012463,-0.0032541339398078697,-0.00350988925000912,5.899409600666153e-05,0.0,True
anticyclonic,0.5,19.42980194091797,59900.7909844414,0.71875,-0.003859793196680135,-0.003859793196680137,-1.734723475976807e-18,0.00030122995023651363,-0.003558563246443623,-0.003859793196680135,6.948355672596378e-05,0.0,True
anticyclonic,0.5,19.42980194091797,65109.555417871095,0.78125,-0.004210875488261916,-0.004210875488261914,2.6020852139652106e-18,0.0003519233543802844,-0.0038589521338816294,-0.004210875488261916,8.117680973646387e-05,0.0,True
anticyclonic,0.5,19.42980194091797,70318.31985130078,0.84375,-0.004543883452319352,-0.004543883452319354,-1.734723475976807e-18,0.00040700460181980914,-0.004136878850499545,-0.004543883452319352,9.388218972273703e-05,0.0,True
anticyclonic,0.5,19.42980194091797,75527.08428473047,0.9062500000000001,-0.004858180334367855,-0.004858180334367855,0.0,0.00046454581205377645,-0.004393634522314078,-0.004858180334367855,0.00010715499988730824,0.0,True
anticyclonic,0.5,19.42980194091797,80735.84871816015,0.96875,-0.005177411685681393,-0.005177411685681389,4.336808689942018e-18,0.0005213146181606233,-0.0046560970675207656,-0.005177411685681393,0.00012024964255578551,0.0,True
anticyclonic,0.5,19.42980194091797,85944.61315158985,1.03125,-0.005472664869350967,-0.005472664869350964,3.469446951953614e-18,0.000578518262572882,-0.004894146606778082,-0.005472664869350967,0.00013344458770758817,0.0,True
anticyclonic,0.5,19.42980194091797,91153.37758501952,1.09375,-0.005733789400801656,-0.005733789400801647,9.540979117872439e-18,0.0006330301651964828,-0.005100759235605164,-0.005733789400801656,0.00014601863910989143,0.0,True
anticyclonic,0.5,19.42980194091797,96362.14201844922,1.15625,-0.006190722825514615,-0.006190722825514624,-8.673617379884035e-18,0.0006706668210258415,-0.005520056004488782,-0.006190722825514615,0.00015470014208873373,0.0,True
anticyclonic,0.5,19.42980194091797,101570.90645187891,1.21875,-0.006662529221295748,-0.006662529221295756,-8.673617379884035e-18,0.000649216417105936,-0.0060133128041898205,-0.006662529221295748,0.00014975225972712478,0.0,True
anticyclonic,0.5,19.42980194091797,106779.67088530859,1.28125,-0.006807045879598384,-0.006807045879598389,-5.204170427930421e-18,0.0006236334718241416,-0.006183412407774248,-0.006807045879598384,0.00014385113990716966,0.0,True
anticyclonic,0.5,19.42980194091797,111988.43531873828,1.34375,-0.006759202334839538,-0.006759202334839532,6.071532165918825e-18,0.0006028064276393704,-0.006156395907200162,-0.006759202334839538,0.00013904704554367603,0.0,True
anticyclonic,0.5,19.42980194091797,117197.19975216797,1.40625,-0.0066216392282169,-0.006621639228216902,-2.6020852139652106e-18,0.0005621850130082506,-0.006059454215208652,-0.0066216392282169,0.0001296770597053018,0.0,True
anticyclonic,0.5,19.42980194091797,122405.96418559765,1.46875,-0.006468752801279409,-0.006468752801279406,2.6020852139652106e-18,0.0005055470777885374,-0.005963205723490869,-0.006468752801279409,0.00011661260452217514,0.0,True
anticyclonic,0.5,19.42980194091797,127614.72861902734,1.53125,-0.0063602434492648265,-0.00636024344926483,-3.469446951953614e-18,0.00045813857905549547,-0.005902104870209334,-0.0063602434492648265,0.00010567706803775949,0.0,True
anticyclonic,0.5,19.42980194091797,132823.49305245702,1.59375,-0.0062370851542928075,-0.006237085154292816,-8.673617379884035e-18,0.0003963874017881994,-0.0058406977525046165,-0.0062370851542928075,9.143316093231286e-05,0.0,True
anticyclonic,0.5,19.42980194091797,138032.25748588672,1.65625,-0.006148271495747659,-0.00614827149574766,-8.673617379884035e-19,0.0003562353330757407,-0.00579203616267192,-0.006148271495747659,8.217143731599784e-05,0.0,True
anticyclonic,0.5,19.42980194091797,143241.0219193164,1.71875,-0.006031923806554781,-0.006031923806554787,-6.071532165918825e-18,0.00030659736585220897,-0.005725326440702578,-0.006031923806554781,7.072163788991235e-05,0.0,True
anticyclonic,0.5,19.42980194091797,148449.7863527461,1.7812500000000002,-0.005930429065095858,-0.00593042906509587,-1.214306433183765e-17,0.00026281539435978757,-0.005667613670736082,-0.005930429065095858,6.0622618528193375e-05,0.0,True
anticyclonic,0.5,19.42980194091797,153658.55078617577,1.8437499999999998,-0.005810352613815217,-0.0058103526138152325,-1.5612511283791264e-17,0.00022999203227309407,-0.005580360581542139,-0.005810352613815217,5.3051379547152765e-05,0.0,True
anticyclonic,0.5,19.42980194091797,158867.31521960546,1.90625,-0.005785766836513865,-0.005785766836513867,-2.6020852139652106e-18,0.0002207901796671105,-0.005564976656846757,-0.005785766836513865,5.092882351635369e-05,0.0,True
anticyclonic,0.5,19.42980194091797,164076.07965303515,1.96875,-0.00575128168971375,-0.005751281689713756,-6.071532165918825e-18,0.00022238016524911885,-0.005528901524464638,-0.00575128168971375,5.1295579389380924e-05,0.0,True
anticyclonic,0.5,19.42980194091797,169284.84408646484,2.03125,-0.005707621435938891,-0.005707621435938908,-1.6479873021779667e-17,0.00024415059639234973,-0.005463470839546558,-0.005707621435938891,5.631728120256938e-05,0.0,True
anticyclonic,0.5,19.42980194091797,174493.60851989454,2.09375,-0.005682519068610363,-0.005682519068610359,3.469446951953614e-18,0.00027360750981888056,-0.005408911558791479,-0.005682519068610363,6.31119943890806e-05,0.0,True
anticyclonic,0.5,19.42980194091797,179702.37295332423,2.15625,-0.005683062932758192,-0.0056830629327582,-7.806255641895632e-18,0.00032195537382552296,-0.0053611075589326766,-0.005683062932758192,7.426421065657681e-05,0.0,True
anticyclonic,0.5,19.42980194091797,184911.1373867539,2.21875,-0.005623996559405424,-0.005623996559405442,-1.8214596497756474e-17,0.00037670412713295814,-0.005247292432272484,-0.005623996559405424,8.689289549726451e-05,0.0,True
anticyclonic,0.5,19.42980194091797,190119.9018201836,2.28125,-0.005607580524510553,-0.005607580524510552,8.673617379884035e-19,0.0004291839285044919,-0.0051783965960060605,-0.005607580524510553,9.899820990143715e-05,0.0,True
anticyclonic,0.5,19.42980194091797,195328.66625361328,2.34375,-0.005463479274006744,-0.005463479274006747,-3.469446951953614e-18,0.0004829756056440705,-0.004980503668362677,-0.005463479274006744,0.00011140612965502738,0.0,True
anticyclonic,0.5,19.42980194091797,200537.43068704297,2.40625,-0.005331433738314459,-0.0053314337383144755,-1.6479873021779667e-17,0.0005306115608282598,-0.0048008221774862156,-0.005331433738314459,0.00012239413264622154,0.0,True
anticyclonic,0.5,19.42980194091797,205746.19512047266,2.46875,-0.00516226873172235,-0.005162268731722364,-1.474514954580286e-17,0.0005868272832978767,-0.004575441448424488,-0.00516226873172235,0.00013536119763442005,0.0,True
anticyclonic,0.5,22.75761604309082,2604.3822167148437,0.03125,5.947616840145388e-06,5.947616840145385e-06,-2.541098841762901e-21,1.1665563370390303e-06,7.114173177184415e-06,5.947616840145388e-06,2.1278396163236197e-07,0.0,True
anticyclonic,0.5,22.75761604309082,7813.146650144531,0.09375,-0.00021429753646046002,-0.00021429753646046008,-5.421010862427522e-20,6.77802409306575e-06,-0.00020751951236739434,-0.00021429753646046002,1.236335333982137e-06,0.0,True
anticyclonic,0.5,22.75761604309082,13021.911083574218,0.15625,-0.0004389431346284885,-0.00043894313462848947,-9.75781955236954e-19,1.448825731068328e-05,-0.0004244548773178062,-0.0004389431346284885,2.64270887725937e-06,0.0,True
anticyclonic,0.5,22.75761604309082,18230.675517003907,0.21875,-0.0006783926398777147,-0.0006783926398777166,-1.8431436932253575e-18,2.3411435339620886e-05,-0.0006549812045380957,-0.0006783926398777147,4.270327802349199e-06,0.0,True
anticyclonic,0.5,22.75761604309082,23439.439950433592,0.28125,-0.0009121472631844134,-0.0009121472631844149,-1.5178830414797062e-18,3.7801693888258144e-05,-0.0008743455692961568,-0.0009121472631844134,6.895161362179711e-06,0.0,True
anticyclonic,0.5,22.75761604309082,28648.20438386328,0.34375,-0.001130248974232021,-0.0011302489742320235,-2.6020852139652106e-18,5.97603231749122e-05,-0.0010704886510571113,-0.001130248974232021,1.0900492252147974e-05,0.0,True
anticyclonic,0.5,22.75761604309082,33856.96881729297,0.40625,-0.0013557830817422978,-0.0013557830817423032,-5.421010862427522e-18,8.369961018813419e-05,-0.001272083471554169,-0.0013557830817422978,1.5267102048514026e-05,0.0,True
anticyclonic,0.5,22.75761604309082,39065.73325072265,0.46874999999999994,-0.0015969931929134872,-0.0015969931929134924,-5.204170427930421e-18,0.00010951485740254485,-0.0014874783355109476,-0.0015969931929134872,1.9975893555955225e-05,0.0,True
anticyclonic,0.5,22.75761604309082,44274.497684152346,0.53125,-0.0018264051997527713,-0.0018264051997527778,-6.5052130349130266e-18,0.0001385774116865505,-0.0016878277880662273,-0.0018264051997527713,2.5277005246285352e-05,0.0,True
anticyclonic,0.5,22.75761604309082,49483.26211758203,0.59375,-0.0020236812203899153,-0.002023681220389923,-7.806255641895632e-18,0.00017108476892451483,-0.0018525964514654082,-0.0020236812203899153,3.120646106052354e-05,0.0,True
anticyclonic,0.5,22.75761604309082,54692.02655101172,0.65625,-0.0022158121606076003,-0.0022158121606076107,-1.0408340855860843e-17,0.00020624726853741033,-0.0020095648920702004,-0.0022158121606076003,3.7620224143341524e-05,0.0,True
anticyclonic,0.5,22.75761604309082,59900.7909844414,0.71875,-0.002402986171894684,-0.002402986171894703,-1.9081958235744878e-17,0.00024602850618305345,-0.0021569576657116496,-0.002402986171894684,4.487646122003848e-05,0.0,True
anticyclonic,0.5,22.75761604309082,65109.555417871095,0.78125,-0.002587919298199422,-0.002587919298199432,-9.974659986866641e-18,0.00028956825836942436,-0.0022983510398300075,-0.002587919298199422,5.2818264512816207e-05,0.0,True
anticyclonic,0.5,22.75761604309082,70318.31985130078,0.84375,-0.0027600782542121847,-0.0027600782542122034,-1.8648277366750676e-17,0.00033608872102762585,-0.0024239895331845777,-0.0027600782542121847,6.130375983532054e-05,0.0,True
anticyclonic,0.5,22.75761604309082,75527.08428473047,0.9062500000000001,-0.0029316831687803764,-0.002931683168780389,-1.2576745200831851e-17,0.00038354013661141595,-0.002548143032168973,-0.0029316831687803764,6.995906423202936e-05,0.0,True
anticyclonic,0.5,22.75761604309082,80735.84871816015,0.96875,-0.003123823002208509,-0.003123823002208523,-1.3877787807814457e-17,0.00043083622463579725,-0.0026929867775727255,-0.003123823002208509,7.85860363378815e-05,0.0,True
anticyclonic,0.5,22.75761604309082,85944.61315158985,1.03125,-0.0033279761805780367,-0.0033279761805780545,-1.7780915628762273e-17,0.0004775135405113528,-0.0028504626400667017,-0.0033279761805780367,8.71001422365952e-05,0.0,True
anticyclonic,0.5,22.75761604309082,91153.37758501952,1.09375,-0.0035136486721899455,-0.0035136486721899607,-1.5178830414797062e-17,0.0005210345980132309,-0.0029926140741767296,-0.0035136486721899455,9.503853555344502e-05,0.0,True
anticyclonic,0.5,22.75761604309082,96362.14201844922,1.15625,-0.0038519020963310785,-0.0038519020963310993,-2.0816681711721685e-17,0.0005482667461417534,-0.003303635350189346,-0.0038519020963310785,0.00010000577475018554,0.0,True
anticyclonic,0.5,22.75761604309082,101570.90645187891,1.21875,-0.0042960852497749835,-0.004296085249775003,-1.9081958235744878e-17,0.0005270510871486453,-0.0037690341626263574,-0.0042960852497749835,9.61359642439453e-05,0.0,True
anticyclonic,0.5,22.75761604309082,106779.67088530859,1.28125,-0.004535021195002004,-0.004535021195002025,-2.0816681711721685e-17,0.000504563600412508,-0.004030457594589517,-0.004535021195002004,9.203416790291663e-05,0.0,True
anticyclonic,0.5,22.75761604309082,111988.43531873828,1.34375,-0.004655251703182134,-0.0046552517031821505,-1.6479873021779667e-17,0.0004868874368033664,-0.004168364266378784,-0.004655251703182134,8.880997375146941e-05,0.0,True
anticyclonic,0.5,22.75761604309082,117197.19975216797,1.40625,-0.004722992494781595,-0.004722992494781608,-1.3010426069826053e-17,0.0004552614026909616,-0.004267731092090646,-0.004722992494781595,8.30412743620866e-05,0.0,True
anticyclonic,0.5,22.75761604309082,122405.96418559765,1.46875,-0.004798169359740635,-0.004798169359740648,-1.3010426069826053e-17,0.0004110129394212368,-0.004387156420319412,-0.004798169359740635,7.497019968550963e-05,0.0,True
anticyclonic,0.5,22.75761604309082,127614.72861902734,1.53125,-0.0049262105663272935,-0.004926210566327307,-1.3877787807814457e-17,0.00037313587231353686,-0.004553074694013771,-0.0049262105663272935,6.806128998411595e-05,0.0,True
anticyclonic,0.5,22.75761604309082,132823.49305245702,1.59375,-0.005076486486933515,-0.005076486486933526,-1.1275702593849246e-17,0.00032573920865392294,-0.004750747278279604,-0.005076486486933515,5.941597253014045e-05,0.0,True
anticyclonic,0.5,22.75761604309082,138032.25748588672,1.65625,-0.005221670465452424,-0.005221670465452445,-2.0816681711721685e-17,0.00029486080877552044,-0.0049268096566769245,-0.005221670465452424,5.3783644243559904e-05,0.0,True
anticyclonic,0.5,22.75761604309082,143241.0219193164,1.71875,-0.005347598494680968,-0.005347598494680978,-9.540979117872439e-18,0.0002565325237685999,-0.005091065970912378,-0.005347598494680968,4.6792430816999136e-05,0.0,True
anticyclonic,0.5,22.75761604309082,148449.7863527461,1.7812500000000002,-0.005468635549494951,-0.00546863554949496,-9.540979117872439e-18,0.00022340108128279907,-0.005245234468212161,-0.005468635549494951,4.0749139667754296e-05,0.0,True
anticyclonic,0.5,22.75761604309082,153658.55078617577,1.8437499999999998,-0.005583978683485251,-0.005583978683485261,-1.0408340855860843e-17,0.00019697722475258133,-0.00538700145873268,-0.005583978683485251,3.592933568951165e-05,0.0,True
anticyclonic,0.5,22.75761604309082,158867.31521960546,1.90625,-0.0057199391716841715,-0.005719939171684203,-3.122502256758253e-17,0.00019016305432759532,-0.005529776117356607,-0.0057199391716841715,3.468640713798805e-05,0.0,True
anticyclonic,0.5,22.75761604309082,164076.07965303515,1.96875,-0.005832309020747382,-0.005832309020747406,-2.42861286636753e-17,0.0001860526483941115,-0.005646256372353295,-0.005832309020747382,3.393665469940128e-05,0.0,True
anticyclonic,0.5,22.75761604309082,169284.84408646484,2.03125,-0.005938921329325014,-0.005938921329325032,-1.8214596497756474e-17,0.0002013151466604642,-0.0057376061826645685,-0.005938921329325014,3.6720587838682605e-05,0.0,True
anticyclonic,0.5,22.75761604309082,174493.60851989454,2.09375,-0.006005482198734409,-0.0060054821987344425,-3.382710778154774e-17,0.00022816642932197293,-0.005777315769412469,-0.006005482198734409,4.16183558402935e-05,0.0,True
anticyclonic,0.5,22.75761604309082,179702.37295332423,2.15625,-0.0060716073632651555,-0.006071607363265183,-2.7755575615628914e-17,0.00026231957916845636,-0.005809287784096727,-0.0060716073632651555,4.784800999056305e-05,0.0,True
anticyclonic,0.5,22.75761604309082,184911.1373867539,2.21875,-0.006097780509988141,-0.006097780509988172,-3.122502256758253e-17,0.0002964118218173267,-0.005801368688170845,-0.006097780509988141,5.406655445466611e-05,0.0,True
anticyclonic,0.5,22.75761604309082,190119.9018201836,2.28125,-0.00619499110178522,-0.00619499110178525,-2.949029909160572e-17,0.0003372946768109618,-0.005857696424974288,-0.00619499110178522,6.152373039395039e-05,0.0,True
anticyclonic,0.5,22.75761604309082,195328.66625361328,2.34375,-0.006254036535535886,-0.006254036535535914,-2.862293735361732e-17,0.0003736819144950338,-0.005880354621040881,-0.006254036535535886,6.81608899904836e-05,0.0,True
anticyclonic,0.5,22.75761604309082,200537.43068704297,2.40625,-0.006395377861442192,-0.0063953778614422065,-1.474514954580286e-17,0.00041221315541494386,-0.005983164706027263,-0.006395377861442192,7.51891232864081e-05,0.0,True
anticyclonic,0.5,22.75761604309082,205746.19512047266,2.46875,-0.006434339558654678,-0.006434339558654704,-2.6020852139652106e-17,0.000449306219977229,-0.005985033338677475,-0.006434339558654678,8.195502817762119e-05,0.0,True
anticyclonic,0.5,26.558300018310547,2604.3822167148437,0.03125,5.795769399902191e-06,5.795769399902191e-06,0.0,6.239813152730232e-07,6.419750715175214e-06,5.795769399902191e-06,3.7357709311275404e-07,1.0,False
anticyclonic,0.5,26.558300018310547,7813.146650144531,0.09375,0.000278034492857403,0.00027803449285740287,-1.0842021724855044e-19,3.3892531684138576e-06,0.00028142374602581674,0.000278034492857403,2.029143045613853e-06,0.0,True
anticyclonic,0.5,26.558300018310547,13021.911083574218,0.15625,0.0005578343546323698,0.0005578343546323693,-5.421010862427522e-19,7.0481308008694194e-06,0.0005648824854332387,0.0005578343546323698,4.2197100330082585e-06,0.0,True
anticyclonic,0.5,26.558300018310547,18230.675517003907,0.21875,0.0008396425986624421,0.0008396425986624409,-1.1926223897340549e-18,1.1460902500846009e-05,0.000851103501163287,0.0008396425986624421,6.861632769951389e-06,0.0,True
anticyclonic,0.5,26.558300018310547,23439.439950433592,0.28125,0.0011158181353815447,0.0011158181353815425,-2.168404344971009e-18,1.8553631193511785e-05,0.0011343717665750544,0.0011158181353815447,1.1108043523587716e-05,0.0,True
anticyclonic,0.5,26.558300018310547,28648.20438386328,0.34375,0.0013893097909197423,0.001389309790919739,-3.2526065174565133e-18,2.9997734897060745e-05,0.0014193075258167997,0.0013893097909197423,1.7959618867605964e-05,0.0,True
anticyclonic,0.5,26.558300018310547,33856.96881729297,0.40625,0.0016656008768528418,0.0016656008768528372,-4.553649124439119e-18,4.2285042357677694e-05,0.001707885919210515,0.0016656008768528418,2.53160195978289e-05,0.0,True
anticyclonic,0.5,26.558300018310547,39065.73325072265,0.46874999999999994,0.0019428284524762355,0.0019428284524762298,-5.637851296924623e-18,5.610857855948057e-05,0.0019989370310357106,0.0019428284524762355,3.359215919433086e-05,0.0,True
anticyclonic,0.5,26.558300018310547,44274.497684152346,0.53125,0.0022246763636964988,0.0022246763636964944,-4.336808689942018e-18,7.156690235787703e-05,0.0022962432660543716,0.0022246763636964988,4.284704476165568e-05,0.0,True
anticyclonic,0.5,26.558300018310547,49483.26211758203,0.59375,0.002500127423232001,0.0025001274232319946,-6.5052130349130266e-18,8.956639035757271e-05,0.0025896938135895674,0.002500127423232001,5.362332321720853e-05,0.0,True
anticyclonic,0.5,26.558300018310547,54692.02655101172,0.65625,0.0027738159337014514,0.0027738159337014406,-1.0842021724855044e-17,0.00010977496420856992,0.0028835908979100103,0.0027738159337014514,6.572217952976763e-05,0.0,True
anticyclonic,0.5,26.558300018310547,59900.7909844414,0.71875,0.0030437262311458044,0.0030437262311457935,-1.0842021724855044e-17,0.00013238204567732152,0.003176108276823115,0.0030437262311458044,7.925702035294855e-05,0.0,True
anticyclonic,0.5,26.558300018310547,65109.555417871095,0.78125,0.0032959162520714,0.0032959162520713884,-1.1709383462843448e-17,0.0001572967273051851,0.0034532129793765735,0.0032959162520714,9.417341946707024e-05,0.0,True
anticyclonic,0.5,26.558300018310547,70318.31985130078,0.84375,0.003512968228504185,0.003512968228504172,-1.3010426069826053e-17,0.00018330402976156424,0.0036962722582657365,0.003512968228504185,0.00010974396976008212,0.0,True
anticyclonic,0.5,26.558300018310547,75527.08428473047,0.9062500000000001,0.0036872363600763285,0.0036872363600763177,-1.0842021724855044e-17,0.0002100314940830236,0.003897267854159341,0.0036872363600763285,0.00012574568036117088,0.0,True
anticyclonic,0.5,26.558300018310547,80735.84871816015,0.96875,0.0038384481432894133,0.003838448143289397,-1.6479873021779667e-17,0.00023673020576207778,0.004075178349051475,0.0038384481432894133,0.0001417301767792286,0.0,True
anticyclonic,0.5,26.558300018310547,85944.61315158985,1.03125,0.003960402077456552,0.003960402077456531,-2.0816681711721685e-17,0.0002619599060270436,0.004222361983483574,0.003960402077456552,0.00015683517728868777,0.0,True
anticyclonic,0.5,26.558300018310547,91153.37758501952,1.09375,0.004032887184116029,0.004032887184116004,-2.42861286636753e-17,0.0002855889129512294,0.0043184760970672335,0.004032887184116029,0.0001709818440298483,0.0,True
anticyclonic,0.5,26.558300018310547,96362.14201844922,1.15625,0.004108660623096231,0.004108660623096214,-1.734723475976807e-17,0.00029798010479272305,0.0044066407278889365,0.004108660623096231,0.00017840044025227235,0.0,True
anticyclonic,0.5,26.558300018310547,101570.90645187891,1.21875,0.004180401951263556,0.004180401951263538,-1.8214596497756474e-17,0.00028369908723290134,0.004464101038496439,0.004180401951263556,0.00016985040694822057,0.0,True
anticyclonic,0.5,26.558300018310547,106779.67088530859,1.28125,0.004075727361860252,0.004075727361860228,-2.42861286636753e-17,0.0002696148665321108,0.004345342228392338,0.004075727361860252,0.00016141819575956086,0.0,True
anticyclonic,0.5,26.558300018310547,111988.43531873828,1.34375,0.0038707797761306294,0.0038707797761306072,-2.211772431870429e-17,0.0002591869438461417,0.004129966719976749,0.0038707797761306294,0.00015517500714336914,0.0,True
anticyclonic,0.5,26.558300018310547,117197.19975216797,1.40625,0.0036081028563900203,0.0036081028563900034,-1.691355389077387e-17,0.00024178677826019397,0.0038498896346501974,0.0036081028563900203,0.00014475754251714915,0.0,True
anticyclonic,0.5,26.558300018310547,122405.96418559765,1.46875,0.003301858488752547,0.003301858488752532,-1.5178830414797062e-17,0.00021797087824963459,0.0035198293670021664,0.003301858488752547,0.00013049898304102786,0.0,True
anticyclonic,0.5,26.558300018310547,127614.72861902734,1.53125,0.0029864717794861628,0.0029864717794861463,-1.6479873021779667e-17,0.00019778075100882852,0.0031842525304949746,0.0029864717794861628,0.00011841117069860747,0.0,True
anticyclonic,0.5,26.558300018310547,132823.49305245702,1.59375,0.0026300012240664176,0.002630001224066405,-1.2576745200831851e-17,0.00017332412828970493,0.00280332535235611,0.0026300012240664176,0.00010376901107117076,0.0,True
anticyclonic,0.5,26.558300018310547,138032.25748588672,1.65625,0.0022841206474728663,0.002284120647472845,-2.1250362580715887e-17,0.00015605925102358018,0.002440179898496425,0.0022841206474728663,9.343254344921117e-05,0.0,True
anticyclonic,0.5,26.558300018310547,143241.0219193164,1.71875,0.0019099822609068976,0.0019099822609068868,-1.0842021724855044e-17,0.00013500507202550616,0.002044987332932393,0.0019099822609068976,8.082742404025162e-05,0.0,True
anticyclonic,0.5,26.558300018310547,148449.7863527461,1.7812500000000002,0.0015464442060757085,0.0015464442060756985,-9.974659986866641e-18,0.00011743101971684909,0.0016638752257925476,0.0015464442060757085,7.030585357815058e-05,0.0,True
anticyclonic,0.5,26.558300018310547,153658.55078617577,1.8437499999999998,0.0011627834380140134,0.0011627834380140052,-8.239936510889834e-18,0.00010408497404409027,0.0012668684120580955,0.0011627834380140134,6.231558716320552e-05,0.0,True
anticyclonic,0.5,26.558300018310547,158867.31521960546,1.90625,0.0008529252099298052,0.0008529252099297845,-2.0708261494473135e-17,0.00010055159735769699,0.0009534768072874815,0.0008529252099298052,6.0200157487562724e-05,0.0,True
anticyclonic,0.5,26.558300018310547,164076.07965303515,1.96875,0.0005444794613364844,0.0005444794613364684,-1.5937771935536915e-17,0.00010010400704470671,0.0006445834683811751,0.0005444794613364844,5.993218554042329e-05,0.0,True
anticyclonic,0.5,26.558300018310547,169284.84408646484,2.03125,0.00026936201201697497,0.0002693620120169632,-1.1763593571467723e-17,0.00010704248642022984,0.00037640449843719305,0.00026936201201697497,6.408624735651561e-05,0.0,True
anticyclonic,0.5,26.558300018310547,174493.60851989454,2.09375,6.321105080884074e-06,6.321105080867175e-06,-1.6899154330670546e-17,0.00011937826900009255,0.00012569937408095973,6.321105080884074e-06,7.147167010020733e-05,0.0,True
anticyclonic,0.5,26.558300018310547,179702.37295332423,2.15625,-0.00019937122309095573,-0.00019937122309097207,-1.634434775021898e-17,0.0001374595292465532,-6.191169384441887e-05,-0.00019937122309095573,8.229690553170808e-05,0.0,True
anticyclonic,0.5,26.558300018310547,184911.1373867539,2.21875,-0.0004682929478966323,-0.00046829294789664777,-1.5449880957918438e-17,0.00015677186385727973,-0.00031152108403936806,-0.0004682929478966323,9.38591841584956e-05,0.0,True
anticyclonic,0.5,26.558300018310547,190119.9018201836,2.28125,-0.0006971613542485361,-0.0006971613542485509,-1.485356976305141e-17,0.00017922792739234002,-0.0005179334268562109,-0.0006971613542485361,0.00010730361067071015,0.0,True
anticyclonic,0.5,26.558300018310547,195328.66625361328,2.34375,-0.0010515386299805912,-0.001051538629980603,-1.1709383462843448e-17,0.00019796233376922066,-0.0008535762962113822,-0.0010515386299805912,0.00011851988414583145,0.0,True
anticyclonic,0.5,26.558300018310547,200537.43068704297,2.40625,-0.0013480886753550944,-0.0013480886753551033,-8.890457814381136e-18,0.00022246539715376181,-0.0011256232782013416,-0.0013480886753550944,0.00013318984776092656,0.0,True
anticyclonic,0.5,26.558300018310547,205746.19512047266,2.46875,-0.0016561968294799634,-0.0016561968294799738,-1.0408340855860843e-17,0.0002391042904990113,-0.0014170925389809625,-0.0016561968294799634,0.00014315153933146932,0.0,True
anticyclonic,0.5,30.874561309814453,2604.3822167148437,0.03125,5.187701661500673e-06,5.187701661500673e-06,0.0,3.487757424816937e-07,5.5364774039823665e-06,5.187701661500673e-06,8.231155836987208e-08,1.0,False
anticyclonic,0.5,30.874561309814453,7813.146650144531,0.09375,0.0004064191274309389,0.00040641912743093894,5.421010862427522e-20,1.8114214334815205e-06,0.0004082305488644205,0.0004064191274309389,4.274979675866576e-07,0.0,True
anticyclonic,0.5,30.874561309814453,13021.911083574218,0.15625,0.0008159472548642533,0.0008159472548642536,3.2526065174565133e-19,3.7104222915112934e-06,0.000819657677155765,0.0008159472548642533,8.756648006867522e-07,0.0,True
anticyclonic,0.5,30.874561309814453,18230.675517003907,0.21875,0.0012257241154467501,0.0012257241154467514,1.3010426069826053e-18,6.262857508746629e-06,0.001231986972955498,0.0012257241154467501,1.4780430477341678e-06,0.0,True
anticyclonic,0.5,30.874561309814453,23439.439950433592,0.28125,0.0016287084660172187,0.0016287084660172194,6.505213034913027e-19,1.1094723451094628e-05,0.001639803189468314,0.0016287084660172187,2.6183701035065438e-06,0.0,True
anticyclonic,0.5,30.874561309814453,28648.20438386328,0.34375,0.0020277652363538214,0.0020277652363538227,1.3010426069826053e-18,1.835205311777437e-05,0.002046117289471597,0.0020277652363538214,4.331109958112882e-06,0.0,True
anticyclonic,0.5,30.874561309814453,33856.96881729297,0.40625,0.0024278643593327993,0.0024278643593328014,2.168404344971009e-18,2.6138290050846184e-05,0.002454002649383648,0.0024278643593327993,6.1686726602604764e-06,0.0,True
anticyclonic,0.5,30.874561309814453,39065.73325072265,0.46874999999999994,0.0028141643118769835,0.002814164311876986,2.6020852139652106e-18,3.46689605368553e-05,0.0028488332724138413,0.0028141643118769835,8.181922712133391e-06,0.0,True
anticyclonic,0.5,30.874561309814453,44274.497684152346,0.53125,0.0031687553608208243,0.0031687553608208277,3.469446951953614e-18,4.414727584862926e-05,0.003212902636669457,0.0031687553608208243,1.0418818255618855e-05,0.0,True
anticyclonic,0.5,30.874561309814453,49483.26211758203,0.59375,0.0034854445560422256,0.003485444556042229,3.469446951953614e-18,5.607332019336618e-05,0.003541517876235595,0.0034854445560422256,1.3233381241618436e-05,0.0,True
anticyclonic,0.5,30.874561309814453,54692.02655101172,0.65625,0.0037809129111597943,0.0037809129111597973,3.0357660829594124e-18,6.91764054298688e-05,0.003850089316589666,0.0037809129111597943,1.632572750857937e-05,0.0,True
anticyclonic,0.5,30.874561309814453,59900.7909844414,0.71875,0.004053951784779012,0.004053951784779018,6.071532165918825e-18,8.426293777473092e-05,0.004138214722553749,0.004053951784779012,1.9886170040698013e-05,0.0,True
anticyclonic,0.5,30.874561309814453,65109.555417871095,0.78125,0.004287392559790702,0.004287392559790704,2.6020852139652106e-18,0.00010061558378852925,0.004388008143579233,0.004287392559790702,2.3745417152578984e-05,0.0,True
anticyclonic,0.5,30.874561309814453,70318.31985130078,0.84375,0.0044653273376833,0.0044653273376833065,6.071532165918825e-18,0.00011736407760962585,0.004582691415292933,0.0044653273376833,2.7698084895333464e-05,0.0,True
anticyclonic,0.5,30.874561309814453,75527.08428473047,0.9062500000000001,0.0045897496354990255,0.004589749635499026,8.673617379884035e-19,0.0001345152180244226,0.004724264853523449,0.0045897496354990255,3.174577779197037e-05,0.0,True
anticyclonic,0.5,30.874561309814453,80735.84871816015,0.96875,0.00467920455285983,0.004679204552859833,2.6020852139652106e-18,0.0001508975276671439,0.004830102080526977,0.00467920455285983,3.561202556136893e-05,0.0,True
anticyclonic,0.5,30.874561309814453,85944.61315158985,1.03125,0.004738696925135561,0.004738696925135563,2.6020852139652106e-18,0.00016658760321468965,0.004905284528350253,0.004738696925135561,3.9314905125383616e-05,0.0,True
anticyclonic,0.5,30.874561309814453,91153.37758501952,1.09375,0.0047572916504393156,0.0047572916504393156,0.0,0.00018125656979379694,0.004938548220233112,0.0047572916504393156,4.2776801558348035e-05,0.0,True
anticyclonic,0.5,30.874561309814453,96362.14201844922,1.15625,0.0047880930447058035,0.004788093044705808,4.336808689942018e-18,0.00018902167570427911,0.004977114720410087,0.0047880930447058035,4.460937730989257e-05,0.0,True
anticyclonic,0.5,30.874561309814453,101570.90645187891,1.21875,0.004856900016642523,0.004856900016642526,2.6020852139652106e-18,0.00018015237116071752,0.005037052387803244,0.004856900016642523,4.251620915134193e-05,0.0,True
anticyclonic,0.5,30.874561309814453,106779.67088530859,1.28125,0.004793144214445803,0.004793144214445804,8.673617379884035e-19,0.00017120097431511485,0.004964345188760919,0.004793144214445803,4.040366709579061e-05,0.0,True
anticyclonic,0.5,30.874561309814453,111988.43531873828,1.34375,0.00466122140956787,0.004661221409567874,3.469446951953614e-18,0.00016439469639670964,0.004825616105964583,0.00466122140956787,3.879737607859985e-05,0.0,True
anticyclonic,0.5,30.874561309814453,117197.19975216797,1.40625,0.004481481154099873,0.004481481154099875,1.734723475976807e-18,0.00015270531771968357,0.0046341864718195585,0.004481481154099873,3.6038666518022906e-05,0.0,True
anticyclonic,0.5,30.874561309814453,122405.96418559765,1.46875,0.004277580334956493,0.0042775803349565005,7.806255641895632e-18,0.00013831868235817212,0.004415899017314672,0.004277580334956493,3.2643400643512526e-05,0.0,True
anticyclonic,0.5,30.874561309814453,127614.72861902734,1.53125,0.004122909680753522,0.004122909680753523,8.673617379884035e-19,0.0001272739514067383,0.004250183632160261,0.004122909680753522,3.0036828839178418e-05,0.0,True
anticyclonic,0.5,30.874561309814453,132823.49305245702,1.59375,0.003974098112124691,0.003974098112124693,1.734723475976807e-18,0.00011173870075454802,0.004085836812879241,0.003974098112124691,2.6370488164939952e-05,0.0,True
anticyclonic,0.5,30.874561309814453,138032.25748588672,1.65625,0.003839973610225882,0.0038399736102258846,2.6020852139652106e-18,0.0001013408518939073,0.003941314462119792,0.003839973610225882,2.3916581430131244e-05,0.0,True
anticyclonic,0.5,30.874561309814453,143241.0219193164,1.71875,0.0037135111941792188,0.0037135111941792205,1.734723475976807e-18,8.970640428588823e-05,0.003803217598465109,0.0037135111941792188,2.1170835677933627e-05,0.0,True
anticyclonic,0.5,30.874561309814453,148449.7863527461,1.7812500000000002,0.003619944369560196,0.0036199443695601997,3.469446951953614e-18,7.871939396906033e-05,0.00369866376352926,0.003619944369560196,1.857788602332445e-05,0.0,True
anticyclonic,0.5,30.874561309814453,153658.55078617577,1.8437499999999998,0.0035298618363756706,0.003529861836375675,4.336808689942018e-18,7.105284715577173e-05,0.0036009146835314465,0.0035298618363756706,1.6768570355247324e-05,0.0,True
anticyclonic,0.5,30.874561309814453,158867.31521960546,1.90625,0.003515459093323161,0.0035154590933231624,1.3010426069826053e-18,6.93885131587462e-05,0.0035848476064819085,0.003515459093323161,1.637578522641825e-05,0.0,True
anticyclonic,0.5,30.874561309814453,164076.07965303515,1.96875,0.003507944212417275,0.0035079442124172767,1.734723475976807e-18,6.940494285299071e-05,0.0035773491552702676,0.003507944212417275,1.6379662657019308e-05,0.0,True
anticyclonic,0.5,30.874561309814453,169284.84408646484,2.03125,0.0035132498603733845,0.003513249860373389,4.336808689942018e-18,7.428735474690313e-05,0.003587537215120292,0.0035132498603733845,1.7531918627380045e-05,0.0,True
anticyclonic,0.5,30.874561309814453,174493.60851989454,2.09375,0.0035317621467620295,0.003531762146762034,4.336808689942018e-18,8.13359921342154e-05,0.0036130981388962495,0.0035317621467620295,1.9195406814963123e-05,0.0,True
anticyclonic,0.5,30.874561309814453,179702.37295332423,2.15625,0.0035878457350079886,0.0035878457350079903,1.734723475976807e-18,9.246505557288274e-05,0.003680310790580873,0.0035878457350079886,2.182188120310655e-05,0.0,True
anticyclonic,0.5,30.874561309814453,184911.1373867539,2.21875,0.003575759151627952,0.003575759151627957,5.204170427930421e-18,0.00010420600126398078,0.0036799651528919377,0.003575759151627952,2.4592760650438067e-05,0.0,True
anticyclonic,0.5,30.874561309814453,190119.9018201836,2.28125,0.0036095383926645947,0.0036095383926645942,-4.336808689942018e-19,0.00011697223069472125,0.0037265106233593153,0.0036095383926645947,2.7605608480607125e-05,0.0,True
anticyclonic,0.5,30.874561309814453,195328.66625361328,2.34375,0.0035246258369818814,0.003524625836981888,6.5052130349130266e-18,0.00012971379665522329,0.003654339633637111,0.0035246258369818814,3.061263569763466e-05,0.0,True
anticyclonic,0.5,30.874561309814453,200537.43068704297,2.40625,0.0034618766819263873,0.003461876681926391,3.469446951953614e-18,0.00014143442547031421,0.003603311107396705,0.0034618766819263873,3.337872033408439e-05,0.0,True
anticyclonic,0.5,30.874561309814453,205746.19512047266,2.46875,0.003292895799970922,0.003292895799970928,6.071532165918825e-18,0.0001505234542323904,0.0034434192542033186,0.003292895799970922,3.552374371257909e-05,0.0,True
anticyclonic,0.5,35.740203857421875,2604.3822167148437,0.03125,4.712269101200326e-06,4.712269101200324e-06,-1.6940658945086007e-21,9.738655382184458e-07,5.68613463941877e-06,4.712269101200326e-06,7.728582507413441e-07,0.0,True
anticyclonic,0.5,35.740203857421875,7813.146650144531,0.09375,0.00020594454112507138,0.00020594454112507146,8.131516293641283e-20,5.883060865514655e-06,0.0002118276019905861,0.00020594454112507138,4.668788401573604e-06,0.0,True
anticyclonic,0.5,35.740203857421875,13021.911083574218,0.15625,0.00039872355531142485,0.000398723555311425,1.6263032587282567e-19,1.1797989619689344e-05,0.00041052154493111435,0.00039872355531142485,9.362867112453838e-06,0.0,True
anticyclonic,0.5,35.740203857421875,18230.675517003907,0.21875,0.0005772556844391276,0.000577255684439128,4.336808689942018e-19,2.0797660017475065e-05,0.0005980533444566031,0.0005772556844391276,1.6504992229238862e-05,0.0,True
anticyclonic,0.5,35.740203857421875,23439.439950433592,0.28125,0.0007456427366299518,0.0007456427366299527,8.673617379884035e-19,3.97398653440195e-05,0.0007853826019739722,0.0007456427366299518,3.153749836005208e-05,0.0,True
anticyclonic,0.5,35.740203857421875,28648.20438386328,0.34375,0.0009027334797011452,0.0009027334797011463,1.0842021724855044e-18,6.574317806252882e-05,0.0009684766577636751,0.0009027334797011452,5.2173688873448576e-05,0.0,True
anticyclonic,0.5,35.740203857421875,33856.96881729297,0.40625,0.0010440707666375297,0.001044070766637532,2.168404344971009e-18,9.363117543574259e-05,0.0011377019420732745,0.0010440707666375297,7.430556234128924e-05,0.0,True
anticyclonic,0.5,35.740203857421875,39065.73325072265,0.46874999999999994,0.0011621018538364445,0.0011621018538364473,2.8189256484623115e-18,0.0001243997506523756,0.001286501604488823,0.0011621018538364445,9.87234581251695e-05,0.0,True
anticyclonic,0.5,35.740203857421875,44274.497684152346,0.53125,0.0012432288598016139,0.0012432288598016167,2.8189256484623115e-18,0.00015854680605555693,0.0014017756658571737,0.0012432288598016139,0.0001258225107881777,0.0,True
anticyclonic,0.5,35.740203857421875,49483.26211758203,0.59375,0.0012912775343041378,0.0012912775343041402,2.3852447794681098e-18,0.00020346774212619083,0.001494745276430331,0.0012912775343041378,0.00016147169921384562,0.0,True
anticyclonic,0.5,35.740203857421875,54692.02655101172,0.65625,0.0013156972125427516,0.0013156972125427558,4.119968255444917e-18,0.00025284928889544666,0.0015685465014382025,0.0013156972125427516,0.00020066082169250575,0.0,True
anticyclonic,0.5,35.740203857421875,59900.7909844414,0.71875,0.0013209407048665823,0.0013209407048665857,3.469446951953614e-18,0.0003096147230701099,0.0016305554279366957,0.0013209407048665823,0.0002457097862950117,0.0,True
anticyclonic,0.5,35.740203857421875,65109.555417871095,0.78125,0.001305109665986822,0.001305109665986826,4.119968255444917e-18,0.00037105235414010507,0.001676162020126931,0.001305109665986822,0.00029446659944327384,0.0,True
anticyclonic,0.5,35.740203857421875,70318.31985130078,0.84375,0.001264771306548026,0.0012647713065480298,3.903127820947816e-18,0.00043347955873423777,0.0016982508652822676,0.001264771306548026,0.00034400873667666995,0.0,True
anticyclonic,0.5,35.740203857421875,75527.08428473047,0.9062500000000001,0.0012054011833567285,0.0012054011833567337,5.204170427930421e-18,0.00049758883007896,0.0017029900134356937,0.0012054011833567285,0.00039488575959548513,0.0,True
anticyclonic,0.5,35.740203857421875,80735.84871816015,0.96875,0.0011306774989569227,0.0011306774989569264,3.686287386450715e-18,0.0005569619569935285,0.0016876394559504548,0.0011306774989569227,0.0004420041852994907,0.0,True
anticyclonic,0.5,35.740203857421875,85944.61315158985,1.03125,0.0010414736436284984,0.0010414736436285025,4.119968255444917e-18,0.0006127347627833501,0.0016542084064118526,0.0010414736436284984,0.00048626540148392623,0.0,True
anticyclonic,0.5,35.740203857421875,91153.37758501952,1.09375,0.0009487218105837192,0.0009487218105837229,3.686287386450715e-18,0.0006655419066746733,0.0016142637172583962,0.0009487218105837192,0.0005281730727720543,0.0,True
anticyclonic,0.5,35.740203857421875,96362.14201844922,1.15625,0.0008722931324174544,0.0008722931324174586,4.228388472693467e-18,0.0007044905034149128,0.0015767836358323716,0.0008722931324174544,0.0005590826215384667,0.0,True
anticyclonic,0.5,35.740203857421875,101570.90645187891,1.21875,0.0008504381466583382,0.0008504381466583417,3.577867169202165e-18,0.0006755268920065481,0.0015259650386648899,0.0008504381466583382,0.0005360971423632094,0.0,True
anticyclonic,0.5,35.740203857421875,106779.67088530859,1.28125,0.0008335875764113912,0.0008335875764113949,3.686287386450715e-18,0.0006437314574797095,0.0014773190338911043,0.0008335875764113912,0.0005108643325495188,0.0,True
anticyclonic,0.5,35.740203857421875,111988.43531873828,1.34375,0.0008194940578001294,0.0008194940578001336,4.228388472693467e-18,0.0006103388171637453,0.001429832874963879,0.0008194940578001294,0.00048436398258391394,0.0,True
anticyclonic,0.5,35.740203857421875,117197.19975216797,1.40625,0.0008069083937810215,0.0008069083937810247,3.144186300207963e-18,0.0005721908008997092,0.0013790991946807337,0.0008069083937810215,0.00045408977329932374,0.0,True
anticyclonic,0.5,35.740203857421875,122405.96418559765,1.46875,0.000821535541629415,0.0008215355416294176,2.6020852139652106e-18,0.0005271344708723368,0.0013486700125017546,0.000821535541629415,0.0004183331364298417,0.0,True
anticyclonic,0.5,35.740203857421875,127614.72861902734,1.53125,0.0008793889967572618,0.0008793889967572661,4.228388472693467e-18,0.0004745569111884315,0.0013539459079456976,0.0008793889967572618,0.0003766076628291556,0.0,True
anticyclonic,0.5,35.740203857421875,132823.49305245702,1.59375,0.000966405080429496,0.0009664050804295004,4.445228907190568e-18,0.0004311947253316376,0.0013975998057611382,0.000966405080429496,0.0003421954962677328,0.0,True
anticyclonic,0.5,35.740203857421875,138032.25748588672,1.65625,0.0010824763713904709,0.0010824763713904752,4.336808689942018e-18,0.0003829588954015621,0.0014654352667920374,0.0010824763713904709,0.00030391561297808196,0.0,True
anticyclonic,0.5,35.740203857421875,143241.0219193164,1.71875,0.001215229007987763,0.0012152290079877654,2.3852447794681098e-18,0.00033889494860730703,0.0015541239565950724,0.001215229007987763,0.00026894652997462446,0.0,True
anticyclonic,0.5,35.740203857421875,148449.7863527461,1.7812500000000002,0.0013626470528562045,0.0013626470528562092,4.7704895589362195e-18,0.00029803591928290174,0.001660682972139111,0.0013626470528562045,0.00023652086473502967,0.0,True
anticyclonic,0.5,35.740203857421875,153658.55078617577,1.8437499999999998,0.00151619652500522,0.0015161965250052227,2.6020852139652106e-18,0.0002685042726331277,0.0017847007976383505,0.00151619652500522,0.00021308459363233838,0.0,True
anticyclonic,0.5,35.740203857421875,158867.31521960546,1.90625,0.0016743850591841966,0.0016743850591842064,9.75781955236954e-18,0.00025379281234397586,0.0019281778715281822,0.0016743850591841966,0.00020140960050574696,0.0,True
anticyclonic,0.5,35.740203857421875,164076.07965303515,1.96875,0.0018349899067753393,0.001834989906775348,8.673617379884035e-18,0.0002564439402853799,0.0020914338470607277,0.0018349899067753393,0.00020351353171891347,0.0,True
anticyclonic,0.5,35.740203857421875,169284.84408646484,2.03125,0.002004666682432341,0.0020046666824323532,1.214306433183765e-17,0.0002768569855943246,0.002281523668026678,0.002004666682432341,0.00021971329428432427,0.0,True
anticyclonic,0.5,35.740203857421875,174493.60851989454,2.09375,0.0021804365355095274,0.0021804365355095386,1.1275702593849246e-17,0.0003016892084164586,0.002482125743925997,0.0021804365355095274,0.0002394201095880494,0.0,True
anticyclonic,0.5,35.740203857421875,179702.37295332423,2.15625,0.002356176938201951,0.0023561769382019664,1.5178830414797062e-17,0.00033109781797836406,0.0026872747561803305,0.002356176938201951,0.0002627587386397853,0.0,True
anticyclonic,0.5,35.740203857421875,184911.1373867539,2.21875,0.0025098855000883057,0.0025098855000883283,2.2551405187698492e-17,0.000383148173928664,0.002893033674016992,0.0025098855000883057,0.000304065824137239,0.0,True
anticyclonic,0.5,35.740203857421875,190119.9018201836,2.28125,0.0026658688693325357,0.002665868869332552,1.6479873021779667e-17,0.0004302593190030604,0.003096128188335613,0.0026658688693325357,0.00034145315918888,0.0,True
anticyclonic,0.5,35.740203857421875,195328.66625361328,2.34375,0.0027921424249234806,0.002792142424923498,1.734723475976807e-17,0.0004733141812069687,0.0032654566061304665,0.0027921424249234806,0.0003756214341539176,0.0,True
anticyclonic,0.5,35.740203857421875,200537.43068704297,2.40625,0.002912053735099699,0.00291205373509972,2.1250362580715887e-17,0.0005135356562545327,0.003425589391354253,0.002912053735099699,0.0004075411372623812,0.0,True
anticyclonic,0.5,35.740203857421875,205746.19512047266,2.46875,0.0030220106059516295,0.0030220106059516516,2.211772431870429e-17,0.0005470532566646158,0.0035690638626162674,0.0030220106059516295,0.0004341406553738575,0.0,True
anticyclonic,0.5,41.180023193359375,2604.3822167148437,0.03125,3.1595627863103276e-06,3.1595627863103276e-06,0.0,1.940027300700559e-06,5.0995900870108865e-06,3.1595627863103276e-06,6.588951117848864e-07,0.0,True
anticyclonic,0.5,41.180023193359375,7813.146650144531,0.09375,0.00012310077570097856,0.0001231007757009785,-5.421010862427522e-20,8.98027588230151e-06,0.00013208105158328,0.00012310077570097856,3.0499879456291543e-06,0.0,True
anticyclonic,0.5,41.180023193359375,13021.911083574218,0.15625,0.00022667970332501493,0.00022667970332501477,-1.6263032587282567e-19,2.17532949152751e-05,0.0002484329982402899,0.00022667970332501493,7.388112363013643e-06,0.0,True
anticyclonic,0.5,41.180023193359375,18230.675517003907,0.21875,0.0003151929428913657,0.0003151929428913655,-1.6263032587282567e-19,4.225538299078293e-05,0.0003574483258821484,0.0003151929428913657,1.4351274999672008e-05,0.0,True
anticyclonic,0.5,41.180023193359375,23439.439950433592,0.28125,0.0003888586425755551,0.00038885864257555484,-2.710505431213761e-19,8.121844919071366e-05,0.00047007709176626847,0.0003888586425755551,2.758437427101459e-05,0.0,True
anticyclonic,0.5,41.180023193359375,28648.20438386328,0.34375,0.00044253513123003875,0.0004425351312300383,-4.336808689942018e-19,0.00013868343562929442,0.0005812185668593328,0.00044253513123003875,4.710131542410707e-05,0.0,True
anticyclonic,0.5,41.180023193359375,33856.96881729297,0.40625,0.00047563034077998404,0.00047563034077998306,-9.75781955236954e-19,0.0001985440389385338,0.0006741743797185169,0.00047563034077998404,6.743188442935211e-05,0.0,True
anticyclonic,0.5,41.180023193359375,39065.73325072265,0.46874999999999994,0.0004889071686307045,0.0004889071686307031,-1.4094628242311558e-18,0.0002694715614052973,0.0007583787300360004,0.0004889071686307045,9.152113195050156e-05,0.0,True
anticyclonic,0.5,41.180023193359375,44274.497684152346,0.53125,0.0004841073027175662,0.000484107302717565,-1.1926223897340549e-18,0.0003508208118622357,0.0008349281145798007,0.0004841073027175662,0.00011914993050095779,0.0,True
anticyclonic,0.5,41.180023193359375,49483.26211758203,0.59375,0.0004613031495807889,0.0004613031495807874,-1.463672932855431e-18,0.0004536701786796073,0.0009149733282603947,0.0004613031495807889,0.0001540808539068633,0.0,True
anticyclonic,0.5,41.180023193359375,54692.02655101172,0.65625,0.0004274036830311703,0.000427403683031169,-1.3010426069826053e-18,0.0005705749549235424,0.0009979786379547113,0.0004274036830311703,0.00019378544238539622,0.0,True
anticyclonic,0.5,41.180023193359375,59900.7909844414,0.71875,0.0003905816338816223,0.00039058163388162057,-1.734723475976807e-18,0.0007046016039101967,0.0010951832377918173,0.0003905816338816223,0.00023930516462555547,0.0,True
anticyclonic,0.5,41.180023193359375,65109.555417871095,0.78125,0.0003527973694172493,0.00035279736941724773,-1.5720931501039814e-18,0.000848215129452108,0.0012010124988693558,0.0003527973694172493,0.0002880808957359316,0.0,True
anticyclonic,0.5,41.180023193359375,70318.31985130078,0.84375,0.0003137807310865586,0.0003137807310865553,-3.3068166260807885e-18,0.000993464270728673,0.0013072450018152284,0.0003137807310865586,0.0003374121340868154,0.0,True
anticyclonic,0.5,41.180023193359375,75527.08428473047,0.9062500000000001,0.00027333438097816283,0.00027333438097816175,-1.0842021724855044e-18,0.0011353016914568649,0.0014086360724350267,0.00027333438097816283,0.00038558464338719184,0.0,True
anticyclonic,0.5,41.180023193359375,80735.84871816015,0.96875,0.00023219808896920866,0.00023219808896920733,-1.328147661294743e-18,0.0012662739574404677,0.001498472046409675,0.00023219808896920866,0.00043006699979775543,0.0,True
anticyclonic,0.5,41.180023193359375,85944.61315158985,1.03125,0.00018831545934867963,0.00018831545934867839,-1.2468324983583301e-18,0.0013888086065836868,0.001577124065932365,0.00018831545934867963,0.0004716836725711686,0.0,True
anticyclonic,0.5,41.180023193359375,91153.37758501952,1.09375,0.0001395878974712236,0.00013958789747122287,-7.318364664277155e-19,0.001504478771519269,0.0016440666689904917,0.0001395878974712236,0.0005109689476948151,0.0,True
anticyclonic,0.5,41.180023193359375,96362.14201844922,1.15625,0.00010685697334007845,0.00010685697334007811,-3.3881317890172014e-19,0.0015889166338972634,0.0016957736072373414,0.00010685697334007845,0.0005396467373065051,0.0,True
anticyclonic,0.5,41.180023193359375,101570.90645187891,1.21875,0.00014254376899278034,0.00014254376899278099,6.505213034913027e-19,0.0015194111643998354,0.0016619549333926164,0.00014254376899278034,0.0005160404643032173,0.0,True
anticyclonic,0.5,41.180023193359375,106779.67088530859,1.28125,0.00014857100279607832,0.00014857100279607995,1.6263032587282567e-18,0.0014464218524310893,0.0015949928552271692,0.00014857100279607832,0.0004912509673454258,0.0,True
anticyclonic,0.5,41.180023193359375,111988.43531873828,1.34375,0.00013115554977450483,0.00013115554977450661,1.7889335846010823e-18,0.001368286864039852,0.0014994424138143588,0.00013115554977450483,0.00046471383465055896,0.0,True
anticyclonic,0.5,41.180023193359375,117197.19975216797,1.40625,0.00010567795966869832,0.00010567795966870035,2.032879073410321e-18,0.0012804796899623945,0.0013861576496310949,0.00010567795966869832,0.00043489171938527934,0.0,True
anticyclonic,0.5,41.180023193359375,122405.96418559765,1.46875,9.477108989194879e-05,9.477108989195275e-05,3.957337929572091e-18,0.0011756461747996325,0.0012704172646915853,9.477108989194879e-05,0.00039928691595440634,0.0,True
anticyclonic,0.5,41.180023193359375,127614.72861902734,1.53125,9.134504332132214e-05,9.134504332132579e-05,3.645629804982509e-18,0.0010551165209130966,0.0011464615642344223,9.134504332132214e-05,0.00035835120348155357,0.0,True
anticyclonic,0.5,41.180023193359375,132823.49305245702,1.59375,9.088997346331648e-05,9.088997346332066e-05,4.174178364069192e-18,0.0009573797284478276,0.0010482697019111482,9.088997346331648e-05,0.00032515667329445524,0.0,True
anticyclonic,0.5,41.180023193359375,138032.25748588672,1.65625,0.0001053849300203313,0.0001053849300203353,3.9979955110402976e-18,0.0008521612561268848,0.0009575461861472201,0.0001053849300203313,0.0002894211261417385,0.0,True
anticyclonic,0.5,41.180023193359375,143241.0219193164,1.71875,0.00011120275780437067,0.00011120275780437539,4.716279450311944e-18,0.0007564710735993029,0.0008676738314036782,0.00011120275780437067,0.00025692168992738233,0.0,True
anticyclonic,0.5,41.180023193359375,148449.7863527461,1.7812500000000002,0.00011309959121569644,0.0001130995912157013,4.851804721872632e-18,0.0006691991909844307,0.000782298782200132,0.00011309959121569644,0.00022728137670579066,0.0,True
anticyclonic,0.5,41.180023193359375,153658.55078617577,1.8437499999999998,0.00012117908392021983,0.0001211790839202248,4.9737774662772516e-18,0.0006079407249002798,0.0007291198088205047,0.00012117908392021983,0.0002064760489437989,0.0,True
anticyclonic,0.5,41.180023193359375,158867.31521960546,1.90625,0.00011770450497048114,0.0001177045049704884,7.250602028496811e-18,0.0005807523249107178,0.0006984568298812063,0.00011770450497048114,0.00019724200164770897,0.0,True
anticyclonic,0.5,41.180023193359375,164076.07965303515,1.96875,0.00011572615777593711,0.0001157261577759439,6.7898161051904715e-18,0.0005871603480557003,0.0007028865058316443,0.00011572615777593711,0.0001994183705704085,0.0,True
anticyclonic,0.5,41.180023193359375,169284.84408646484,2.03125,0.00012724524717208651,0.00012724524717208936,2.846030702774449e-18,0.0006351862348967873,0.0007624314820688766,0.00012724524717208651,0.00021572949261869072,0.0,True
anticyclonic,0.5,41.180023193359375,174493.60851989454,2.09375,0.00013768058840927716,0.00013768058840928334,6.179952383167375e-18,0.0006889270302557367,0.0008266076186650201,0.00013768058840927716,0.00023398157976852463,0.0,True
anticyclonic,0.5,41.180023193359375,179702.37295332423,2.15625,0.00015002780894091578,0.00015002780894091968,3.903127820947816e-18,0.0007520007331190975,0.0009020285420600171,0.00015002780894091578,0.0002554034198033703,0.0,True
anticyclonic,0.5,41.180023193359375,184911.1373867539,2.21875,0.00016605028614760387,0.00016605028614760675,2.8731357570865868e-18,0.0008661389127470948,0.0010321891988947017,0.00016605028614760387,0.00029416838388287355,0.0,True
anticyclonic,0.5,41.180023193359375,190119.9018201836,2.28125,0.00020902777475723032,0.0002090277747572329,2.574980159653073e-18,0.0009696672423494197,0.0011786950171066527,0.00020902777475723032,0.00032932990469322176,0.0,True
anticyclonic,0.5,41.180023193359375,195328.66625361328,2.34375,0.00028273797518433083,0.0002827379751843309,5.421010862427522e-20,0.0010600531518527943,0.001342791127037125,0.00028273797518433083,0.00036002784070912153,0.0,True
anticyclonic,0.5,41.180023193359375,200537.43068704297,2.40625,0.0003308068048861906,0.0003308068048861907,1.0842021724855044e-19,0.0011530751363749536,0.0014838819412611444,0.0003308068048861906,0.0003916210718291409,0.0,True
anticyclonic,0.5,41.180023193359375,205746.19512047266,2.46875,0.00038964325480664194,0.0003896432548066438,1.8431436932253575e-18,0.0012231869351443238,0.0016128301899509675,0.00038964325480664194,0.0004154332735805811,0.0,True
anticyclonic,0.5,47.21189498901367,2604.3822167148437,0.03125,3.5121478873304555e-06,3.5121478873304555e-06,0.0,3.1294745488345353e-06,6.641622436164991e-06,3.5121478873304555e-06,6.383655435265109e-07,0.0,True
anticyclonic,0.5,47.21189498901367,7813.146650144531,0.09375,2.698652163959203e-05,2.6986521639592024e-05,-6.776263578034403e-21,1.0401716846427084e-05,3.738823848601911e-05,2.698652163959203e-05,2.121793139602674e-06,0.0,True
anticyclonic,0.5,47.21189498901367,13021.911083574218,0.15625,5.288191603700802e-05,5.288191603700798e-05,-4.0657581468206416e-20,2.433426932575711e-05,7.721618536276508e-05,5.288191603700802e-05,4.963823422127718e-06,0.0,True
anticyclonic,0.5,47.21189498901367,18230.675517003907,0.21875,8.23203201009199e-05,8.232032010091986e-05,-4.0657581468206416e-20,4.6106606615663966e-05,0.00012842692671658382,8.23203201009199e-05,9.405051401786479e-06,0.0,True
anticyclonic,0.5,47.21189498901367,23439.439950433592,0.28125,0.00011216637996570543,0.00011216637996570529,-1.4907779871675686e-19,8.678671613594309e-05,0.00019895309610164837,0.00011216637996570543,1.7703179352468213e-05,0.0,True
anticyclonic,0.5,47.21189498901367,28648.20438386328,0.34375,0.00013847256478312467,0.00013847256478312454,-1.3552527156068805e-19,0.00014465775282256546,0.00028313031760569,0.00013847256478312467,2.9507996810611925e-05,0.0,True
anticyclonic,0.5,47.21189498901367,33856.96881729297,0.40625,0.00016509436024821035,0.00016509436024820994,-4.0657581468206416e-19,0.00020504818916866933,0.00037014254941687924,0.00016509436024821035,4.1826733748811604e-05,0.0,True
anticyclonic,0.5,47.21189498901367,39065.73325072265,0.46874999999999994,0.00019344340505981033,0.00019344340505981028,-5.421010862427522e-20,0.0002783849390152136,0.0004718283440750239,0.00019344340505981033,5.6786323113004344e-05,0.0,True
anticyclonic,0.5,47.21189498901367,44274.497684152346,0.53125,0.0002268957773337672,0.0002268957773337665,-7.047314121155779e-19,0.00036557251146985425,0.0005924682888036207,0.0002268957773337672,7.457127110035624e-05,0.0,True
anticyclonic,0.5,47.21189498901367,49483.26211758203,0.59375,0.0002622114319109293,0.0002622114319109289,-4.336808689942018e-19,0.000472058865760017,0.0007342702976709458,0.0002622114319109293,9.629287911276589e-05,0.0,True
anticyclonic,0.5,47.21189498901367,54692.02655101172,0.65625,0.00030012548331517726,0.0003001254833151763,-9.75781955236954e-19,0.0005909416612342406,0.0008910671445494169,0.00030012548331517726,0.00012054317390334558,0.0,True
anticyclonic,0.5,47.21189498901367,59900.7909844414,0.71875,0.0003457792781288487,0.0003457792781288472,-1.5178830414797062e-18,0.0007239601259406038,0.001069739404069451,0.0003457792781288487,0.00014767693172635228,0.0,True
anticyclonic,0.5,47.21189498901367,65109.555417871095,0.78125,0.00039983543642522254,0.00039983543642522123,-1.3010426069826053e-18,0.000865176149183466,0.0012650115856086873,0.00039983543642522254,0.0001764828676831264,0.0,True
anticyclonic,0.5,47.21189498901367,70318.31985130078,0.84375,0.00045885212579617186,0.0004588521257961706,-1.2468324983583301e-18,0.0010089348535580196,0.0014677869793541902,0.00045885212579617186,0.0002058074721886673,0.0,True
anticyclonic,0.5,47.21189498901367,75527.08428473047,0.9062500000000001,0.0005171059897217217,0.0005171059897217197,-1.951563910473908e-18,0.0011469048337311234,0.0016640108234528433,0.0005171059897217217,0.00023395126438418014,0.0,True
anticyclonic,0.5,47.21189498901367,80735.84871816015,0.96875,0.0005747056110006649,0.0005747056110006636,-1.3010426069826053e-18,0.0012713076644161692,0.0018460132754168327,0.0005747056110006649,0.0002593275629887081,0.0,True
anticyclonic,0.5,47.21189498901367,85944.61315158985,1.03125,0.0006309624667294208,0.0006309624667294177,-3.144186300207963e-18,0.0013878567162101145,0.0020188191829395323,0.0006309624667294208,0.00028310180931502815,0.0,True
anticyclonic,0.5,47.21189498901367,91153.37758501952,1.09375,0.0006771926218467289,0.0006771926218467253,-3.577867169202165e-18,0.001497555918663004,0.002174748540509729,0.0006771926218467289,0.00030547878982900713,0.0,True
anticyclonic,0.5,47.21189498901367,96362.14201844922,1.15625,0.0007075736461909989,0.0007075736461909974,-1.5178830414797062e-18,0.0015760031369537746,0.002283576783144772,0.0007075736461909989,0.00032148083757244713,0.0,True
anticyclonic,0.5,47.21189498901367,101570.90645187891,1.21875,0.0007705553798330211,0.0007705553798330177,-3.3610267347050637e-18,0.0015026741749501224,0.0022732295547831403,0.0007705553798330211,0.00030652283681058463,0.0,True
anticyclonic,0.5,47.21189498901367,106779.67088530859,1.28125,0.0007835561570168159,0.0007835561570168116,-4.336808689942018e-18,0.001415349084608541,0.0021989052416253527,0.0007835561570168159,0.0002887098372512287,0.0,True
anticyclonic,0.5,47.21189498901367,111988.43531873828,1.34375,0.0007635579233216045,0.0007635579233216012,-3.2526065174565133e-18,0.0013308167591177748,0.0020943746824393763,0.0007635579233216045,0.0002714665195423279,0.0,True
anticyclonic,0.5,47.21189498901367,117197.19975216797,1.40625,0.000722601086924506,0.0007226010869245034,-2.6020852139652106e-18,0.0012359626385730885,0.0019585637254975917,0.000722601086924506,0.00025211771153243746,0.0,True
anticyclonic,0.5,47.21189498901367,122405.96418559765,1.46875,0.000667909492015007,0.0006679094920150033,-3.686287386450715e-18,0.001128279912244349,0.0017961894042593522,0.000667909492015007,0.00023015206169295797,0.0,True
anticyclonic,0.5,47.21189498901367,127614.72861902734,1.53125,0.000613375993541947,0.0006133759935419447,-2.3852447794681098e-18,0.0010022552413652807,0.0016156312349072254,0.000613375993541947,0.00020444493218349234,0.0,True
anticyclonic,0.5,47.21189498901367,132823.49305245702,1.59375,0.0005482601859799323,0.0005482601859799295,-2.710505431213761e-18,0.0009034279749227461,0.0014516881609026758,0.0005482601859799323,0.00018428566241684,0.0,True
anticyclonic,0.5,47.21189498901367,138032.25748588672,1.65625,0.0004743913668102384,0.00047439136681023676,-1.6263032587282567e-18,0.0007981410646979138,0.0012725324315081507,0.0004743913668102384,0.0001628087228785611,0.0,True
anticyclonic,0.5,47.21189498901367,143241.0219193164,1.71875,0.00039893778959067673,0.00039893778959067527,-1.463672932855431e-18,0.0007079744932140938,0.001106912282804769,0.00039893778959067673,0.00014441610408106144,0.0,True
anticyclonic,0.5,47.21189498901367,148449.7863527461,1.7812500000000002,0.0003211938555163636,0.00032119385551636315,-4.336808689942018e-19,0.0006267489700456833,0.0009479428255620465,0.0003211938555163636,0.00012784732410330515,0.0,True
anticyclonic,0.5,47.21189498901367,153658.55078617577,1.8437499999999998,0.00025212503392255163,0.0002521250339225523,6.505213034913027e-19,0.0005759960836605752,0.0008281211175831275,0.00025212503392255163,0.00011749450180128814,0.0,True
anticyclonic,0.5,47.21189498901367,158867.31521960546,1.90625,0.00019362513624659233,0.00019362513624659078,-1.5449880957918438e-18,0.0005662943332568798,0.0007599194695034706,0.00019362513624659233,0.00011551549124441366,0.0,True
anticyclonic,0.5,47.21189498901367,164076.07965303515,1.96875,0.00014825842710553056,0.00014825842710553075,1.8973538018496328e-19,0.0005715087263316833,0.000719767153437214,0.00014825842710553056,0.00011657914867872558,0.0,True
anticyclonic,0.5,47.21189498901367,169284.84408646484,2.03125,9.832338658633738e-05,9.83233865863366e-05,-7.724940478959219e-19,0.000620284757265492,0.0007186081438518286,9.832338658633738e-05,0.00012652872232511378,0.0,True
anticyclonic,0.5,47.21189498901367,174493.60851989454,2.09375,4.663226075854414e-05,4.663226075854358e-05,-5.624298769768554e-19,0.00067736232282817,0.0007239945835867136,4.663226075854414e-05,0.00013817168365776257,0.0,True
anticyclonic,0.5,47.21189498901367,179702.37295332423,2.15625,1.0812492000516151e-05,1.0812492000515738e-05,-4.1335207826009857e-19,0.0007499213729070706,0.0007607338649075864,1.0812492000516151e-05,0.00015297263401495103,0.0,True
anticyclonic,0.5,47.21189498901367,184911.1373867539,2.21875,-1.6160853281375354e-05,-1.6160853281375964e-05,-6.098637220230962e-19,0.0008647262458631252,0.0008485653925817492,-1.6160853281375354e-05,0.0001763910942006641,0.0,True
anticyclonic,0.5,47.21189498901367,190119.9018201836,2.28125,-5.413618049847527e-05,-5.413618049847451e-05,7.589415207398531e-19,0.00096434081188938,0.0009102046313909054,-5.413618049847527e-05,0.00019671096119181433,0.0,True
anticyclonic,0.5,47.21189498901367,195328.66625361328,2.34375,-6.358039578311045e-05,-6.358039578311209e-05,-1.6398557858843255e-18,0.0010628985089493471,0.000999318113166235,-6.358039578311045e-05,0.00021681524287572764,0.0,True
anticyclonic,0.5,47.21189498901367,200537.43068704297,2.40625,-9.863963543041888e-05,-9.863963543041732e-05,1.5585406229479126e-18,0.0011458452469598512,0.001047205611529434,-9.863963543041888e-05,0.00023373512468577337,0.0,True
anticyclonic,0.5,47.21189498901367,205746.19512047266,2.46875,-0.00014458758278224835,-0.00014458758278224299,5.366800753803247e-18,0.0012189984466976533,0.0010744108639154102,-0.00014458758278224835,0.00024865727259993893,0.0,True
anticyclonic,0.5,53.85063552856445,2604.3822167148437,0.03125,5.193525021625152e-06,5.193525021625152e-06,0.0,1.0630664818644212e-06,6.256591503489573e-06,5.193525021625152e-06,1.1517907944398182e-06,0.0,True
anticyclonic,0.5,53.85063552856445,7813.146650144531,0.09375,-5.993615237669785e-05,-5.993615237669785e-05,0.0,4.398354671688533e-06,-5.553779770500932e-05,-5.993615237669785e-05,4.765444596322354e-06,0.0,True
anticyclonic,0.5,53.85063552856445,13021.911083574218,0.15625,-0.00011159210515309204,-0.00011159210515309207,-2.710505431213761e-20,9.669254296024434e-06,-0.00010192285085706764,-0.00011159210515309204,1.0476257390531637e-05,0.0,True
anticyclonic,0.5,53.85063552856445,18230.675517003907,0.21875,-0.0001520575932236606,-0.00015205759322366058,2.710505431213761e-20,1.7278634626027947e-05,-0.00013477895859763264,-0.0001520575932236606,1.8720722214705493e-05,0.0,True
anticyclonic,0.5,53.85063552856445,23439.439950433592,0.28125,-0.00018091649821285513,-0.00018091649821285518,-5.421010862427522e-20,3.0423589619323895e-05,-0.00015049290859353129,-0.00018091649821285513,3.2962764845991195e-05,0.0,True
anticyclonic,0.5,53.85063552856445,28648.20438386328,0.34375,-0.00020005072023618995,-0.0002000507202361899,5.421010862427522e-20,4.8814357100355305e-05,-0.0001512363631358346,-0.00020005072023618995,5.28884393439636e-05,0.0,True
anticyclonic,0.5,53.85063552856445,33856.96881729297,0.40625,-0.00021215775078881492,-0.00021215775078881464,2.710505431213761e-19,6.845338977921242e-05,-0.00014370436100960224,-0.00021215775078881492,7.416656017375311e-05,0.0,True
anticyclonic,0.5,53.85063552856445,39065.73325072265,0.46874999999999994,-0.0002177498781431378,-0.00021774987814313768,1.0842021724855044e-19,9.172946834450316e-05,-0.00012602040979863452,-0.0002177498781431378,9.938527742193643e-05,0.0,True
anticyclonic,0.5,53.85063552856445,44274.497684152346,0.53125,-0.00021715802287336494,-0.0002171580228733646,3.5236570605778894e-19,0.0001194896143752801,-9.76684084980845e-05,-0.00021715802287336494,0.00012946230571322232,0.0,True
anticyclonic,0.5,53.85063552856445,49483.26211758203,0.59375,-0.000210573852128753,-0.0002105738521287528,2.168404344971009e-19,0.00015348028533134685,-5.709356679740594e-05,-0.000210573852128753,0.00016628986313500134,0.0,True
anticyclonic,0.5,53.85063552856445,54692.02655101172,0.65625,-0.00020419602556432528,-0.00020419602556432485,4.336808689942018e-19,0.00019006464377164308,-1.413138179268177e-05,-0.00020419602556432528,0.00020592757911125757,0.0,True
anticyclonic,0.5,53.85063552856445,59900.7909844414,0.71875,-0.00020198481244022552,-0.00020198481244022463,8.944667923005412e-19,0.0002309450681926743,2.8960255752449675e-05,-0.00020198481244022552,0.00025021991390329894,0.0,True
anticyclonic,0.5,53.85063552856445,65109.555417871095,0.78125,-0.00020309138727522694,-0.00020309138727522667,2.710505431213761e-19,0.00027307624781296473,6.998486053773806e-05,-0.00020309138727522694,0.00029586739284594686,0.0,True
anticyclonic,0.5,53.85063552856445,70318.31985130078,0.84375,-0.00020840967651616698,-0.00020840967651616628,7.047314121155779e-19,0.0003169476617237959,0.00010853798520762964,-0.00020840967651616698,0.0003434003473164264,0.0,True
anticyclonic,0.5,53.85063552856445,75527.08428473047,0.9062500000000001,-0.00021903845667684837,-0.0002190384566768485,-1.3552527156068805e-19,0.0003594171482106231,0.00014037869153377458,-0.00021903845667684837,0.0003894143684661895,0.0,True
anticyclonic,0.5,53.85063552856445,80735.84871816015,0.96875,-0.0002400210925307716,-0.0002400210925307715,1.0842021724855044e-19,0.0003979240218511177,0.00015790292932034623,-0.0002400210925307716,0.000431135054179085,0.0,True
anticyclonic,0.5,53.85063552856445,85944.61315158985,1.03125,-0.00026950730472376824,-0.00026950730472376867,-4.336808689942018e-19,0.00043429656755770106,0.0001647892628339324,-0.00026950730472376824,0.0004705432793746633,0.0,True
anticyclonic,0.5,53.85063552856445,91153.37758501952,1.09375,-0.0003027413600949324,-0.0003027413600949331,-7.047314121155779e-19,0.0004681055150536931,0.00016536415495875995,-0.0003027413600949324,0.0005071739465623708,0.0,True
anticyclonic,0.5,53.85063552856445,96362.14201844922,1.15625,-0.0003516889208447677,-0.0003516889208447684,-7.047314121155779e-19,0.0004922989571846862,0.00014061003633991778,-0.0003516889208447677,0.0005333865912159948,0.0,True
anticyclonic,0.5,53.85063552856445,101570.90645187891,1.21875,-0.00044338695332937376,-0.000443386953329375,-1.2468324983583301e-18,0.00047315780408212595,2.9770850752750943e-05,-0.00044338695332937376,0.0005126479033591202,0.0,True
anticyclonic,0.5,53.85063552856445,106779.67088530859,1.28125,-0.000497630720057521,-0.000497630720057523,-2.0599841277224584e-18,0.0004465984124141426,-5.103230764338045e-05,-0.000497630720057521,0.00048387184527528887,0.0,True
anticyclonic,0.5,53.85063552856445,111988.43531873828,1.34375,-0.0005313740203752835,-0.0005313740203752857,-2.168404344971009e-18,0.00042533189104924945,-0.00010604212932603625,-0.0005313740203752835,0.00046083040435347314,0.0,True
anticyclonic,0.5,53.85063552856445,117197.19975216797,1.40625,-0.000561356103164227,-0.0005613561031642287,-1.734723475976807e-18,0.00039798157563160087,-0.00016337452753262786,-0.000561356103164227,0.0004311974114405325,0.0,True
anticyclonic,0.5,53.85063552856445,122405.96418559765,1.46875,-0.0005911102259103148,-0.0005911102259103185,-3.686287386450715e-18,0.00036199436389210534,-0.00022911586201821316,-0.0005911102259103148,0.00039220668046911446,0.0,True
anticyclonic,0.5,53.85063552856445,127614.72861902734,1.53125,-0.0006152128517301243,-0.0006152128517301263,-1.951563910473908e-18,0.0003268357377804199,-0.00028837711394970637,-0.0006152128517301243,0.0003541136894930757,0.0,True
anticyclonic,0.5,53.85063552856445,132823.49305245702,1.59375,-0.000636330398197517,-0.0006363303981975205,-3.469446951953614e-18,0.00030039521318753567,-0.0003359351850099848,-0.000636330398197517,0.00032546641921809427,0.0,True
anticyclonic,0.5,53.85063552856445,138032.25748588672,1.65625,-0.0006505761103847381,-0.0006505761103847403,-2.2768245622195593e-18,0.00026993737968527133,-0.000380638730699469,-0.0006505761103847381,0.00029246655246943794,0.0,True
anticyclonic,0.5,53.85063552856445,143241.0219193164,1.71875,-0.0006538168890961382,-0.0006538168890961415,-3.3610267347050637e-18,0.00024401715663897958,-0.00040979973245716195,-0.0006538168890961382,0.0002643830084918439,0.0,True
anticyclonic,0.5,53.85063552856445,148449.7863527461,1.7812500000000002,-0.0006441034655633536,-0.0006441034655633572,-3.577867169202165e-18,0.00022161404459828882,-0.00042248942096506843,-0.0006441034655633536,0.0002401101161982062,0.0,True
anticyclonic,0.5,53.85063552856445,153658.55078617577,1.8437499999999998,-0.0006214116594084427,-0.0006214116594084466,-3.903127820947816e-18,0.00020556864864915692,-0.00041584301075928967,-0.0006214116594084427,0.00022272555966986948,0.0,True
anticyclonic,0.5,53.85063552856445,158867.31521960546,1.90625,-0.0005852345843335908,-0.0005852345843335961,-5.312590645178972e-18,0.0002006049151334254,-0.0003846296692001707,-0.0005852345843335908,0.00021734754929422006,0.0,True
anticyclonic,0.5,53.85063552856445,164076.07965303515,1.96875,-0.0005417993309681125,-0.0005417993309681168,-4.228388472693467e-18,0.00019815794875702907,-0.0003436413822110877,-0.0005417993309681125,0.00021469635729944085,0.0,True
anticyclonic,0.5,53.85063552856445,169284.84408646484,2.03125,-0.0004986068219335609,-0.0004986068219335613,-4.336808689942018e-19,0.00021439527693872874,-0.0002842115449948326,-0.0004986068219335609,0.0002322888648660232,0.0,True
anticyclonic,0.5,53.85063552856445,174493.60851989454,2.09375,-0.0004459952218285111,-0.0004459952218285158,-4.716279450311944e-18,0.00023009177092129753,-0.00021590345090721828,-0.0004459952218285111,0.00024929539981235636,0.0,True
anticyclonic,0.5,53.85063552856445,179702.37295332423,2.15625,-0.00039799023065014517,-0.0003979902306501482,-3.0357660829594124e-18,0.00024303947771992375,-0.00015495075293022446,-0.00039799023065014517,0.000263323731769177,0.0,True
anticyclonic,0.5,53.85063552856445,184911.1373867539,2.21875,-0.0003491121486589268,-0.0003491121486589279,-1.0842021724855044e-18,0.0002732811148813604,-7.58310337775675e-05,-0.0003491121486589268,0.0002960893582709579,0.0,True
anticyclonic,0.5,53.85063552856445,190119.9018201836,2.28125,-0.00031794719780074004,-0.0003179471978007417,-1.6805133673525319e-18,0.0003008627362779026,-1.70844615228391e-05,-0.00031794719780074004,0.000325972962130376,0.0,True
anticyclonic,0.5,53.85063552856445,195328.66625361328,2.34375,-0.00030636095118683577,-0.00030636095118683713,-1.3552527156068805e-18,0.00032539431426257225,1.903336307573512e-05,-0.00030636095118683577,0.0003525519637053956,0.0,True
anticyclonic,0.5,53.85063552856445,200537.43068704297,2.40625,-0.0002880970405512128,-0.00028809704055121377,-9.75781955236954e-19,0.0003483914335159611,6.029439296474735e-05,-0.0002880970405512128,0.0003774684394917765,0.0,True
anticyclonic,0.5,53.85063552856445,205746.19512047266,2.46875,-0.0002937321370222143,-0.0002937321370222143,0.0,0.00036609254870084164,7.236041167862732e-05,-0.0002937321370222143,0.0003966469028043509,0.0,True
anticyclonic,0.5,61.11283874511719,2604.3822167148437,0.03125,4.0641231608534364e-06,4.0641231608534364e-06,0.0,6.407471048458149e-07,4.704870265699252e-06,4.0641231608534364e-06,4.170879488114415e-08,0.0,True
anticyclonic,0.5,61.11283874511719,7813.146650144531,0.09375,5.0467849344129644e-06,5.0467849344129644e-06,0.0,5.788690900345318e-06,1.0835475834758283e-05,5.0467849344129644e-06,3.7680907110918103e-07,0.0,True
anticyclonic,0.5,61.11283874511719,13021.911083574218,0.15625,1.0707356214085448e-05,1.0707356214085444e-05,-3.3881317890172014e-21,1.3655059491849395e-05,2.436241570593484e-05,1.0707356214085448e-05,8.888625030501171e-07,0.0,True
anticyclonic,0.5,61.11283874511719,18230.675517003907,0.21875,2.0350217205708796e-05,2.035021720570876e-05,-3.3881317890172014e-20,2.6694580013035358e-05,4.704479721874412e-05,2.0350217205708796e-05,1.7376571096172226e-06,0.0,True
anticyclonic,0.5,61.11283874511719,23439.439950433592,0.28125,3.5174194540864496e-05,3.517419454086442e-05,-7.453889935837843e-20,5.1098481345678164e-05,8.627267588654259e-05,3.5174194540864496e-05,3.326204771065977e-06,0.0,True
anticyclonic,0.5,61.11283874511719,28648.20438386328,0.34375,5.2798796329308794e-05,5.2798796329308814e-05,2.0328790734103208e-20,8.271202827520163e-05,0.00013551082460451044,5.2798796329308794e-05,5.384057134934572e-06,0.0,True
anticyclonic,0.5,61.11283874511719,33856.96881729297,0.40625,6.72575183949504e-05,6.725751839495039e-05,-1.3552527156068805e-20,0.0001163905423997689,0.0001836480607947193,6.72575183949504e-05,7.576326482544512e-06,0.0,True
anticyclonic,0.5,61.11283874511719,39065.73325072265,0.46874999999999994,7.700984429847841e-05,7.700984429847837e-05,-4.0657581468206416e-20,0.0001586561541156052,0.0002356659984140836,7.700984429847841e-05,1.0327564398798694e-05,0.0,True
anticyclonic,0.5,61.11283874511719,44274.497684152346,0.53125,8.243175808249707e-05,8.243175808249722e-05,1.4907779871675686e-19,0.00020874296644698062,0.0002911747245294778,8.243175808249707e-05,1.3587915582566268e-05,0.0,True
anticyclonic,0.5,61.11283874511719,49483.26211758203,0.59375,8.361567287905076e-05,8.361567287905077e-05,1.3552527156068805e-20,0.000269941116932596,0.00035355678981164674,8.361567287905076e-05,1.7571548261365715e-05,0.0,True
anticyclonic,0.5,61.11283874511719,54692.02655101172,0.65625,7.652942007277176e-05,7.652942007277169e-05,-6.776263578034403e-20,0.0003368175599560793,0.00041334698002885097,7.652942007277176e-05,2.192480373977821e-05,0.0,True
anticyclonic,0.5,61.11283874511719,59900.7909844414,0.71875,5.697848419638529e-05,5.6978484196385476e-05,1.8295911660692887e-19,0.0004061868532783128,0.0004631653374746983,5.697848419638529e-05,2.6440328826580105e-05,0.0,True
anticyclonic,0.5,61.11283874511719,65109.555417871095,0.78125,2.2598362486010063e-05,2.2598362486009914e-05,-1.4907779871675686e-19,0.00047970549286247607,0.000502303855348486,2.2598362486010063e-05,3.1225951477336366e-05,0.0,True
anticyclonic,0.5,61.11283874511719,70318.31985130078,0.84375,-2.3465570018642235e-05,-2.3465570018642225e-05,1.0164395367051604e-20,0.0005567489420262687,0.0005332833720076264,-2.3465570018642235e-05,3.624101809848284e-05,0.0,True
anticyclonic,0.5,61.11283874511719,75527.08428473047,0.9062500000000001,-7.847389760603403e-05,-7.847389760603401e-05,2.710505431213761e-20,0.0006324914270159915,0.0005540175294099575,-7.847389760603403e-05,4.117139975191954e-05,0.0,True
anticyclonic,0.5,61.11283874511719,80735.84871816015,0.96875,-0.00014478562264624265,-0.00014478562264624257,8.131516293641283e-20,0.0007026725905253966,0.000557886967879154,-0.00014478562264624265,4.573977272028151e-05,0.0,True
anticyclonic,0.5,61.11283874511719,85944.61315158985,1.03125,-0.00022046021349870633,-0.000220460213498706,3.2526065174565133e-19,0.0007671818566826246,0.0005467216431839186,-0.00022046021349870633,4.993893917727612e-05,0.0,True
anticyclonic,0.5,61.11283874511719,91153.37758501952,1.09375,-0.0002989543755003782,-0.000298954375500378,2.168404344971009e-19,0.000828331125791138,0.00052937675029076,-0.0002989543755003782,5.391938997149797e-05,0.0,True
anticyclonic,0.5,61.11283874511719,96362.14201844922,1.15625,-0.00038755006299901336,-0.00038755006299901303,3.2526065174565133e-19,0.0008761736706833185,0.0004886236076843055,-0.00038755006299901336,5.7033652800637176e-05,0.0,True
anticyclonic,0.5,61.11283874511719,101570.90645187891,1.21875,-0.000511329762508274,-0.0005113297625082738,2.168404344971009e-19,0.0008519612918536026,0.00034063152934532884,-0.000511329762508274,5.5457572105842336e-05,0.0,True
anticyclonic,0.5,61.11283874511719,106779.67088530859,1.28125,-0.0005875779858357912,-0.0005875779858357903,8.673617379884035e-19,0.000797873114443173,0.00021029512860738266,-0.0005875779858357912,5.1936756045894e-05,0.0,True
anticyclonic,0.5,61.11283874511719,111988.43531873828,1.34375,-0.0006397191822405813,-0.00063971918224058,1.3010426069826053e-18,0.000756369073258821,0.00011664989101824099,-0.0006397191822405813,4.9235091805189785e-05,0.0,True
anticyclonic,0.5,61.11283874511719,117197.19975216797,1.40625,-0.000682134262625421,-0.0006821342626254209,1.0842021724855044e-19,0.0007107955878370716,2.8661325211650716e-05,-0.000682134262625421,4.626853114327004e-05,0.0,True
anticyclonic,0.5,61.11283874511719,122405.96418559765,1.46875,-0.0007149657752985941,-0.0007149657752985914,2.710505431213761e-18,0.000644990201579165,-6.997557371942636e-05,-0.0007149657752985941,4.1984995038700446e-05,0.0,True
anticyclonic,0.5,61.11283874511719,127614.72861902734,1.53125,-0.000743271159481775,-0.0007432711594817747,3.2526065174565133e-19,0.0005763375725374815,-0.00016693358694429316,-0.000743271159481775,3.751612049975127e-05,0.0,True
anticyclonic,0.5,61.11283874511719,132823.49305245702,1.59375,-0.0007658960618547238,-0.0007658960618547214,2.3852447794681098e-18,0.0005310038002569961,-0.00023489226159772525,-0.0007658960618547238,3.4565163726110826e-05,0.0,True
anticyclonic,0.5,61.11283874511719,138032.25748588672,1.65625,-0.0007773221833425203,-0.0007773221833425201,2.168404344971009e-19,0.0004716969646314108,-0.0003056252187111093,-0.0007773221833425203,3.070464430518811e-05,0.0,True
anticyclonic,0.5,61.11283874511719,143241.0219193164,1.71875,-0.0007801870941934936,-0.000780187094193494,-4.336808689942018e-19,0.00042426550547557373,-0.0003559215887179203,-0.0007801870941934936,2.7617140692791422e-05,0.0,True
anticyclonic,0.5,61.11283874511719,148449.7863527461,1.7812500000000002,-0.0007742947564547634,-0.000774294756454763,4.336808689942018e-19,0.00038222147316354206,-0.00039207328329122094,-0.0007742947564547634,2.4880326267230025e-05,0.0,True
anticyclonic,0.5,61.11283874511719,153658.55078617577,1.8437499999999998,-0.0007616279986777016,-0.0007616279986777007,8.673617379884035e-19,0.0003552926783541664,-0.0004063353203235343,-0.0007616279986777016,2.312742317862233e-05,0.0,True
anticyclonic,0.5,61.11283874511719,158867.31521960546,1.90625,-0.0007462475191298562,-0.0007462475191298557,5.421010862427522e-19,0.00034703083101927766,-0.000399216688110578,-0.0007462475191298562,2.2589626451607663e-05,0.0,True
anticyclonic,0.5,61.11283874511719,164076.07965303515,1.96875,-0.0007287174113594071,-0.0007287174113594076,-5.421010862427522e-19,0.0003455440849385713,-0.0003831733264208363,-0.0007287174113594071,2.249284819564434e-05,0.0,True
anticyclonic,0.5,61.11283874511719,169284.84408646484,2.03125,-0.0007040781160820794,-0.0007040781160820804,-9.75781955236954e-19,0.0003738992862951966,-0.00033017882978688377,-0.0007040781160820794,2.4338601798357244e-05,0.0,True
anticyclonic,0.5,61.11283874511719,174493.60851989454,2.09375,-0.0006734175673415057,-0.0006734175673415073,-1.5178830414797062e-18,0.0003937413200563163,-0.00027967624728519094,-0.0006734175673415057,2.563019923189762e-05,0.0,True
anticyclonic,0.5,61.11283874511719,179702.37295332423,2.15625,-0.0006502765303038563,-0.000650276530303856,2.168404344971009e-19,0.00042643115596196644,-0.0002238453743418896,-0.0006502765303038563,2.7758111555145825e-05,0.0,True
anticyclonic,0.5,61.11283874511719,184911.1373867539,2.21875,-0.000626930264589636,-0.0006269302645896349,1.1926223897340549e-18,0.0004789837484445727,-0.00014794651614506217,-0.000626930264589636,3.117897024300026e-05,0.0,True
anticyclonic,0.5,61.11283874511719,190119.9018201836,2.28125,-0.0006002247210674076,-0.000600224721067409,-1.4094628242311558e-18,0.0005289175291436162,-7.130719192379278e-05,-0.0006002247210674076,3.442935998501494e-05,0.0,True
anticyclonic,0.5,61.11283874511719,195328.66625361328,2.34375,-0.0005879999125729174,-0.000587999912572917,3.2526065174565133e-19,0.0005730226105594867,-1.4977302013430326e-05,-0.0005879999125729174,3.730033635007143e-05,0.0,True
anticyclonic,0.5,61.11283874511719,200537.43068704297,2.40625,-0.0005618191175293511,-0.0005618191175293481,3.0357660829594124e-18,0.0006157781090073949,5.39589914780468e-05,-0.0005618191175293511,4.008346295543314e-05,0.0,True
anticyclonic,0.5,61.11283874511719,205746.19512047266,2.46875,-0.000534756034936663,-0.0005347560349366659,-2.927345865710862e-18,0.0006524577029072304,0.0001177016679705645,-0.000534756034936663,4.2471084603228246e-05,0.0,True
anticyclonic,0.5,69.02168273925781,2604.3822167148437,0.03125,3.193146584752335e-06,3.193146584752335e-06,0.0,1.2380627055789728e-06,4.431209290331308e-06,3.193146584752335e-06,4.3399584974511e-07,0.0,True
anticyclonic,0.5,69.02168273925781,7813.146650144531,0.09375,5.846962314047945e-05,5.846962314047944e-05,-6.776263578034403e-21,7.521803074495592e-06,6.599142621497503e-05,5.846962314047945e-05,2.636725346964153e-06,0.0,True
anticyclonic,0.5,69.02168273925781,13021.911083574218,0.15625,0.00011322142226248345,0.0001132214222624835,5.421010862427522e-20,1.9116288058083772e-05,0.0001323377103205673,0.00011322142226248345,6.7011062059741206e-06,0.0,True
anticyclonic,0.5,69.02168273925781,18230.675517003907,0.21875,0.00016676043716640758,0.0001667604371664074,-1.6263032587282567e-19,3.814865501061191e-05,0.00020490909217701933,0.00016676043716640758,1.3372794345033664e-05,0.0,True
anticyclonic,0.5,69.02168273925781,23439.439950433592,0.28125,0.00021775256454424958,0.0002177525645442496,2.710505431213761e-20,7.443292262228248e-05,0.0002921854871665321,0.00021775256454424958,2.6092038276335064e-05,0.0,True
anticyclonic,0.5,69.02168273925781,28648.20438386328,0.34375,0.00026379055276507234,0.00026379055276507245,1.0842021724855044e-19,0.00012373451224741668,0.0003875250650124891,0.00026379055276507234,4.337443050633021e-05,0.0,True
anticyclonic,0.5,69.02168273925781,33856.96881729297,0.40625,0.00030505429394923526,0.0003050542939492349,-3.7947076036992655e-19,0.0001794747082940975,0.0004845290022433324,0.00030505429394923526,6.291383964871728e-05,0.0,True
anticyclonic,0.5,69.02168273925781,39065.73325072265,0.46874999999999994,0.0003417384901158908,0.00034173849011589054,-2.710505431213761e-19,0.00024810060081062674,0.0005898390909265173,0.0003417384901158908,8.697025650306368e-05,0.0,True
anticyclonic,0.5,69.02168273925781,44274.497684152346,0.53125,0.00037445549805944426,0.0003744554980594449,6.505213034913027e-19,0.00032970485588213063,0.0007041603539415756,0.00037445549805944426,0.00011557616463920448,0.0,True
anticyclonic,0.5,69.02168273925781,49483.26211758203,0.59375,0.00040111490557048784,0.00040111490557048833,4.87890977618477e-19,0.00042819656874391307,0.0008293114743144015,0.00040111490557048784,0.00015010187518979504,0.0,True
anticyclonic,0.5,69.02168273925781,54692.02655101172,0.65625,0.00042166821739831294,0.00042166821739831283,-1.0842021724855044e-19,0.0005372186019625335,0.0009588868193608464,0.00042166821739831294,0.00018831892973351311,0.0,True
anticyclonic,0.5,69.02168273925781,59900.7909844414,0.71875,0.0004369799579512464,0.00043697995795124615,-2.710505431213761e-19,0.0006509974358000321,0.0010879773937512783,0.0004369799579512464,0.00022820345371747465,0.0,True
anticyclonic,0.5,69.02168273925781,65109.555417871095,0.78125,0.0004446229364545556,0.0004446229364545553,-2.710505431213761e-19,0.0007688189784350232,0.0012134419148895786,0.0004446229364545556,0.0002695051263094458,0.0,True
anticyclonic,0.5,69.02168273925781,70318.31985130078,0.84375,0.0004446678110237306,0.0004446678110237305,-1.0842021724855044e-19,0.0008920174440527683,0.0013366852550764988,0.0004446678110237306,0.00031269164871427276,0.0,True
anticyclonic,0.5,69.02168273925781,75527.08428473047,0.9062500000000001,0.00043828445620290845,0.00043828445620290867,2.168404344971009e-19,0.0010141881567595685,0.0014524726129624772,0.00043828445620290845,0.000355517898173389,0.0,True
anticyclonic,0.5,69.02168273925781,80735.84871816015,0.96875,0.0004291225899771395,0.00042912258997713956,5.421010862427522e-20,0.0011313967479411908,0.0015605193379183303,0.0004291225899771395,0.000396604704114698,0.0,True
anticyclonic,0.5,69.02168273925781,85944.61315158985,1.03125,0.00041736147463197,0.0004173614746319712,1.1926223897340549e-18,0.0012378796213013557,0.0016552410959333268,0.00041736147463197,0.000433931670591436,0.0,True
anticyclonic,0.5,69.02168273925781,91153.37758501952,1.09375,0.00040187511168127626,0.00040187511168127593,-3.2526065174565133e-19,0.0013395659293930042,0.00174144104107428,0.00040187511168127626,0.0004695772283558468,0.0,True
anticyclonic,0.5,69.02168273925781,96362.14201844922,1.15625,0.00037586149169885905,0.00037586149169885824,-8.131516293641283e-19,0.0014198551339465963,0.0017957166256454544,0.00037586149169885905,0.0004977221530018889,0.0,True
anticyclonic,0.5,69.02168273925781,101570.90645187891,1.21875,0.0003528636451441708,0.00035286364514417037,-4.336808689942018e-19,0.0013829700715969771,0.0017358337167411475,0.0003528636451441708,0.00048479230388747075,0.0,True
anticyclonic,0.5,69.02168273925781,106779.67088530859,1.28125,0.0003324977447258576,0.00033249774472585706,-5.421010862427522e-19,0.001297280802188523,0.00162977854691438,0.0003324977447258576,0.00045475441717674186,0.0,True
anticyclonic,0.5,69.02168273925781,111988.43531873828,1.34375,0.0003039248622481038,0.00030392486224810496,1.1384122811097797e-18,0.0012320838427888068,0.0015360087050369118,0.0003039248622481038,0.0004318999933515406,0.0,True
anticyclonic,0.5,69.02168273925781,117197.19975216797,1.40625,0.00027144330987161053,0.0002714433098716106,5.421010862427522e-20,0.0011583299166920784,0.0014297732265636889,0.00027144330987161053,0.0004060459734508128,0.0,True
anticyclonic,0.5,69.02168273925781,122405.96418559765,1.46875,0.00024043884336383202,0.00024043884336383292,8.944667923005412e-19,0.001049539908341386,0.001289978751705219,0.00024043884336383202,0.00036791025390673943,0.0,True
anticyclonic,0.5,69.02168273925781,127614.72861902734,1.53125,0.00020945113404064605,0.00020945113404064616,1.0842021724855044e-19,0.0009398341867418045,0.0011492853207824506,0.00020945113404064605,0.000329453536284149,0.0,True
anticyclonic,0.5,69.02168273925781,132823.49305245702,1.59375,0.0001807030353768835,0.00018070303537688436,8.673617379884035e-19,0.0008688901215618015,0.001049593156938686,0.0001807030353768835,0.0003045844971689053,0.0,True
anticyclonic,0.5,69.02168273925781,138032.25748588672,1.65625,0.00015128035188513337,0.00015128035188513345,8.131516293641283e-20,0.0007727122183703132,0.0009239925702554466,0.00015128035188513337,0.000270869879456733,0.0,True
anticyclonic,0.5,69.02168273925781,143241.0219193164,1.71875,0.0001265215165556951,0.00012652151655569534,2.439454888092385e-19,0.0006991711082613809,0.0008256926248170763,0.0001265215165556951,0.00024509046099181834,0.0,True
anticyclonic,0.5,69.02168273925781,148449.7863527461,1.7812500000000002,0.00010153372834398249,0.0001015337283439823,-1.8973538018496328e-19,0.0006313663013162542,0.0007329000296602366,0.00010153372834398249,0.00022132187102109305,0.0,True
anticyclonic,0.5,69.02168273925781,153658.55078617577,1.8437499999999998,7.257291795847851e-05,7.257291795847881e-05,2.981555974335137e-19,0.0005873689356043134,0.0006599418535627922,7.257291795847851e-05,0.00020589884435802058,0.0,True
anticyclonic,0.5,69.02168273925781,158867.31521960546,1.90625,3.74561052764809e-05,3.745610527648102e-05,1.2197274440461925e-19,0.0005645860753082135,0.0006020421805846946,3.74561052764809e-05,0.00019791244207865776,0.0,True
anticyclonic,0.5,69.02168273925781,164076.07965303515,1.96875,4.467227153630772e-06,4.467227153631071e-06,2.99002630380768e-19,0.0005681729181034874,0.0005726401452571184,4.467227153630772e-06,0.00019916978944872416,0.0,True
anticyclonic,0.5,69.02168273925781,169284.84408646484,2.03125,-2.618459255744567e-05,-2.618459255744598e-05,-3.1170812458958252e-19,0.0006005914967530812,0.0005744069041956352,-2.618459255744567e-05,0.00021053393806991992,0.0,True
anticyclonic,0.5,69.02168273925781,174493.60851989454,2.09375,-6.0112174223240296e-05,-6.011217422323988e-05,4.1335207826009857e-19,0.0006442852565849922,0.0005841730823617523,-6.0112174223240296e-05,0.0002258505374161065,0.0,True
anticyclonic,0.5,69.02168273925781,179702.37295332423,2.15625,-8.701160302985832e-05,-8.701160302985775e-05,5.692061405548898e-19,0.0006933224158937972,0.0006063108128639394,-8.701160302985832e-05,0.00024304023510056977,0.0,True
anticyclonic,0.5,69.02168273925781,184911.1373867539,2.21875,-0.0001068566560659268,-0.00010685665606592696,-1.6263032587282567e-19,0.0007781810187531164,0.0006713243626871895,-0.0001068566560659268,0.0002727869363703496,0.0,True
anticyclonic,0.5,69.02168273925781,190119.9018201836,2.28125,-0.0001225440094953239,-0.0001225440094953233,5.963111948670274e-19,0.0008601858970439029,0.0007376418875485796,-0.0001225440094953239,0.000301533280700632,0.0,True
anticyclonic,0.5,69.02168273925781,195328.66625361328,2.34375,-0.00013157946307549255,-0.0001315794630754926,-5.421010862427522e-20,0.0009310511587750377,0.0007994716956995451,-0.00013157946307549255,0.00032637469571444665,0.0,True
anticyclonic,0.5,69.02168273925781,200537.43068704297,2.40625,-0.00013692545678561745,-0.00013692545678561737,8.131516293641283e-20,0.0009892369785187887,0.0008523115217331713,-0.00013692545678561745,0.0003467714043536879,0.0,True
anticyclonic,0.5,69.02168273925781,205746.19512047266,2.46875,-0.0001307021113169844,-0.00013070211131698315,1.2468324983583301e-18,0.0010530773935654902,0.0009223752822485071,-0.0001307021113169844,0.0003691502992605634,0.0,True
anticyclonic,0.5,77.61116027832031,2604.3822167148437,0.03125,1.7205122081444305e-06,1.7205122081444305e-06,0.0,-2.3486443579684375e-07,1.4856477723475866e-06,1.7205122081444305e-06,-1.2090027642867154e-07,0.0,True
anticyclonic,0.5,77.61116027832031,7813.146650144531,0.09375,5.0262176150696976e-06,5.0262176150696976e-06,0.0,1.5663110904564463e-06,6.592528705526144e-06,5.0262176150696976e-06,8.062840300490618e-07,0.0,True
anticyclonic,0.5,77.61116027832031,13021.911083574218,0.15625,4.923419007124677e-06,4.923419007124663e-06,-1.3552527156068805e-20,6.135010028585635e-06,1.1058429035710298e-05,4.923419007124677e-06,3.1580958855356985e-06,0.0,True
anticyclonic,0.5,77.61116027832031,18230.675517003907,0.21875,4.5051200009908473e-07,4.5051200009914656e-07,6.183340514956392e-20,1.3237429710078002e-05,1.3687941710177148e-05,4.5051200009908473e-07,6.814181575527609e-06,0.0,True
anticyclonic,0.5,77.61116027832031,23439.439950433592,0.28125,-1.1449391675496412e-05,-1.1449391675496344e-05,6.776263578034403e-20,2.8016397041584673e-05,1.656700536608833e-05,-1.1449391675496412e-05,1.4421894636244121e-05,0.0,True
anticyclonic,0.5,77.61116027832031,28648.20438386328,0.34375,-3.0705481549629394e-05,-3.070548154962941e-05,-1.3552527156068805e-20,4.801468830286518e-05,1.7309206753235775e-05,-3.0705481549629394e-05,2.4716339316158455e-05,0.0,True
anticyclonic,0.5,77.61116027832031,33856.96881729297,0.40625,-5.1402383711238354e-05,-5.140238371123833e-05,2.710505431213761e-20,7.29244104835939e-05,2.1522026772355574e-05,-5.1402383711238354e-05,3.7539022696014746e-05,0.0,True
anticyclonic,0.5,77.61116027832031,39065.73325072265,0.46874999999999994,-6.964226707684483e-05,-6.964226707684483e-05,0.0,0.00010399626289646724,3.43539958196224e-05,-6.964226707684483e-05,5.3533762525916884e-05,0.0,True
anticyclonic,0.5,77.61116027832031,44274.497684152346,0.53125,-8.435542026318274e-05,-8.435542026318288e-05,-1.4907779871675686e-19,0.0001400926550007647,5.5737234737581815e-05,-8.435542026318274e-05,7.211496563008617e-05,0.0,True
anticyclonic,0.5,77.61116027832031,49483.26211758203,0.59375,-9.714099094181093e-05,-9.714099094181109e-05,-1.6263032587282567e-19,0.00018381358945695093,8.667259851513983e-05,-9.714099094181093e-05,9.462102553455375e-05,0.0,True
anticyclonic,0.5,77.61116027832031,54692.02655101172,0.65625,-0.00010903296828082925,-0.00010903296828082943,-1.7618285302889447e-19,0.00023234058507530365,0.00012330761679447424,-0.00010903296828082925,0.00011960108334793266,0.0,True
anticyclonic,0.5,77.61116027832031,59900.7909844414,0.71875,-0.00011793684509838436,-0.00011793684509838437,-1.3552527156068805e-20,0.00028291178549925744,0.00016497494040087308,-0.00011793684509838436,0.00014563342872982095,0.0,True
anticyclonic,0.5,77.61116027832031,65109.555417871095,0.78125,-0.0001229978882861834,-0.00012299788828618334,5.421010862427522e-20,0.0003354951445036152,0.00021249725621743184,-0.0001229978882861834,0.0001727015653661995,0.0,True
anticyclonic,0.5,77.61116027832031,70318.31985130078,0.84375,-0.00012521615005381317,-0.0001252161500538135,-3.2526065174565133e-19,0.0003890251741715416,0.0002638090241177281,-0.00012521615005381317,0.00020025701607600963,0.0,True
anticyclonic,0.5,77.61116027832031,75527.08428473047,0.9062500000000001,-0.00012382993662230022,-0.00012382993662230047,-2.439454888092385e-19,0.00044312869839989254,0.00031929876177759205,-0.00012382993662230022,0.0002281076824094642,0.0,True
anticyclonic,0.5,77.61116027832031,80735.84871816015,0.96875,-0.00011838194907668929,-0.00011838194907668896,3.2526065174565133e-19,0.0004957663928807116,0.00037738444380402264,-0.00011838194907668929,0.00025520378911334906,0.0,True
anticyclonic,0.5,77.61116027832031,85944.61315158985,1.03125,-0.00010874269122326885,-0.000108742691223269,-1.4907779871675686e-19,0.0005431105470825565,0.00043436785585928753,-0.00010874269122326885,0.00027957496012893804,0.0,True
anticyclonic,0.5,77.61116027832031,91153.37758501952,1.09375,-9.580893638138849e-05,-9.580893638138868e-05,-1.8973538018496328e-19,0.0005879836178199674,0.0004921746814385787,-9.580893638138849e-05,0.0003026741008649541,0.0,True
anticyclonic,0.5,77.61116027832031,96362.14201844922,1.15625,-8.660435421900099e-05,-8.660435421900078e-05,2.0328790734103208e-19,0.0006254260201125189,0.000538821665893518,-8.660435421900099e-05,0.00032194818453779527,0.0,True
anticyclonic,0.5,77.61116027832031,101570.90645187891,1.21875,-8.113433160268775e-05,-8.11343316026876e-05,1.4907779871675686e-19,0.0006170584064538686,0.0005359240748511809,-8.113433160268775e-05,0.0003176408197341508,0.0,True
anticyclonic,0.5,77.61116027832031,106779.67088530859,1.28125,-6.576068470201626e-05,-6.576068470201622e-05,4.0657581468206416e-20,0.000580986787886496,0.0005152261031844798,-6.576068470201626e-05,0.00029907236920979273,0.0,True
anticyclonic,0.5,77.61116027832031,111988.43531873828,1.34375,-4.5573256248634276e-05,-4.557325624863466e-05,-3.8624702394796095e-19,0.0005530386471585396,0.0005074653909099049,-4.5573256248634276e-05,0.00028468561061769965,0.0,True
anticyclonic,0.5,77.61116027832031,117197.19975216797,1.40625,-2.8821918013061694e-05,-2.8821918013061453e-05,2.405573570202213e-19,0.0005228465706721472,0.0004940246526590858,-2.8821918013061694e-05,0.000269143749710679,0.0,True
anticyclonic,0.5,77.61116027832031,122405.96418559765,1.46875,-1.3429947352357683e-05,-1.3429947352357775e-05,-9.147955830346444e-20,0.00047449050383415684,0.00046106055648179907,-1.3429947352357683e-05,0.00024425168025843835,0.0,True
anticyclonic,0.5,77.61116027832031,127614.72861902734,1.53125,-4.386978585972262e-07,-4.386978585973778e-07,-1.5161889755851976e-19,0.0004302032048966864,0.00042976450703808905,-4.386978585972262e-07,0.0002214540750541712,0.0,True
anticyclonic,0.5,77.61116027832031,132823.49305245702,1.59375,8.168503211342716e-06,8.168503211342543e-06,-1.7279472123987727e-19,0.0003974882814255028,0.0004056567846368453,8.168503211342716e-06,0.00020461353775617775,0.0,True
anticyclonic,0.5,77.61116027832031,138032.25748588672,1.65625,1.5042079925920304e-05,1.5042079925920389e-05,8.470329472543003e-20,0.00035938376479535,0.00037442584472127037,1.5042079925920304e-05,0.00018499861999250546,0.0,True
anticyclonic,0.5,77.61116027832031,143241.0219193164,1.71875,2.7141991789112398e-05,2.7141991789112185e-05,-2.1345230270808369e-19,0.0003297951567470598,0.00035693714853617196,2.7141991789112398e-05,0.00016976740424866154,0.0,True
anticyclonic,0.5,77.61116027832031,148449.7863527461,1.7812500000000002,4.304485681434597e-05,4.304485681434622e-05,2.507217523872729e-19,0.0003039330081923739,0.0003469778650067201,4.304485681434597e-05,0.00015645444395012787,0.0,True
anticyclonic,0.5,77.61116027832031,153658.55078617577,1.8437499999999998,5.95479407540263e-05,5.954794075402605e-05,-2.507217523872729e-19,0.0002867154280413294,0.00034626336879535545,5.95479407540263e-05,0.00014759141540077923,0.0,True
anticyclonic,0.5,77.61116027832031,158867.31521960546,1.90625,7.484712575725431e-05,7.484712575725488e-05,5.692061405548898e-19,0.00028040242666712726,0.00035524955242438214,7.484712575725431e-05,0.00014434169558412798,0.0,True
anticyclonic,0.5,77.61116027832031,164076.07965303515,1.96875,9.258575866821715e-05,9.258575866821759e-05,4.336808689942018e-19,0.0002755892637929265,0.00036817502246114405,9.258575866821715e-05,0.0001418640419537995,0.0,True
anticyclonic,0.5,77.61116027832031,169284.84408646484,2.03125,0.00011025323852516894,0.0001102532385251685,-4.336808689942018e-19,0.0002903007333734731,0.00040055397189864164,0.00011025323852516894,0.00014943700945279785,0.0,True
anticyclonic,0.5,77.61116027832031,174493.60851989454,2.09375,0.00012681185645511001,0.00012681185645511042,4.0657581468206416e-19,0.00030146106152123574,0.00042827291797634614,0.00012681185645511001,0.00015518196932090794,0.0,True
anticyclonic,0.5,77.61116027832031,179702.37295332423,2.15625,0.00015004229575665443,0.00015004229575665628,1.8431436932253575e-18,0.0003216640436636275,0.0004717063394202838,0.00015004229575665443,0.00016558178195074118,0.0,True
anticyclonic,0.5,77.61116027832031,184911.1373867539,2.21875,0.0001747002072989061,0.00017470020729890552,-5.963111948670274e-19,0.00035663120011472925,0.0005313314074136347,0.0001747002072989061,0.00018358169269295165,0.0,True
anticyclonic,0.5,77.61116027832031,190119.9018201836,2.28125,0.00020121655253972252,0.0002012165525397234,8.944667923005412e-19,0.0003850659437095864,0.0005862824962493098,0.00020121655253972252,0.00019821893800058213,0.0,True
anticyclonic,0.5,77.61116027832031,195328.66625361328,2.34375,0.00022459942429088424,0.00022459942429088533,1.0842021724855044e-18,0.00041522519241460223,0.0006398246167054876,0.00022459942429088424,0.00021374390027486813,0.0,True
anticyclonic,0.5,77.61116027832031,200537.43068704297,2.40625,0.00025282425433300915,0.00025282425433300736,-1.7889335846010823e-18,0.0004323084276030431,0.0006851326819360505,0.00025282425433300915,0.00022253777257644146,0.0,True
anticyclonic,0.5,77.61116027832031,205746.19512047266,2.46875,0.00027303602306964986,0.0002730360230696507,8.131516293641283e-19,0.0004514270183413407,0.0007244630414109914,0.00027303602306964986,0.00023237937714864755,0.0,True
anticyclonic,0.5,86.92942810058594,2604.3822167148437,0.03125,9.743972242712598e-07,9.743972242712598e-07,0.0,-4.0587855207589984e-07,5.6851867219536e-07,9.743972242712598e-07,-2.920823128224302e-09,0.0,True
anticyclonic,0.5,86.92942810058594,7813.146650144531,0.09375,-2.982511307814466e-05,-2.982511307814466e-05,0.0,1.483113149476491e-06,-2.8341999928668168e-05,-2.982511307814466e-05,1.0672924614046738e-08,0.0,True
anticyclonic,0.5,86.92942810058594,13021.911083574218,0.15625,-6.475381270486075e-05,-6.475381270486073e-05,1.3552527156068805e-20,8.264219527019514e-06,-5.648959317784122e-05,-6.475381270486075e-05,5.9471788809199264e-08,0.0,True
anticyclonic,0.5,86.92942810058594,18230.675517003907,0.21875,-0.00010476306369020768,-0.00010476306369020769,-1.3552527156068805e-20,2.066024972408975e-05,-8.410281396611794e-05,-0.00010476306369020768,1.4867731965725185e-07,0.0,True
anticyclonic,0.5,86.92942810058594,23439.439950433592,0.28125,-0.00015242542337049855,-0.00015242542337049863,-8.131516293641283e-20,4.705944029096748e-05,-0.00010536598307953114,-0.00015242542337049855,3.3865376945920673e-07,0.0,True
anticyclonic,0.5,86.92942810058594,28648.20438386328,0.34375,-0.00020640178106075458,-0.00020640178106075458,0.0,8.006386196601648e-05,-0.0001263379190947381,-0.00020640178106075458,5.761634325569592e-07,0.0,True
anticyclonic,0.5,86.92942810058594,33856.96881729297,0.40625,-0.00025938248977104604,-0.00025938248977104604,0.0,0.00012139498283407721,-0.00013798750693696883,-0.00025938248977104604,8.735945067771386e-07,0.0,True
anticyclonic,0.5,86.92942810058594,39065.73325072265,0.46874999999999994,-0.00030632390541602005,-0.00030632390541602005,0.0,0.0001736139852438014,-0.00013270992017221865,-0.00030632390541602005,1.2493780242629334e-06,0.0,True
anticyclonic,0.5,86.92942810058594,44274.497684152346,0.53125,-0.0003458100036830656,-0.00034581000368306557,5.421010862427522e-20,0.0002340093309586444,-0.00011180067272442118,-0.0003458100036830656,1.6840009470529707e-06,0.0,True
anticyclonic,0.5,86.92942810058594,49483.26211758203,0.59375,-0.000378169756340057,-0.000378169756340057,0.0,0.00031013569041580944,-6.803406592424758e-05,-0.000378169756340057,2.2318289370582774e-06,0.0,True
anticyclonic,0.5,86.92942810058594,54692.02655101172,0.65625,-0.0004033585604355029,-0.00040335856043550273,1.6263032587282567e-19,0.0003933522065539428,-1.0006353881559919e-05,-0.0004033585604355029,2.8306798094272567e-06,0.0,True
anticyclonic,0.5,86.92942810058594,59900.7909844414,0.71875,-0.00041926533964365044,-0.0004192653396436504,5.421010862427522e-20,0.00047888827019156206,5.962293054791168e-05,-0.00041926533964365044,3.446222837488775e-06,0.0,True
anticyclonic,0.5,86.92942810058594,65109.555417871095,0.78125,-0.00042457480987534294,-0.0004245748098753429,5.421010862427522e-20,0.0005679790484832572,0.00014340423860791427,-0.00042457480987534294,4.087346652519103e-06,0.0,True
anticyclonic,0.5,86.92942810058594,70318.31985130078,0.84375,-0.00041996615347243986,-0.00041996615347243953,3.2526065174565133e-19,0.0006593608641375403,0.00023939471066510075,-0.00041996615347243986,4.7449574557927075e-06,0.0,True
anticyclonic,0.5,86.92942810058594,75527.08428473047,0.9062500000000001,-0.0004048049496427679,-0.0004048049496427675,3.7947076036992655e-19,0.0007508171358800677,0.0003460121862373002,-0.0004048049496427679,5.403104067286452e-06,0.0,True
anticyclonic,0.5,86.92942810058594,80735.84871816015,0.96875,-0.0003803306126986771,-0.0003803306126986777,-5.963111948670274e-19,0.000841981798011013,0.00046165118531233524,-0.0003803306126986771,6.059152169032476e-06,0.0,True
anticyclonic,0.5,86.92942810058594,85944.61315158985,1.03125,-0.0003470902375777577,-0.0003470902375777577,0.0,0.0009267817779264262,0.0005796915403486685,-0.0003470902375777577,6.669398119066263e-06,0.0,True
anticyclonic,0.5,86.92942810058594,91153.37758501952,1.09375,-0.0003054253172203823,-0.0003054253172203824,-1.0842021724855044e-19,0.0010059969770915534,0.000700571659871171,-0.0003054253172203823,7.239454320964635e-06,0.0,True
anticyclonic,0.5,86.92942810058594,96362.14201844922,1.15625,-0.00026218500332511754,-0.0002621850033251178,-2.710505431213761e-19,0.0010726234681148817,0.0008104384647897639,-0.00026218500332511754,7.718918424051745e-06,0.0,True
anticyclonic,0.5,86.92942810058594,101570.90645187891,1.21875,-0.00021295778132339132,-0.00021295778132339138,-5.421010862427522e-20,0.0010648438933969027,0.0008518861120735113,-0.00021295778132339132,7.66293428385068e-06,0.0,True
anticyclonic,0.5,86.92942810058594,106779.67088530859,1.28125,-0.00014839192281080357,-0.00014839192281080368,-1.0842021724855044e-19,0.0010018007210193507,0.0008534087982085471,-0.00014839192281080357,7.209256810588798e-06,0.0,True
anticyclonic,0.5,86.92942810058594,111988.43531873828,1.34375,-7.608169888588876e-05,-7.608169888588847e-05,2.846030702774449e-19,0.0009576023733216553,0.0008815206744357668,-7.608169888588876e-05,6.891192316851797e-06,0.0,True
anticyclonic,0.5,86.92942810058594,117197.19975216797,1.40625,-7.970307818735568e-06,-7.97030781873549e-06,7.792703114739563e-20,0.0008990946208208148,0.0008911243130020793,-7.970307818735568e-06,6.470153077870475e-06,0.0,True
anticyclonic,0.5,86.92942810058594,122405.96418559765,1.46875,5.793164985750214e-05,5.793164985750209e-05,-4.743384504624082e-20,0.0008176013269746478,0.0008755329768321499,5.793164985750214e-05,5.8837030271258566e-06,0.0,True
anticyclonic,0.5,86.92942810058594,127614.72861902734,1.53125,0.00011900186087377032,0.00011900186087377006,-2.574980159653073e-19,0.0007512979895615265,0.0008702998504352966,0.00011900186087377032,5.406564433809673e-06,0.0,True
anticyclonic,0.5,86.92942810058594,132823.49305245702,1.59375,0.00016746614974818923,0.0001674661497481894,1.6263032587282567e-19,0.0006900655664863493,0.0008575317162345386,0.00016746614974818923,4.965917652647045e-06,0.0,True
anticyclonic,0.5,86.92942810058594,138032.25748588672,1.65625,0.00020684514882626884,0.00020684514882626857,-2.710505431213761e-19,0.0006334622699723434,0.000840307418798612,0.00020684514882626884,4.558583447017648e-06,0.0,True
anticyclonic,0.5,86.92942810058594,143241.0219193164,1.71875,0.00023778555102210095,0.00023778555102210058,-3.7947076036992655e-19,0.0005762283084566819,0.0008140138594787825,0.00023778555102210095,4.146710787918424e-06,0.0,True
anticyclonic,0.5,86.92942810058594,148449.7863527461,1.7812500000000002,0.0002622230315258239,0.00026222303152582434,4.336808689942018e-19,0.0005318363474026042,0.0007940593789284285,0.0002622230315258239,3.827252994716936e-06,0.0,True
anticyclonic,0.5,86.92942810058594,153658.55078617577,1.8437499999999998,0.0002850118657481201,0.0002850118657481193,-8.131516293641283e-19,0.0005064961088754485,0.0007915079746235678,0.0002850118657481201,3.6448970796623354e-06,0.0,True
anticyclonic,0.5,86.92942810058594,158867.31521960546,1.90625,0.0003071088359871799,0.00030710883598718,1.0842021724855044e-19,0.00049298833519284,0.0008000971711800201,0.0003071088359871799,3.5476911110759373e-06,0.0,True
anticyclonic,0.5,86.92942810058594,164076.07965303515,1.96875,0.0003248131225492063,0.00032481312254920545,-8.673617379884035e-19,0.0004815495858942273,0.0008063627084434327,0.0003248131225492063,3.465374459115723e-06,0.0,True
anticyclonic,0.5,86.92942810058594,169284.84408646484,2.03125,0.0003346346956522973,0.0003346346956522959,-1.4094628242311558e-18,0.0005011290613501699,0.0008357637570024657,0.0003346346956522973,3.606274204760629e-06,0.0,True
anticyclonic,0.5,86.92942810058594,174493.60851989454,2.09375,0.0003338822062851896,0.0003338822062851892,-3.7947076036992655e-19,0.0005145452558152402,0.0008484274621004294,0.0003338822062851896,3.7028211419809157e-06,0.0,True
anticyclonic,0.5,86.92942810058594,179702.37295332423,2.15625,0.00033504019465011524,0.0003350401946501153,5.421010862427522e-20,0.0005447465464798836,0.000879786741129999,0.00033504019465011524,3.92015863819584e-06,0.0,True
anticyclonic,0.5,86.92942810058594,184911.1373867539,2.21875,0.0003299046905360682,0.00032990469053606843,2.168404344971009e-19,0.0005991293647757461,0.0009290340553118145,0.0003299046905360682,4.311513620232119e-06,0.0,True
anticyclonic,0.5,86.92942810058594,190119.9018201836,2.28125,0.00032368451301428635,0.0003236845130142862,-1.6263032587282567e-19,0.0006396375227332862,0.0009633220357475724,0.00032368451301428635,4.603022407870697e-06,0.0,True
anticyclonic,0.5,86.92942810058594,195328.66625361328,2.34375,0.00029912957163171237,0.00029912957163171394,1.5720931501039814e-18,0.0006866534039894555,0.0009857829756211695,0.00029912957163171237,4.941362713522488e-06,0.0,True
anticyclonic,0.5,86.92942810058594,200537.43068704297,2.40625,0.00028017543358359147,0.00028017543358359017,-1.3010426069826053e-18,0.0007149267030697236,0.0009951021366533138,0.00028017543358359147,5.144825807205269e-06,0.0,True
anticyclonic,0.5,86.92942810058594,205746.19512047266,2.46875,0.00025870710271065736,0.0002587071027106557,-1.6805133673525319e-18,0.0007431934223133065,0.0010019005250239623,0.00025870710271065736,5.348241550420595e-06,0.0,True
anticyclonic,0.5,97.04131317138672,2604.3822167148437,0.03125,2.752319441190826e-06,2.752319441190826e-06,0.0,-3.4192357570503514e-08,2.7181270836203224e-06,2.752319441190826e-06,-1.0451383093408578e-08,1.0,False
anticyclonic,0.5,97.04131317138672,7813.146650144531,0.09375,-1.4053624985763728e-05,-1.4053624985763728e-05,0.0,1.2051075453012973e-06,-1.284851744046243e-05,-1.4053624985763728e-05,3.6835835606627976e-07,0.0,True
anticyclonic,0.5,97.04131317138672,13021.911083574218,0.15625,-2.9528526882349483e-05,-2.9528526882349483e-05,0.0,3.828893507232527e-06,-2.5699633375116954e-05,-2.9528526882349483e-05,1.170356059404143e-06,0.0,True
anticyclonic,0.5,97.04131317138672,18230.675517003907,0.21875,-4.604095536009087e-05,-4.604095536009088e-05,-1.3552527156068805e-20,8.477212662351938e-06,-3.756374269773894e-05,-4.604095536009087e-05,2.5911812871003927e-06,0.0,True
anticyclonic,0.5,97.04131317138672,23439.439950433592,0.28125,-6.580881033567643e-05,-6.580881033567647e-05,-4.0657581468206416e-20,1.7212665956060412e-05,-4.859614437961606e-05,-6.580881033567643e-05,5.261297516403166e-06,0.0,True
anticyclonic,0.5,97.04131317138672,28648.20438386328,0.34375,-8.794860149817087e-05,-8.794860149817087e-05,0.0,2.7053762459841093e-05,-6.089483903832978e-05,-8.794860149817087e-05,8.26936940522031e-06,0.0,True
anticyclonic,0.5,97.04131317138672,33856.96881729297,0.40625,-0.000109472349956609,-0.00010947234995660898,2.710505431213761e-20,3.7948293447849804e-05,-7.152405650875918e-05,-0.000109472349956609,1.1599438609834486e-05,0.0,True
anticyclonic,0.5,97.04131317138672,39065.73325072265,0.46874999999999994,-0.00012985732605618684,-0.00012985732605618684,0.0,5.1136805780256964e-05,-7.872052027592987e-05,-0.00012985732605618684,1.563069601973706e-05,0.0,True
anticyclonic,0.5,97.04131317138672,44274.497684152346,0.53125,-0.0001487053766952666,-0.00014870537669526657,2.710505431213761e-20,6.706033725964679e-05,-8.164503943561978e-05,-0.0001487053766952666,2.049795114678981e-05,0.0,True
anticyclonic,0.5,97.04131317138672,49483.26211758203,0.59375,-0.00016601650831569043,-0.00016601650831569033,1.0842021724855044e-19,8.756571109053169e-05,-7.845079722515863e-05,-0.00016601650831569043,2.6765711915793056e-05,0.0,True
anticyclonic,0.5,97.04131317138672,54692.02655101172,0.65625,-0.0001808624534220094,-0.0001808624534220093,8.131516293641283e-20,0.00010984735427494783,-7.101509914706148e-05,-0.0001808624534220094,3.357641481601837e-05,0.0,True
anticyclonic,0.5,97.04131317138672,59900.7909844414,0.71875,-0.00018843809503524815,-0.00018843809503524815,0.0,0.0001330347211853824,-5.5403373849865735e-05,-0.00018843809503524815,4.066396512630862e-05,0.0,True
anticyclonic,0.5,97.04131317138672,65109.555417871095,0.78125,-0.00018680437977513858,-0.0001868043797751387,-1.0842021724855044e-19,0.00015714072062610946,-2.9663659149029226e-05,-0.00018680437977513858,4.803230860730543e-05,0.0,True
anticyclonic,0.5,97.04131317138672,70318.31985130078,0.84375,-0.00017603520956763305,-0.00017603520956763276,2.981555974335137e-19,0.0001818973976001164,5.862188032483632e-06,-0.00017603520956763305,5.559954098201363e-05,0.0,True
anticyclonic,0.5,97.04131317138672,75527.08428473047,0.9062500000000001,-0.00015844452379799572,-0.00015844452379799545,2.710505431213761e-19,0.00020669612450891352,4.825160071091807e-05,-0.00015844452379799572,6.317962652066758e-05,0.0,True
anticyclonic,0.5,97.04131317138672,80735.84871816015,0.96875,-0.0001362479408854142,-0.00013624794088541422,-2.710505431213761e-20,0.00023156741172031421,9.53194708349e-05,-0.0001362479408854142,7.078189115353345e-05,0.0,True
anticyclonic,0.5,97.04131317138672,85944.61315158985,1.03125,-0.00010893058360609363,-0.00010893058360609352,1.0842021724855044e-19,0.0002543742664303198,0.00014544368282422626,-0.00010893058360609363,7.775313246786754e-05,0.0,True
anticyclonic,0.5,97.04131317138672,91153.37758501952,1.09375,-7.573144988919606e-05,-7.573144988919596e-05,9.486769009248164e-20,0.000275427361809982,0.00019969591192078604,-7.573144988919606e-05,8.418831216149402e-05,0.0,True
anticyclonic,0.5,97.04131317138672,96362.14201844922,1.15625,-4.6830543215976857e-05,-4.683054321597703e-05,-1.7618285302889447e-19,0.0002926768495037474,0.0002458463062877704,-4.6830543215976857e-05,8.946086476863277e-05,0.0,True
anticyclonic,0.5,97.04131317138672,101570.90645187891,1.21875,-1.5437297692043967e-05,-1.5437297692043835e-05,1.3213713977167085e-19,0.00029152820903502615,0.0002760909113429823,-1.5437297692043967e-05,8.910976638208705e-05,0.0,True
anticyclonic,0.5,97.04131317138672,106779.67088530859,1.28125,2.1101921167561456e-05,2.1101921167561206e-05,-2.507217523872729e-19,0.0002756711868154296,0.00029677310798299083,2.1101921167561456e-05,8.426284076147227e-05,0.0,True
anticyclonic,0.5,97.04131317138672,111988.43531873828,1.34375,6.338079019198818e-05,6.338079019198825e-05,6.776263578034403e-20,0.0002620980760826793,0.0003254788662746676,6.338079019198818e-05,8.0114025350171e-05,0.0,True
anticyclonic,0.5,97.04131317138672,117197.19975216797,1.40625,0.00010493255586981164,0.00010493255586981175,1.0842021724855044e-19,0.0002469732009576222,0.0003519057568274339,0.00010493255586981164,7.549089095980348e-05,0.0,True
anticyclonic,0.5,97.04131317138672,122405.96418559765,1.46875,0.00014790004620704933,0.00014790004620704943,1.0842021724855044e-19,0.00022541258057726083,0.00037331262678431026,0.00014790004620704933,6.890057899134476e-05,0.0,True
anticyclonic,0.5,97.04131317138672,127614.72861902734,1.53125,0.0001906558687110162,0.0001906558687110162,0.0,0.0002095770015598561,0.00040023287027087233,0.0001906558687110162,6.406020779214985e-05,0.0,True
anticyclonic,0.5,97.04131317138672,132823.49305245702,1.59375,0.0002252900891855107,0.00022529008918551055,-1.6263032587282567e-19,0.00019385790138584446,0.000419147990571355,0.0002252900891855107,5.925544001726015e-05,0.0,True
anticyclonic,0.5,97.04131317138672,138032.25748588672,1.65625,0.0002538654631713851,0.0002538654631713851,0.0,0.00017604082207740203,0.00042990628524878713,0.0002538654631713851,5.380939491568417e-05,0.0,True
anticyclonic,0.5,97.04131317138672,143241.0219193164,1.71875,0.00027268436535139094,0.000272684365351391,5.421010862427522e-20,0.00016249458512692275,0.0004351789504783137,0.00027268436535139094,4.9668793860269404e-05,0.0,True
anticyclonic,0.5,97.04131317138672,148449.7863527461,1.7812500000000002,0.00028132345195016066,0.00028132345195016034,-3.2526065174565133e-19,0.00014903853433882107,0.0004303619862889814,0.00028132345195016066,4.5555759495182715e-05,0.0,True
anticyclonic,0.5,97.04131317138672,153658.55078617577,1.8437499999999998,0.0002853178768665358,0.00028531787686653586,5.421010862427522e-20,0.00014172179900476267,0.00042703967587129853,0.0002853178768665358,4.3319294700041154e-05,0.0,True
anticyclonic,0.5,97.04131317138672,158867.31521960546,1.90625,0.0002810807162363664,0.00028108071623636613,-2.710505431213761e-19,0.00013701809652845573,0.00041809881276482186,0.0002810807162363664,4.18815407681594e-05,0.0,True
anticyclonic,0.5,97.04131317138672,164076.07965303515,1.96875,0.00026850870473034373,0.0002685087047303438,5.421010862427522e-20,0.00013353476440711273,0.0004020434691374565,0.00026850870473034373,4.081681048839837e-05,0.0,True
anticyclonic,0.5,97.04131317138672,169284.84408646484,2.03125,0.00024394632643590672,0.00024394632643590685,1.3552527156068805e-19,0.00013712394077029333,0.00038107026720620015,0.00024394632643590672,4.1913893574408433e-05,0.0,True
anticyclonic,0.5,97.04131317138672,174493.60851989454,2.09375,0.00020925545180295924,0.00020925545180295913,-1.0842021724855044e-19,0.0001388539968626106,0.00034810944866556974,0.00020925545180295924,4.244270996142152e-05,0.0,True
anticyclonic,0.5,97.04131317138672,179702.37295332423,2.15625,0.00017366451150116114,0.00017366451150116095,-1.8973538018496328e-19,0.00014569756074233405,0.000319362072243495,0.00017366451150116114,4.4534543134484285e-05,0.0,True
anticyclonic,0.5,97.04131317138672,184911.1373867539,2.21875,0.0001263598884338891,0.00012635988843388903,-8.131516293641283e-20,0.00015784986813873283,0.00028420975657262183,0.0001263598884338891,4.824906968641155e-05,0.0,True
anticyclonic,0.5,97.04131317138672,190119.9018201836,2.28125,7.984577379015473e-05,7.984577379015469e-05,-4.0657581468206416e-20,0.00016805822604378643,0.0002479039998339411,7.984577379015473e-05,5.13694002749165e-05,0.0,True
anticyclonic,0.5,97.04131317138672,195328.66625361328,2.34375,1.8014598334676642e-05,1.8014598334676497e-05,-1.4568966692773966e-19,0.00017845767981573021,0.0001964722781504067,1.8014598334676642e-05,5.4548142048093875e-05,0.0,True
anticyclonic,0.5,97.04131317138672,200537.43068704297,2.40625,-4.578204915621672e-05,-4.578204915621655e-05,1.6940658945086007e-19,0.00018554476008552953,0.00013976271092931299,-4.578204915621672e-05,5.671440948843287e-05,0.0,True
anticyclonic,0.5,97.04131317138672,205746.19512047266,2.46875,-0.00011309034123846945,-0.00011309034123846922,2.303929616531697e-19,0.00019277088616384794,7.968054492537872e-05,-0.00011309034123846945,5.892317826870927e-05,0.0,True
anticyclonic,0.5,108.03028106689453,2604.3822167148437,0.03125,4.604419495389896e-06,4.604419495389896e-06,0.0,1.7116449995405088e-08,4.621535945385301e-06,4.604419495389896e-06,1.3425366057581272e-08,1.0,False
anticyclonic,0.5,108.03028106689453,7813.146650144531,0.09375,-2.4276210671036202e-06,-2.4276210671036202e-06,0.0,4.014078836592001e-07,-2.0262131834444202e-06,-2.4276210671036202e-06,3.148461145839498e-07,1.0,False
anticyclonic,0.5,108.03028106689453,13021.911083574218,0.15625,-4.128277378793805e-06,-4.128277378793805e-06,0.0,1.1672685127584468e-06,-2.9610088660353584e-06,-4.128277378793805e-06,9.155524115968852e-07,1.0,False
anticyclonic,0.5,108.03028106689453,18230.675517003907,0.21875,-3.5317116660443856e-06,-3.5317116660443856e-06,0.0,2.400364442757436e-06,-1.1313472232869497e-06,-3.5317116660443856e-06,1.8827368598203294e-06,1.0,False
anticyclonic,0.5,108.03028106689453,23439.439950433592,0.28125,-2.757189737364169e-06,-2.757189737364169e-06,0.0,4.510445355426228e-06,1.753255618062059e-06,-2.757189737364169e-06,3.5377885014456972e-06,0.0,True
anticyclonic,0.5,108.03028106689453,28648.20438386328,0.34375,-3.02431114397507e-06,-3.02431114397507e-06,0.0,6.623403464546836e-06,3.599092320571766e-06,-3.02431114397507e-06,5.195096885304155e-06,0.0,True
anticyclonic,0.5,108.03028106689453,33856.96881729297,0.40625,-4.971353615310611e-06,-4.9713536153105565e-06,5.421010862427522e-20,8.756266253186645e-06,3.7849126378760887e-06,-4.971353615310611e-06,6.8680175958352496e-06,0.0,True
anticyclonic,0.5,108.03028106689453,39065.73325072265,0.46874999999999994,-9.878562106124033e-06,-9.878562106124033e-06,0.0,1.1438074901483934e-05,1.559512795359901e-06,-9.878562106124033e-06,8.971506509099605e-06,0.0,True
anticyclonic,0.5,108.03028106689453,44274.497684152346,0.53125,-1.7416904224097864e-05,-1.7416904224097864e-05,0.0,1.4620938855715631e-05,-2.7959653683822327e-06,-1.7416904224097864e-05,1.146800044963706e-05,0.0,True
anticyclonic,0.5,108.03028106689453,49483.26211758203,0.59375,-2.8206716952622495e-05,-2.8206716952622332e-05,1.6263032587282567e-19,1.8697855310027638e-05,-9.508861642594694e-06,-2.8206716952622495e-05,1.4665748569136628e-05,0.0,True
anticyclonic,0.5,108.03028106689453,54692.02655101172,0.65625,-4.232069941918487e-05,-4.232069941918487e-05,0.0,2.319733422661727e-05,-1.91233651925676e-05,-4.232069941918487e-05,1.8194935493983855e-05,0.0,True
anticyclonic,0.5,108.03028106689453,59900.7909844414,0.71875,-5.5204341922270535e-05,-5.5204341922270535e-05,0.0,2.7687621692738482e-05,-2.7516720229532053e-05,-5.5204341922270535e-05,2.1716913062500075e-05,0.0,True
anticyclonic,0.5,108.03028106689453,65109.555417871095,0.78125,-6.340267611237793e-05,-6.340267611237793e-05,0.0,3.251102570044787e-05,-3.089165041193006e-05,-6.340267611237793e-05,2.5500172118232237e-05,0.0,True
anticyclonic,0.5,108.03028106689453,70318.31985130078,0.84375,-6.601156201300261e-05,-6.601156201300256e-05,5.421010862427522e-20,3.740109756527141e-05,-2.8610464447731148e-05,-6.601156201300261e-05,2.9335722413460466e-05,0.0,True
anticyclonic,0.5,108.03028106689453,75527.08428473047,0.9062500000000001,-6.575809930013753e-05,-6.575809930013753e-05,0.0,4.240218419008612e-05,-2.3355915110051412e-05,-6.575809930013753e-05,3.325834764485104e-05,0.0,True
anticyclonic,0.5,108.03028106689453,80735.84871816015,0.96875,-6.419644002280853e-05,-6.419644002280837e-05,1.6263032587282567e-19,4.744027646131224e-05,-1.6756163561496134e-05,-6.419644002280853e-05,3.720999842472883e-05,0.0,True
anticyclonic,0.5,108.03028106689453,85944.61315158985,1.03125,-6.042958728922227e-05,-6.0429587289222164e-05,1.0842021724855044e-19,5.206946500359286e-05,-8.360122285629303e-06,-6.042958728922227e-05,4.084092368939306e-05,0.0,True
anticyclonic,0.5,108.03028106689453,91153.37758501952,1.09375,-5.366093365680271e-05,-5.36609336568026e-05,1.0842021724855044e-19,5.6064639401324934e-05,2.4037057445223356e-06,-5.366093365680271e-05,4.397455705190858e-05,0.0,True
anticyclonic,0.5,108.03028106689453,96362.14201844922,1.15625,-5.4369715817136326e-05,-5.436971581713622e-05,1.0842021724855044e-19,5.9561864621084006e-05,5.192148803947788e-06,-5.4369715817136326e-05,4.671762169286361e-05,0.0,True
anticyclonic,0.5,108.03028106689453,101570.90645187891,1.21875,-6.944812700115393e-05,-6.944812700115382e-05,1.0842021724855044e-19,5.8845140754091674e-05,-1.0602986247062145e-05,-6.944812700115393e-05,4.615545604057237e-05,0.0,True
anticyclonic,0.5,108.03028106689453,106779.67088530859,1.28125,-7.967771949395662e-05,-7.967771949395654e-05,8.131516293641283e-20,5.545028666188585e-05,-2.4227432832070685e-05,-7.967771949395662e-05,4.349268666303345e-05,0.0,True
anticyclonic,0.5,108.03028106689453,111988.43531873828,1.34375,-8.252999633610734e-05,-8.252999633610734e-05,0.0,5.224383942355798e-05,-3.0286156912549354e-05,-8.252999633610734e-05,4.0977695065451685e-05,0.0,True
anticyclonic,0.5,108.03028106689453,117197.19975216797,1.40625,-8.378355891626705e-05,-8.378355891626705e-05,0.0,4.932849886625737e-05,-3.445506005000968e-05,-8.378355891626705e-05,3.8691034328278934e-05,0.0,True
anticyclonic,0.5,108.03028106689453,122405.96418559765,1.46875,-7.757852451670472e-05,-7.757852451670476e-05,-4.0657581468206416e-20,4.498241595588049e-05,-3.2596108560824275e-05,-7.757852451670472e-05,3.528216426444728e-05,0.0,True
anticyclonic,0.5,108.03028106689453,127614.72861902734,1.53125,-6.959372688469416e-05,-6.959372688469422e-05,-6.776263578034403e-20,4.160805200050832e-05,-2.79856748841859e-05,-6.959372688469416e-05,3.263546641971075e-05,0.0,True
anticyclonic,0.5,108.03028106689453,132823.49305245702,1.59375,-6.222474491730078e-05,-6.222474491730086e-05,-8.131516293641283e-20,3.890278553845791e-05,-2.3321959378842952e-05,-6.222474491730078e-05,3.051357826264112e-05,0.0,True
anticyclonic,0.5,108.03028106689453,138032.25748588672,1.65625,-5.2145575754627496e-05,-5.2145575754627496e-05,0.0,3.5211730129448016e-05,-1.693384562517948e-05,-5.2145575754627496e-05,2.7618482023755375e-05,0.0,True
anticyclonic,0.5,108.03028106689453,143241.0219193164,1.71875,-4.068363188590367e-05,-4.068363188590367e-05,0.0,3.274579600029386e-05,-7.937835885609809e-06,-4.068363188590367e-05,2.568431527967791e-05,0.0,True
anticyclonic,0.5,108.03028106689453,148449.7863527461,1.7812500000000002,-3.122374800698243e-05,-3.122374800698262e-05,-1.8973538018496328e-19,3.0293375702720693e-05,-9.303723042619296e-07,-3.122374800698243e-05,2.3760748171381456e-05,0.0,True
anticyclonic,0.5,108.03028106689453,153658.55078617577,1.8437499999999998,-2.349278631078227e-05,-2.349278631078226e-05,1.0164395367051604e-20,2.897329794182272e-05,5.48051163104046e-06,-2.349278631078227e-05,2.272533912515487e-05,0.0,True
anticyclonic,0.5,108.03028106689453,158867.31521960546,1.90625,-2.2109630198458293e-05,-2.210963019845848e-05,-1.8634724839594607e-19,2.788059560482475e-05,5.770965406366269e-06,-2.2109630198458293e-05,2.1868273035509496e-05,0.0,True
anticyclonic,0.5,108.03028106689453,164076.07965303515,1.96875,-2.4558996452123977e-05,-2.4558996452124072e-05,-9.486769009248164e-20,2.721179896608242e-05,2.652802513958347e-06,-2.4558996452123977e-05,2.1343699324511828e-05,0.0,True
anticyclonic,0.5,108.03028106689453,169284.84408646484,2.03125,-3.395467029133118e-05,-3.395467029133125e-05,-6.776263578034403e-20,2.7928483288312633e-05,-6.0261870030186165e-06,-3.395467029133118e-05,2.1905833959687526e-05,0.0,True
anticyclonic,0.5,108.03028106689453,174493.60851989454,2.09375,-4.5537928145860686e-05,-4.553792814586077e-05,-8.131516293641283e-20,2.8585968472563892e-05,-1.6951959673296875e-05,-4.5537928145860686e-05,2.2421535479475747e-05,0.0,True
anticyclonic,0.5,108.03028106689453,179702.37295332423,2.15625,-5.7988603915276715e-05,-5.7988603915276824e-05,-1.0842021724855044e-19,2.9326883568744283e-05,-2.866172034653254e-05,-5.7988603915276715e-05,2.300267563333242e-05,0.0,True
anticyclonic,0.5,108.03028106689453,184911.1373867539,2.21875,-7.78849489368978e-05,-7.788494893689787e-05,-6.776263578034403e-20,3.1174012028038366e-05,-4.67109369088595e-05,-7.78849489368978e-05,2.4451479312135924e-05,0.0,True
anticyclonic,0.5,108.03028106689453,190119.9018201836,2.28125,-0.00010204388790303275,-0.00010204388790303278,-2.710505431213761e-20,3.321128112905299e-05,-6.883260677397978e-05,-0.00010204388790303275,2.604942067534286e-05,0.0,True
anticyclonic,0.5,108.03028106689453,195328.66625361328,2.34375,-0.0001276228507506599,-0.0001276228507506599,0.0,3.506001562380351e-05,-9.25628351268564e-05,-0.0001276228507506599,2.7499484055422612e-05,0.0,True
anticyclonic,0.5,108.03028106689453,200537.43068704297,2.40625,-0.0001526468088693731,-0.00015264680886937316,-5.421010862427522e-20,3.639873576548337e-05,-0.00011624807310388979,-0.0001526468088693731,2.8549515338517767e-05,0.0,True
anticyclonic,0.5,108.03028106689453,205746.19512047266,2.46875,-0.00018757396368367937,-0.0001875739636836793,5.421010862427522e-20,3.780340532267351e-05,-0.00014977055836100578,-0.00018757396368367937,2.9651274348141882e-05,0.0,True
anticyclonic,0.5,120.0,2604.3822167148437,0.03125,4.965435834533922e-06,4.965435834533922e-06,0.0,1.7704141400264658e-08,4.983139975934187e-06,4.965435834533922e-06,2.9929319123170656e-08,1.0,False
anticyclonic,0.5,120.0,7813.146650144531,0.09375,4.715488549846502e-05,4.715488549846502e-05,0.0,1.8035642127240976e-07,4.733524191973743e-05,4.715488549846502e-05,3.0489729866788477e-07,1.0,False
anticyclonic,0.5,120.0,13021.911083574218,0.15625,9.325807077224917e-05,9.325807077224917e-05,0.0,5.576457312747373e-07,9.38157165035239e-05,9.325807077224917e-05,9.427148525116265e-07,1.0,False
anticyclonic,0.5,120.0,18230.675517003907,0.21875,0.00014033148561002013,0.00014033148561002013,0.0,1.2039324770493492e-06,0.00014153541808706947,0.00014033148561002013,2.0352796836462598e-06,1.0,False
anticyclonic,0.5,120.0,23439.439950433592,0.28125,0.00018555589351997072,0.00018555589351997072,0.0,2.1842703236142277e-06,0.00018774016384358495,0.00018555589351997072,3.6925667327614204e-06,1.0,False
anticyclonic,0.5,120.0,28648.20438386328,0.34375,0.00022605800487072853,0.00022605800487072856,2.710505431213761e-20,3.179554263554893e-06,0.00022923755913428344,0.00022605800487072853,5.3751205478933696e-06,1.0,False
anticyclonic,0.5,120.0,33856.96881729297,0.40625,0.0002611409098956857,0.0002611409098956857,0.0,4.175929973279455e-06,0.00026531683986896515,0.0002611409098956857,7.059520028710681e-06,1.0,False
anticyclonic,0.5,120.0,39065.73325072265,0.46874999999999994,0.0002905271532631866,0.0002905271532631866,0.0,5.351721505483509e-06,0.0002958788747686701,0.0002905271532631866,9.047226701067629e-06,1.0,False
anticyclonic,0.5,120.0,44274.497684152346,0.53125,0.0003142907408525124,0.0003142907408525124,0.0,6.777563403625248e-06,0.0003210683042561377,0.0003142907408525124,1.145765012821183e-05,1.0,False
anticyclonic,0.5,120.0,49483.26211758203,0.59375,0.00033199020111234433,0.00033199020111234433,0.0,8.576762662689701e-06,0.00034056696377503406,0.00033199020111234433,1.4499244045322502e-05,0.0,True
anticyclonic,0.5,120.0,54692.02655101172,0.65625,0.00034198648282743343,0.00034198648282743343,0.0,1.0569132793457154e-05,0.0003525556156208906,0.00034198648282743343,1.7867398428359736e-05,0.0,True
anticyclonic,0.5,120.0,59900.7909844414,0.71875,0.00034490649656827887,0.00034490649656827887,0.0,1.2449255118486213e-05,0.0003573557516867651,0.00034490649656827887,2.1045794928036986e-05,0.0,True
anticyclonic,0.5,120.0,65109.555417871095,0.78125,0.00034203688819319666,0.00034203688819319666,0.0,1.439516134877226e-05,0.0003564320495419689,0.00034203688819319666,2.433540085883499e-05,0.0,True
anticyclonic,0.5,120.0,70318.31985130078,0.84375,0.000333231120475137,0.000333231120475137,0.0,1.6377712446074645e-05,0.00034960883292121166,0.000333231120475137,2.768695590619065e-05,0.0,True
anticyclonic,0.5,120.0,75527.08428473047,0.9062500000000001,0.00031945233188450633,0.00031945233188450633,0.0,1.8504858145902426e-05,0.0003379571900304088,0.00031945233188450633,3.128295195210306e-05,0.0,True
anticyclonic,0.5,120.0,80735.84871816015,0.96875,0.0003013411758355801,0.0003013411758355801,0.0,2.0638118920195775e-05,0.00032197929475577585,0.0003013411758355801,3.4889285693078106e-05,0.0,True
anticyclonic,0.5,120.0,85944.61315158985,1.03125,0.00027957508968033716,0.00027957508968033716,0.0,2.2546150679087006e-05,0.0003021212403594242,0.00027957508968033716,3.81148638286067e-05,0.0,True
anticyclonic,0.5,120.0,91153.37758501952,1.09375,0.0002543723496153947,0.0002543723496153947,0.0,2.4162555304388372e-05,0.0002785349049197831,0.0002543723496153947,4.0847438584369245e-05,0.0,True
anticyclonic,0.5,120.0,96362.14201844922,1.15625,0.00022020847874807618,0.00022020847874807618,0.0,2.5589517677716996e-05,0.0002457979964257932,0.00022020847874807618,4.325975620444151e-05,0.0,True
anticyclonic,0.5,120.0,101570.90645187891,1.21875,0.00017248644451464673,0.00017248644451464673,0.0,2.5657550696817868e-05,0.0001981439952114646,0.00017248644451464673,4.3374767821980464e-05,0.0,True
anticyclonic,0.5,120.0,106779.67088530859,1.28125,0.00013460833835715093,0.00013460833835715098,5.421010862427522e-20,2.4202761123733714e-05,0.0001588110994808847,0.00013460833835715093,4.091540758498835e-05,0.0,True
anticyclonic,0.5,120.0,111988.43531873828,1.34375,9.951744819735011e-05,9.951744819735009e-05,-2.710505431213761e-20,2.2647571209422303e-05,0.0001221650194067724,9.951744819735011e-05,3.8286317916631604e-05,0.0,True
anticyclonic,0.5,120.0,117197.19975216797,1.40625,5.9887359933967015e-05,5.988735993396703e-05,1.3552527156068805e-20,2.1106565079594605e-05,8.099392501356164e-05,5.9887359933967015e-05,3.568120631095465e-05,0.0,True
anticyclonic,0.5,120.0,122405.96418559765,1.46875,2.340578300149425e-05,2.3405783001494236e-05,-1.3552527156068805e-20,1.9231430741569856e-05,4.263721374306409e-05,2.340578300149425e-05,3.251124213518733e-05,0.0,True
anticyclonic,0.5,120.0,127614.72861902734,1.53125,-7.659792490201632e-06,-7.659792490201632e-06,0.0,1.7796891660901947e-05,1.0137099170700316e-05,-7.659792490201632e-06,3.0086115891034768e-05,0.0,True
anticyclonic,0.5,120.0,132823.49305245702,1.59375,-3.65632667418176e-05,-3.6563266741817655e-05,-5.421010862427522e-20,1.6469792415596476e-05,-2.009347432622118e-05,-3.65632667418176e-05,2.7842619529202013e-05,0.0,True
anticyclonic,0.5,120.0,138032.25748588672,1.65625,-5.992261884326431e-05,-5.992261884326426e-05,5.421010862427522e-20,1.4869977935690594e-05,-4.5052640907573664e-05,-5.992261884326431e-05,2.513809085286323e-05,0.0,True
anticyclonic,0.5,120.0,143241.0219193164,1.71875,-7.803365113821812e-05,-7.803365113821803e-05,9.486769009248164e-20,1.3819731783652817e-05,-6.421391935456522e-05,-7.803365113821812e-05,2.336262196501585e-05,0.0,True
anticyclonic,0.5,120.0,148449.7863527461,1.7812500000000002,-9.36078346381512e-05,-9.360783463815111e-05,8.131516293641283e-20,1.2775306888094922e-05,-8.08325277500562e-05,-9.36078346381512e-05,2.159699406515796e-05,0.0,True
anticyclonic,0.5,120.0,153658.55078617577,1.8437499999999998,-0.00010837179843045575,-0.00010837179843045569,6.776263578034403e-20,1.215339696465367e-05,-9.621840146580201e-05,-0.00010837179843045575,2.0545638896685255e-05,0.0,True
anticyclonic,0.5,120.0,158867.31521960546,1.90625,-0.00012308667262925693,-0.00012308667262925696,-2.710505431213761e-20,1.1885423117596805e-05,-0.00011120124951166015,-0.00012308667262925693,2.0092622023180803e-05,0.0,True
anticyclonic,0.5,120.0,164076.07965303515,1.96875,-0.0001348096973276155,-0.0001348096973276155,0.0,1.155882629914434e-05,-0.00012325087102847115,-0.0001348096973276155,1.954050146657872e-05,0.0,True
anticyclonic,0.5,120.0,169284.84408646484,2.03125,-0.00014466707360662488,-0.00014466707360662488,0.0,1.187987545531795e-05,-0.00013278719815130693,-0.00014466707360662488,2.0083243553421806e-05,0.0,True
anticyclonic,0.5,120.0,174493.60851989454,2.09375,-0.00015512839019401293,-0.00015512839019401296,-2.710505431213761e-20,1.1977408624374687e-05,-0.00014315098156963827,-0.00015512839019401293,2.024812595442599e-05,0.0,True
anticyclonic,0.5,120.0,179702.37295332423,2.15625,-0.00016416143615741307,-0.0001641614361574131,-2.710505431213761e-20,1.2539555566627897e-05,-0.0001516218805907852,-0.00016416143615741307,2.1198450223105822e-05,0.0,True
anticyclonic,0.5,120.0,184911.1373867539,2.21875,-0.00017458720018556588,-0.00017458720018556585,2.710505431213761e-20,1.33315086573289e-05,-0.00016125569152823695,-0.00017458720018556588,2.253726786166226e-05,0.0,True
anticyclonic,0.5,120.0,190119.9018201836,2.28125,-0.0001854794550086098,-0.0001854794550086096,1.8973538018496328e-19,1.408710587001555e-05,-0.00017139234913859404,-0.0001854794550086098,2.381462492720959e-05,0.0,True
anticyclonic,0.5,120.0,195328.66625361328,2.34375,-0.00018589379262512004,-0.00018589379262512018,-1.3552527156068805e-19,1.4937287615741815e-05,-0.00017095650500937836,-0.00018589379262512004,2.525187964661413e-05,0.0,True
anticyclonic,0.5,120.0,200537.43068704297,2.40625,-0.00018640447457869463,-0.00018640447457869463,0.0,1.5410613506609935e-05,-0.0001709938610720847,-0.00018640447457869463,2.6052049579556444e-05,0.0,True
anticyclonic,0.5,120.0,205746.19512047266,2.46875,-0.00017565166488891037,-0.00017565166488891042,-5.421010862427522e-20,1.593485897492513e-05,-0.0001597168059139853,-0.00017565166488891037,2.6938300404453668e-05,0.0,True
anticyclonic,0.5,133.07582092285156,2604.3822167148437,0.03125,5.253121298327918e-06,5.253121298327918e-06,0.0,4.2761639331773906e-07,5.680737691645658e-06,5.253121298327918e-06,1.6214232332565302e-07,1.0,False
anticyclonic,0.5,133.07582092285156,7813.146650144531,0.09375,7.152949128028796e-05,7.152949128028796e-05,0.0,3.4007095994125937e-06,7.493020087970056e-05,7.152949128028796e-05,1.2894710399816066e-06,0.0,True
anticyclonic,0.5,133.07582092285156,13021.911083574218,0.15625,0.00013928826396354015,0.00013928826396354015,0.0,1.079667572987892e-05,0.00015008493969341906,0.00013928826396354015,4.093851672649701e-06,0.0,True
anticyclonic,0.5,133.07582092285156,18230.675517003907,0.21875,0.00020629294337192006,0.00020629294337192003,-2.710505431213761e-20,2.2923266942907114e-05,0.00022921621031482715,0.00020629294337192006,8.691976777362036e-06,0.0,True
anticyclonic,0.5,133.07582092285156,23439.439950433592,0.28125,0.0002699599203365901,0.0002699599203365901,0.0,4.242666368286929e-05,0.00031238658401945937,0.0002699599203365901,1.6087217253584094e-05,0.0,True
anticyclonic,0.5,133.07582092285156,28648.20438386328,0.34375,0.0003284025835713428,0.0003284025835713427,-1.0842021724855044e-19,6.20286015139383e-05,0.00039043118508528103,0.0003284025835713428,2.3519822250214595e-05,0.0,True
anticyclonic,0.5,133.07582092285156,33856.96881729297,0.40625,0.00038185369606740893,0.00038185369606740893,0.0,8.145264488046017e-05,0.0004633063409478691,0.00038185369606740893,3.0884973748244036e-05,0.0,True
anticyclonic,0.5,133.07582092285156,39065.73325072265,0.46874999999999994,0.0004290988411322826,0.0004290988411322825,-5.421010862427522e-20,0.00010339740970614317,0.0005324962508384257,0.0004290988411322826,3.920592497760306e-05,0.0,True
anticyclonic,0.5,133.07582092285156,44274.497684152346,0.53125,0.00046947872860600437,0.00046947872860600415,-2.168404344971009e-19,0.00012973858858159135,0.0005992173171875955,0.00046947872860600437,4.9193895524906686e-05,0.0,True
anticyclonic,0.5,133.07582092285156,49483.26211758203,0.59375,0.0005027678396814056,0.0005027678396814053,-2.168404344971009e-19,0.00016296048819461933,0.0006657283278760247,0.0005027678396814056,6.179087747584282e-05,0.0,True
anticyclonic,0.5,133.07582092285156,54692.02655101172,0.65625,0.0005258241826109895,0.0005258241826109895,0.0,0.00019879831044632485,0.0007246224930573143,0.0005258241826109895,7.53797572606868e-05,0.0,True
anticyclonic,0.5,133.07582092285156,59900.7909844414,0.71875,0.000537675243437101,0.0005376752434371011,1.0842021724855044e-19,0.00023218190882139347,0.0007698571522584946,0.000537675243437101,8.803805167149553e-05,0.0,True
anticyclonic,0.5,133.07582092285156,65109.555417871095,0.78125,0.0005379926311968069,0.0005379926311968067,-2.168404344971009e-19,0.00026628845873333555,0.0008042810899301422,0.0005379926311968069,0.0001009704727146605,0.0,True
anticyclonic,0.5,133.07582092285156,70318.31985130078,0.84375,0.000525841245168087,0.0005258412451680868,-2.168404344971009e-19,0.000301597666581162,0.0008274389117492488,0.000525841245168087,0.00011435891404829508,0.0,True
anticyclonic,0.5,133.07582092285156,75527.08428473047,0.9062500000000001,0.0005037628469272894,0.0005037628469272896,2.168404344971009e-19,0.00033940200929556105,0.0008431648562228506,0.0005037628469272894,0.00012869345326451556,0.0,True
anticyclonic,0.5,133.07582092285156,80735.84871816015,0.96875,0.0004724470595345853,0.0004724470595345851,-2.168404344971009e-19,0.0003769980896806602,0.0008494451492152453,0.0004724470595345853,0.00014294902418470813,0.0,True
anticyclonic,0.5,133.07582092285156,85944.61315158985,1.03125,0.00043331305719258715,0.000433313057192587,-1.6263032587282567e-19,0.00041024042366141853,0.0008435534808540055,0.00043331305719258715,0.00015555375437895593,0.0,True
anticyclonic,0.5,133.07582092285156,91153.37758501952,1.09375,0.00038764909503908245,0.00038764909503908213,-3.2526065174565133e-19,0.00043907823695055946,0.0008267273319896416,0.00038764909503908245,0.00016648839140270152,0.0,True
anticyclonic,0.5,133.07582092285156,96362.14201844922,1.15625,0.00033226931511754897,0.000332269315117549,5.421010862427522e-20,0.00046515442585773716,0.0007974237409752861,0.00033226931511754897,0.00017637588383507597,0.0,True
anticyclonic,0.5,133.07582092285156,101570.90645187891,1.21875,0.00027172566866406884,0.0002717256686640689,5.421010862427522e-20,0.00046851052014248377,0.0007402361888065527,0.00027172566866406884,0.00017764843777157678,0.0,True
anticyclonic,0.5,133.07582092285156,106779.67088530859,1.28125,0.0002224647899516701,0.00022246478995166977,-3.2526065174565133e-19,0.00043745523601004647,0.0006599200259617162,0.0002224647899516701,0.00016587298669098606,0.0,True
anticyclonic,0.5,133.07582092285156,111988.43531873828,1.34375,0.00017658297003878966,0.0001765829700387896,-5.421010862427522e-20,0.00041119639433212724,0.0005877793643709169,0.00017658297003878966,0.00015591623651949613,0.0,True
anticyclonic,0.5,133.07582092285156,117197.19975216797,1.40625,0.00012590348388423836,0.00012590348388423833,-2.710505431213761e-20,0.0003808116912518214,0.0005067151751360598,0.00012590348388423836,0.00014439505438525513,0.0,True
anticyclonic,0.5,133.07582092285156,122405.96418559765,1.46875,7.752943859389115e-05,7.752943859389113e-05,-2.710505431213761e-20,0.00034711373897291446,0.0004246431775668056,7.752943859389115e-05,0.00013161756418796268,0.0,True
anticyclonic,0.5,133.07582092285156,127614.72861902734,1.53125,3.911298831498133e-05,3.911298831498126e-05,-6.776263578034403e-20,0.000325723001039008,0.00036483598935398924,3.911298831498133e-05,0.0001235066872420533,0.0,True
anticyclonic,0.5,133.07582092285156,132823.49305245702,1.59375,2.0542919796589897e-06,2.0542919796589575e-06,-3.218725199566341e-20,0.0002992411323807384,0.00030129542436039733,2.0542919796589897e-06,0.00011346537035767904,0.0,True
anticyclonic,0.5,133.07582092285156,138032.25748588672,1.65625,-3.0917437463998276e-05,-3.0917437463998215e-05,6.098637220230962e-20,0.00027124061024485363,0.0002403231727808554,-3.0917437463998276e-05,0.00010284821492493527,0.0,True
anticyclonic,0.5,133.07582092285156,143241.0219193164,1.71875,-5.8252458895203775e-05,-5.8252458895203755e-05,2.0328790734103208e-20,0.00025315909811227805,0.0001949066392170743,-5.8252458895203775e-05,9.59921204621621e-05,0.0,True
anticyclonic,0.5,133.07582092285156,148449.7863527461,1.7812500000000002,-8.136239960765296e-05,-8.136239960765293e-05,2.710505431213761e-20,0.0002376402759979835,0.00015627787639033058,-8.136239960765296e-05,9.010773924523448e-05,0.0,True
anticyclonic,0.5,133.07582092285156,153658.55078617577,1.8437499999999998,-0.00010350794058441803,-0.00010350794058441798,5.421010862427522e-20,0.00022548205948491273,0.00012197411890049475,-0.00010350794058441803,8.549762255248927e-05,0.0,True
anticyclonic,0.5,133.07582092285156,158867.31521960546,1.90625,-0.00012258204409168087,-0.00012258204409168092,-5.421010862427522e-20,0.00021950322958161833,9.69211854899374e-05,-0.00012258204409168087,8.323058745645935e-05,0.0,True
anticyclonic,0.5,133.07582092285156,164076.07965303515,1.96875,-0.00013442171919680608,-0.0001344217191968061,-2.710505431213761e-20,0.00021393703681870714,7.951531762190103e-05,-0.00013442171919680608,8.1120014894789e-05,0.0,True
anticyclonic,0.5,133.07582092285156,169284.84408646484,2.03125,-0.0001402819739786521,-0.00014028197397865217,-8.131516293641283e-20,0.0002193152871876893,7.903331320903713e-05,-0.0001402819739786521,8.315932401361843e-05,0.0,True
anticyclonic,0.5,133.07582092285156,174493.60851989454,2.09375,-0.00015213159290929537,-0.00015213159290929532,5.421010862427522e-20,0.00022085811520957776,6.872652230028244e-05,-0.00015213159290929537,8.374432899441448e-05,0.0,True
anticyclonic,0.5,133.07582092285156,179702.37295332423,2.15625,-0.00016232296829090984,-0.00016232296829090967,1.6263032587282567e-19,0.00022902924080638038,6.67062725154707e-05,-0.00016232296829090984,8.684263230821385e-05,0.0,True
anticyclonic,0.5,133.07582092285156,184911.1373867539,2.21875,-0.00017261157768810583,-0.00017261157768810588,-5.421010862427522e-20,0.00024171689096048695,6.910531327238107e-05,-0.00017261157768810583,9.16534980880983e-05,0.0,True
anticyclonic,0.5,133.07582092285156,190119.9018201836,2.28125,-0.00018209277439440872,-0.00018209277439440886,-1.3552527156068805e-19,0.0002527829021142424,7.069012771983356e-05,-0.00018209277439440872,9.584947557272264e-05,0.0,True
anticyclonic,0.5,133.07582092285156,195328.66625361328,2.34375,-0.00018310290350041252,-0.0001831029035004116,9.215718466126788e-19,0.0002673452902901308,8.42423867897192e-05,-0.00018310290350041252,0.00010137119898863036,0.0,True
anticyclonic,0.5,133.07582092285156,200537.43068704297,2.40625,-0.00018096093207467604,-0.00018096093207467577,2.710505431213761e-19,0.000273677754409432,9.271682233475624e-05,-0.00018096093207467604,0.00010377232406410636,0.0,True
anticyclonic,0.5,133.07582092285156,205746.19512047266,2.46875,-0.00016091387719197669,-0.0001609138771919763,3.7947076036992655e-19,0.00028101937741035495,0.00012010550021837864,-0.00016091387719197669,0.00010655609902912782,0.0,True
anticyclonic,0.5,147.40625,2604.3822167148437,0.03125,6.657469415191025e-06,6.657469415191025e-06,0.0,7.31469729566179e-07,7.3889391447572045e-06,6.657469415191025e-06,2.0158774097374725e-07,0.0,True
anticyclonic,0.5,147.40625,7813.146650144531,0.09375,-1.7552969020617674e-05,-1.7552969020617678e-05,-3.3881317890172014e-21,5.584916824543174e-06,-1.1968052196074504e-05,-1.7552969020617674e-05,1.5391624843500403e-06,0.0,True
anticyclonic,0.5,147.40625,13021.911083574218,0.15625,-3.73063169386105e-05,-3.730631693861051e-05,-1.3552527156068805e-20,1.679166481270597e-05,-2.0514652125904543e-05,-3.73063169386105e-05,4.627660776597458e-06,0.0,True
anticyclonic,0.5,147.40625,18230.675517003907,0.21875,-5.506429986645358e-05,-5.506429986645361e-05,-2.710505431213761e-20,3.456625333919927e-05,-2.049804652725434e-05,-5.506429986645358e-05,9.526208184593088e-06,0.0,True
anticyclonic,0.5,147.40625,23439.439950433592,0.28125,-7.149865686620181e-05,-7.14986568662018e-05,1.3552527156068805e-20,6.081310999469054e-05,-1.0685546871511255e-05,-7.149865686620181e-05,1.6759651110495527e-05,0.0,True
anticyclonic,0.5,147.40625,28648.20438386328,0.34375,-8.613577616087159e-05,-8.61357761608716e-05,-1.3552527156068805e-20,8.774386255962625e-05,1.6080863987546487e-06,-8.613577616087159e-05,2.4181570778323922e-05,0.0,True
anticyclonic,0.5,147.40625,33856.96881729297,0.40625,-9.763444240182033e-05,-9.763444240182026e-05,6.776263578034403e-20,0.00011506543693950161,1.743099453768135e-05,-9.763444240182033e-05,3.171119809776446e-05,0.0,True
anticyclonic,0.5,147.40625,39065.73325072265,0.46874999999999994,-0.0001061721857933181,-0.00010617218579331815,-5.421010862427522e-20,0.00014559003545071113,3.941784965739298e-05,-0.0001061721857933181,4.0123555587465074e-05,0.0,True
anticyclonic,0.5,147.40625,44274.497684152346,0.53125,-0.0001121864428578805,-0.00011218644285788057,-8.131516293641283e-20,0.00018032283622822565,6.813639337034507e-05,-0.0001121864428578805,4.9695663035551746e-05,0.0,True
anticyclonic,0.5,147.40625,49483.26211758203,0.59375,-0.0001169368918206731,-0.00011693689182067313,-2.710505431213761e-20,0.0002226778960227945,0.00010574100420212136,-0.0001169368918206731,6.136840966836047e-05,0.0,True
anticyclonic,0.5,147.40625,54692.02655101172,0.65625,-0.00012292134011570156,-0.00012292134011570162,-5.421010862427522e-20,0.0002705266049462444,0.00014760526483054278,-0.00012292134011570156,7.455516607194991e-05,0.0,True
anticyclonic,0.5,147.40625,59900.7909844414,0.71875,-0.0001291946527139017,-0.00012919465271390176,-5.421010862427522e-20,0.00031391331714934165,0.00018471866443543988,-0.0001291946527139017,8.651222861025578e-05,0.0,True
anticyclonic,0.5,147.40625,65109.555417871095,0.78125,-0.00013493927315620213,-0.0001349392731562021,2.710505431213761e-20,0.00035834173431615614,0.00022340246115995404,-0.00013493927315620213,9.87563774652045e-05,0.0,True
anticyclonic,0.5,147.40625,70318.31985130078,0.84375,-0.0001405619092505515,-0.00014056190925055152,-2.710505431213761e-20,0.0004033123782562905,0.000262750469005739,-0.0001405619092505515,0.00011114996007784798,0.0,True
anticyclonic,0.5,147.40625,75527.08428473047,0.9062500000000001,-0.0001462814800725394,-0.00014628148007253961,-2.168404344971009e-19,0.0004515884981908463,0.0003053070181183067,-0.0001462814800725394,0.00012445450784957408,0.0,True
anticyclonic,0.5,147.40625,80735.84871816015,0.96875,-0.00015378232653438472,-0.00015378232653438475,-2.710505431213761e-20,0.0005001928500270463,0.0003464105234926615,-0.00015378232653438472,0.00013784951394772634,0.0,True
anticyclonic,0.5,147.40625,85944.61315158985,1.03125,-0.00016211183908262087,-0.00016211183908262084,2.710505431213761e-20,0.0005427455152640269,0.00038063367618140613,-0.00016211183908262087,0.00014957671920422073,0.0,True
anticyclonic,0.5,147.40625,91153.37758501952,1.09375,-0.00016887601765766685,-0.0001688760176576669,-5.421010862427522e-20,0.0005797435435265104,0.00041086752586884357,-0.00016887601765766685,0.00015977310688295669,0.0,True
anticyclonic,0.5,147.40625,96362.14201844922,1.15625,-0.00017870689300973248,-0.00017870689300973245,2.710505431213761e-20,0.0006143174411320877,0.0004356105481223553,-0.00017870689300973248,0.0001693014217718032,0.0,True
anticyclonic,0.5,147.40625,101570.90645187891,1.21875,-0.00019567662022655288,-0.00019567662022655302,-1.3552527156068805e-19,0.0006184089231299174,0.0004227323029033644,-0.00019567662022655288,0.00017042900447254795,0.0,True
anticyclonic,0.5,147.40625,106779.67088530859,1.28125,-0.00020712074792082045,-0.000207120747920821,-5.421010862427522e-19,0.0005857028772511028,0.00037858212933028186,-0.00020712074792082045,0.00016141545594360987,0.0,True
anticyclonic,0.5,147.40625,111988.43531873828,1.34375,-0.0002011633806306959,-0.00020116338063069577,1.3552527156068805e-19,0.000550613923033632,0.0003494505424029362,-0.0002011633806306959,0.00015174519519607852,0.0,True
anticyclonic,0.5,147.40625,117197.19975216797,1.40625,-0.00019086758604685287,-0.00019086758604685297,-1.0842021724855044e-19,0.0005118279018244882,0.00032096031577763523,-0.00019086758604685287,0.00014105604965679788,0.0,True
anticyclonic,0.5,147.40625,122405.96418559765,1.46875,-0.00017661679599918428,-0.00017661679599918434,-5.421010862427522e-20,0.0004681130128929529,0.0002914962168937686,-0.00017661679599918428,0.0001290085439974004,0.0,True
anticyclonic,0.5,147.40625,127614.72861902734,1.53125,-0.000163174201695004,-0.00016317420169500418,-1.8973538018496328e-19,0.0004345622188651423,0.00027138801717013815,-0.000163174201695004,0.00011976218901842802,0.0,True
anticyclonic,0.5,147.40625,132823.49305245702,1.59375,-0.00015329467062347217,-0.0001532946706234723,-1.3552527156068805e-19,0.00039732135214009645,0.00024402668151662414,-0.00015329467062347217,0.00010949887682441716,0.0,True
anticyclonic,0.5,147.40625,138032.25748588672,1.65625,-0.0001430349852050066,-0.00014303498520500682,-2.168404344971009e-19,0.00036255738305809794,0.00021952239785309112,-0.0001430349852050066,9.991817961815332e-05,0.0,True
anticyclonic,0.5,147.40625,143241.0219193164,1.71875,-0.00013267641734094883,-0.00013267641734094915,-3.2526065174565133e-19,0.0003362774720732742,0.00020360105473232504,-0.00013267641734094883,9.267562715933352e-05,0.0,True
anticyclonic,0.5,147.40625,148449.7863527461,1.7812500000000002,-0.00012197483837911926,-0.00012197483837911935,-9.486769009248164e-20,0.0003158277352134607,0.00019385289683434138,-0.00012197483837911926,8.703982831428452e-05,0.0,True
anticyclonic,0.5,147.40625,153658.55078617577,1.8437499999999998,-0.00010965828895824444,-0.00010965828895824448,-4.0657581468206416e-20,0.00030209321683401485,0.00019243492787577037,-0.00010965828895824444,8.325469487463148e-05,0.0,True
anticyclonic,0.5,147.40625,158867.31521960546,1.90625,-9.9368071652383e-05,-9.936807165238329e-05,-2.846030702774449e-19,0.00029540373487651355,0.00019603566322413027,-9.9368071652383e-05,8.141112226787835e-05,0.0,True
anticyclonic,0.5,147.40625,164076.07965303515,1.96875,-8.929703509434526e-05,-8.929703509434556e-05,-2.981555974335137e-19,0.00028708181893621936,0.0001977847838418738,-8.929703509434526e-05,7.911766272038311e-05,0.0,True
anticyclonic,0.5,147.40625,169284.84408646484,2.03125,-8.138475845685963e-05,-8.138475845685963e-05,0.0,0.00029314951325878127,0.00021176475480192162,-8.138475845685963e-05,8.078987517424627e-05,0.0,True
anticyclonic,0.5,147.40625,174493.60851989454,2.09375,-7.787069337670445e-05,-7.787069337670451e-05,-5.421010862427522e-20,0.00029352439890794056,0.00021565370553123606,-7.787069337670445e-05,8.089319093439716e-05,0.0,True
anticyclonic,0.5,147.40625,179702.37295332423,2.15625,-7.497731869171815e-05,-7.497731869171817e-05,-1.3552527156068805e-20,0.000304143042963425,0.00022916572427170685,-7.497731869171815e-05,8.381961205727667e-05,0.0,True
anticyclonic,0.5,147.40625,184911.1373867539,2.21875,-7.214245365880418e-05,-7.214245365880407e-05,1.0842021724855044e-19,0.00032135530190217535,0.0002492128482433713,-7.214245365880418e-05,8.856318551803454e-05,0.0,True
anticyclonic,0.5,147.40625,190119.9018201836,2.28125,-7.996935053709248e-05,-7.996935053709275e-05,-2.710505431213761e-19,0.0003324160067931641,0.0002524466562560713,-7.996935053709248e-05,9.16114353941765e-05,0.0,True
anticyclonic,0.5,147.40625,195328.66625361328,2.34375,-8.45625964322714e-05,-8.456259643227121e-05,1.8973538018496328e-19,0.00035240114385468496,0.0002678385474224138,-8.45625964322714e-05,9.711919391163708e-05,0.0,True
anticyclonic,0.5,147.40625,200537.43068704297,2.40625,-8.933551957144081e-05,-8.933551957144027e-05,5.421010862427522e-19,0.0003598667026976216,0.0002705311831261813,-8.933551957144081e-05,9.917664766730615e-05,0.0,True
anticyclonic,0.5,147.40625,205746.19512047266,2.46875,-9.155504063864097e-05,-9.155504063864086e-05,1.0842021724855044e-19,0.000365790588600271,0.0002742355479616301,-9.155504063864097e-05,0.00010080922756587499,0.0,True
anticyclonic,0.5,163.16445922851562,2604.3822167148437,0.03125,7.3894719082631955e-06,7.389471908263193e-06,-2.541098841762901e-21,1.0702351685134695e-06,8.459707076776663e-06,7.3894719082631955e-06,5.4599659654186435e-08,0.0,True
anticyclonic,0.5,163.16445922851562,7813.146650144531,0.09375,-5.7645968730847094e-05,-5.764596873084711e-05,-1.3552527156068805e-20,7.4587868697472476e-06,-5.018718186109986e-05,-5.7645968730847094e-05,3.805212503780555e-07,0.0,True
anticyclonic,0.5,163.16445922851562,13021.911083574218,0.15625,-0.00011472827779175308,-0.00011472827779175308,0.0,2.0972871830699358e-05,-9.375540596105373e-05,-0.00011472827779175308,1.0699626564482934e-06,0.0,True
anticyclonic,0.5,163.16445922851562,18230.675517003907,0.21875,-0.0001677776954939243,-0.00016777769549392434,-2.710505431213761e-20,4.246120874064713e-05,-0.00012531648675327722,-0.0001677776954939243,2.1662225405700834e-06,0.0,True
anticyclonic,0.5,163.16445922851562,23439.439950433592,0.28125,-0.00021762663945453919,-0.0002176266394545393,-1.0842021724855044e-19,7.419435805275546e-05,-0.00014343228140178385,-0.00021762663945453919,3.7851369653344655e-06,0.0,True
anticyclonic,0.5,163.16445922851562,28648.20438386328,0.34375,-0.00026251319525590706,-0.00026251319525590717,-1.0842021724855044e-19,0.00010770727051322566,-0.0001548059247426815,-0.00026251319525590706,5.49484868869687e-06,0.0,True
anticyclonic,0.5,163.16445922851562,33856.96881729297,0.40625,-0.0002987701359485111,-0.0002987701359485114,-3.2526065174565133e-19,0.00014106446437426475,-0.00015770567157424666,-0.0002987701359485111,7.196616193086751e-06,0.0,True
anticyclonic,0.5,163.16445922851562,39065.73325072265,0.46874999999999994,-0.00032533222808284694,-0.000325332228082847,-5.421010862427522e-20,0.00017894140608362786,-0.00014639082199921914,-0.00032533222808284694,9.12896544390158e-06,0.0,True
anticyclonic,0.5,163.16445922851562,44274.497684152346,0.53125,-0.00034406756724570525,-0.00034406756724570525,0.0,0.00022130765322053898,-0.00012275991402516627,-0.00034406756724570525,1.1290343375177611e-05,0.0,True
anticyclonic,0.5,163.16445922851562,49483.26211758203,0.59375,-0.0003580072581973473,-0.0003580072581973474,-5.421010862427522e-20,0.0002724844234941375,-8.552283470320986e-05,-0.0003580072581973473,1.3901203419162233e-05,0.0,True
anticyclonic,0.5,163.16445922851562,54692.02655101172,0.65625,-0.00036723873089649636,-0.0003672387308964963,5.421010862427522e-20,0.0003288896330271044,-3.834909786939192e-05,-0.00036723873089649636,1.677880016969763e-05,0.0,True
anticyclonic,0.5,163.16445922851562,59900.7909844414,0.71875,-0.00036832378841576403,-0.0003683237884157642,-1.6263032587282567e-19,0.00037966023311722933,1.1336444701465134e-05,-0.00036832378841576403,1.936893882979226e-05,0.0,True
anticyclonic,0.5,163.16445922851562,65109.555417871095,0.78125,-0.00036096716389850004,-0.00036096716389850036,-3.2526065174565133e-19,0.00043199204379336604,7.102487989486567e-05,-0.00036096716389850004,2.203872500022161e-05,0.0,True
anticyclonic,0.5,163.16445922851562,70318.31985130078,0.84375,-0.00034663805775462495,-0.0003466380577546251,-1.6263032587282567e-19,0.0004849348516010396,0.00013829679384641449,-0.00034663805775462495,2.4739682109910908e-05,0.0,True
anticyclonic,0.5,163.16445922851562,75527.08428473047,0.9062500000000001,-0.0003278215944544165,-0.0003278215944544166,-5.421010862427522e-20,0.0005413155782991594,0.00021349398384474285,-0.0003278215944544165,2.7616029831738087e-05,0.0,True
anticyclonic,0.5,163.16445922851562,80735.84871816015,0.96875,-0.0003064013461991499,-0.0003064013461991503,-3.7947076036992655e-19,0.0005978611802979793,0.00029145983409882906,-0.0003064013461991499,3.0500788915449504e-05,0.0,True
anticyclonic,0.5,163.16445922851562,85944.61315158985,1.03125,-0.0002818775220242907,-0.0002818775220242909,-2.168404344971009e-19,0.0006466742271589744,0.0003647967051346835,-0.0002818775220242907,3.2991060048097906e-05,0.0,True
anticyclonic,0.5,163.16445922851562,91153.37758501952,1.09375,-0.0002532102023328288,-0.00025321020233282885,-5.421010862427522e-20,0.000690120563355401,0.0004369103610225721,-0.0002532102023328288,3.5207540350124525e-05,0.0,True
anticyclonic,0.5,163.16445922851562,96362.14201844922,1.15625,-0.00022759729335336215,-0.0002275972933533624,-2.439454888092385e-19,0.0007301691986710035,0.0005025719053176411,-0.00022759729335336215,3.725068182237097e-05,0.0,True
anticyclonic,0.5,163.16445922851562,101570.90645187891,1.21875,-0.00021764257267249052,-0.00021764257267249066,-1.3552527156068805e-19,0.0007313909028714554,0.0005137483301989647,-0.00021764257267249052,3.731300890290917e-05,0.0,True
anticyclonic,0.5,163.16445922851562,106779.67088530859,1.28125,-0.00020831424010122276,-0.00020831424010122273,2.710505431213761e-20,0.0006868500339996361,0.0004785357938984134,-0.00020831424010122276,3.504068936730566e-05,0.0,True
anticyclonic,0.5,163.16445922851562,111988.43531873828,1.34375,-0.00018625839260614157,-0.00018625839260614165,-8.131516293641283e-20,0.0006418915793896718,0.00045563318678353015,-0.00018625839260614157,3.274706606609067e-05,0.0,True
anticyclonic,0.5,163.16445922851562,117197.19975216797,1.40625,-0.00016107987278426699,-0.00016107987278426674,2.439454888092385e-19,0.0005951848760641694,0.0004341050032799026,-0.00016107987278426699,3.0364253222551237e-05,0.0,True
anticyclonic,0.5,163.16445922851562,122405.96418559765,1.46875,-0.00013268078382746545,-0.00013268078382746564,-1.8973538018496328e-19,0.0005449160701470045,0.0004122352863195389,-0.00013268078382746545,2.7799714348247733e-05,0.0,True
anticyclonic,0.5,163.16445922851562,127614.72861902734,1.53125,-0.00011004046826266294,-0.00011004046826266306,-1.2197274440461925e-19,0.0005069487807968168,0.0003969083125341537,-0.00011004046826266294,2.5862755876408673e-05,0.0,True
anticyclonic,0.5,163.16445922851562,132823.49305245702,1.59375,-8.749956983290715e-05,-8.749956983290701e-05,1.3552527156068805e-19,0.00046767645290698095,0.0003801768830740739,-8.749956983290715e-05,2.3859218897156748e-05,0.0,True
anticyclonic,0.5,163.16445922851562,138032.25748588672,1.65625,-6.37647225443438e-05,-6.376472254434366e-05,1.3552527156068805e-19,0.0004278860383705175,0.0003641213158261739,-6.37647225443438e-05,2.1829250947021542e-05,0.0,True
anticyclonic,0.5,163.16445922851562,143241.0219193164,1.71875,-4.226493764872473e-05,-4.226493764872478e-05,-4.743384504624082e-20,0.0003987934488150945,0.0003565285111663697,-4.226493764872473e-05,2.0345048656798404e-05,0.0,True
anticyclonic,0.5,163.16445922851562,148449.7863527461,1.7812500000000002,-2.374300625201219e-05,-2.3743006252012172e-05,1.6940658945086007e-20,0.00037658022851531046,0.0003528372222632983,-2.374300625201219e-05,1.9211807754356122e-05,0.0,True
anticyclonic,0.5,163.16445922851562,153658.55078617577,1.8437499999999998,-7.156770150267639e-06,-7.1567701502675355e-06,1.0333801956502464e-19,0.00035983260595635804,0.0003526758358060905,-7.156770150267639e-06,1.835740255572517e-05,0.0,True
anticyclonic,0.5,163.16445922851562,158867.31521960546,1.90625,6.611175275774919e-06,6.611175275774927e-06,8.470329472543003e-21,0.0003502796041269594,0.0003568907794027343,6.611175275774919e-06,1.787004177380893e-05,0.0,True
anticyclonic,0.5,163.16445922851562,164076.07965303515,1.96875,1.481471017769262e-05,1.48147101776926e-05,-1.8634724839594607e-20,0.000342537090482134,0.00035735180065982663,1.481471017769262e-05,1.7475045774506708e-05,0.0,True
anticyclonic,0.5,163.16445922851562,169284.84408646484,2.03125,1.3718157134532152e-05,1.3718157134532006e-05,-1.4568966692773966e-19,0.00035035886799761676,0.0003640770251321488,1.3718157134532152e-05,1.7874085539598068e-05,0.0,True
anticyclonic,0.5,163.16445922851562,174493.60851989454,2.09375,8.839898908377382e-06,8.839898908377278e-06,-1.0333801956502464e-19,0.0003538503276735191,0.00036269022658189635,8.839898908377382e-06,1.8052207615576345e-05,0.0,True
anticyclonic,0.5,163.16445922851562,179702.37295332423,2.15625,6.000781365254046e-06,6.000781365253834e-06,-2.1175823681357508e-19,0.0003661862913423092,0.00037218707270756307,6.000781365254046e-06,1.8681545388841527e-05,0.0,True
anticyclonic,0.5,163.16445922851562,184911.1373867539,2.21875,1.0840944890971582e-06,1.084094489096921e-06,-2.371692252312041e-19,0.0003845303154564966,0.00038561440994559353,1.0840944890971582e-06,1.9617393418124645e-05,0.0,True
anticyclonic,0.5,163.16445922851562,190119.9018201836,2.28125,-1.342651846972382e-05,-1.3426518469723995e-05,-1.7448878713438587e-19,0.0003959336304885467,0.0003825071120188227,-1.342651846972382e-05,2.0199150715956863e-05,0.0,True
anticyclonic,0.5,163.16445922851562,195328.66625361328,2.34375,-2.6579701187126277e-05,-2.657970118712709e-05,-8.131516293641283e-19,0.00040964532369625837,0.0003830656225091313,-2.6579701187126277e-05,2.0898673404473574e-05,0.0,True
anticyclonic,0.5,163.16445922851562,200537.43068704297,2.40625,-4.7531049863312667e-05,-4.753104986331313e-05,-4.607859233063394e-19,0.0004195431784589411,0.000372012128595628,-4.7531049863312667e-05,2.1403627378374164e-05,0.0,True
anticyclonic,0.5,163.16445922851562,205746.19512047266,2.46875,-7.109574341503053e-05,-7.109574341503085e-05,-3.2526065174565133e-19,0.0004278635832605401,0.00035676783984550924,-7.109574341503053e-05,2.1828105365752735e-05,0.0,True
anticyclonic,0.5,180.5499267578125,2604.3822167148437,0.03125,7.221889225817301e-06,7.221889225817301e-06,0.0,1.9928146537914054e-07,7.421170691196441e-06,7.221889225817301e-06,1.1842843637438269e-07,1.0,False
anticyclonic,0.5,180.5499267578125,7813.146650144531,0.09375,-9.489727875484027e-06,-9.48972787548403e-06,-3.3881317890172014e-21,1.5204742914338974e-06,-7.969253584050134e-06,-9.489727875484027e-06,9.035832436266909e-07,1.0,False
anticyclonic,0.5,180.5499267578125,13021.911083574218,0.15625,-1.842514903149087e-05,-1.842514903149087e-05,0.0,4.420080583967938e-06,-1.4005068447522932e-05,-1.842514903149087e-05,2.6267532267096823e-06,0.0,True
anticyclonic,0.5,180.5499267578125,18230.675517003907,0.21875,-2.612933199593037e-05,-2.6129331995930398e-05,-2.710505431213761e-20,9.324018360358922e-06,-1.6805313635571476e-05,-2.612933199593037e-05,5.541051763356443e-06,0.0,True
anticyclonic,0.5,180.5499267578125,23439.439950433592,0.28125,-3.4335639935935097e-05,-3.4335639935935124e-05,-2.710505431213761e-20,1.6120704524997127e-05,-1.8214935410937997e-05,-3.4335639935935097e-05,9.580167561075564e-06,0.0,True
anticyclonic,0.5,180.5499267578125,28648.20438386328,0.34375,-4.1655312758330444e-05,-4.165531275833046e-05,-1.3552527156068805e-20,2.3432041280391315e-05,-1.8223271477939143e-05,-4.1655312758330444e-05,1.3925128484062231e-05,0.0,True
anticyclonic,0.5,180.5499267578125,33856.96881729297,0.40625,-4.5508794709835007e-05,-4.550879470983509e-05,-8.131516293641283e-20,3.099591407596218e-05,-1.4512880633872905e-05,-4.5508794709835007e-05,1.8420165824388576e-05,0.0,True
anticyclonic,0.5,180.5499267578125,39065.73325072265,0.46874999999999994,-4.475643870727391e-05,-4.4756438707274044e-05,-1.3552527156068805e-19,3.928466995737919e-05,-5.471768749894853e-06,-4.475643870727391e-05,2.3345984673911823e-05,0.0,True
anticyclonic,0.5,180.5499267578125,44274.497684152346,0.53125,-4.113558805257678e-05,-4.1135588052576806e-05,-2.710505431213761e-20,4.8877616034122944e-05,7.742027981546138e-06,-4.113558805257678e-05,2.9046854054469123e-05,0.0,True
anticyclonic,0.5,180.5499267578125,49483.26211758203,0.59375,-3.62325787561056e-05,-3.623257875610571e-05,-1.0842021724855044e-19,5.996676909506123e-05,2.373419033895552e-05,-3.62325787561056e-05,3.563688517063225e-05,0.0,True
anticyclonic,0.5,180.5499267578125,54692.02655101172,0.65625,-3.0185133869578258e-05,-3.0185133869578322e-05,-6.437450399132683e-20,7.20080688576845e-05,4.182293498810617e-05,-3.0185133869578258e-05,4.2792755387110325e-05,0.0,True
anticyclonic,0.5,180.5499267578125,59900.7909844414,0.71875,-2.064761042299735e-05,-2.0647610422997435e-05,-8.470329472543003e-20,8.287066627925762e-05,6.222305585626019e-05,-2.064761042299735e-05,4.9248149646450024e-05,0.0,True
anticyclonic,0.5,180.5499267578125,65109.555417871095,0.78125,-7.109070953179356e-06,-7.109070953179573e-06,-2.168404344971009e-19,9.370450089043455e-05,8.659542993725498e-05,-7.109070953179356e-06,5.568645082262479e-05,0.0,True
anticyclonic,0.5,180.5499267578125,70318.31985130078,0.84375,8.501225642304367e-06,8.501225642304079e-06,-2.879912020664621e-19,0.0001048533040686085,0.00011335452971091258,8.501225642304367e-06,6.231193064497003e-05,0.0,True
anticyclonic,0.5,180.5499267578125,75527.08428473047,0.9062500000000001,2.4493574754384545e-05,2.4493574754384505e-05,-4.0657581468206416e-20,0.00011664105016180782,0.00014113462491619231,2.4493574754384545e-05,6.93171196902226e-05,0.0,True
anticyclonic,0.5,180.5499267578125,80735.84871816015,0.96875,3.91260467314872e-05,3.9126046731487e-05,-2.0328790734103208e-19,0.00012847020329024414,0.00016759625002173113,3.91260467314872e-05,7.634691599349933e-05,0.0,True
anticyclonic,0.5,180.5499267578125,85944.61315158985,1.03125,5.354891069047673e-05,5.354891069047657e-05,-1.5585406229479126e-19,0.00013860876073432585,0.0001921576714248024,5.354891069047673e-05,8.237202978373612e-05,0.0,True
anticyclonic,0.5,180.5499267578125,91153.37758501952,1.09375,6.84832465627609e-05,6.848324656276076e-05,-1.4907779871675686e-19,0.00014764658529033156,0.0002161298318530923,6.84832465627609e-05,8.774300308703557e-05,0.0,True
anticyclonic,0.5,180.5499267578125,96362.14201844922,1.15625,7.994055532892434e-05,7.994055532892406e-05,-2.710505431213761e-19,0.00015588021912049628,0.00023582077444942034,7.994055532892434e-05,9.263606415686697e-05,0.0,True
anticyclonic,0.5,180.5499267578125,101570.90645187891,1.21875,7.662043072690936e-05,7.662043072690921e-05,-1.4907779871675686e-19,0.00016001119680539953,0.00023663162753230873,7.662043072690936e-05,9.509101011478527e-05,0.0,True
anticyclonic,0.5,180.5499267578125,106779.67088530859,1.28125,6.849652227638542e-05,6.849652227638531e-05,-1.0842021724855044e-19,0.000148828132724093,0.0002173246550004783,6.849652227638542e-05,8.84451698179772e-05,0.0,True
anticyclonic,0.5,180.5499267578125,111988.43531873828,1.34375,6.183923336503699e-05,6.183923336503686e-05,-1.2197274440461925e-19,0.00013792146302050477,0.00019976069638554162,6.183923336503699e-05,8.196358440515231e-05,0.0,True
anticyclonic,0.5,180.5499267578125,117197.19975216797,1.40625,5.517454551171143e-05,5.5174545511711484e-05,5.421010862427522e-20,0.00012729391849394052,0.00018246846400565202,5.517454551171143e-05,7.564787672814587e-05,0.0,True
anticyclonic,0.5,180.5499267578125,122405.96418559765,1.46875,5.0314038939408135e-05,5.031403893940799e-05,-1.4230153513872246e-19,0.00011646354998459641,0.0001667775889240044,5.0314038939408135e-05,6.921163537735221e-05,0.0,True
anticyclonic,0.5,180.5499267578125,127614.72861902734,1.53125,4.763239821051601e-05,4.7632398210515886e-05,-1.2197274440461925e-19,0.00010943080020678846,0.00015706319841730435,4.763239821051601e-05,6.503223235051526e-05,0.0,True
anticyclonic,0.5,180.5499267578125,132823.49305245702,1.59375,4.7596550786320466e-05,4.759655078632045e-05,-1.3552527156068805e-20,0.00010023760544284349,0.00014783415622916395,4.7596550786320466e-05,5.956892607108881e-05,0.0,True
anticyclonic,0.5,180.5499267578125,138032.25748588672,1.65625,4.906210536817302e-05,4.906210536817302e-05,0.0,9.196443843515296e-05,0.00014102654380332598,4.906210536817302e-05,5.465237133419516e-05,0.0,True
anticyclonic,0.5,180.5499267578125,143241.0219193164,1.71875,5.032414769975428e-05,5.032414769975428e-05,0.0,8.506433198071269e-05,0.00013538847968046696,5.032414769975428e-05,5.0551795213573746e-05,0.0,True
anticyclonic,0.5,180.5499267578125,148449.7863527461,1.7812500000000002,5.069118991083542e-05,5.069118991083535e-05,-7.453889935837843e-20,8.026371160533946e-05,0.0001309549015161748,5.069118991083542e-05,4.7698895855367987e-05,0.0,True
anticyclonic,0.5,180.5499267578125,153658.55078617577,1.8437499999999998,5.0977231848386094e-05,5.0977231848386135e-05,4.0657581468206416e-20,7.634614875911499e-05,0.00012732338060750112,5.0977231848386094e-05,4.5370777475698026e-05,0.0,True
anticyclonic,0.5,180.5499267578125,158867.31521960546,1.90625,5.037184379463981e-05,5.037184379463975e-05,-6.098637220230962e-20,7.505090899868872e-05,0.00012542275279332847,5.037184379463981e-05,4.460104598428523e-05,0.0,True
anticyclonic,0.5,180.5499267578125,164076.07965303515,1.96875,4.95256563386891e-05,4.952565633868906e-05,-4.0657581468206416e-20,7.393066635100301e-05,0.00012345632268969206,4.95256563386891e-05,4.39353112915334e-05,0.0,True
anticyclonic,0.5,180.5499267578125,169284.84408646484,2.03125,4.665537755502907e-05,4.6655377555029036e-05,-3.3881317890172014e-20,7.492104847957944e-05,0.00012157642603460847,4.665537755502907e-05,4.452387283526398e-05,0.0,True
anticyclonic,0.5,180.5499267578125,174493.60851989454,2.09375,4.2907677225705135e-05,4.290767722570519e-05,5.421010862427522e-20,7.583601278840882e-05,0.00011874369001411401,4.2907677225705135e-05,4.5067615286308666e-05,0.0,True
anticyclonic,0.5,180.5499267578125,179702.37295332423,2.15625,4.641400237249073e-05,4.641400237249065e-05,-8.131516293641283e-20,7.925959182764297e-05,0.00012567359420013362,4.641400237249073e-05,4.710217033963101e-05,0.0,True
anticyclonic,0.5,180.5499267578125,184911.1373867539,2.21875,4.137563373446495e-05,4.1375633734464675e-05,-2.778268066994105e-19,8.30958628254882e-05,0.00012447149655995287,4.137563373446495e-05,4.938197882517599e-05,0.0,True
anticyclonic,0.5,180.5499267578125,190119.9018201836,2.28125,4.484852012683081e-05,4.48485201268302e-05,-6.098637220230962e-19,8.56557354542471e-05,0.00013050425558107728,4.484852012683081e-05,5.090325282908158e-05,0.0,True
anticyclonic,0.5,180.5499267578125,195328.66625361328,2.34375,4.3254993812755935e-05,4.325499381275529e-05,-6.437450399132683e-19,8.892611747089877e-05,0.00013218111128365405,4.3254993812755935e-05,5.284676638084161e-05,0.0,True
anticyclonic,0.5,180.5499267578125,200537.43068704297,2.40625,4.0163144492099825e-05,4.016314449209907e-05,-7.521652571618187e-19,9.046013187251807e-05,0.00013062327636461713,4.0163144492099825e-05,5.3758396203584646e-05,0.0,True
anticyclonic,0.5,180.5499267578125,205746.19512047266,2.46875,3.9463394132607015e-05,3.946339413260669e-05,-3.2526065174565133e-19,9.329949018913942e-05,0.00013276288432174612,3.9463394132607015e-05,5.544576218668958e-05,0.0,True
anticyclonic,0.5,199.7899627685547,2604.3822167148437,0.03125,6.734750359911467e-06,6.734750359911467e-06,0.0,5.342491209712788e-07,7.2689994808827456e-06,6.734750359911467e-06,9.269056997437082e-08,0.0,True
anticyclonic,0.5,199.7899627685547,7813.146650144531,0.09375,5.1222705877017575e-05,5.1222705877017575e-05,0.0,5.049688104289646e-06,5.627239398130722e-05,5.1222705877017575e-05,8.761052666375284e-07,0.0,True
anticyclonic,0.5,199.7899627685547,13021.911083574218,0.15625,0.00010095818667484891,0.00010095818667484891,0.0,1.64432342737548e-05,0.00011740142094860372,0.00010095818667484891,2.8528502850608883e-06,0.0,True
anticyclonic,0.5,199.7899627685547,18230.675517003907,0.21875,0.0001496063626875863,0.00014960636268758628,-2.710505431213761e-20,3.6961492103006335e-05,0.00018656785479059262,0.0001496063626875863,6.4127045523300794e-06,0.0,True
anticyclonic,0.5,199.7899627685547,23439.439950433592,0.28125,0.00019443730994606284,0.00019443730994606284,0.0,6.198054145824867e-05,0.0002564178514043115,0.00019443730994606284,1.0753432227722918e-05,0.0,True
anticyclonic,0.5,199.7899627685547,28648.20438386328,0.34375,0.0002342875400132473,0.0002342875400132473,0.0,8.901250227981897e-05,0.0003233000422930663,0.0002342875400132473,1.5443393816280992e-05,0.0,True
anticyclonic,0.5,199.7899627685547,33856.96881729297,0.40625,0.0002693554147458447,0.00026935541474584464,-5.421010862427522e-20,0.00011671787120796165,0.0003860732859538063,0.0002693554147458447,2.0250189628375225e-05,0.0,True
anticyclonic,0.5,199.7899627685547,39065.73325072265,0.46874999999999994,0.0002994813173473401,0.0002994813173473399,-2.168404344971009e-19,0.0001482081675174631,0.000447689484864803,0.0002994813173473401,2.5713658633776603e-05,0.0,True
anticyclonic,0.5,199.7899627685547,44274.497684152346,0.53125,0.00032505348933733655,0.00032505348933733655,0.0,0.00018688106151840716,0.0005119345508557437,0.00032505348933733655,3.242328612177137e-05,0.0,True
anticyclonic,0.5,199.7899627685547,49483.26211758203,0.59375,0.00034647220675670704,0.0003464722067567068,-2.168404344971009e-19,0.00022973039006170961,0.0005762025968184165,0.00034647220675670704,3.985751208451525e-05,0.0,True
anticyclonic,0.5,199.7899627685547,54692.02655101172,0.65625,0.00036231982264968096,0.0003623198226496808,-1.6263032587282567e-19,0.0002728431256967068,0.0006351629483463876,0.00036231982264968096,4.73374383629098e-05,0.0,True
anticyclonic,0.5,199.7899627685547,59900.7909844414,0.71875,0.0003727816872596651,0.00037278168725966507,-5.421010862427522e-20,0.00031241881773285833,0.0006852005049925235,0.0003727816872596651,5.420369851752082e-05,0.0,True
anticyclonic,0.5,199.7899627685547,65109.555417871095,0.78125,0.00037849191198978556,0.0003784919119897854,-1.6263032587282567e-19,0.000351344752413114,0.0007298366644028994,0.00037849191198978556,6.095722778068267e-05,0.0,True
anticyclonic,0.5,199.7899627685547,70318.31985130078,0.84375,0.0003791724146851552,0.0003791724146851547,-4.87890977618477e-19,0.00039212153435911115,0.0007712939490442659,0.0003791724146851552,6.803187331949733e-05,0.0,True
anticyclonic,0.5,199.7899627685547,75527.08428473047,0.9062500000000001,0.00037481630636503467,0.0003748163063650344,-2.710505431213761e-19,0.0004353226054242574,0.0008101389117892918,0.00037481630636503467,7.552712552178776e-05,0.0,True
anticyclonic,0.5,199.7899627685547,80735.84871816015,0.96875,0.000363767752061823,0.00036376775206182257,-4.336808689942018e-19,0.00047758363867432687,0.0008413513907361494,0.000363767752061823,8.285928407084294e-05,0.0,True
anticyclonic,0.5,199.7899627685547,85944.61315158985,1.03125,0.00034654952382361836,0.0003465495238236186,2.168404344971009e-19,0.000513564831574836,0.0008601143553984545,0.00034654952382361836,8.910190974375495e-05,0.0,True
anticyclonic,0.5,199.7899627685547,91153.37758501952,1.09375,0.0003249844309193179,0.000324984430919318,5.421010862427522e-20,0.0005455241004507333,0.0008705085313700512,0.0003249844309193179,9.46467440388222e-05,0.0,True
anticyclonic,0.5,199.7899627685547,96362.14201844922,1.15625,0.00029768772986315606,0.0002976877298631559,-1.6263032587282567e-19,0.0005749949966990346,0.0008726827265621905,0.00029768772986315606,9.975985337991825e-05,0.0,True
anticyclonic,0.5,199.7899627685547,101570.90645187891,1.21875,0.00026052374230290477,0.0002605237423029046,-1.6263032587282567e-19,0.0005931347983524161,0.0008536585406553207,0.00026052374230290477,0.00010290705285760228,0.0,True
anticyclonic,0.5,199.7899627685547,106779.67088530859,1.28125,0.00022117790416575122,0.00022117790416575087,-3.5236570605778894e-19,0.0005531989398397831,0.000774376844005534,0.00022117790416575122,9.597830493337167e-05,0.0,True
anticyclonic,0.5,199.7899627685547,111988.43531873828,1.34375,0.00018787480194034243,0.00018787480194034232,-1.0842021724855044e-19,0.0005111943258488412,0.0006990691277891835,0.00018787480194034243,8.869063433263119e-05,0.0,True
anticyclonic,0.5,199.7899627685547,117197.19975216797,1.40625,0.0001595739434252156,0.00015957394342521567,8.131516293641283e-20,0.0004662788303610276,0.0006258527737862433,0.0001595739434252156,8.08979347959846e-05,0.0,True
anticyclonic,0.5,199.7899627685547,122405.96418559765,1.46875,0.0001334467418920109,0.00013344674189201067,-2.168404344971009e-19,0.0004327951660351488,0.0005662419079271595,0.0001334467418920109,7.508862260553356e-05,0.0,True
anticyclonic,0.5,199.7899627685547,127614.72861902734,1.53125,0.00010933849427744176,0.00010933849427744166,-9.486769009248164e-20,0.00039556880272482233,0.000504907297002264,0.00010933849427744176,6.862996371802053e-05,0.0,True
anticyclonic,0.5,199.7899627685547,132823.49305245702,1.59375,8.293505248130621e-05,8.293505248130616e-05,-5.421010862427522e-20,0.00035813668667394687,0.00044107173915525303,8.293505248130621e-05,6.213560736644693e-05,0.0,True
anticyclonic,0.5,199.7899627685547,138032.25748588672,1.65625,5.9118388928647885e-05,5.911838892864787e-05,-1.3552527156068805e-20,0.0003325069635809667,0.00039162535250961453,5.9118388928647885e-05,5.768892968646373e-05,0.0,True
anticyclonic,0.5,199.7899627685547,143241.0219193164,1.71875,3.985703660444141e-05,3.985703660444141e-05,0.0,0.0003046848987582893,0.0003445419353627307,3.985703660444141e-05,5.286188749762596e-05,0.0,True
anticyclonic,0.5,199.7899627685547,148449.7863527461,1.7812500000000002,2.235340017122405e-05,2.2353400171223907e-05,-1.4230153513872246e-19,0.00029075946916348315,0.0003131128693347071,2.235340017122405e-05,5.044586853640816e-05,0.0,True
anticyclonic,0.5,199.7899627685547,153658.55078617577,1.8437499999999998,9.906107205703465e-06,9.906107205703361e-06,-1.0333801956502464e-19,0.0002767483053001076,0.000286654412505811,9.906107205703465e-06,4.8014974944782754e-05,0.0,True
anticyclonic,0.5,199.7899627685547,158867.31521960546,1.90625,7.362869106089661e-07,7.362869106090317e-07,6.564505341220828e-20,0.0002716520231973111,0.0002723883101079201,7.362869106089661e-07,4.713078576352664e-05,0.0,True
anticyclonic,0.5,199.7899627685547,164076.07965303515,1.96875,-3.038632431477994e-06,-3.0386324314779955e-06,-1.6940658945086007e-21,0.00027006645764470063,0.00026702782521322266,-3.038632431477994e-06,4.6855695044545204e-05,0.0,True
anticyclonic,0.5,199.7899627685547,169284.84408646484,2.03125,-1.9227065938803433e-06,-1.922706593880462e-06,-1.1858461261560205e-19,0.00027467951703531984,0.00027275681044143936,-1.9227065938803433e-06,4.765604657992022e-05,0.0,True
anticyclonic,0.5,199.7899627685547,174493.60851989454,2.09375,3.4981091802554214e-06,3.4981091802555196e-06,9.825582188149884e-20,0.0002785774464032567,0.0002820755555835122,3.4981091802554214e-06,4.8332325268366255e-05,0.0,True
anticyclonic,0.5,199.7899627685547,179702.37295332423,2.15625,1.2690249599430228e-05,1.2690249599430456e-05,2.286988957586611e-19,0.00029026979062066834,0.0003029600402200988,1.2690249599430228e-05,5.0360910823880326e-05,0.0,True
anticyclonic,0.5,199.7899627685547,184911.1373867539,2.21875,2.1075274099337317e-05,2.1075274099337558e-05,2.405573570202213e-19,0.0003021152627923772,0.0003231905368917148,2.1075274099337317e-05,5.241606360581681e-05,0.0,True
anticyclonic,0.5,199.7899627685547,190119.9018201836,2.28125,3.379175637242955e-05,3.379175637242972e-05,1.6940658945086007e-19,0.0003104987768226443,0.000344290533195074,3.379175637242955e-05,5.387057735857854e-05,0.0,True
anticyclonic,0.5,199.7899627685547,195328.66625361328,2.34375,4.2754843080617076e-05,4.275484308061712e-05,4.743384504624082e-20,0.00032020908545680516,0.0003629639285374223,4.2754843080617076e-05,5.555528587113744e-05,0.0,True
anticyclonic,0.5,199.7899627685547,200537.43068704297,2.40625,6.051884543485084e-05,6.0518845434851005e-05,1.6263032587282567e-19,0.00032329699407522805,0.00038381583951007905,6.051884543485084e-05,5.6091028465060735e-05,0.0,True
anticyclonic,0.5,199.7899627685547,205746.19512047266,2.46875,7.433976497408307e-05,7.433976497408325e-05,1.7618285302889447e-19,0.00033276038156102706,0.0004071001465351103,7.433976497408307e-05,5.773289692214369e-05,0.0,True
anticyclonic,0.5,221.14117431640625,2604.3822167148437,0.03125,5.653758324335807e-06,5.653758324335807e-06,0.0,1.0685670081273943e-07,5.760615025148547e-06,5.653758324335807e-06,6.941400352982149e-07,1.0,False
anticyclonic,0.5,221.14117431640625,7813.146650144531,0.09375,4.327595165451228e-05,4.327595165451226e-05,-2.0328790734103208e-20,9.700837789953114e-07,4.424603543350757e-05,4.327595165451228e-05,6.3016543040579426e-06,1.0,False
anticyclonic,0.5,221.14117431640625,13021.911083574218,0.15625,8.528375687725705e-05,8.528375687725696e-05,-9.486769009248164e-20,3.7040679855935414e-06,8.89878248628505e-05,8.528375687725705e-05,2.40615877405075e-05,0.0,True
anticyclonic,0.5,221.14117431640625,18230.675517003907,0.21875,0.0001265650279580478,0.00012656502795804758,-2.168404344971009e-19,8.554582129907485e-06,0.00013511961008795507,0.0001265650279580478,5.557047799951844e-05,0.0,True
anticyclonic,0.5,221.14117431640625,23439.439950433592,0.28125,0.0001651419043144513,0.000165141904314451,-2.981555974335137e-19,1.434833532710469e-05,0.0001794902396415557,0.0001651419043144513,9.320663949639436e-05,0.0,True
anticyclonic,0.5,221.14117431640625,28648.20438386328,0.34375,0.00020020385584204289,0.0002002038558420423,-5.963111948670274e-19,2.0605319867798935e-05,0.00022080917570984121,0.00020020385584204289,0.00013385194706160876,0.0,True
anticyclonic,0.5,221.14117431640625,33856.96881729297,0.40625,0.00023163155660184336,0.00023163155660184276,-5.963111948670274e-19,2.7196599211114052e-05,0.00025882815581295684,0.00023163155660184336,0.00017666883024469582,0.0,True
anticyclonic,0.5,221.14117431640625,39065.73325072265,0.46874999999999994,0.0002583101283967552,0.00025831012839675426,-9.215718466126788e-19,3.483415681866342e-05,0.0002931442852154177,0.0002583101283967552,0.00022628232632845684,0.0,True
anticyclonic,0.5,221.14117431640625,44274.497684152346,0.53125,0.00028020041917175794,0.0002802004191717569,-1.0299920638612292e-18,4.388989969366227e-05,0.00032409031886541917,0.00028020041917175794,0.00028510833940103945,0.0,True
anticyclonic,0.5,221.14117431640625,49483.26211758203,0.59375,0.0002971655207591015,0.0002971655207591004,-1.0842021724855044e-18,5.3800819625697655e-05,0.00035096634038479807,0.0002971655207591015,0.0003494895738873717,0.0,True
anticyclonic,0.5,221.14117431640625,54692.02655101172,0.65625,0.0003072928720996578,0.0003072928720996565,-1.3010426069826053e-18,6.344402466562787e-05,0.0003707368967652844,0.0003072928720996578,0.0004121317351734055,0.0,True
anticyclonic,0.5,221.14117431640625,59900.7909844414,0.71875,0.00031073938099973245,0.00031073938099973115,-1.3010426069826053e-18,7.244967294767669e-05,0.0003831890539474078,0.00031073938099973245,0.0004706323342826699,0.0,True
anticyclonic,0.5,221.14117431640625,65109.555417871095,0.78125,0.0003088182192905369,0.00030881821929053553,-1.3552527156068805e-18,8.140734473565825e-05,0.00039022556402619376,0.0003088182192905369,0.0005288212785772896,0.0,True
anticyclonic,0.5,221.14117431640625,70318.31985130078,0.84375,0.0003022177566617036,0.00030221775666170256,-1.0299920638612292e-18,9.06820120253427e-05,0.00039289976868704527,0.0003022177566617036,0.0005890694224079967,0.0,True
anticyclonic,0.5,221.14117431640625,75527.08428473047,0.9062500000000001,0.00029093996591406075,0.0002909399659140594,-1.3552527156068805e-18,0.00010046601791972682,0.0003914059838337862,0.00029093996591406075,0.0006526262246041212,0.0,True
anticyclonic,0.5,221.14117431640625,80735.84871816015,0.96875,0.00027283519206009984,0.0002728351920600983,-1.5178830414797062e-18,0.0001099528430742701,0.0003827880351343684,0.00027283519206009984,0.0007142525437545023,0.0,True
anticyclonic,0.5,221.14117431640625,85944.61315158985,1.03125,0.00024795489530409995,0.00024795489530409843,-1.5178830414797062e-18,0.00011804805370331541,0.0003660029490074138,0.00024795489530409995,0.0007668389491839509,0.0,True
anticyclonic,0.5,221.14117431640625,91153.37758501952,1.09375,0.0002191345121346312,0.00021913451213463026,-9.486769009248164e-19,0.00012528643945838294,0.00034442095159301317,0.0002191345121346312,0.0008138594289976572,0.0,True
anticyclonic,0.5,221.14117431640625,96362.14201844922,1.15625,0.000186913810665833,0.00018691381066583213,-8.673617379884035e-19,0.00013212110432230285,0.000319034914988135,0.000186913810665833,0.0008582573420326742,0.0,True
anticyclonic,0.5,221.14117431640625,101570.90645187891,1.21875,0.00014407826325518177,0.00014407826325518099,-7.860465750519907e-19,0.00013722107282834037,0.00028129933608352136,0.00014407826325518177,0.0008913866852734363,0.0,True
anticyclonic,0.5,221.14117431640625,106779.67088530859,1.28125,0.00010256416165692893,0.00010256416165692827,-6.640738306473715e-19,0.0001295012259474623,0.00023206538760439058,0.00010256416165692893,0.0008412386389119802,0.0,True
anticyclonic,0.5,221.14117431640625,111988.43531873828,1.34375,7.580207367047761e-05,7.580207367047715e-05,-4.607859233063394e-19,0.00011888705838590297,0.0001946891320563801,7.580207367047761e-05,0.0007722891150187289,0.0,True
anticyclonic,0.5,221.14117431640625,117197.19975216797,1.40625,5.607561295670485e-05,5.607561295670456e-05,-2.913793338554793e-19,0.00010790984236556551,0.00016398545532227008,5.607561295670485e-05,0.0007009812320513675,0.0,True
anticyclonic,0.5,221.14117431640625,122405.96418559765,1.46875,3.7882484298383834e-05,3.788248429838376e-05,-7.453889935837843e-20,0.00010008606758411508,0.00013796855188249882,3.7882484298383834e-05,0.0006501580711110119,0.0,True
anticyclonic,0.5,221.14117431640625,127614.72861902734,1.53125,1.7626279780337058e-05,1.7626279780337106e-05,4.743384504624082e-20,9.082693261924832e-05,0.00010845321239958543,1.7626279780337058e-05,0.0005900108251034195,0.0,True
anticyclonic,0.5,221.14117431640625,132823.49305245702,1.59375,-4.594450423232106e-06,-4.594450423231773e-06,3.3288394827094003e-19,8.380763602219421e-05,7.921318559896244e-05,-4.594450423232106e-06,0.0005444135462188098,0.0,True
anticyclonic,0.5,221.14117431640625,138032.25748588672,1.65625,-2.1801207368860873e-05,-2.1801207368860314e-05,5.590417451878382e-19,7.62726268441404e-05,5.447141947528009e-05,-2.1801207368860873e-05,0.0004954662036839456,0.0,True
anticyclonic,0.5,221.14117431640625,143241.0219193164,1.71875,-3.278681254043524e-05,-3.2786812540434554e-05,6.844026213814747e-19,7.116435629656836e-05,3.837754375613381e-05,-3.278681254043524e-05,0.0004622829304663081,0.0,True
anticyclonic,0.5,221.14117431640625,148449.7863527461,1.7812500000000002,-4.197230871639797e-05,-4.19723087163966e-05,1.3688052427629493e-18,6.664873013393795e-05,2.4676421417541345e-05,-4.197230871639797e-05,0.00043294946911029246,0.0,True
anticyclonic,0.5,221.14117431640625,153658.55078617577,1.8437499999999998,-4.6652712656552674e-05,-4.665271265655128e-05,1.395910297075087e-18,6.368222313748873e-05,1.702951048093745e-05,-4.6652712656552674e-05,0.0004136790700097601,0.0,True
anticyclonic,0.5,221.14117431640625,158867.31521960546,1.90625,-5.0922677483338145e-05,-5.092267748333566e-05,2.4868887331386258e-18,6.222736668103232e-05,1.1304689197696667e-05,-5.0922677483338145e-05,0.00040422833735230865,0.0,True
anticyclonic,0.5,221.14117431640625,164076.07965303515,1.96875,-5.138363189009055e-05,-5.138363189008849e-05,2.0599841277224584e-18,6.161246757589031e-05,1.022883568580182e-05,-5.138363189009055e-05,0.00040023395905593845,0.0,True
anticyclonic,0.5,221.14117431640625,169284.84408646484,2.03125,-4.972253828711048e-05,-4.97225382871077e-05,2.778268066994105e-18,6.284165373904226e-05,1.311911545193456e-05,-4.972253828711048e-05,0.0004082187397967702,0.0,True
anticyclonic,0.5,221.14117431640625,174493.60851989454,2.09375,-4.527126673137743e-05,-4.527126673137195e-05,5.481997234629832e-18,6.384225097707317e-05,1.8570984245701217e-05,-4.527126673137743e-05,0.00041471860921856,0.0,True
anticyclonic,0.5,221.14117431640625,179702.37295332423,2.15625,-3.648502027345227e-05,-3.6485020273446e-05,6.2680438096818225e-18,6.60680785136887e-05,2.9583058240242704e-05,-3.648502027345227e-05,0.00042917756212542204,0.0,True
anticyclonic,0.5,221.14117431640625,184911.1373867539,2.21875,-3.1690110023572314e-05,-3.169011002356485e-05,7.467442462993912e-18,6.90070569803961e-05,3.731694695683125e-05,-3.1690110023572314e-05,0.00044826913617837793,0.0,True
anticyclonic,0.5,221.14117431640625,190119.9018201836,2.28125,-2.811310459750863e-05,-2.811310459750102e-05,7.609743998132634e-18,7.0993382985194e-05,4.288027838769298e-05,-2.811310459750863e-05,0.0004611722895847369,0.0,True
anticyclonic,0.5,221.14117431640625,195328.66625361328,2.34375,-3.842364055199324e-05,-3.842364055198257e-05,1.066583887182615e-17,7.264144555731709e-05,3.4217805005334515e-05,-3.842364055199324e-05,0.0004718780871929931,0.0,True
anticyclonic,0.5,221.14117431640625,200537.43068704297,2.40625,-4.1195575605770744e-05,-4.119557560576124e-05,9.507097799982267e-18,7.33626138517294e-05,3.216703824596816e-05,-4.1195575605770744e-05,0.00047656278905569224,0.0,True
anticyclonic,0.5,221.14117431640625,205746.19512047266,2.46875,-5.022588011421972e-05,-5.022588011420924e-05,1.0476103491641187e-17,7.525086088112329e-05,2.502498076691405e-05,-5.022588011421972e-05,0.0004888288224412088,0.0,True
anticyclonic,0.5,244.890625,2604.3822167148437,0.03125,5.338915896787901e-06,5.338915896787894e-06,-6.776263578034403e-21,5.061959555468001e-06,1.0400875452255894e-05,5.338915896787901e-06,6.182300100499048e-06,0.0,True
anticyclonic,0.5,244.890625,7813.146650144531,0.09375,1.2820871219653141e-05,1.28208712196531e-05,-4.0657581468206416e-20,4.1724021580935595e-05,5.454489280058869e-05,1.2820871219653141e-05,5.095860999805912e-05,0.0,True
anticyclonic,0.5,244.890625,13021.911083574218,0.15625,2.5341573749574537e-05,2.5341573749574418e-05,-1.1858461261560205e-19,0.00016248284414033585,0.00018782441788991027,2.5341573749574537e-05,0.0001984444349368764,0.0,True
anticyclonic,0.5,244.890625,18230.675517003907,0.21875,3.651953228886597e-05,3.651953228886569e-05,-2.846030702774449e-19,0.0003797131124132331,0.0004162326447020988,3.651953228886597e-05,0.00046375329303003493,0.0,True
anticyclonic,0.5,244.890625,23439.439950433592,0.28125,4.517807987797914e-05,4.5178079877978804e-05,-3.3881317890172014e-19,0.0006344018032963649,0.0006795798831743437,4.517807987797914e-05,0.0007748110764810885,0.0,True
anticyclonic,0.5,244.890625,28648.20438386328,0.34375,5.199993262963035e-05,5.199993262963018e-05,-1.6940658945086007e-19,0.0009128038621203366,0.0009648037947499668,5.199993262963035e-05,0.0011148306000245659,0.0,True
anticyclonic,0.5,244.890625,33856.96881729297,0.40625,5.801818285999114e-05,5.8018182859990726e-05,-4.1335207826009857e-19,0.0012241645763248958,0.0012821827591848866,5.801818285999114e-05,0.0014951033686283707,0.0,True
anticyclonic,0.5,244.890625,39065.73325072265,0.46874999999999994,6.311769156337072e-05,6.311769156336991e-05,-8.131516293641283e-19,0.001586145276065529,0.0016492629676288987,6.311769156337072e-05,0.0019371996145313727,0.0,True
anticyclonic,0.5,244.890625,44274.497684152346,0.53125,6.566147338812925e-05,6.566147338812806e-05,-1.1926223897340549e-18,0.0020031884565721064,0.0020688499299602345,6.566147338812925e-05,0.0024465450702794646,0.0,True
anticyclonic,0.5,244.890625,49483.26211758203,0.59375,6.435610714755714e-05,6.435610714755597e-05,-1.1655173354219173e-18,0.0024433656193093064,0.002507721726456862,6.435610714755714e-05,0.0029841446475988805,0.0,True
anticyclonic,0.5,244.890625,54692.02655101172,0.65625,5.8406253641151616e-05,5.8406253641150254e-05,-1.362028979184915e-18,0.002872811673754609,0.002931217927395759,5.8406253641151616e-05,0.003508638049109405,0.0,True
anticyclonic,0.5,244.890625,59900.7909844414,0.71875,4.900413765920139e-05,4.9004137659199734e-05,-1.6534083130403943e-18,0.0032809299132501874,0.003329934050909387,4.900413765920139e-05,0.004007083247140178,0.0,True
anticyclonic,0.5,244.890625,65109.555417871095,0.78125,3.747324543322798e-05,3.747324543322706e-05,-9.215718466126788e-19,0.003689487198662728,0.0037269604440959554,3.747324543322798e-05,0.004506064663128999,0.0,True
anticyclonic,0.5,244.890625,70318.31985130078,0.84375,2.4359431995877616e-05,2.4359431995876125e-05,-1.4907779871675686e-18,0.0041015536171211675,0.004125913049117044,2.4359431995877616e-05,0.005009331872661724,0.0,True
anticyclonic,0.5,244.890625,75527.08428473047,0.9062500000000001,9.423742776240343e-06,9.42374277623724e-06,-3.1035287187397564e-18,0.004531426179202331,0.004540849921978568,9.423742776240343e-06,0.00553434617880832,0.0,True
anticyclonic,0.5,244.890625,80735.84871816015,0.96875,-8.756548410369907e-06,-8.75654841037295e-06,-3.042542346537447e-18,0.004952863821017897,0.004944107272607524,-8.756548410369907e-06,0.006049058702051617,0.0,True
anticyclonic,0.5,244.890625,85944.61315158985,1.03125,-2.9483212602836762e-05,-2.9483212602838765e-05,-2.002385887309166e-18,0.005334058499485941,0.005304575286883103,-2.9483212602836762e-05,0.006514621469430309,0.0,True
anticyclonic,0.5,244.890625,91153.37758501952,1.09375,-4.996135935550643e-05,-4.996135935550889e-05,-2.459783678826488e-18,0.00564886327844048,0.005598901919084971,-4.996135935550643e-05,0.006899100562011342,0.0,True
anticyclonic,0.5,244.890625,96362.14201844922,1.15625,-7.041850997716437e-05,-7.041850997716763e-05,-3.266159044612582e-18,0.005950960179265031,0.005880541669287863,-7.041850997716437e-05,0.007268059199444665,0.0,True
anticyclonic,0.5,244.890625,101570.90645187891,1.21875,-9.638109933256812e-05,-9.638109933257195e-05,-3.835365185167472e-18,0.006171162778181491,0.0060747816788489185,-9.638109933256812e-05,0.007536998240638865,0.0,True
anticyclonic,0.5,244.890625,106779.67088530859,1.28125,-0.00011621654046549548,-0.00011621654046549995,-4.472333961502706e-18,0.005948263704936052,0.005832047164470552,-0.00011621654046549548,0.007264765926684903,0.0,True
anticyclonic,0.5,244.890625,111988.43531873828,1.34375,-0.00011952260727904038,-0.00011952260727904424,-3.8624702394796095e-18,0.00536338023245616,0.005243857625177116,-0.00011952260727904038,0.006550432848541936,0.0,True
anticyclonic,0.5,244.890625,117197.19975216797,1.40625,-0.00011711937357674148,-0.00011711937357674471,-3.2255014631443757e-18,0.004873617314360036,0.004756497940783291,-0.00011711937357674148,0.005952272925573835,0.0,True
anticyclonic,0.5,244.890625,122405.96418559765,1.46875,-0.00011750326604928982,-0.00011750326604929234,-2.520770051028798e-18,0.004468462293563222,0.004350959027513929,-0.00011750326604928982,0.0054574467819939,0.0,True
anticyclonic,0.5,244.890625,127614.72861902734,1.53125,-0.00011928563953428486,-0.00011928563953428854,-3.686287386450715e-18,0.004131457968463213,0.0040121723289289245,-0.00011928563953428486,0.005045854818426389,0.0,True
anticyclonic,0.5,244.890625,132823.49305245702,1.59375,-0.00011984890693274247,-0.00011984890693274525,-2.778268066994105e-18,0.0038185258361637894,0.0036986769292310442,-0.00011984890693274247,0.0046636628368894595,0.0,True
anticyclonic,0.5,244.890625,138032.25748588672,1.65625,-0.00011911240171749474,-0.00011911240171749684,-2.100641709190665e-18,0.0034317900662036434,0.0033126776644861466,-0.00011911240171749474,0.0041913325933756644,0.0,True
anticyclonic,0.5,244.890625,143241.0219193164,1.71875,-0.00011648395633526992,-0.00011648395633527233,-2.4123498337802474e-18,0.0032373090471610765,0.003120825090825804,-0.00011648395633526992,0.003953807972643909,0.0,True
anticyclonic,0.5,244.890625,148449.7863527461,1.7812500000000002,-0.00011589723134599865,-0.00011589723134600148,-2.8324781756183803e-18,0.003001098522916695,0.0028852012915706934,-0.00011589723134599865,0.0036653180446282836,0.0,True
anticyclonic,0.5,244.890625,153658.55078617577,1.8437499999999998,-0.00011509856932573972,-0.00011509856932574176,-2.032879073410321e-18,0.0028709769030895687,0.002755878333763827,-0.00011509856932573972,0.0035063971969764365,0.0,True
anticyclonic,0.5,244.890625,158867.31521960546,1.90625,-0.00011546926212073328,-0.00011546926212073419,-9.0801931945661e-19,0.002807322770376626,0.0026918535082558915,-0.00011546926212073328,0.0034286547838346107,0.0,True
anticyclonic,0.5,244.890625,164076.07965303515,1.96875,-0.00011252576175408311,-0.00011252576175408318,-6.776263578034403e-20,0.0027685040627582736,0.0026559783010041906,-0.00011252576175408311,0.003381244507758631,0.0,True
anticyclonic,0.5,244.890625,169284.84408646484,2.03125,-0.00011081074091621036,-0.0001108107409162112,-8.402566836762659e-19,0.0028229351988186477,0.0027121244579024367,-0.00011081074091621036,0.003447722640238537,0.0,True
anticyclonic,0.5,244.890625,174493.60851989454,2.09375,-0.00010713716311488336,-0.00010713716311488418,-8.131516293641283e-19,0.0028733450351669386,0.0027662078720520544,-0.00010713716311488336,0.0035092894569835526,0.0,True
anticyclonic,0.5,244.890625,179702.37295332423,2.15625,-9.892967994532071e-05,-9.892967994531938e-05,1.328147661294743e-18,0.002990599563402788,0.0028916698834574686,-9.892967994532071e-05,0.003652495398033281,0.0,True
anticyclonic,0.5,244.890625,184911.1373867539,2.21875,-9.134518806221932e-05,-9.134518806221696e-05,2.358139725155972e-18,0.0030954142507979296,0.0030040690627357127,-9.134518806221932e-05,0.003780508244701877,0.0,True
anticyclonic,0.5,244.890625,190119.9018201836,2.28125,-8.611286947748158e-05,-8.611286947747822e-05,3.3610267347050637e-18,0.0031886447059434166,0.0031025318364659386,-8.611286947748158e-05,0.0038943729735484173,0.0,True
anticyclonic,0.5,244.890625,195328.66625361328,2.34375,-8.8527847281031e-05,-8.852784728102664e-05,4.3503612170980865e-18,0.0032224974917111206,0.003133969644430094,-8.8527847281031e-05,0.003935718242818254,0.0,True
anticyclonic,0.5,244.890625,200537.43068704297,2.40625,-9.319561389360197e-05,-9.319561389359568e-05,6.288372600415926e-18,0.0033060805250078084,0.0032128849111142128,-9.319561389360197e-05,0.00403780032970335,0.0,True
anticyclonic,0.5,244.890625,205746.19512047266,2.46875,-9.713762686650039e-05,-9.713762686649487e-05,5.515878552520004e-18,0.003427691784657631,0.0033305541577911364,-9.713762686650039e-05,0.0041863272577667655,0.0,True
anticyclonic,0.5,271.35638427734375,2604.3822167148437,0.03125,3.1643232986660245e-06,3.164323298666021e-06,-3.3881317890172014e-21,2.8558722531613103e-06,6.020195551827332e-06,3.1643232986660245e-06,4.442316239779206e-06,0.0,True
anticyclonic,0.5,271.35638427734375,7813.146650144531,0.09375,1.8622917703186025e-05,1.862291770318606e-05,3.3881317890172014e-20,2.3670148978609392e-05,4.229306668179545e-05,1.8622917703186025e-05,3.6818974339371614e-05,0.0,True
anticyclonic,0.5,271.35638427734375,13021.911083574218,0.15625,3.5493068755575296e-05,3.5493068755575405e-05,1.0842021724855044e-19,0.00012692829474113935,0.00016242136349671477,3.5493068755575296e-05,0.0001974372713596991,0.0,True
anticyclonic,0.5,271.35638427734375,18230.675517003907,0.21875,4.95069174243904e-05,4.950691742439069e-05,2.913793338554793e-19,0.0003237094368030477,0.0003732163542274384,4.95069174243904e-05,0.00050353081671918,0.0,True
anticyclonic,0.5,271.35638427734375,23439.439950433592,0.28125,6.026733808766985e-05,6.026733808767024e-05,3.9302328752599536e-19,0.0005538573096208245,0.0006141246477084947,6.026733808766985e-05,0.0008615263929699433,0.0,True
anticyclonic,0.5,271.35638427734375,28648.20438386328,0.34375,6.85005476961776e-05,6.850054769617824e-05,6.505213034913027e-19,0.000806098309745115,0.0008745988574412932,6.85005476961776e-05,0.0012538878825113287,0.0,True
anticyclonic,0.5,271.35638427734375,33856.96881729297,0.40625,7.516223447913177e-05,7.51622344791322e-05,4.336808689942018e-19,0.0010894899159672941,0.0011646521504464263,7.516223447913177e-05,0.0016947042156453976,0.0,True
anticyclonic,0.5,271.35638427734375,39065.73325072265,0.46874999999999994,8.045306500044364e-05,8.04530650004447e-05,1.0570971181733668e-18,0.0014252811504410863,0.001505734215441531,8.045306500044364e-05,0.002217028298043413,0.0,True
anticyclonic,0.5,271.35638427734375,44274.497684152346,0.53125,8.360558053600032e-05,8.360558053600152e-05,1.2061749168901237e-18,0.0018087397582421771,0.0018923453387781786,8.360558053600032e-05,0.0028134990956542945,0.0,True
anticyclonic,0.5,271.35638427734375,49483.26211758203,0.59375,8.347530481769795e-05,8.34753048176991e-05,1.1519648082658485e-18,0.0022126969268916456,0.002296172231709345,8.347530481769795e-05,0.0034418554545496654,0.0,True
anticyclonic,0.5,271.35638427734375,54692.02655101172,0.65625,7.957002797308491e-05,7.957002797308614e-05,1.2332799712022613e-18,0.0026019978005043685,0.0026815678284774548,7.957002797308491e-05,0.0040474139108481475,0.0,True
anticyclonic,0.5,271.35638427734375,59900.7909844414,0.71875,7.324734880205919e-05,7.324734880206104e-05,1.8566962203814263e-18,0.0029684913521525655,0.0030417387009546264,7.324734880205919e-05,0.004617495522327422,0.0,True
anticyclonic,0.5,271.35638427734375,65109.555417871095,0.78125,6.530169471862246e-05,6.530169471862412e-05,1.6534083130403943e-18,0.0033354130114996773,0.0034007147062183013,6.530169471862246e-05,0.00518824305637419,0.0,True
anticyclonic,0.5,271.35638427734375,70318.31985130078,0.84375,5.589253214723363e-05,5.5892532147234074e-05,4.404571325722362e-19,0.003703404964038707,0.003759297496185941,5.589253214723363e-05,0.00576065543408563,0.0,True
anticyclonic,0.5,271.35638427734375,75527.08428473047,0.9062500000000001,4.4942957399718984e-05,4.494295739971984e-05,8.538092108323347e-19,0.004087395726893965,0.004132338684293684,4.4942957399718984e-05,0.006357954000178309,0.0,True
anticyclonic,0.5,271.35638427734375,80735.84871816015,0.96875,3.172202105330751e-05,3.172202105330909e-05,1.5788694136820158e-18,0.004468375711900129,0.004500097732953438,3.172202105330751e-05,0.0069505692939997605,0.0,True
anticyclonic,0.5,271.35638427734375,85944.61315158985,1.03125,1.7539084988785015e-05,1.7539084988785333e-05,3.1848438816761693e-19,0.004813802791785545,0.0048313418767743305,1.7539084988785015e-05,0.007487881957385134,0.0,True
anticyclonic,0.5,271.35638427734375,91153.37758501952,1.09375,4.811483788745666e-06,4.811483788745632e-06,-3.3881317890172014e-20,0.005096996073895211,0.005101807557683956,4.811483788745666e-06,0.007928389796879551,0.0,True
anticyclonic,0.5,271.35638427734375,96362.14201844922,1.15625,-7.396890290150221e-06,-7.396890290148466e-06,1.7550522667109103e-18,0.00535373289500822,0.0053463360047180716,-7.396890290150221e-06,0.00832774454690982,0.0,True
anticyclonic,0.5,271.35638427734375,101570.90645187891,1.21875,-2.703117717972542e-05,-2.7031177179724782e-05,6.369687763352339e-19,0.005529022329228585,0.00550199115204886,-2.703117717972542e-05,0.00860040768842004,0.0,True
anticyclonic,0.5,271.35638427734375,106779.67088530859,1.28125,-4.526504766087028e-05,-4.5265047660872564e-05,-2.2836008257975937e-18,0.005294370775115555,0.005249105727454682,-4.526504766087028e-05,0.008235406624954452,0.0,True
anticyclonic,0.5,271.35638427734375,111988.43531873828,1.34375,-5.044993362454e-05,-5.044993362454137e-05,-1.3688052427629493e-18,0.004742395203567055,0.004691945269942513,-5.044993362454e-05,0.0073768072801353645,0.0,True
anticyclonic,0.5,271.35638427734375,117197.19975216797,1.40625,-5.052310984052076e-05,-5.0523109840520764e-05,-6.776263578034403e-21,0.004291349978483884,0.0042408268686433635,-5.052310984052076e-05,0.006675205334864929,0.0,True
anticyclonic,0.5,271.35638427734375,122405.96418559765,1.46875,-5.3520115178439834e-05,-5.352011517844082e-05,-9.893344823930228e-19,0.003925759996781952,0.0038722398816035115,-5.3520115178439834e-05,0.006106529228635978,0.0,True
anticyclonic,0.5,271.35638427734375,127614.72861902734,1.53125,-5.739734031027349e-05,-5.7397340310274114e-05,-6.2341624917916505e-19,0.00362909988752473,0.003571702547214456,-5.739734031027349e-05,0.005645073706740968,0.0,True
anticyclonic,0.5,271.35638427734375,132823.49305245702,1.59375,-6.245548220338372e-05,-6.245548220338521e-05,-1.4907779871675686e-18,0.003358045525205413,0.003295590043002028,-6.245548220338372e-05,0.005223447986521442,0.0,True
anticyclonic,0.5,271.35638427734375,138032.25748588672,1.65625,-6.704867922492218e-05,-6.704867922492403e-05,-1.8431436932253575e-18,0.003025539518331332,0.002958490839106408,-6.704867922492218e-05,0.004706234083649633,0.0,True
anticyclonic,0.5,271.35638427734375,143241.0219193164,1.71875,-7.157651703284793e-05,-7.157651703285036e-05,-2.439454888092385e-18,0.0028632401526517493,0.002791663635618899,-7.157651703284793e-05,0.0044537770253669385,0.0,True
anticyclonic,0.5,271.35638427734375,148449.7863527461,1.7812500000000002,-7.832511271749932e-05,-7.832511271750198e-05,-2.656295322589486e-18,0.0026679640231655876,0.0025896389104480854,-7.832511271749932e-05,0.004150024530731597,0.0,True
anticyclonic,0.5,271.35638427734375,153658.55078617577,1.8437499999999998,-8.407338537631795e-05,-8.40733853763212e-05,-3.2526065174565133e-18,0.0025658401382616805,0.0024817667528853594,-8.407338537631795e-05,0.003991170579237169,0.0,True
anticyclonic,0.5,271.35638427734375,158867.31521960546,1.90625,-9.029567479433365e-05,-9.029567479433855e-05,-4.892462303340839e-18,0.002526129675988532,0.002435834001194193,-9.029567479433365e-05,0.003929400858532794,0.0,True
anticyclonic,0.5,271.35638427734375,164076.07965303515,1.96875,-9.406819935274816e-05,-9.40681993527511e-05,-2.9408983928669308e-18,0.0025205635988762806,0.0024264953995235296,-9.406819935274816e-05,0.003920742812039207,0.0,True
anticyclonic,0.5,271.35638427734375,169284.84408646484,2.03125,-9.717157226874623e-05,-9.7171572268752e-05,-5.759824041329242e-18,0.0025790933238023883,0.0024819217515336363,-9.717157226874623e-05,0.004011785941598395,0.0,True
anticyclonic,0.5,271.35638427734375,174493.60851989454,2.09375,-9.748504357709833e-05,-9.748504357710601e-05,-7.684282897491013e-18,0.0026382380355255107,0.0025407529919484048,-9.748504357709833e-05,0.004103785684616959,0.0,True
anticyclonic,0.5,271.35638427734375,179702.37295332423,2.15625,-9.672341937660904e-05,-9.672341937661693e-05,-7.887570804832045e-18,0.002746627609955066,0.0026499041905784487,-9.672341937660904e-05,0.004272385931416574,0.0,True
anticyclonic,0.5,271.35638427734375,184911.1373867539,2.21875,-8.872938492825364e-05,-8.872938492826237e-05,-8.72782748850831e-18,0.0028594835939978577,0.0027707542090695952,-8.872938492825364e-05,0.0044479336892389336,0.0,True
anticyclonic,0.5,271.35638427734375,190119.9018201836,2.28125,-8.567701001205446e-05,-8.567701001206285e-05,-8.38901430960659e-18,0.0029880534735873036,0.0029023764635752406,-8.567701001205446e-05,0.004647924449825098,0.0,True
anticyclonic,0.5,271.35638427734375,195328.66625361328,2.34375,-7.590892925738814e-05,-7.5908929257399e-05,-1.0855574252011113e-17,0.0030699333312644663,0.0029940244020070675,-7.590892925738814e-05,0.004775288767702913,0.0,True
anticyclonic,0.5,271.35638427734375,200537.43068704297,2.40625,-6.666758614698557e-05,-6.66675861469943e-05,-8.72782748850831e-18,0.0031808332151021276,0.003114165628955133,-6.666758614698557e-05,0.004947793806895869,0.0,True
anticyclonic,0.5,271.35638427734375,205746.19512047266,2.46875,-5.1426118593312584e-05,-5.142611859332117e-05,-8.585525953369588e-18,0.0033347471684029256,0.0032833210498096044,-5.1426118593312584e-05,0.005187207335816813,0.0,True
anticyclonic,0.5,300.88751220703125,2604.3822167148437,0.03125,3.2579758958579303e-06,3.2579758958579303e-06,0.0,1.0524481333305182e-07,3.363220709190982e-06,3.2579758958579303e-06,2.392749058831776e-07,0.0,True
anticyclonic,0.5,300.88751220703125,7813.146650144531,0.09375,1.008890283971436e-06,1.008890283971464e-06,2.795208725939191e-20,2.93538752156895e-06,3.944277805540414e-06,1.008890283971436e-06,6.67362647821324e-06,0.0,True
anticyclonic,0.5,300.88751220703125,13021.911083574218,0.15625,-2.602706665170865e-07,-2.6027066651697806e-07,1.0842021724855044e-19,1.5039670613165227e-05,1.4779399946648249e-05,-2.602706665170865e-07,3.4192808714393596e-05,0.0,True
anticyclonic,0.5,300.88751220703125,18230.675517003907,0.21875,-3.1453238605730397e-06,-3.145323860572738e-06,3.015437292225309e-19,3.8471203115276515e-05,3.532587925470378e-05,-3.1453238605730397e-06,8.746458103821381e-05,0.0,True
anticyclonic,0.5,300.88751220703125,23439.439950433592,0.28125,-6.815183672536722e-06,-6.8151836725364646e-06,2.574980159653073e-19,6.649809428962252e-05,5.968291061708606e-05,-6.815183672536722e-06,0.0001511839372284125,0.0,True
anticyclonic,0.5,300.88751220703125,28648.20438386328,0.34375,-1.0242268603591027e-05,-1.0242268603590807e-05,2.202285662861181e-19,9.766944040841517e-05,8.742717180482436e-05,-1.0242268603591027e-05,0.0002220522363171595,0.0,True
anticyclonic,0.5,300.88751220703125,33856.96881729297,0.40625,-1.2831434628439294e-05,-1.2831434628438992e-05,3.015437292225309e-19,0.00013233741699454456,0.00011950598236610556,-1.2831434628439294e-05,0.0003008701521089417,0.0,True
anticyclonic,0.5,300.88751220703125,39065.73325072265,0.46874999999999994,-1.4293217491579332e-05,-1.4293217491578461e-05,8.707498697774207e-19,0.00017324486025080787,0.00015895164275922942,-1.4293217491579332e-05,0.0003938735441534397,0.0,True
anticyclonic,0.5,300.88751220703125,44274.497684152346,0.53125,-1.530198117585109e-05,-1.5301981175849933e-05,1.1553529400548657e-18,0.00021841121185584751,0.00020310923067999757,-1.530198117585109e-05,0.0004965595976236719,0.0,True
anticyclonic,0.5,300.88751220703125,49483.26211758203,0.59375,-1.675219251276801e-05,-1.6752192512767143e-05,8.673617379884035e-19,0.0002655317102173322,0.00024877951770456506,-1.675219251276801e-05,0.0006036884190215799,0.0,True
anticyclonic,0.5,300.88751220703125,54692.02655101172,0.65625,-1.916850114894456e-05,-1.9168501148943423e-05,1.1384122811097797e-18,0.00031120316376526537,0.00029203466261632194,-1.916850114894456e-05,0.0007075228257077069,0.0,True
anticyclonic,0.5,300.88751220703125,59900.7909844414,0.71875,-2.2125158260709004e-05,-2.2125158260707747e-05,1.2569968937253817e-18,0.00035428456069587917,0.0003321594024351714,-2.2125158260709004e-05,0.0008054687184261193,0.0,True
anticyclonic,0.5,300.88751220703125,65109.555417871095,0.78125,-2.5582436496337383e-05,-2.558243649633672e-05,6.640738306473715e-19,0.00039789071058672523,0.00037230827409038853,-2.5582436496337383e-05,0.0009046076411019715,0.0,True
anticyclonic,0.5,300.88751220703125,70318.31985130078,0.84375,-2.945326364828065e-05,-2.9453263648279865e-05,7.860465750519907e-19,0.0004403729353003099,0.00041091967165203,-2.945326364828065e-05,0.0010011913111008304,0.0,True
anticyclonic,0.5,300.88751220703125,75527.08428473047,0.9062500000000001,-3.394669362529048e-05,-3.394669362528925e-05,1.2332799712022613e-18,0.00048451046077481333,0.0004505637671495241,-3.394669362529048e-05,0.001101538320320253,0.0,True
anticyclonic,0.5,300.88751220703125,80735.84871816015,0.96875,-3.991280805718458e-05,-3.9912808057183564e-05,1.0164395367051604e-18,0.000528290150436948,0.0004883773423797644,-3.991280805718458e-05,0.0012010717870228086,0.0,True
anticyclonic,0.5,300.88751220703125,85944.61315158985,1.03125,-4.681255875258209e-05,-4.6812558752581345e-05,7.453889935837843e-19,0.0005682052316497092,0.0005213926728971279,-4.681255875258209e-05,0.0012918190362034337,0.0,True
anticyclonic,0.5,300.88751220703125,91153.37758501952,1.09375,-5.273446504420719e-05,-5.2734465044206154e-05,1.0367683274392636e-18,0.0006006223511376567,0.0005478878860934505,-5.273446504420719e-05,0.0013655196107860141,0.0,True
anticyclonic,0.5,300.88751220703125,96362.14201844922,1.15625,-5.8551745024380726e-05,-5.855174502438007e-05,6.572975670693371e-19,0.0006288193774575329,0.0005702676324331528,-5.8551745024380726e-05,0.0014296257705596384,0.0,True
anticyclonic,0.5,300.88751220703125,101570.90645187891,1.21875,-7.296709419398496e-05,-7.296709419398495e-05,1.3552527156068805e-20,0.0006463391834783342,0.0005733720892843493,-7.296709419398496e-05,0.0014694571865122026,0.0,True
anticyclonic,0.5,300.88751220703125,106779.67088530859,1.28125,-9.167153141919612e-05,-9.167153141919599e-05,1.3552527156068805e-19,0.0006152121602865453,0.0005235406288673493,-9.167153141919612e-05,0.001398689655944501,0.0,True
anticyclonic,0.5,300.88751220703125,111988.43531873828,1.34375,-9.973605581338456e-05,-9.973605581338444e-05,1.2197274440461925e-19,0.0005501758221562038,0.00045043976634281935,-9.973605581338456e-05,0.0012508290327717588,0.0,True
anticyclonic,0.5,300.88751220703125,117197.19975216797,1.40625,-0.00010034685216218942,-0.00010034685216218955,-1.2197274440461925e-19,0.0004980516742635997,0.0003977048221014102,-0.00010034685216218942,0.00113232437504791,0.0,True
anticyclonic,0.5,300.88751220703125,122405.96418559765,1.46875,-0.00010304349091962321,-0.00010304349091962355,-3.3881317890172014e-19,0.000456389508567949,0.00035334601764832544,-0.00010304349091962321,0.0010376051156372847,0.0,True
anticyclonic,0.5,300.88751220703125,127614.72861902734,1.53125,-0.00010751493451249878,-0.00010751493451249911,-3.2526065174565133e-19,0.00042298092151847437,0.00031546598700597523,-0.00010751493451249878,0.000961650431802594,0.0,True
anticyclonic,0.5,300.88751220703125,132823.49305245702,1.59375,-0.00011439205209986958,-0.0001143920520998701,-5.149960319306146e-19,0.00039228553724375965,0.00027789348514388956,-0.00011439205209986958,0.0008918642356872765,0.0,True
anticyclonic,0.5,300.88751220703125,138032.25748588672,1.65625,-0.00011837471252806722,-0.00011837471252806806,-8.402566836762659e-19,0.000355609025553498,0.00023723431302542997,-0.00011837471252806722,0.000808479899634161,0.0,True
anticyclonic,0.5,300.88751220703125,143241.0219193164,1.71875,-0.00012125063373970586,-0.00012125063373970707,-1.2061749168901237e-18,0.0003383125782120505,0.00021706194447234343,-0.00012125063373970586,0.0007691562913852547,0.0,True
anticyclonic,0.5,300.88751220703125,148449.7863527461,1.7812500000000002,-0.000125054097337373,-0.00012505409733737475,-1.734723475976807e-18,0.00031856029436329786,0.0001935061970259231,-0.000125054097337373,0.0007242493196380413,0.0,True
anticyclonic,0.5,300.88751220703125,153658.55078617577,1.8437499999999998,-0.0001262717229426936,-0.00012627172294269525,-1.6534083130403943e-18,0.0003091586028855439,0.00018288687994284867,-0.0001262717229426936,0.0007028745005639334,0.0,True
anticyclonic,0.5,300.88751220703125,158867.31521960546,1.90625,-0.00012767009861595075,-0.00012767009861595397,-3.2255014631443757e-18,0.0003058886698873797,0.00017821857127142573,-0.00012767009861595075,0.0006954402823293106,0.0,True
anticyclonic,0.5,300.88751220703125,164076.07965303515,1.96875,-0.00012654058021873186,-0.00012654058021873337,-1.5178830414797062e-18,0.0003062404824603145,0.0001796999022415811,-0.00012654058021873186,0.0006962401309642367,0.0,True
anticyclonic,0.5,300.88751220703125,169284.84408646484,2.03125,-0.00012379563303835622,-0.00012379563303836034,-4.119968255444917e-18,0.00031353409713887206,0.00018973846410051172,-0.00012379563303835622,0.0007128222209550976,0.0,True
anticyclonic,0.5,300.88751220703125,174493.60851989454,2.09375,-0.00011884658137452869,-0.00011884658137453256,-3.876022766635678e-18,0.00032093591264293253,0.00020208933126839997,-0.00011884658137452869,0.000729650306368619,0.0,True
anticyclonic,0.5,300.88751220703125,179702.37295332423,2.15625,-0.0001144637146178274,-0.00011446371461783128,-3.876022766635678e-18,0.00033259783350831246,0.00021813411889048118,-0.0001144637146178274,0.0007561637746252494,0.0,True
anticyclonic,0.5,300.88751220703125,184911.1373867539,2.21875,-0.00010366770004776158,-0.00010366770004776666,-5.082197683525802e-18,0.0003457043538309661,0.00024203665378319945,-0.00010366770004776158,0.0007859615510414106,0.0,True
anticyclonic,0.5,300.88751220703125,190119.9018201836,2.28125,-0.00010414992545547952,-0.00010414992545548446,-4.933119884809045e-18,0.00036038281906679255,0.0002562328936113081,-0.00010414992545547952,0.0008193331565066357,0.0,True
anticyclonic,0.5,300.88751220703125,195328.66625361328,2.34375,-9.571284906120194e-05,-9.571284906120773e-05,-5.78692909564138e-18,0.0003683109187057733,0.0002725980696445656,-9.571284906120194e-05,0.0008373577530152204,0.0,True
anticyclonic,0.5,300.88751220703125,200537.43068704297,2.40625,-9.070069459154846e-05,-9.070069459155689e-05,-8.429671891074797e-18,0.00038771036523654705,0.00029700967064499016,-9.070069459154846e-05,0.0008814625463616387,0.0,True
anticyclonic,0.5,300.88751220703125,205746.19512047266,2.46875,-7.820931717626265e-05,-7.82093171762689e-05,-6.247715018947719e-18,0.0003970330457327044,0.0003188237285564355,-7.820931717626265e-05,0.0009026577333514041,0.0,True
anticyclonic,0.5,333.8628234863281,2604.3822167148437,0.03125,3.437111863506712e-06,3.437111863506711e-06,-1.2705494208814505e-21,5.566421103236924e-07,3.9937539738304036e-06,3.437111863506712e-06,5.054033230636676e-07,0.0,True
anticyclonic,0.5,333.8628234863281,7813.146650144531,0.09375,-2.1418986210331926e-05,-2.141898621033194e-05,-1.3552527156068805e-20,6.527302195826696e-06,-1.4891684014505244e-05,-2.1418986210331926e-05,5.9264654240643684e-06,0.0,True
anticyclonic,0.5,333.8628234863281,13021.911083574218,0.15625,-4.2123911509627776e-05,-4.212391150962781e-05,-3.3881317890172014e-20,2.982991226200162e-05,-1.2293999247626191e-05,-4.2123911509627776e-05,2.7084075215125845e-05,0.0,True
anticyclonic,0.5,333.8628234863281,18230.675517003907,0.21875,-6.177874813197503e-05,-6.177874813197509e-05,-5.421010862427522e-20,7.333146498033078e-05,1.1552716848355687e-05,-6.177874813197503e-05,6.658131930520721e-05,0.0,True
anticyclonic,0.5,333.8628234863281,23439.439950433592,0.28125,-7.999341786082921e-05,-7.999341786082934e-05,-1.3552527156068805e-19,0.00012675869181195262,4.676527395112328e-05,-7.999341786082921e-05,0.00011509058132829769,0.0,True
anticyclonic,0.5,333.8628234863281,28648.20438386328,0.34375,-9.556689522469591e-05,-9.556689522469612e-05,-2.0328790734103208e-19,0.0001873209825224699,9.175408729777378e-05,-9.556689522469591e-05,0.00017007812612551804,0.0,True
anticyclonic,0.5,333.8628234863281,33856.96881729297,0.40625,-0.00010698460184613915,-0.00010698460184613935,-2.0328790734103208e-19,0.00025331589509940166,0.0001463312932532623,-0.00010698460184613915,0.00022999822110769945,0.0,True
anticyclonic,0.5,333.8628234863281,39065.73325072265,0.46874999999999994,-0.000113735023547499,-0.00011373502354749938,-3.7947076036992655e-19,0.00033086128974047597,0.0002171262661929766,-0.000113735023547499,0.00030040557874920476,0.0,True
anticyclonic,0.5,333.8628234863281,44274.497684152346,0.53125,-0.00011671300482616916,-0.00011671300482616953,-3.6591823321385775e-19,0.0004155517894121256,0.0002988387845859561,-0.00011671300482616916,0.0003773003360306543,0.0,True
anticyclonic,0.5,333.8628234863281,49483.26211758203,0.59375,-0.00011704865146156664,-0.00011704865146156703,-3.9302328752599536e-19,0.0005043553827400129,0.0003873067312784459,-0.00011704865146156664,0.0004579295775765548,0.0,True
anticyclonic,0.5,333.8628234863281,54692.02655101172,0.65625,-0.00011538356637928111,-0.00011538356637928156,-4.472333961502706e-19,0.0005903407093824291,0.0004749571430031475,-0.00011538356637928111,0.0005359999732829113,0.0,True
anticyclonic,0.5,333.8628234863281,59900.7909844414,0.71875,-0.00011136095016402803,-0.0001113609501640285,-4.743384504624082e-19,0.0006699364306753976,0.000558575480511369,-0.00011136095016402803,0.0006082689254463093,0.0,True
anticyclonic,0.5,333.8628234863281,65109.555417871095,0.78125,-0.00010559979242954241,-0.00010559979242954293,-5.149960319306146e-19,0.0007521383744891189,0.000646538582059576,-0.00010559979242954241,0.0006829041979045658,0.0,True
anticyclonic,0.5,333.8628234863281,70318.31985130078,0.84375,-9.836243702376866e-05,-9.836243702376903e-05,-3.6591823321385775e-19,0.0008326434408811929,0.0007342810038574239,-9.836243702376866e-05,0.0007559987901450903,0.0,True
anticyclonic,0.5,333.8628234863281,75527.08428473047,0.9062500000000001,-9.011588130183488e-05,-9.011588130183523e-05,-3.5236570605778894e-19,0.0009152198570240003,0.0008251039757221651,-9.011588130183488e-05,0.0008309740648345927,0.0,True
anticyclonic,0.5,333.8628234863281,80735.84871816015,0.96875,-8.18822864770801e-05,-8.188228647708102e-05,-9.215718466126788e-19,0.0009960230208073578,0.0009141407343302767,-8.18822864770801e-05,0.0009043393146652584,0.0,True
anticyclonic,0.5,333.8628234863281,85944.61315158985,1.03125,-7.396216459673363e-05,-7.396216459673447e-05,-8.402566836762659e-19,0.0010671552599253763,0.000993193095328642,-7.396216459673363e-05,0.0009689238463786433,0.0,True
anticyclonic,0.5,333.8628234863281,91153.37758501952,1.09375,-6.554808090650303e-05,-6.554808090650379e-05,-7.589415207398531e-19,0.00112269458860823,0.001057146507701726,-6.554808090650303e-05,0.0010193507917290708,0.0,True
anticyclonic,0.5,333.8628234863281,96362.14201844922,1.15625,-5.8045354234706615e-05,-5.8045354234707096e-05,-4.811147140404426e-19,0.0011698023125813646,0.0011117569583466574,-5.8045354234706615e-05,0.0010621222597808563,0.0,True
anticyclonic,0.5,333.8628234863281,101570.90645187891,1.21875,-5.930067677585877e-05,-5.9300676775859575e-05,-8.063753657860939e-19,0.0011929582840276207,0.0011336576072517612,-5.930067677585877e-05,0.001083146729005615,0.0,True
anticyclonic,0.5,333.8628234863281,106779.67088530859,1.28125,-6.649537771041902e-05,-6.649537771042063e-05,-1.6127507315721878e-18,0.0011309517059350177,0.001064456328224597,-6.649537771041902e-05,0.0010268478431710796,0.0,True
anticyclonic,0.5,333.8628234863281,111988.43531873828,1.34375,-6.29427221978968e-05,-6.294272219789813e-05,-1.328147661294743e-18,0.0010092942912268126,0.0009463515690289145,-6.29427221978968e-05,0.0009163889674796469,0.0,True
anticyclonic,0.5,333.8628234863281,117197.19975216797,1.40625,-5.295414303829404e-05,-5.295414303829481e-05,-7.724940478959219e-19,0.0009113771746745488,0.000858423031636254,-5.295414303829404e-05,0.0008274851005739451,0.0,True
anticyclonic,0.5,333.8628234863281,122405.96418559765,1.46875,-4.4501495665952936e-05,-4.450149566595417e-05,-1.2332799712022613e-18,0.0008331526138846525,0.0007886511182186983,-4.4501495665952936e-05,0.0007564610938824291,0.0,True
anticyclonic,0.5,333.8628234863281,127614.72861902734,1.53125,-3.787119284858586e-05,-3.7871192848586794e-05,-9.351243737687476e-19,0.0007708620846734066,0.0007329908918248198,-3.787119284858586e-05,0.0006999043945690208,0.0,True
anticyclonic,0.5,333.8628234863281,132823.49305245702,1.59375,-3.2721571369914016e-05,-3.272157136991524e-05,-1.2265037076242269e-18,0.000715151235609754,0.0006824296642398387,-3.2721571369914016e-05,0.0006493217172521803,0.0,True
anticyclonic,0.5,333.8628234863281,138032.25748588672,1.65625,-2.4082697734689396e-05,-2.408269773469061e-05,-1.212951180468158e-18,0.0006537609144973282,0.0006296782167626376,-2.4082697734689396e-05,0.0005935823620745363,0.0,True
anticyclonic,0.5,333.8628234863281,143241.0219193164,1.71875,-1.4904543134874773e-05,-1.4904543134875753e-05,-9.808641529204798e-19,0.0006285832369780204,0.0006136786938431446,-1.4904543134874773e-05,0.0005707222843885632,0.0,True
anticyclonic,0.5,333.8628234863281,148449.7863527461,1.7812500000000002,-6.428118047837544e-06,-6.428118047838967e-06,-1.4230153513872246e-18,0.0006003370319380983,0.0005939089138902593,-6.428118047837544e-06,0.000545076136484279,0.0,True
anticyclonic,0.5,333.8628234863281,153658.55078617577,1.8437499999999998,4.006543540033066e-06,4.006543540030994e-06,-2.0718425889840186e-18,0.0005909435041981222,0.0005949500477381532,4.006543540033066e-06,0.0005365472809646814,0.0,True
anticyclonic,0.5,333.8628234863281,158867.31521960546,1.90625,1.4441856251862392e-05,1.4441856251860665e-05,-1.726253146504264e-18,0.0005906910041557526,0.0006051328604076133,1.4441856251862392e-05,0.0005363180234972341,0.0,True
anticyclonic,0.5,333.8628234863281,164076.07965303515,1.96875,2.5066261538602943e-05,2.5066261538601127e-05,-1.81603863891322e-18,0.0005965415419146421,0.0006216078034532432,2.5066261538602943e-05,0.0005416300205061072,0.0,True
anticyclonic,0.5,333.8628234863281,169284.84408646484,2.03125,3.73960548717883e-05,3.739605487178618e-05,-2.120970499924768e-18,0.0006148663499610336,0.0006522624048328197,3.73960548717883e-05,0.0005582680338891846,0.0,True
anticyclonic,0.5,333.8628234863281,174493.60851989454,2.09375,4.8984493717518905e-05,4.898449371751662e-05,-2.2836008257975937e-18,0.0006329959499384041,0.0006819804436559207,4.8984493717518905e-05,0.0005747288080642643,0.0,True
anticyclonic,0.5,333.8628234863281,179702.37295332423,2.15625,5.876799452962127e-05,5.876799452961891e-05,-2.358139725155972e-18,0.0006578482798997057,0.0007166162744293245,5.876799452962127e-05,0.0005972934863653948,0.0,True
anticyclonic,0.5,333.8628234863281,184911.1373867539,2.21875,6.804430841452882e-05,6.804430841452596e-05,-2.859583229930518e-18,0.0006811419766199805,0.0007491862850345065,6.804430841452882e-05,0.0006184430032821409,0.0,True
anticyclonic,0.5,333.8628234863281,190119.9018201836,2.28125,7.054359293514856e-05,7.054359293514596e-05,-2.6020852139652106e-18,0.0007093475892924692,0.0007798911822276152,7.054359293514856e-05,0.0006440522953377365,0.0,True
anticyclonic,0.5,333.8628234863281,195328.66625361328,2.34375,7.511217406755241e-05,7.511217406755061e-05,-1.802486111757151e-18,0.0007280137468197827,0.0008031259208873333,7.511217406755241e-05,0.0006610002370549885,0.0,True
anticyclonic,0.5,333.8628234863281,200537.43068704297,2.40625,7.662666410362419e-05,7.662666410361819e-05,-6.003769530138481e-18,0.0007710723587760603,0.0008476990228796786,7.662666410362419e-05,0.0007000953129854763,0.0,True
anticyclonic,0.5,333.8628234863281,205746.19512047266,2.46875,7.973690991090848e-05,7.973690991090534e-05,-3.144186300207963e-18,0.000796132256121467,0.0008758691660323724,7.973690991090848e-05,0.0007228484521373775,0.0,True
anticyclonic,0.5,370.6884765625,2604.3822167148437,0.03125,4.135834506566132e-06,4.135834506566136e-06,4.235164736271502e-21,-6.76250505877278e-07,3.4595840006888583e-06,4.135834506566132e-06,-6.981601971364325e-06,0.0,True
anticyclonic,0.5,370.6884765625,7813.146650144531,0.09375,-2.764339355134692e-05,-2.76433935513469e-05,2.0328790734103208e-20,1.9115028120956446e-05,-8.528365430390453e-06,-2.764339355134692e-05,0.00019734331708754743,0.0,True
anticyclonic,0.5,370.6884765625,13021.911083574218,0.15625,-5.348046201670713e-05,-5.3480462016707054e-05,7.453889935837843e-20,8.173916435520612e-05,2.8258702338499065e-05,-5.348046201670713e-05,0.0008438741354576399,0.0,True
anticyclonic,0.5,370.6884765625,18230.675517003907,0.21875,-7.683665600870891e-05,-7.683665600870875e-05,1.6263032587282567e-19,0.0001820063846414635,0.00010516972863275475,-7.683665600870891e-05,0.001879031694276224,0.0,True
anticyclonic,0.5,370.6884765625,23439.439950433592,0.28125,-9.835928351203595e-05,-9.83592835120356e-05,3.5236570605778894e-19,0.00031129524903631496,0.00021293596552427938,-9.835928351203595e-05,0.003213808352762534,0.0,True
anticyclonic,0.5,370.6884765625,28648.20438386328,0.34375,-0.0001170993151739391,-0.00011709931517393855,5.421010862427522e-19,0.0004554215279739689,0.00033832221280003037,-0.0001170993151739391,0.004701766297949099,0.0,True
anticyclonic,0.5,370.6884765625,33856.96881729297,0.40625,-0.00013124022241523065,-0.0001312402224152301,5.421010862427522e-19,0.0006071756990919843,0.0004759354766767542,-0.00013124022241523065,0.006268474508933513,0.0,True
anticyclonic,0.5,370.6884765625,39065.73325072265,0.46874999999999994,-0.00014021945257722675,-0.00014021945257722607,6.776263578034403e-19,0.0007770211106505033,0.0006368016580732773,-0.00014021945257722675,0.008021956465484288,0.0,True
anticyclonic,0.5,370.6884765625,44274.497684152346,0.53125,-0.00014479248456070518,-0.00014479248456070426,9.215718466126788e-19,0.0009676123891337439,0.0008228199045730395,-0.00014479248456070518,0.009989618499033901,0.0,True
anticyclonic,0.5,370.6884765625,49483.26211758203,0.59375,-0.00014554478923807304,-0.0001455447892380724,6.2341624917916505e-19,0.001166976648662075,0.0010214318594240026,-0.00014554478923807304,0.012047852681848955,0.0,True
anticyclonic,0.5,370.6884765625,54692.02655101172,0.65625,-0.00014203992945530273,-0.0001420399294553018,9.215718466126788e-19,0.00136821387364698,0.001226173944191678,-0.00014203992945530273,0.01412542333718457,0.0,True
anticyclonic,0.5,370.6884765625,59900.7909844414,0.71875,-0.00013417536011389936,-0.0001341753601138991,2.710505431213761e-19,0.0015667366917243076,0.0014325613316104086,-0.00013417536011389936,0.016174970488726365,0.0,True
anticyclonic,0.5,370.6884765625,65109.555417871095,0.78125,-0.00012270496731650132,-0.00012270496731650046,8.673617379884035e-19,0.0017626593606486925,0.001639954393332192,-0.00012270496731650132,0.01819767373213906,0.0,True
anticyclonic,0.5,370.6884765625,70318.31985130078,0.84375,-0.00010771379081625282,-0.0001077137908162525,3.1170812458958252e-19,0.001950462822870889,0.0018427490320546366,-0.00010771379081625282,0.020136554384625367,0.0,True
anticyclonic,0.5,370.6884765625,75527.08428473047,0.9062500000000001,-8.990712200798673e-05,-8.990712200798648e-05,2.439454888092385e-19,0.00214040850614889,0.0020505013841409037,-8.990712200798673e-05,0.022097551301153356,0.0,True
anticyclonic,0.5,370.6884765625,80735.84871816015,0.96875,-7.016708921077637e-05,-7.016708921077648e-05,-1.0842021724855044e-19,0.0023218113005832692,0.0022516442113724926,-7.016708921077637e-05,0.023970351537496385,0.0,True
anticyclonic,0.5,370.6884765625,85944.61315158985,1.03125,-4.984138674896437e-05,-4.9841386748964755e-05,-3.8624702394796095e-19,0.0024833979394459854,0.002433556552697021,-4.984138674896437e-05,0.025638570025505625,0.0,True
anticyclonic,0.5,370.6884765625,91153.37758501952,1.09375,-2.857023384407778e-05,-2.8570233844077947e-05,-1.6601845766184287e-19,0.0026018779325781,0.002573307698734022,-2.857023384407778e-05,0.026861756028960557,0.0,True
anticyclonic,0.5,370.6884765625,96362.14201844922,1.15625,-7.645996020166997e-06,-7.645996020167255e-06,-2.574980159653073e-19,0.0026993986204466892,0.002691752624426522,-7.645996020166997e-06,0.02786855842061112,0.0,True
anticyclonic,0.5,370.6884765625,101570.90645187891,1.21875,6.871998851820038e-06,6.87199885182004e-06,2.541098841762901e-21,0.0027455687882334467,0.002752440787085267,6.871998851820038e-06,0.028345218669493424,0.0,True
anticyclonic,0.5,370.6884765625,106779.67088530859,1.28125,1.246183107335934e-05,1.2461831073358511e-05,-8.283982224147057e-19,0.002638657801748262,0.0026511196328216206,1.246183107335934e-05,0.027241470949501443,0.0,True
anticyclonic,0.5,370.6884765625,111988.43531873828,1.34375,2.707218125023184e-05,2.707218125022956e-05,-2.2802126940085765e-18,0.0023260397864838054,0.002353111967734035,2.707218125023184e-05,0.024014006374339387,0.0,True
anticyclonic,0.5,370.6884765625,117197.19975216797,1.40625,4.805184019511909e-05,4.8051840195117776e-05,-1.3145951341386741e-18,0.0020960319907843777,0.0021440838309794955,4.805184019511909e-05,0.02163940869799295,0.0,True
anticyclonic,0.5,370.6884765625,122405.96418559765,1.46875,6.68407501713186e-05,6.68407501713163e-05,-2.290377089375628e-18,0.0019065974587542652,0.0019734382089255814,6.68407501713186e-05,0.019683688900711316,0.0,True
anticyclonic,0.5,370.6884765625,127614.72861902734,1.53125,8.384600156302694e-05,8.384600156302485e-05,-2.087089182034596e-18,0.0017526783879757,0.001836524389538725,8.384600156302694e-05,0.018094630292046544,0.0,True
anticyclonic,0.5,370.6884765625,132823.49305245702,1.59375,9.863146293396837e-05,9.863146293396593e-05,-2.439454888092385e-18,0.0016176680424590602,0.0017162995053930262,9.863146293396837e-05,0.016700785132269903,0.0,True
anticyclonic,0.5,370.6884765625,138032.25748588672,1.65625,0.00011549766794607102,0.00011549766794606785,-3.1712913545201005e-18,0.0014982879723898874,0.0016137856403359552,0.00011549766794607102,0.015468306745499125,0.0,True
anticyclonic,0.5,370.6884765625,143241.0219193164,1.71875,0.000130923961031324,0.00013092396103132165,-2.358139725155972e-18,0.0014441484763809596,0.0015750724374122812,0.000130923961031324,0.014909371249289389,0.0,True
anticyclonic,0.5,370.6884765625,148449.7863527461,1.7812500000000002,0.0001457736300824164,0.00014577363008241368,-2.710505431213761e-18,0.001399658703830643,0.0015454323339130567,0.0001457736300824164,0.014450059380324653,0.0,True
anticyclonic,0.5,370.6884765625,153658.55078617577,1.8437499999999998,0.00016096312218114657,0.0001609631221811421,-4.472333961502706e-18,0.001393451938008384,0.001554415060189526,0.00016096312218114657,0.01438598080570789,0.0,True
anticyclonic,0.5,370.6884765625,158867.31521960546,1.90625,0.00017479024922713353,0.00017479024922712993,-3.604972223514302e-18,0.001410883664657299,0.001585673913884429,0.00017479024922713353,0.014565945738936992,0.0,True
anticyclonic,0.5,370.6884765625,164076.07965303515,1.96875,0.00018629641367709705,0.00018629641367709173,-5.312590645178972e-18,0.0014158499810781888,0.0016021463947552806,0.00018629641367709705,0.014617217929069436,0.0,True
anticyclonic,0.5,370.6884765625,169284.84408646484,2.03125,0.0001985818910697842,0.00019858189106978046,-3.74049749507499e-18,0.001459913593499602,0.0016584954845693825,0.0001985818910697842,0.015072130126063196,0.0,True
anticyclonic,0.5,370.6884765625,174493.60851989454,2.09375,0.00020779564167765327,0.00020779564167764799,-5.285485590866834e-18,0.0014999780832976278,0.0017077737249752759,0.00020779564167765327,0.015485755429888644,0.0,True
anticyclonic,0.5,370.6884765625,179702.37295332423,2.15625,0.00021382818126485984,0.00021382818126485192,-7.914675859144182e-18,0.001554957472359777,0.001768785653624629,0.00021382818126485984,0.01605336197173183,0.0,True
anticyclonic,0.5,370.6884765625,184911.1373867539,2.21875,0.0002142946888678268,0.00021429468886781917,-7.616520261710669e-18,0.0016241644371447423,0.0018384591260125615,0.0002142946888678268,0.016767853831738715,0.0,True
anticyclonic,0.5,370.6884765625,190119.9018201836,2.28125,0.00022154721351994058,0.00022154721351993264,-7.94178091345632e-18,0.0017027862460908796,0.0019243334596108124,0.00022154721351994058,0.017579544427989736,0.0,True
anticyclonic,0.5,370.6884765625,195328.66625361328,2.34375,0.00022785860599456567,0.0002278586059945597,-5.9631119486702744e-18,0.0017625438284431722,0.001990402434437732,0.00022785860599456567,0.018196480979058943,0.0,True
anticyclonic,0.5,370.6884765625,200537.43068704297,2.40625,0.0002349874449425517,0.00023498744494254096,-1.0733601507606494e-17,0.0018628369423231686,0.0020978243872657094,0.0002349874449425517,0.019231905863023344,0.0,True
anticyclonic,0.5,370.6884765625,205746.19512047266,2.46875,0.0002378527723129755,0.0002378527723129666,-8.890457814381136e-18,0.0019209605110413494,0.002158813283354316,0.0002378527723129755,0.019831972877271495,0.0,True
anticyclonic,0.5,411.7938537597656,2604.3822167148437,0.03125,3.6415448438579833e-06,3.6415448438579854e-06,2.117582368135751e-21,8.197955448330844e-07,4.46134038869107e-06,3.6415448438579833e-06,7.565153555250759e-08,0.0,True
anticyclonic,0.5,411.7938537597656,7813.146650144531,0.09375,-8.800193354946167e-06,-8.800193354946148e-06,1.8634724839594607e-20,1.2179299685617811e-05,3.3791063306716635e-06,-8.800193354946167e-06,1.123917699941587e-06,0.0,True
anticyclonic,0.5,411.7938537597656,13021.911083574218,0.15625,-1.687946135404082e-05,-1.6879461354040778e-05,4.0657581468206416e-20,5.271196255422823e-05,3.583250120018745e-05,-1.687946135404082e-05,4.8643115156542784e-06,0.0,True
anticyclonic,0.5,411.7938537597656,18230.675517003907,0.21875,-2.372793346527488e-05,-2.372793346527479e-05,9.147955830346444e-20,0.00011928520707598206,9.555727361070727e-05,-2.372793346527488e-05,1.100775570308113e-05,0.0,True
anticyclonic,0.5,411.7938537597656,23439.439950433592,0.28125,-3.033951950162341e-05,-3.0339519501623227e-05,1.8295911660692887e-19,0.0002027135185719243,0.00017237399907030107,-3.033951950162341e-05,1.8706601973959568e-05,0.0,True
anticyclonic,0.5,411.7938537597656,28648.20438386328,0.34375,-3.577261525335925e-05,-3.577261525335896e-05,2.913793338554793e-19,0.0002883799722247883,0.0002526073569714294,-3.577261525335925e-05,2.6611986194480574e-05,0.0,True
anticyclonic,0.5,411.7938537597656,33856.96881729297,0.40625,-3.858213783443873e-05,-3.8582137834438407e-05,3.2526065174565133e-19,0.00037799592261093286,0.00033941378477649444,-3.858213783443873e-05,3.488183384056596e-05,0.0,True
anticyclonic,0.5,411.7938537597656,39065.73325072265,0.46874999999999994,-3.940793185151414e-05,-3.9407931851513756e-05,3.8624702394796095e-19,0.00048458589274678746,0.0004451779608952737,-3.940793185151414e-05,4.47180606486967e-05,0.0,True
anticyclonic,0.5,411.7938537597656,44274.497684152346,0.53125,-3.9365754558202237e-05,-3.9365754558201606e-05,6.301925127571995e-19,0.000602476007293204,0.0005631102527350024,-3.9365754558202237e-05,5.5597075847191466e-05,0.0,True
anticyclonic,0.5,411.7938537597656,49483.26211758203,0.59375,-3.842587530646247e-05,-3.84258753064619e-05,5.692061405548898e-19,0.000725733362180297,0.0006873074868738352,-3.842587530646247e-05,6.69713852394772e-05,0.0,True
anticyclonic,0.5,411.7938537597656,54692.02655101172,0.65625,-3.572604703668698e-05,-3.572604703668636e-05,6.2341624917916505e-19,0.000851723460588869,0.0008159974135521827,-3.572604703668698e-05,7.859787487959919e-05,0.0,True
anticyclonic,0.5,411.7938537597656,59900.7909844414,0.71875,-3.078689601531324e-05,-3.078689601531277e-05,4.743384504624082e-19,0.000981680643570897,0.0009508937475555842,-3.078689601531324e-05,9.05904509683975e-05,0.0,True
anticyclonic,0.5,411.7938537597656,65109.555417871095,0.78125,-2.3911848736039893e-05,-2.3911848736039198e-05,6.945670167485263e-19,0.0011090085303639182,0.001085096681627879,-2.3911848736039893e-05,0.00010234039303048707,0.0,True
anticyclonic,0.5,411.7938537597656,70318.31985130078,0.84375,-1.5161812984424612e-05,-1.516181298442383e-05,7.826584432629735e-19,0.001229768664710946,0.0012146068517265222,-1.5161812984424612e-05,0.00011348425646626587,0.0,True
anticyclonic,0.5,411.7938537597656,75527.08428473047,0.9062500000000001,-5.013691364209379e-06,-5.0136913642089355e-06,4.438452643612534e-19,0.0013495522126302053,0.0013445385212659965,-5.013691364209379e-06,0.00012453799955029836,0.0,True
anticyclonic,0.5,411.7938537597656,80735.84871816015,0.96875,5.856797378555358e-06,5.856797378555883e-06,5.251604272976662e-19,0.0014644540043197956,0.0014703108016983514,5.856797378555358e-06,0.0001351412493896491,0.0,True
anticyclonic,0.5,411.7938537597656,85944.61315158985,1.03125,1.6366776012898985e-05,1.6366776012899422e-05,4.37069000783219e-19,0.001567141641804275,0.0015835084178171745,1.6366776012898985e-05,0.00014461736511987283,0.0,True
anticyclonic,0.5,411.7938537597656,91153.37758501952,1.09375,2.7439475439074326e-05,2.743947543907429e-05,-3.7269449679189215e-20,0.0016400701083465789,0.0016675095837856532,2.7439475439074326e-05,0.0001513472754178585,0.0,True
anticyclonic,0.5,411.7938537597656,96362.14201844922,1.15625,3.9560097410875075e-05,3.956009741087552e-05,4.472333961502706e-19,0.001700186066359661,0.0017397461637705365,3.9560097410875075e-05,0.0001568948348838296,0.0,True
anticyclonic,0.5,411.7938537597656,101570.90645187891,1.21875,4.782008698837378e-05,4.782008698837437e-05,5.89534931288993e-19,0.0017482773783619484,0.001796097465350323,4.782008698837378e-05,0.0001613327482423958,0.0,True
anticyclonic,0.5,411.7938537597656,106779.67088530859,1.28125,4.60167507815244e-05,4.601675078152488e-05,4.811147140404426e-19,0.0017099211491087766,0.0017559378998903015,4.60167507815244e-05,0.00015779319785169777,0.0,True
anticyclonic,0.5,411.7938537597656,111988.43531873828,1.34375,5.055979345866504e-05,5.055979345866523e-05,1.8973538018496328e-19,0.0014691191652478949,0.00151967895870656,5.055979345866504e-05,0.00013557175500782993,0.0,True
anticyclonic,0.5,411.7938537597656,117197.19975216797,1.40625,6.546945138159594e-05,6.546945138159564e-05,-2.981555974335137e-19,0.001316251213367248,0.0013817206647488436,6.546945138159594e-05,0.00012146495073275617,0.0,True
anticyclonic,0.5,411.7938537597656,122405.96418559765,1.46875,7.62301343269891e-05,7.623013432698915e-05,5.421010862427522e-20,0.001200167527927368,0.0012763976622543573,7.62301343269891e-05,0.0001107526345809171,0.0,True
anticyclonic,0.5,411.7938537597656,127614.72861902734,1.53125,8.61236448225984e-05,8.6123644822598e-05,-3.9302328752599536e-19,0.0010857288410498747,0.0011718524858724726,8.61236448225984e-05,0.00010019212050706019,0.0,True
anticyclonic,0.5,411.7938537597656,132823.49305245702,1.59375,9.543181693217779e-05,9.543181693217707e-05,-7.182839392716467e-19,0.0010009842781361293,0.0010964160950683063,9.543181693217779e-05,9.237180926658343e-05,0.0,True
anticyclonic,0.5,411.7938537597656,138032.25748588672,1.65625,0.00010490173566922846,0.00010490173566922762,-8.402566836762659e-19,0.0009398357229903853,0.001044737458659613,0.00010490173566922846,8.672896072617743e-05,0.0,True
anticyclonic,0.5,411.7938537597656,143241.0219193164,1.71875,0.00011321804881505107,0.00011321804881505092,-1.4907779871675686e-19,0.0009035609568117591,0.00101677900562681,0.00011321804881505107,8.338148978599321e-05,0.0,True
anticyclonic,0.5,411.7938537597656,148449.7863527461,1.7812500000000002,0.00012121264075466423,0.00012121264075466369,-5.421010862427522e-19,0.0008886279954932026,0.0010098406362478664,0.00012121264075466423,8.200346149440861e-05,0.0,True
anticyclonic,0.5,411.7938537597656,153658.55078617577,1.8437499999999998,0.0001284862800116863,0.00012848628001168637,5.421010862427522e-20,0.0008826795382377325,0.0010111658182494188,0.0001284862800116863,8.145453203464142e-05,0.0,True
anticyclonic,0.5,411.7938537597656,158867.31521960546,1.90625,0.00013433666500055875,0.00013433666500055772,-1.0299920638612292e-18,0.0008941350996861948,0.0010284717646867525,0.00013433666500055875,8.25116624614343e-05,0.0,True
anticyclonic,0.5,411.7938537597656,164076.07965303515,1.96875,0.0001387558216327359,0.00013875582163273525,-6.505213034913027e-19,0.0009038326669541804,0.0010425884885869156,0.0001387558216327359,8.340656346397172e-05,0.0,True
anticyclonic,0.5,411.7938537597656,169284.84408646484,2.03125,0.0001401419871928407,0.00014014198719284062,-8.131516293641283e-20,0.0009300578865885156,0.0010701998737813563,0.0001401419871928407,8.582665240937235e-05,0.0,True
anticyclonic,0.5,411.7938537597656,174493.60851989454,2.09375,0.0001398994704065951,0.00013989947040659456,-5.421010862427522e-19,0.0009563677819940171,0.0010962672524006116,0.0001398994704065951,8.825455531784363e-05,0.0,True
anticyclonic,0.5,411.7938537597656,179702.37295332423,2.15625,0.0001390677120703051,0.00013906771207030408,-1.0299920638612292e-18,0.000991751064286262,0.001130818776356566,0.0001390677120703051,9.151975925212604e-05,0.0,True
anticyclonic,0.5,411.7938537597656,184911.1373867539,2.21875,0.00013412913627587782,0.00013412913627587806,2.439454888092385e-19,0.0010518922452984406,0.0011860213815743188,0.00013412913627587782,9.706964632115004e-05,0.0,True
anticyclonic,0.5,411.7938537597656,190119.9018201836,2.28125,0.00013370674049720553,0.0001337067404972052,-3.2526065174565133e-19,0.0010966753427176109,0.001230382083214816,0.00013370674049720553,0.00010120227439885883,0.0,True
anticyclonic,0.5,411.7938537597656,195328.66625361328,2.34375,0.0001317347946221646,0.00013173479462216364,-9.486769009248164e-19,0.001157865445169561,0.0012896002397917248,0.0001317347946221646,0.0001068489569653612,0.0,True
anticyclonic,0.5,411.7938537597656,200537.43068704297,2.40625,0.00013242881621646678,0.0001324288162164685,1.7076184216646695e-18,0.0011891984889615189,0.0013216273051779874,0.00013242881621646678,0.00010974040092518193,0.0,True
anticyclonic,0.5,411.7938537597656,205746.19512047266,2.46875,0.00012923619432782292,0.0001292361943278219,-1.0299920638612292e-18,0.0012422348421656235,0.0013714710364934454,0.00012923619432782292,0.00011463464752762303,0.0,True
anticyclonic,0.5,457.6256103515625,2604.3822167148437,0.03125,2.211546967588923e-06,2.211546967588923e-06,0.0,2.3641968424144458e-07,2.4479666518303675e-06,2.211546967588923e-06,2.4993777631644424e-08,1.0,False
anticyclonic,0.5,457.6256103515625,7813.146650144531,0.09375,5.539232839063782e-06,5.539232839063799e-06,1.6940658945086007e-20,1.3187977067985802e-06,6.858030545862379e-06,5.539232839063782e-06,1.394204409442659e-07,0.0,True
anticyclonic,0.5,457.6256103515625,13021.911083574218,0.15625,1.1661592119760496e-05,1.1661592119760543e-05,4.743384504624082e-20,6.696687533523877e-06,1.835827965328442e-05,1.1661592119760496e-05,7.079593208092106e-07,0.0,True
anticyclonic,0.5,457.6256103515625,18230.675517003907,0.21875,1.723040992305848e-05,1.7230409923058574e-05,9.486769009248164e-20,1.8225479985466103e-05,3.545588990852468e-05,1.723040992305848e-05,1.9267583215343455e-06,0.0,True
anticyclonic,0.5,457.6256103515625,23439.439950433592,0.28125,2.194345279087328e-05,2.194345279087345e-05,1.6940658945086007e-19,3.0577311257569105e-05,5.2520764048442555e-05,2.194345279087328e-05,3.232567206057064e-06,0.0,True
anticyclonic,0.5,457.6256103515625,28648.20438386328,0.34375,2.6988507301293794e-05,2.6988507301294078e-05,2.846030702774449e-19,4.2846507908472844e-05,6.983501520976693e-05,2.6988507301293794e-05,4.529640137168981e-06,0.0,True
anticyclonic,0.5,457.6256103515625,33856.96881729297,0.40625,3.2947894882910546e-05,3.294789488291088e-05,3.3203691532368573e-19,5.568043965790301e-05,8.862833454081388e-05,3.2947894882910546e-05,5.886415641349812e-06,0.0,True
anticyclonic,0.5,457.6256103515625,39065.73325072265,0.46874999999999994,3.9052417693623644e-05,3.905241769362403e-05,3.8624702394796095e-19,7.164241360474337e-05,0.0001106948312983674,3.9052417693623644e-05,7.573881000545539e-06,0.0,True
anticyclonic,0.5,457.6256103515625,44274.497684152346,0.53125,4.3896031725668263e-05,4.389603172566874e-05,4.743384504624082e-19,8.981561638671908e-05,0.00013371164811238782,4.3896031725668263e-05,9.495112689204813e-06,0.0,True
anticyclonic,0.5,457.6256103515625,49483.26211758203,0.59375,4.772646053181808e-05,4.772646053181891e-05,8.267041565201971e-19,0.0001084300358341509,0.00015615649636596982,4.772646053181808e-05,1.1462988849364706e-05,0.0,True
anticyclonic,0.5,457.6256103515625,54692.02655101172,0.65625,5.1447721315800645e-05,5.144772131580121e-05,5.624298769768554e-19,0.00012750041915615988,0.00017894814047196108,5.1447721315800645e-05,1.3479068524074621e-05,0.0,True
anticyclonic,0.5,457.6256103515625,59900.7909844414,0.71875,5.501393156176139e-05,5.50139315617621e-05,7.115076756936123e-19,0.00014767341243013046,0.00020268734399189257,5.501393156176139e-05,1.561171373791123e-05,0.0,True
anticyclonic,0.5,457.6256103515625,65109.555417871095,0.78125,5.823907098716301e-05,5.8239070987163666e-05,6.572975670693371e-19,0.0001674538252178337,0.00022569289620499736,5.823907098716301e-05,1.7702856191908825e-05,0.0,True
anticyclonic,0.5,457.6256103515625,70318.31985130078,0.84375,6.148072392370973e-05,6.148072392371061e-05,8.809142651444724e-19,0.00018661514398495555,0.00024809586790866615,6.148072392370973e-05,1.9728549365178634e-05,0.0,True
anticyclonic,0.5,457.6256103515625,75527.08428473047,0.9062500000000001,6.451171083032703e-05,6.451171083032806e-05,1.0299920638612292e-18,0.00020536341760815408,0.0002698751284384821,6.451171083032703e-05,2.171057629926801e-05,0.0,True
anticyclonic,0.5,457.6256103515625,80735.84871816015,0.96875,6.697429807027758e-05,6.697429807027826e-05,6.776263578034403e-19,0.00022305168275627663,0.0002900259808265549,6.697429807027758e-05,2.358054143021814e-05,0.0,True
anticyclonic,0.5,457.6256103515625,85944.61315158985,1.03125,6.821865147284711e-05,6.821865147284792e-05,8.131516293641283e-19,0.00023880210446862636,0.00030702075594147426,6.821865147284711e-05,2.524564194478047e-05,0.0,True
anticyclonic,0.5,457.6256103515625,91153.37758501952,1.09375,6.908770276070548e-05,6.908770276070622e-05,7.453889935837843e-19,0.00024990630470639194,0.0003189940074670982,6.908770276070548e-05,2.641955397503482e-05,0.0,True
anticyclonic,0.5,457.6256103515625,96362.14201844922,1.15625,7.06176602843539e-05,7.061766028435438e-05,4.743384504624082e-19,0.00025886568689076616,0.00032948334717512056,7.06176602843539e-05,2.73667204800221e-05,0.0,True
anticyclonic,0.5,457.6256103515625,101570.90645187891,1.21875,6.927122778870147e-05,6.927122778870204e-05,5.692061405548898e-19,0.0002658261335267689,0.00033509736131547094,6.927122778870147e-05,2.810256384262263e-05,0.0,True
anticyclonic,0.5,457.6256103515625,106779.67088530859,1.28125,5.8977991261338225e-05,5.89779912613387e-05,4.743384504624082e-19,0.00026043546750783306,0.00031941345876917174,5.8977991261338225e-05,2.753267429135266e-05,0.0,True
anticyclonic,0.5,457.6256103515625,111988.43531873828,1.34375,5.446187984168645e-05,5.446187984168683e-05,3.7947076036992655e-19,0.00022363612781610987,0.0002780980076577967,5.446187984168645e-05,2.364232769776288e-05,0.0,True
anticyclonic,0.5,457.6256103515625,117197.19975216797,1.40625,6.102055530407297e-05,6.10205553040733e-05,3.3203691532368573e-19,0.00019995400724087163,0.00026097456254494495,6.102055530407297e-05,2.1138705136035702e-05,0.0,True
anticyclonic,0.5,457.6256103515625,122405.96418559765,1.46875,6.46486253208139e-05,6.464862532081406e-05,1.6263032587282567e-19,0.00018249412488260285,0.0002471427502034169,6.46486253208139e-05,1.9292884139626716e-05,0.0,True
anticyclonic,0.5,457.6256103515625,127614.72861902734,1.53125,6.722364921861016e-05,6.722364921861023e-05,6.776263578034403e-20,0.00016577518939290664,0.00023299883861151687,6.722364921861016e-05,1.7525394443461972e-05,0.0,True
anticyclonic,0.5,457.6256103515625,132823.49305245702,1.59375,7.048856208029807e-05,7.048856208029812e-05,5.421010862427522e-20,0.00015256357613454286,0.000223052138214841,7.048856208029807e-05,1.6128691267098693e-05,0.0,True
anticyclonic,0.5,457.6256103515625,138032.25748588672,1.65625,7.319656033434226e-05,7.319656033434222e-05,-4.0657581468206416e-20,0.00014510549075383454,0.00021830205108817676,7.319656033434226e-05,1.5340238612822774e-05,0.0,True
anticyclonic,0.5,457.6256103515625,143241.0219193164,1.71875,7.507679505783584e-05,7.507679505783584e-05,0.0,0.0001386813973114847,0.00021375819236932054,7.507679505783584e-05,1.4661097349699258e-05,0.0,True
anticyclonic,0.5,457.6256103515625,148449.7863527461,1.7812500000000002,7.680457479067222e-05,7.680457479067212e-05,-9.486769009248164e-20,0.00013802574805565557,0.0002148303228463277,7.680457479067222e-05,1.4591783528571697e-05,0.0,True
anticyclonic,0.5,457.6256103515625,153658.55078617577,1.8437499999999998,7.750116966192129e-05,7.750116966192119e-05,-9.486769009248164e-20,0.00013753705639901726,0.00021503822606093844,7.750116966192129e-05,1.4540120103693824e-05,0.0,True
anticyclonic,0.5,457.6256103515625,158867.31521960546,1.90625,7.771443527797296e-05,7.771443527797288e-05,-8.131516293641283e-20,0.00014026803298299487,0.00021798246826096774,7.771443527797296e-05,1.4828833040927326e-05,0.0,True
anticyclonic,0.5,457.6256103515625,164076.07965303515,1.96875,7.72277228261665e-05,7.722772282616642e-05,-8.131516293641283e-20,0.00014339429612030027,0.0002206220189464667,7.72277228261665e-05,1.5159334817556132e-05,0.0,True
anticyclonic,0.5,457.6256103515625,169284.84408646484,2.03125,7.572932354660688e-05,7.572932354660688e-05,0.0,0.00014771039666339032,0.0002234397202099972,7.572932354660688e-05,1.561562363105291e-05,0.0,True
anticyclonic,0.5,457.6256103515625,174493.60851989454,2.09375,7.261676477496041e-05,7.261676477496029e-05,-1.2197274440461925e-19,0.00015291601649259772,0.000225532781267558,7.261676477496041e-05,1.616595049940798e-05,0.0,True
anticyclonic,0.5,457.6256103515625,179702.37295332423,2.15625,7.044098820245797e-05,7.0440988202458e-05,2.710505431213761e-20,0.0001589653140923389,0.0002294063022947969,7.044098820245797e-05,1.6805469156751096e-05,0.0,True
anticyclonic,0.5,457.6256103515625,184911.1373867539,2.21875,6.768832337563578e-05,6.768832337563582e-05,4.0657581468206416e-20,0.00016833985915211034,0.00023602818252774617,6.768832337563578e-05,1.7796525782909483e-05,0.0,True
anticyclonic,0.5,457.6256103515625,190119.9018201836,2.28125,6.398077694209328e-05,6.398077694209327e-05,-1.3552527156068805e-20,0.00017750086849770732,0.0002414816454398006,6.398077694209328e-05,1.8765007875252663e-05,0.0,True
anticyclonic,0.5,457.6256103515625,195328.66625361328,2.34375,5.958407793616e-05,5.9584077936160195e-05,1.9651164376299768e-19,0.00018474021362380107,0.00024432429155996126,5.958407793616e-05,1.953033578295569e-05,0.0,True
anticyclonic,0.5,457.6256103515625,200537.43068704297,2.40625,5.5713960190975856e-05,5.5713960190976235e-05,3.7947076036992655e-19,0.0001945407126945764,0.0002502546728855526,5.5713960190975856e-05,2.0566423345799815e-05,0.0,True
anticyclonic,0.5,457.6256103515625,205746.19512047266,2.46875,5.0206604605922626e-05,5.0206604605923087e-05,4.607859233063394e-19,0.00019949362539855125,0.00024970023000447434,5.0206604605922626e-05,2.109003456349213e-05,0.0,True
anticyclonic,0.5,508.639892578125,2604.3822167148437,0.03125,1.9199804385996496e-06,1.9199804385996496e-06,0.0,3.095821041982482e-08,1.9509386490194743e-06,1.9199804385996496e-06,1.6303753857300048e-08,1.0,False
anticyclonic,0.5,508.639892578125,7813.146650144531,0.09375,5.1330418403952366e-06,5.1330418403952366e-06,0.0,2.5820742037412836e-07,5.391249260769365e-06,5.1330418403952366e-06,1.3598170465345687e-07,1.0,False
anticyclonic,0.5,508.639892578125,13021.911083574218,0.15625,1.0353614927359166e-05,1.0353614927359169e-05,3.3881317890172014e-21,1.1790113253832307e-06,1.15326262527424e-05,1.0353614927359166e-05,6.209115508727153e-07,1.0,False
anticyclonic,0.5,508.639892578125,18230.675517003907,0.21875,1.4607502309331607e-05,1.460750230933162e-05,1.3552527156068805e-20,3.1317435697226123e-06,1.7739245879054233e-05,1.4607502309331607e-05,1.649293535140607e-06,0.0,True
anticyclonic,0.5,508.639892578125,23439.439950433592,0.28125,1.7381007996127396e-05,1.7381007996127403e-05,6.776263578034403e-21,5.210439910972025e-06,2.259144790709943e-05,1.7381007996127396e-05,2.744012933717276e-06,0.0,True
anticyclonic,0.5,508.639892578125,28648.20438386328,0.34375,1.9856479505092734e-05,1.985647950509276e-05,2.710505431213761e-20,7.218441438850126e-06,2.7074920943942887e-05,1.9856479505092734e-05,3.8015017940760283e-06,0.0,True
anticyclonic,0.5,508.639892578125,33856.96881729297,0.40625,2.2759529690060853e-05,2.275952969006088e-05,2.710505431213761e-20,9.533878292547951e-06,3.2293407982608835e-05,2.2759529690060853e-05,5.020897619056799e-06,0.0,True
anticyclonic,0.5,508.639892578125,39065.73325072265,0.46874999999999994,2.542825754800659e-05,2.542825754800663e-05,4.0657581468206416e-20,1.2607556621765752e-05,3.803581416977238e-05,2.542825754800659e-05,6.6396118223814704e-06,0.0,True
anticyclonic,0.5,508.639892578125,44274.497684152346,0.53125,2.6880248645559102e-05,2.688024864555913e-05,2.710505431213761e-20,1.6263666480043253e-05,4.314391512560238e-05,2.6880248645559102e-05,8.565056297247915e-06,0.0,True
anticyclonic,0.5,508.639892578125,49483.26211758203,0.59375,2.7416529273183643e-05,2.7416529273183657e-05,1.3552527156068805e-20,2.0014526878925134e-05,4.743105615210879e-05,2.7416529273183643e-05,1.0540399957852525e-05,0.0,True
anticyclonic,0.5,508.639892578125,54692.02655101172,0.65625,2.784192582942659e-05,2.7841925829426636e-05,4.743384504624082e-20,2.384296822494835e-05,5.168489405437498e-05,2.784192582942659e-05,1.2556600652796511e-05,0.0,True
anticyclonic,0.5,508.639892578125,59900.7909844414,0.71875,2.810657476081624e-05,2.8106574760816315e-05,7.453889935837843e-20,2.7848832549955346e-05,5.595540731077166e-05,2.810657476081624e-05,1.4666238937922651e-05,0.0,True
anticyclonic,0.5,508.639892578125,65109.555417871095,0.78125,2.7896973944717646e-05,2.789697394471772e-05,7.453889935837843e-20,3.190246308562245e-05,5.979943703034017e-05,2.7896973944717646e-05,1.6801032699761993e-05,0.0,True
anticyclonic,0.5,508.639892578125,70318.31985130078,0.84375,2.7438316061095536e-05,2.7438316061095628e-05,9.147955830346444e-20,3.5805200998600644e-05,6.324351705969626e-05,2.7438316061095536e-05,1.8856360751347395e-05,0.0,True
anticyclonic,0.5,508.639892578125,75527.08428473047,0.9062500000000001,2.6878153685952e-05,2.687815368595206e-05,5.759824041329242e-20,3.957592199345919e-05,6.645407567941125e-05,2.6878153685952e-05,2.0842163746127712e-05,0.0,True
anticyclonic,0.5,508.639892578125,80735.84871816015,0.96875,2.587877068516338e-05,2.5878770685163404e-05,2.371692252312041e-20,4.3151086842655294e-05,6.90298575278187e-05,2.587877068516338e-05,2.2724979545559e-05,0.0,True
anticyclonic,0.5,508.639892578125,85944.61315158985,1.03125,2.3667070515887192e-05,2.366707051588726e-05,6.776263578034403e-20,4.635458547345829e-05,7.002165598934555e-05,2.3667070515887192e-05,2.441206198509703e-05,0.0,True
anticyclonic,0.5,508.639892578125,91153.37758501952,1.09375,2.1022255302285175e-05,2.1022255302285256e-05,8.131516293641283e-20,4.860109804607311e-05,6.962335334835837e-05,2.1022255302285175e-05,2.5595159700518822e-05,0.0,True
anticyclonic,0.5,508.639892578125,96362.14201844922,1.15625,1.8781982151815993e-05,1.8781982151816014e-05,2.0328790734103208e-20,5.036230049961296e-05,6.914428265142897e-05,1.8781982151815993e-05,2.652267491880802e-05,0.0,True
anticyclonic,0.5,508.639892578125,101570.90645187891,1.21875,1.3527268415528307e-05,1.352726841552829e-05,-1.6940658945086007e-20,5.1722704321262713e-05,6.5249972736791e-05,1.3527268415528307e-05,2.7239114556433344e-05,0.0,True
anticyclonic,0.5,508.639892578125,106779.67088530859,1.28125,5.138400449392461e-07,5.138400449392368e-07,-9.317362419797304e-21,5.0636330252580384e-05,5.115017029751962e-05,5.138400449392461e-07,2.666698925679367e-05,0.0,True
anticyclonic,0.5,508.639892578125,111988.43531873828,1.34375,-5.008182994202941e-06,-5.008182994202926e-06,1.5246593050577406e-20,4.345209442217969e-05,3.844391142797676e-05,-5.008182994202941e-06,2.2883501418083152e-05,0.0,True
anticyclonic,0.5,508.639892578125,117197.19975216797,1.40625,-1.4237337224330292e-06,-1.42373372243307e-06,-4.0657581468206416e-20,3.8846860273413514e-05,3.7423126550980447e-05,-1.4237337224330292e-06,2.045821252061395e-05,0.0,True
anticyclonic,0.5,508.639892578125,122405.96418559765,1.46875,-5.858922283613823e-07,-5.858922283614552e-07,-7.284483346386983e-20,3.54516648171324e-05,3.4865772588770946e-05,-5.858922283613823e-07,1.8670175348375362e-05,0.0,True
anticyclonic,0.5,508.639892578125,127614.72861902734,1.53125,-2.0795638286970116e-07,-2.0795638286975495e-07,-5.378659215064807e-20,3.237390005376532e-05,3.2165943670895564e-05,-2.0795638286970116e-07,1.7049309075676513e-05,0.0,True
anticyclonic,0.5,508.639892578125,132823.49305245702,1.59375,1.149495970849842e-06,1.1494959708498014e-06,-4.0657581468206416e-20,2.9988548446525325e-05,3.1138044417375125e-05,1.149495970849842e-06,1.5793093521218892e-05,0.0,True
anticyclonic,0.5,508.639892578125,138032.25748588672,1.65625,1.6509722236199316e-06,1.650972223619804e-06,-1.2769021679858578e-19,2.8687040668623147e-05,3.033801289224295e-05,1.6509722236199316e-06,1.5107670747533941e-05,0.0,True
anticyclonic,0.5,508.639892578125,143241.0219193164,1.71875,1.8899404747529686e-06,1.889940474752921e-06,-4.7645603283054394e-20,2.7506945374291986e-05,2.9396885849044907e-05,1.8899404747529686e-06,1.4486188337988314e-05,0.0,True
anticyclonic,0.5,508.639892578125,148449.7863527461,1.7812500000000002,1.7690557505966186e-06,1.769055750596484e-06,-1.3467823861343375e-19,2.7438479544133614e-05,2.9207535294730098e-05,1.7690557505966186e-06,1.4450131665868049e-05,0.0,True
anticyclonic,0.5,508.639892578125,153658.55078617577,1.8437499999999998,1.79871901180657e-06,1.7987190118064853e-06,-8.470329472543003e-20,2.751317846744009e-05,2.9311897479246578e-05,1.79871901180657e-06,1.4489470918443651e-05,0.0,True
anticyclonic,0.5,508.639892578125,158867.31521960546,1.90625,2.344048724241424e-06,2.344048724241327e-06,-9.698527246061739e-20,2.8534755174917887e-05,3.0878803899159214e-05,2.344048724241424e-06,1.502747149920084e-05,0.0,True
anticyclonic,0.5,508.639892578125,164076.07965303515,1.96875,3.5690025313347144e-06,3.5690025313346424e-06,-7.199780051661553e-20,2.9472640857575474e-05,3.304164338891012e-05,3.5690025313347144e-06,1.5521397249719775e-05,0.0,True
anticyclonic,0.5,508.639892578125,169284.84408646484,2.03125,5.145696170067081e-06,5.1456961700669935e-06,-8.724439356719293e-20,3.092408837096105e-05,3.6069784541028046e-05,5.145696170067081e-06,1.6285783907543988e-05,0.0,True
anticyclonic,0.5,508.639892578125,174493.60851989454,2.09375,6.192795046742891e-06,6.192795046742733e-06,-1.5839516113655416e-19,3.2313970939816266e-05,3.8506765986559e-05,6.192795046742891e-06,1.7017748158250687e-05,0.0,True
anticyclonic,0.5,508.639892578125,179702.37295332423,2.15625,1.0222883222907318e-05,1.022288322290724e-05,-7.792703114739563e-20,3.391805429164051e-05,4.4140937514547746e-05,1.0222883222907318e-05,1.7862518569074813e-05,0.0,True
anticyclonic,0.5,508.639892578125,184911.1373867539,2.21875,1.3989703799280385e-05,1.3989703799280324e-05,-6.098637220230962e-20,3.700227290055266e-05,5.099197669983299e-05,1.3989703799280385e-05,1.9486783678714593e-05,0.0,True
anticyclonic,0.5,508.639892578125,190119.9018201836,2.28125,1.4339774410777452e-05,1.4339774410777359e-05,-9.317362419797304e-20,3.897344193395257e-05,5.331321634472993e-05,1.4339774410777452e-05,2.052487516707479e-05,0.0,True
anticyclonic,0.5,508.639892578125,195328.66625361328,2.34375,1.7603399379616395e-05,1.7603399379616354e-05,-4.0657581468206416e-20,4.01612197233673e-05,5.776461910298365e-05,1.7603399379616395e-05,2.1150403466455584e-05,0.0,True
anticyclonic,0.5,508.639892578125,200537.43068704297,2.40625,2.1044349799978463e-05,2.1044349799978436e-05,-2.710505431213761e-20,4.153948145270019e-05,6.258383125267862e-05,2.1044349799978463e-05,2.1876247747544602e-05,0.0,True
anticyclonic,0.5,508.639892578125,205746.19512047266,2.46875,2.615006245286149e-05,2.6150062452861437e-05,-5.421010862427522e-20,4.338778063930945e-05,6.953784309217089e-05,2.615006245286149e-05,2.2849631369675035e-05,0.0,True
anticyclonic,0.5,565.2922973632812,2604.3822167148437,0.03125,6.072160224470237e-07,6.072160224470237e-07,0.0,2.268720786080295e-08,6.299032303078267e-07,6.072160224470237e-07,2.125474388787103e-08,1.0,False
anticyclonic,0.5,565.2922973632812,7813.146650144531,0.09375,5.810438451255358e-06,5.810438451255358e-06,0.0,1.3514456457166642e-07,5.945583015827024e-06,5.810438451255358e-06,1.2661157447988206e-07,1.0,False
anticyclonic,0.5,565.2922973632812,13021.911083574218,0.15625,1.2071614386200491e-05,1.2071614386200491e-05,0.0,1.1429068584099337e-06,1.3214521244610424e-05,1.2071614386200491e-05,1.0707440383249816e-06,0.0,True
anticyclonic,0.5,565.2922973632812,18230.675517003907,0.21875,1.6863811566297524e-05,1.6863811566297527e-05,3.3881317890172014e-21,3.5363409400448968e-06,2.0400152506342425e-05,1.6863811566297524e-05,3.3130573599896107e-06,0.0,True
anticyclonic,0.5,565.2922973632812,23439.439950433592,0.28125,1.9605422613885062e-05,1.9605422613885072e-05,1.0164395367051604e-20,6.0629467738921495e-06,2.566836938777722e-05,1.9605422613885062e-05,5.680134006596556e-06,0.0,True
anticyclonic,0.5,565.2922973632812,28648.20438386328,0.34375,2.155738608880837e-05,2.1557386088808375e-05,6.776263578034403e-21,8.69925025853851e-06,3.0256636347346883e-05,2.155738608880837e-05,8.149982024944863e-06,0.0,True
anticyclonic,0.5,565.2922973632812,33856.96881729297,0.40625,2.3631114374166023e-05,2.3631114374166033e-05,1.0164395367051604e-20,1.1963170612159582e-05,3.559428498632561e-05,2.3631114374166023e-05,1.1207819358312074e-05,0.0,True
anticyclonic,0.5,565.2922973632812,39065.73325072265,0.46874999999999994,2.5433348927221384e-05,2.5433348927221398e-05,1.3552527156068805e-20,1.649509809739467e-05,4.1928447024616063e-05,2.5433348927221384e-05,1.545360220687042e-05,0.0,True
anticyclonic,0.5,565.2922973632812,44274.497684152346,0.53125,2.6229380536903545e-05,2.622938053690356e-05,1.3552527156068805e-20,2.182315885168796e-05,4.805253938859152e-05,2.6229380536903545e-05,2.044525069205835e-05,0.0,True
anticyclonic,0.5,565.2922973632812,49483.26211758203,0.59375,2.6307094940192258e-05,2.6307094940192275e-05,1.6940658945086007e-20,2.729150398879808e-05,5.359859892899036e-05,2.6307094940192258e-05,2.556832604328172e-05,0.0,True
anticyclonic,0.5,565.2922973632812,54692.02655101172,0.65625,2.6442197265388196e-05,2.6442197265388217e-05,2.0328790734103208e-20,3.269709538520037e-05,5.913929265058859e-05,2.6442197265388196e-05,3.063260990747264e-05,0.0,True
anticyclonic,0.5,565.2922973632812,59900.7909844414,0.71875,2.6592488969605554e-05,2.6592488969605588e-05,3.3881317890172014e-20,3.8396865776727176e-05,6.498935474633276e-05,2.6592488969605554e-05,3.597249838713349e-05,0.0,True
anticyclonic,0.5,565.2922973632812,65109.555417871095,0.78125,2.6347992684078442e-05,2.6347992684078442e-05,0.0,4.419867243832903e-05,7.054666512240748e-05,2.6347992684078442e-05,4.1407980595252464e-05,0.0,True
anticyclonic,0.5,565.2922973632812,70318.31985130078,0.84375,2.5708357216652683e-05,2.570835721665272e-05,3.7269449679189215e-20,4.983950540982705e-05,7.554786262647977e-05,2.5708357216652683e-05,4.669265294713726e-05,0.0,True
anticyclonic,0.5,565.2922973632812,75527.08428473047,0.9062500000000001,2.4665426682255217e-05,2.466542668225525e-05,3.3881317890172014e-20,5.519512957886104e-05,7.986055626111628e-05,2.4665426682255217e-05,5.171012450075139e-05,0.0,True
anticyclonic,0.5,565.2922973632812,80735.84871816015,0.96875,2.298515121799121e-05,2.2985151217991218e-05,6.776263578034403e-21,6.011402368115114e-05,8.309917489914235e-05,2.298515121799121e-05,5.631844100215603e-05,0.0,True
anticyclonic,0.5,565.2922973632812,85944.61315158985,1.03125,1.9967493621318683e-05,1.996749362131868e-05,-3.3881317890172014e-21,6.442819120999902e-05,8.43956848313177e-05,1.9967493621318683e-05,6.036021319720242e-05,0.0,True
anticyclonic,0.5,565.2922973632812,91153.37758501952,1.09375,1.6259591483452476e-05,1.6259591483452472e-05,-3.3881317890172014e-21,6.738547903677515e-05,8.364507052022763e-05,1.6259591483452476e-05,6.313077869589666e-05,0.0,True
anticyclonic,0.5,565.2922973632812,96362.14201844922,1.15625,1.2343774829796019e-05,1.2343774829796028e-05,8.470329472543003e-21,6.971329962993595e-05,8.205707445973198e-05,1.2343774829796019e-05,6.531162134643838e-05,0.0,True
anticyclonic,0.5,565.2922973632812,101570.90645187891,1.21875,5.465520195104086e-06,5.465520195104057e-06,-2.879912020664621e-20,7.12156006639644e-05,7.668112085906846e-05,5.465520195104086e-06,6.671906751243074e-05,0.0,True
anticyclonic,0.5,565.2922973632812,106779.67088530859,1.28125,-8.436001804134745e-06,-8.43600180413476e-06,-1.5246593050577406e-20,6.930807491588486e-05,6.08720731117501e-05,-8.436001804134745e-06,6.4931982407745e-05,0.0,True
anticyclonic,0.5,565.2922973632812,111988.43531873828,1.34375,-1.6615312200298257e-05,-1.6615312200298274e-05,-1.6940658945086007e-20,5.9029437310656004e-05,4.241412511035773e-05,-1.6615312200298257e-05,5.530233511241462e-05,0.0,True
anticyclonic,0.5,565.2922973632812,117197.19975216797,1.40625,-1.6639869727596743e-05,-1.6639869727596787e-05,-4.404571325722362e-20,5.264338629072183e-05,3.6003516563125046e-05,-1.6639869727596743e-05,4.931949757170129e-05,0.0,True
anticyclonic,0.5,565.2922973632812,122405.96418559765,1.46875,-1.8652500731194674e-05,-1.865250073119472e-05,-4.404571325722362e-20,4.82183851055053e-05,2.956588437431058e-05,-1.8652500731194674e-05,4.517388972641862e-05,0.0,True
anticyclonic,0.5,565.2922973632812,127614.72861902734,1.53125,-2.0556140266949044e-05,-2.0556140266949088e-05,-4.404571325722362e-20,4.425491354482653e-05,2.3698773277877443e-05,-2.0556140266949044e-05,4.1460670653981113e-05,0.0,True
anticyclonic,0.5,565.2922973632812,132823.49305245702,1.59375,-2.0898848702742794e-05,-2.089884870274283e-05,-3.7269449679189215e-20,4.1370439087452675e-05,2.0471590384709844e-05,-2.0898848702742794e-05,3.875832110886537e-05,0.0,True
anticyclonic,0.5,565.2922973632812,138032.25748588672,1.65625,-2.1507229548909743e-05,-2.15072295489098e-05,-5.759824041329242e-20,3.993157573407334e-05,1.842434618516354e-05,-2.1507229548909743e-05,3.7410307186069736e-05,0.0,True
anticyclonic,0.5,565.2922973632812,143241.0219193164,1.71875,-2.155013828546633e-05,-2.1550138285466373e-05,-4.404571325722362e-20,3.853544135490366e-05,1.698530306943729e-05,-2.155013828546633e-05,3.6102324341976685e-05,0.0,True
anticyclonic,0.5,565.2922973632812,148449.7863527461,1.7812500000000002,-2.1067576810562635e-05,-2.1067576810562723e-05,-8.809142651444724e-20,3.8580852723939575e-05,1.7513275913376852e-05,-2.1067576810562635e-05,3.6144868449844784e-05,0.0,True
anticyclonic,0.5,565.2922973632812,153658.55078617577,1.8437499999999998,-1.9975933731522678e-05,-1.9975933731522698e-05,-2.0328790734103208e-20,3.886351966809358e-05,1.8887585936570883e-05,-1.9975933731522678e-05,3.640968788202976e-05,0.0,True
anticyclonic,0.5,565.2922973632812,158867.31521960546,1.90625,-1.801240319465508e-05,-1.8012403194655163e-05,-8.470329472543003e-20,4.020810492658003e-05,2.2195701731924867e-05,-1.801240319465508e-05,3.766937640253353e-05,0.0,True
anticyclonic,0.5,565.2922973632812,164076.07965303515,1.96875,-1.6337295562737096e-05,-1.6337295562737157e-05,-6.098637220230962e-20,4.162163667049175e-05,2.5284341107754595e-05,-1.6337295562737096e-05,3.899365814661396e-05,0.0,True
anticyclonic,0.5,565.2922973632812,169284.84408646484,2.03125,-1.3454661107263577e-05,-1.3454661107263657e-05,-7.962109704190423e-20,4.3384226845257364e-05,2.9929565737993708e-05,-1.3454661107263577e-05,4.064495886963713e-05,0.0,True
anticyclonic,0.5,565.2922973632812,174493.60851989454,2.09375,-9.888702539087656e-06,-9.88870253908775e-06,-9.486769009248164e-20,4.572005315847475e-05,3.5831350619387e-05,-9.888702539087656e-06,4.283330176130527e-05,0.0,True
anticyclonic,0.5,565.2922973632812,179702.37295332423,2.15625,-5.083902101140614e-06,-5.083902101140701e-06,-8.724439356719293e-20,4.821310941328388e-05,4.312920731214318e-05,-5.083902101140614e-06,4.516894713993176e-05,0.0,True
anticyclonic,0.5,565.2922973632812,184911.1373867539,2.21875,-1.2701318118875976e-06,-1.2701318118876476e-06,-4.997494388800372e-20,5.198702281878166e-05,5.071689100689402e-05,-1.2701318118875976e-06,4.8704576706205746e-05,0.0,True
anticyclonic,0.5,565.2922973632812,190119.9018201836,2.28125,2.621155662326609e-06,2.6211556623264993e-06,-1.096907666694319e-19,5.422685704245083e-05,5.684801270477733e-05,2.621155662326609e-06,5.080298842207089e-05,0.0,True
anticyclonic,0.5,565.2922973632812,195328.66625361328,2.34375,8.13076405574863e-06,8.130764055748551e-06,-7.962109704190423e-20,5.616644638907424e-05,6.42972104448228e-05,8.13076405574863e-06,5.2620112638636544e-05,0.0,True
anticyclonic,0.5,565.2922973632812,200537.43068704297,2.40625,1.1639897449907161e-05,1.1639897449907095e-05,-6.606856988583543e-20,5.7574194756840634e-05,6.921409220674772e-05,1.1639897449907161e-05,5.393897616732747e-05,0.0,True
anticyclonic,0.5,565.2922973632812,205746.19512047266,2.46875,1.5182011093718866e-05,1.5182011093718825e-05,-4.0657581468206416e-20,5.839251798347471e-05,7.357452907719354e-05,1.5182011093718866e-05,5.470563069380422e-05,0.0,True
anticyclonic,0.5,628.0260009765625,2604.3822167148437,0.03125,1.0966631174496976e-06,1.0966631174496976e-06,0.0,6.040316242673155e-08,1.157066279876429e-06,1.0966631174496976e-06,1.0145605473890117e-07,1.0,False
anticyclonic,0.5,628.0260009765625,7813.146650144531,0.09375,9.182580335357011e-06,9.182580335357011e-06,0.0,4.490814395644954e-07,9.631661774921507e-06,9.182580335357011e-06,7.542987698689829e-07,0.0,True
anticyclonic,0.5,628.0260009765625,13021.911083574218,0.15625,1.852207904313415e-05,1.852207904313415e-05,0.0,2.2376484053163013e-06,2.075972744845045e-05,1.852207904313415e-05,3.758461808544581e-06,0.0,True
anticyclonic,0.5,628.0260009765625,18230.675517003907,0.21875,2.6485285943963848e-05,2.6485285943963855e-05,6.776263578034403e-21,6.207570844460353e-06,3.269285678842421e-05,2.6485285943963848e-05,1.0426534341726105e-05,0.0,True
anticyclonic,0.5,628.0260009765625,23439.439950433592,0.28125,3.2651028711621916e-05,3.2651028711621937e-05,2.0328790734103208e-20,1.028076260722226e-05,4.29317913188442e-05,3.2651028711621916e-05,1.7268062994237988e-05,0.0,True
anticyclonic,0.5,628.0260009765625,28648.20438386328,0.34375,3.8042711028653537e-05,3.804271102865356e-05,2.0328790734103208e-20,1.481149239690664e-05,5.2854203425560196e-05,3.8042711028653537e-05,2.4878094507190046e-05,0.0,True
anticyclonic,0.5,628.0260009765625,33856.96881729297,0.40625,4.325862201799516e-05,4.325862201799518e-05,2.0328790734103208e-20,2.0471654212727232e-05,6.373027623072242e-05,4.325862201799516e-05,3.438517433456666e-05,0.0,True
anticyclonic,0.5,628.0260009765625,39065.73325072265,0.46874999999999994,4.7819561339528446e-05,4.7819561339528466e-05,2.0328790734103208e-20,2.8139064723332955e-05,7.595862606286142e-05,4.7819561339528446e-05,4.7263725543093715e-05,0.0,True
anticyclonic,0.5,628.0260009765625,44274.497684152346,0.53125,5.0786119246130614e-05,5.078611924613065e-05,3.3881317890172014e-20,3.6978515578235416e-05,8.776463482436606e-05,5.0786119246130614e-05,6.211089204509003e-05,0.0,True
anticyclonic,0.5,628.0260009765625,49483.26211758203,0.59375,5.2328753436830535e-05,5.232875343683058e-05,4.743384504624082e-20,4.587398126913076e-05,9.820273470596135e-05,5.2328753436830535e-05,7.705214375783301e-05,0.0,True
anticyclonic,0.5,628.0260009765625,54692.02655101172,0.65625,5.3116155072724414e-05,5.311615507272444e-05,2.710505431213761e-20,5.452106671158233e-05,0.00010763722178430677,5.3116155072724414e-05,9.157620406751428e-05,0.0,True
anticyclonic,0.5,628.0260009765625,59900.7909844414,0.71875,5.310280788569313e-05,5.3102807885693166e-05,3.3881317890172014e-20,6.382028580126945e-05,0.00011692309368696261,5.310280788569313e-05,0.00010719561939426542,0.0,True
anticyclonic,0.5,628.0260009765625,65109.555417871095,0.78125,5.161479034814095e-05,5.161479034814098e-05,3.3881317890172014e-20,7.336347732757227e-05,0.00012497826767571325,5.161479034814095e-05,0.00012322482255148145,0.0,True
anticyclonic,0.5,628.0260009765625,70318.31985130078,0.84375,4.888020015310281e-05,4.8880200153102865e-05,5.421010862427522e-20,8.251389213480486e-05,0.00013139409228790774,4.888020015310281e-05,0.00013859429905351624,0.0,True
anticyclonic,0.5,628.0260009765625,75527.08428473047,0.9062500000000001,4.512400454169422e-05,4.512400454169425e-05,2.710505431213761e-20,9.119161744323867e-05,0.00013631562198493293,4.512400454169422e-05,0.0001531698235547298,0.0,True
anticyclonic,0.5,628.0260009765625,80735.84871816015,0.96875,4.03049359159097e-05,4.030493591590973e-05,3.3881317890172014e-20,9.902803041829679e-05,0.00013933296633420652,4.03049359159097e-05,0.00016633223942523197,0.0,True
anticyclonic,0.5,628.0260009765625,85944.61315158985,1.03125,3.3950881006508095e-05,3.395088100650812e-05,2.710505431213761e-20,0.00010608666150173314,0.00014003754250824127,3.3950881006508095e-05,0.00017818825544842445,0.0,True
anticyclonic,0.5,628.0260009765625,91153.37758501952,1.09375,2.634103410209556e-05,2.6341034102095582e-05,2.0328790734103208e-20,0.00011105396367405362,0.0001373949977761492,2.634103410209556e-05,0.00018653157491801202,0.0,True
anticyclonic,0.5,628.0260009765625,96362.14201844922,1.15625,1.845220565778823e-05,1.845220565778824e-05,1.0164395367051604e-20,0.00011457295997262437,0.00013302516563041262,1.845220565778823e-05,0.00019244225023284922,0.0,True
anticyclonic,0.5,628.0260009765625,101570.90645187891,1.21875,8.316003941643501e-06,8.3160039416435e-06,-1.6940658945086007e-21,0.00011699766634758063,0.00012531367028922413,8.316003941643501e-06,0.00019651490359767467,0.0,True
anticyclonic,0.5,628.0260009765625,106779.67088530859,1.28125,-6.5101662499594205e-06,-6.510166249959432e-06,-1.1858461261560205e-20,0.00011408358517645598,0.00010757341892649656,-6.5101662499594205e-06,0.00019162027280462892,0.0,True
anticyclonic,0.5,628.0260009765625,111988.43531873828,1.34375,-1.6654795099253073e-05,-1.6654795099253096e-05,-2.371692252312041e-20,9.946617773527844e-05,8.281138263602534e-05,-1.6654795099253073e-05,0.00016706817271728953,0.0,True
anticyclonic,0.5,628.0260009765625,117197.19975216797,1.40625,-1.965946849913239e-05,-1.9659468499132422e-05,-3.3881317890172014e-20,8.806319388520097e-05,6.840372538606854e-05,-1.965946849913239e-05,0.00014791517298679403,0.0,True
anticyclonic,0.5,628.0260009765625,122405.96418559765,1.46875,-2.273363769673577e-05,-2.2733637696735824e-05,-5.421010862427522e-20,8.071496724475121e-05,5.798132954801539e-05,-2.273363769673577e-05,0.00013557273834735551,0.0,True
anticyclonic,0.5,628.0260009765625,127614.72861902734,1.53125,-2.5824795591092486e-05,-2.582479559109253e-05,-4.404571325722362e-20,7.446806711244637e-05,4.864327152135384e-05,-2.5824795591092486e-05,0.00012508014464350194,0.0,True
anticyclonic,0.5,628.0260009765625,132823.49305245702,1.59375,-2.7049763462010962e-05,-2.7049763462011006e-05,-4.404571325722362e-20,6.982527719006702e-05,4.277551372805601e-05,-2.7049763462010962e-05,0.00011728189154578534,0.0,True
anticyclonic,0.5,628.0260009765625,138032.25748588672,1.65625,-2.7614396573582397e-05,-2.761439657358246e-05,-6.098637220230962e-20,6.767027250839731e-05,4.0055875934814857e-05,-2.7614396573582397e-05,0.0001136622421075415,0.0,True
anticyclonic,0.5,628.0260009765625,143241.0219193164,1.71875,-2.689195223730198e-05,-2.6891952237302075e-05,-9.486769009248164e-20,6.542185680898747e-05,3.8529904571685395e-05,-2.689195223730198e-05,0.00010988569503433434,0.0,True
anticyclonic,0.5,628.0260009765625,148449.7863527461,1.7812500000000002,-2.5379825748799594e-05,-2.537982574879964e-05,-4.404571325722362e-20,6.511489229870137e-05,3.973506654990174e-05,-2.5379825748799594e-05,0.00010937010268937621,0.0,True
anticyclonic,0.5,628.0260009765625,153658.55078617577,1.8437499999999998,-2.2453545424242653e-05,-2.2453545424242754e-05,-1.0164395367051604e-19,6.452745295466775e-05,4.2073907530425e-05,-2.2453545424242653e-05,0.00010838341133333417,0.0,True
anticyclonic,0.5,628.0260009765625,158867.31521960546,1.90625,-1.8871405396491153e-05,-1.8871405396491278e-05,-1.2536087619363645e-19,6.617571303471174e-05,4.730430763822046e-05,-1.8871405396491153e-05,0.0001111519081832753,0.0,True
anticyclonic,0.5,628.0260009765625,164076.07965303515,1.96875,-1.6111742288439972e-05,-1.6111742288440067e-05,-9.486769009248164e-20,6.769770313448825e-05,5.158596084604819e-05,-1.6111742288439972e-05,0.00011370831590550831,0.0,True
anticyclonic,0.5,628.0260009765625,169284.84408646484,2.03125,-1.1933286036655003e-05,-1.1933286036655139e-05,-1.3552527156068805e-19,7.056617867900525e-05,5.8632892642350116e-05,-1.1933286036655003e-05,0.00011852634529618343,0.0,True
anticyclonic,0.5,628.0260009765625,174493.60851989454,2.09375,-8.474465664366381e-06,-8.47446566436654e-06,-1.5924219408380846e-19,7.436016660429529e-05,6.588570093992875e-05,-8.474465664366381e-06,0.00012489890976404326,0.0,True
anticyclonic,0.5,628.0260009765625,179702.37295332423,2.15625,-4.1883169163230585e-06,-4.188316916323182e-06,-1.2366681029912785e-19,7.778964684447227e-05,7.360132992814908e-05,-4.1883169163230585e-06,0.00013065922960483678,0.0,True
anticyclonic,0.5,628.0260009765625,184911.1373867539,2.21875,-7.070220842497886e-07,-7.070220842499749e-07,-1.8634724839594607e-19,8.368774417759276e-05,8.298072209334278e-05,-7.070220842497886e-07,0.00014056595736284597,0.0,True
anticyclonic,0.5,628.0260009765625,190119.9018201836,2.28125,2.890354808239993e-06,2.8903548082398135e-06,-1.7957098481791167e-19,8.791617170579584e-05,9.080652651403566e-05,2.890354808239993e-06,0.00014766822746801176,0.0,True
anticyclonic,0.5,628.0260009765625,195328.66625361328,2.34375,6.011424779837676e-06,6.011424779837525e-06,-1.5077186461126546e-19,9.135647668048718e-05,9.73679014603247e-05,6.011424779837676e-06,0.0001534467290531594,0.0,True
anticyclonic,0.5,628.0260009765625,200537.43068704297,2.40625,9.04260966206816e-06,9.042609662067984e-06,-1.7618285302889447e-19,9.48326172425245e-05,0.00010387522690459248,9.04260966206816e-06,0.00015928542181316123,0.0,True
anticyclonic,0.5,628.0260009765625,205746.19512047266,2.46875,1.1792518240075155e-05,1.1792518240075e-05,-1.5415999640028266e-19,9.698105442787953e-05,0.00010877357266795453,1.1792518240075155e-05,0.00016289404016894466,0.0,True
anticyclonic,0.5,697.2586669921875,2604.3822167148437,0.03125,1.1432888835753068e-06,1.1432888835753062e-06,-6.352747104407253e-22,2.30213902409838e-07,1.3735027859851441e-06,1.1432888835753068e-06,1.333999747479209e-07,0.0,True
anticyclonic,0.5,697.2586669921875,7813.146650144531,0.09375,5.642492036130896e-06,5.642492036130898e-06,1.6940658945086007e-21,1.6231022054993327e-06,7.265594241630231e-06,5.642492036130896e-06,9.405244034369528e-07,0.0,True
anticyclonic,0.5,697.2586669921875,13021.911083574218,0.15625,1.1821180663790164e-05,1.1821180663790168e-05,3.3881317890172014e-21,6.723729127149389e-06,1.8544909790939556e-05,1.1821180663790164e-05,3.896138705719011e-06,0.0,True
anticyclonic,0.5,697.2586669921875,18230.675517003907,0.21875,1.7374319548819392e-05,1.7374319548819405e-05,1.3552527156068805e-20,1.9345066746226695e-05,3.67193862950461e-05,1.7374319548819392e-05,1.1209711439795328e-05,0.0,True
anticyclonic,0.5,697.2586669921875,23439.439950433592,0.28125,2.174554038685403e-05,2.174554038685404e-05,1.0164395367051604e-20,3.289231480793201e-05,5.463785519478605e-05,2.174554038685403e-05,1.905981315136807e-05,0.0,True
anticyclonic,0.5,697.2586669921875,28648.20438386328,0.34375,2.5707921210275562e-05,2.570792121027558e-05,1.6940658945086007e-20,4.6910478704782306e-05,7.261839991505789e-05,2.5707921210275562e-05,2.7182792216824078e-05,0.0,True
anticyclonic,0.5,697.2586669921875,33856.96881729297,0.40625,2.9919387910998566e-05,2.9919387910998586e-05,2.0328790734103208e-20,6.311052798540095e-05,9.302991589639953e-05,2.9919387910998566e-05,3.657008873683324e-05,0.0,True
anticyclonic,0.5,697.2586669921875,39065.73325072265,0.46874999999999994,3.369197437330266e-05,3.36919743733027e-05,4.0657581468206416e-20,8.558494896531316e-05,0.00011927692333861585,3.369197437330266e-05,4.959313886461003e-05,0.0,True
anticyclonic,0.5,697.2586669921875,44274.497684152346,0.53125,3.5829230218055494e-05,3.5829230218055535e-05,4.0657581468206416e-20,0.00011168480609165174,0.00014751403630970729,3.5829230218055494e-05,6.471698779437442e-05,0.0,True
anticyclonic,0.5,697.2586669921875,49483.26211758203,0.59375,3.6450896230506684e-05,3.645089623050674e-05,5.421010862427522e-20,0.00013790047110708825,0.000174351367337595,3.6450896230506684e-05,7.990794287767495e-05,0.0,True
anticyclonic,0.5,697.2586669921875,54692.02655101172,0.65625,3.6134004574302244e-05,3.613400457430231e-05,6.776263578034403e-20,0.00016352124029344069,0.000199655244867743,3.6134004574302244e-05,9.475417903763187e-05,0.0,True
anticyclonic,0.5,697.2586669921875,59900.7909844414,0.71875,3.500621529032243e-05,3.5006215290322485e-05,5.421010862427522e-20,0.00019097889094903188,0.00022598510623935436,3.500621529032243e-05,0.00011066481634385464,0.0,True
anticyclonic,0.5,697.2586669921875,65109.555417871095,0.78125,3.253062103856224e-05,3.253062103856229e-05,4.743384504624082e-20,0.00022028467058906554,0.00025281529162762785,3.253062103856224e-05,0.0001276463722925868,0.0,True
anticyclonic,0.5,697.2586669921875,70318.31985130078,0.84375,2.8760680243469306e-05,2.876068024346929e-05,-1.6940658945086007e-20,0.0002489655935497779,0.00027772627379324714,2.8760680243469306e-05,0.00014426584817417277,0.0,True
anticyclonic,0.5,697.2586669921875,75527.08428473047,0.9062500000000001,2.4063768777111767e-05,2.4063768777111757e-05,-1.0164395367051604e-20,0.0002758913705774945,0.0002999551393546062,2.4063768777111767e-05,0.00015986828546386811,0.0,True
anticyclonic,0.5,697.2586669921875,80735.84871816015,0.96875,1.869175714393068e-05,1.869175714393069e-05,1.0164395367051604e-20,0.00030094467792402495,0.00031963643506795566,1.869175714393068e-05,0.00017438569962693323,0.0,True
anticyclonic,0.5,697.2586669921875,85944.61315158985,1.03125,1.2258145731796778e-05,1.225814573179677e-05,-8.470329472543003e-21,0.00032322799222276157,0.00033548613795455833,1.2258145731796778e-05,0.00018729801088891552,0.0,True
anticyclonic,0.5,697.2586669921875,91153.37758501952,1.09375,5.223832709694608e-06,5.223832709694576e-06,-3.218725199566341e-20,0.0003391426597449925,0.0003443664924546871,5.223832709694608e-06,0.00019651993981398828,0.0,True
anticyclonic,0.5,697.2586669921875,96362.14201844922,1.15625,-1.6454432053354025e-06,-1.645443205335433e-06,-3.049318610115481e-20,0.0003500146126510409,0.00034836916944570547,-1.6454432053354025e-06,0.0002028198123583732,0.0,True
anticyclonic,0.5,697.2586669921875,101570.90645187891,1.21875,-1.0150494899273048e-05,-1.0150494899273129e-05,-8.131516293641283e-20,0.0003574984213819387,0.00034734792648266556,-1.0150494899273048e-05,0.00020715638754027836,0.0,True
anticyclonic,0.5,697.2586669921875,106779.67088530859,1.28125,-2.1533103438278913e-05,-2.1533103438279045e-05,-1.3213713977167085e-19,0.0003488293244183519,0.0003272962209800728,-2.1533103438278913e-05,0.0002021329840710518,0.0,True
anticyclonic,0.5,697.2586669921875,111988.43531873828,1.34375,-2.8967569857064804e-05,-2.8967569857064903e-05,-9.825582188149884e-20,0.00030553144293895884,0.00027656387308189396,-2.8967569857064804e-05,0.00017704355100237943,0.0,True
anticyclonic,0.5,697.2586669921875,117197.19975216797,1.40625,-3.0388964174988104e-05,-3.0388964174988216e-05,-1.1180834903756764e-19,0.00027044811370834597,0.00024005914953335774,-3.0388964174988104e-05,0.000156714130474574,0.0,True
anticyclonic,0.5,697.2586669921875,122405.96418559765,1.46875,-3.2569561625715755e-05,-3.256956162571593e-05,-1.7618285302889447e-19,0.0002461386929586122,0.0002135691313328963,-3.2569561625715755e-05,0.0001426277695719299,0.0,True
anticyclonic,0.5,697.2586669921875,127614.72861902734,1.53125,-3.503629172330505e-05,-3.503629172330526e-05,-2.1006417091906648e-19,0.00022559690956153075,0.00019056061783822548,-3.503629172330505e-05,0.00013072460752236106,0.0,True
anticyclonic,0.5,697.2586669921875,132823.49305245702,1.59375,-3.674956880580258e-05,-3.6749568805802714e-05,-1.3552527156068805e-19,0.00021018722369433947,0.00017343765488853676,-3.674956880580258e-05,0.00012179529576473689,0.0,True
anticyclonic,0.5,697.2586669921875,138032.25748588672,1.65625,-3.8243583331461564e-05,-3.8243583331461774e-05,-2.1006417091906648e-19,0.00019972756839138368,0.0001614839850599219,-3.8243583331461564e-05,0.00011573433359572658,0.0,True
anticyclonic,0.5,697.2586669921875,143241.0219193164,1.71875,-3.860358732969629e-05,-3.860358732969654e-05,-2.507217523872729e-19,0.00019228340702079786,0.00015367981969110133,-3.860358732969629e-05,0.00011142073251229714,0.0,True
anticyclonic,0.5,697.2586669921875,148449.7863527461,1.7812500000000002,-3.841308811275897e-05,-3.841308811275912e-05,-1.4907779871675686e-19,0.00018729614001021899,0.00014888305189745987,-3.841308811275897e-05,0.00010853080585579158,0.0,True
anticyclonic,0.5,697.2586669921875,153658.55078617577,1.8437499999999998,-3.7209334157207095e-05,-3.7209334157207366e-05,-2.710505431213761e-19,0.0001854872606092035,0.00014827792645199614,-3.7209334157207095e-05,0.00010748263081557217,0.0,True
anticyclonic,0.5,697.2586669921875,158867.31521960546,1.90625,-3.593026884127815e-05,-3.593026884127832e-05,-1.6940658945086007e-19,0.0001886486406174334,0.0001527183717761551,-3.593026884127815e-05,0.00010931452719042997,0.0,True
anticyclonic,0.5,697.2586669921875,164076.07965303515,1.96875,-3.49448977137203e-05,-3.494489771372043e-05,-1.2874900798265365e-19,0.0001917660626999589,0.00015682116498623845,-3.49448977137203e-05,0.00011112095166234205,0.0,True
anticyclonic,0.5,697.2586669921875,169284.84408646484,2.03125,-3.377317609667627e-05,-3.3773176096676544e-05,-2.710505431213761e-19,0.00019776374873785454,0.000163990572641178,-3.377317609667627e-05,0.00011459637672410429,0.0,True
anticyclonic,0.5,697.2586669921875,174493.60851989454,2.09375,-3.2569909131742476e-05,-3.256990913174274e-05,-2.642742795433417e-19,0.00020777289546035666,0.00017520298632861392,-3.2569909131742476e-05,0.00012039628674714449,0.0,True
anticyclonic,0.5,697.2586669921875,179702.37295332423,2.15625,-2.8262596233723297e-05,-2.8262596233723544e-05,-2.473336205982557e-19,0.00021790798875309254,0.000189645392519369,-2.8262596233723297e-05,0.00012626917789388268,0.0,True
anticyclonic,0.5,697.2586669921875,184911.1373867539,2.21875,-2.673775193240171e-05,-2.6737751932402016e-05,-3.049318610115481e-19,0.00023665927281975996,0.00020992152088735794,-2.673775193240171e-05,0.00013713481543705492,0.0,True
anticyclonic,0.5,697.2586669921875,190119.9018201836,2.28125,-2.6884083554304093e-05,-2.6884083554304286e-05,-1.9312351197398048e-19,0.00025155964064335965,0.00022467555708905536,-2.6884083554304093e-05,0.00014576899725924706,0.0,True
anticyclonic,0.5,697.2586669921875,195328.66625361328,2.34375,-2.5772421447553542e-05,-2.5772421447553732e-05,-1.8973538018496328e-19,0.00026430641050781287,0.00023853398906025912,-2.5772421447553542e-05,0.00015315525308583238,0.0,True
anticyclonic,0.5,697.2586669921875,200537.43068704297,2.40625,-2.455451775160659e-05,-2.455451775160675e-05,-1.5924219408380846e-19,0.0002736376772404441,0.0002490831594888373,-2.455451775160659e-05,0.00015856235810194513,0.0,True
anticyclonic,0.5,697.2586669921875,205746.19512047266,2.46875,-2.267096342327391e-05,-2.2670963423273998e-05,-8.809142651444724e-20,0.00027531189396154236,0.00025264093053826834,-2.267096342327391e-05,0.00015953250137296034,0.0,True
anticyclonic,0.5,773.3682861328125,2604.3822167148437,0.03125,5.751726812816025e-07,5.751726812816025e-07,0.0,2.641544734900872e-08,6.015881286306112e-07,5.751726812816025e-07,4.5485356117073963e-08,1.0,False
anticyclonic,0.5,773.3682861328125,7813.146650144531,0.09375,1.3320145339071515e-06,1.3320145339071505e-06,-1.0587911840678754e-21,2.4981097820859455e-07,1.581825512115745e-06,1.3320145339071515e-06,4.301551722991711e-07,0.0,True
anticyclonic,0.5,773.3682861328125,13021.911083574218,0.15625,3.2485333799375837e-06,3.248533379937581e-06,-2.541098841762901e-21,1.0547131928191531e-06,4.303246572756734e-06,3.2485333799375837e-06,1.8161344967173374e-06,0.0,True
anticyclonic,0.5,773.3682861328125,18230.675517003907,0.21875,5.057823389320919e-06,5.057823389320912e-06,-6.776263578034403e-21,3.673277605073582e-06,8.731100994394495e-06,5.057823389320919e-06,6.325099771210742e-06,0.0,True
anticyclonic,0.5,773.3682861328125,23439.439950433592,0.28125,6.5591960661355e-06,6.559196066135491e-06,-8.470329472543003e-21,6.5261370324625305e-06,1.3085333098598022e-05,6.5591960661355e-06,1.1237502930326941e-05,0.0,True
anticyclonic,0.5,773.3682861328125,28648.20438386328,0.34375,8.335002322925901e-06,8.335002322925895e-06,-6.776263578034403e-21,9.41536323494975e-06,1.7750365557875645e-05,8.335002322925901e-06,1.6212526861838896e-05,0.0,True
anticyclonic,0.5,773.3682861328125,33856.96881729297,0.40625,1.0692668837077421e-05,1.0692668837077409e-05,-1.1858461261560205e-20,1.26145104347987e-05,2.330717927187611e-05,1.0692668837077421e-05,2.172121076688471e-05,0.0,True
anticyclonic,0.5,773.3682861328125,39065.73325072265,0.46874999999999994,1.3307704077099711e-05,1.3307704077099696e-05,-1.5246593050577406e-20,1.684273077197172e-05,3.0150434849071415e-05,1.3307704077099711e-05,2.900187897729783e-05,0.0,True
anticyclonic,0.5,773.3682861328125,44274.497684152346,0.53125,1.558197077636675e-05,1.5581970776366732e-05,-1.6940658945086007e-20,2.196724822750535e-05,3.754921900387208e-05,1.558197077636675e-05,3.782590146358959e-05,0.0,True
anticyclonic,0.5,773.3682861328125,49483.26211758203,0.59375,1.7345836367013993e-05,1.7345836367013987e-05,-6.776263578034403e-21,2.7448149968030763e-05,4.479398633504475e-05,1.7345836367013993e-05,4.72635901090497e-05,0.0,True
anticyclonic,0.5,773.3682861328125,54692.02655101172,0.65625,1.8956120192298686e-05,1.895612019229869e-05,3.3881317890172014e-21,3.293939369349195e-05,5.189551388579064e-05,1.8956120192298686e-05,5.6719086852231784e-05,0.0,True
anticyclonic,0.5,773.3682861328125,59900.7909844414,0.71875,2.0592259959638284e-05,2.0592259959638294e-05,1.0164395367051604e-20,3.862754964291315e-05,5.921980960255144e-05,2.0592259959638284e-05,6.65136512065843e-05,0.0,True
anticyclonic,0.5,773.3682861328125,65109.555417871095,0.78125,2.2111481534551825e-05,2.2111481534551842e-05,1.6940658945086007e-20,4.467854546655851e-05,6.679002700111036e-05,2.2111481534551825e-05,7.693299774518324e-05,0.0,True
anticyclonic,0.5,773.3682861328125,70318.31985130078,0.84375,2.3389433740159145e-05,2.3389433740159175e-05,3.049318610115481e-20,5.0698300351625076e-05,7.408773409178425e-05,2.3389433740159145e-05,8.729854980519874e-05,0.0,True
anticyclonic,0.5,773.3682861328125,75527.08428473047,0.9062500000000001,2.437094291579992e-05,2.437094291579997e-05,5.082197683525802e-20,5.654064184407881e-05,8.091158475987878e-05,2.437094291579992e-05,9.735860973266342e-05,0.0,True
anticyclonic,0.5,773.3682861328125,80735.84871816015,0.96875,2.5175510709966632e-05,2.517551070996667e-05,3.7269449679189215e-20,6.197860293706628e-05,8.715411364703295e-05,2.5175510709966632e-05,0.00010672235790612032,0.0,True
anticyclonic,0.5,773.3682861328125,85944.61315158985,1.03125,2.5644514091529035e-05,2.564451409152908e-05,4.404571325722362e-20,6.676299210875533e-05,9.24075062002844e-05,2.5644514091529035e-05,0.00011496070580921256,0.0,True
anticyclonic,0.5,773.3682861328125,91153.37758501952,1.09375,2.6041580357402208e-05,2.6041580357402306e-05,9.825582188149884e-20,7.017304968444958e-05,9.621463004185189e-05,2.6041580357402208e-05,0.00012083256105969723,0.0,True
anticyclonic,0.5,773.3682861328125,96362.14201844922,1.15625,2.6687176150817115e-05,2.6687176150817203e-05,8.809142651444724e-20,7.243642816930529e-05,9.912360432012249e-05,2.6687176150817115e-05,0.00012472992365406,0.0,True
anticyclonic,0.5,773.3682861328125,101570.90645187891,1.21875,2.502069830940288e-05,2.5020698309402965e-05,8.470329472543003e-20,7.398827727155073e-05,9.900897558095369e-05,2.502069830940288e-05,0.0001274020877148456,0.0,True
anticyclonic,0.5,773.3682861328125,106779.67088530859,1.28125,2.1268958725238027e-05,2.1268958725238135e-05,1.0842021724855044e-19,6.93466762595666e-05,9.061563498480473e-05,2.1268958725238027e-05,0.00011940960997278715,0.0,True
anticyclonic,0.5,773.3682861328125,111988.43531873828,1.34375,1.8479767063654586e-05,1.8479767063654772e-05,1.8634724839594607e-19,6.035944212192007e-05,7.883920918557485e-05,1.8479767063654586e-05,0.00010393428828478565,0.0,True
anticyclonic,0.5,773.3682861328125,117197.19975216797,1.40625,1.8882635333040887e-05,1.888263533304102e-05,1.3213713977167085e-19,5.2132401336133504e-05,7.101503666917452e-05,1.8882635333040887e-05,8.976796071944018e-05,0.0,True
anticyclonic,0.5,773.3682861328125,122405.96418559765,1.46875,1.8967491831796776e-05,1.8967491831796915e-05,1.3891340334970526e-19,4.670194496987656e-05,6.566943680167347e-05,1.8967491831796776e-05,8.041713510464332e-05,0.0,True
anticyclonic,0.5,773.3682861328125,127614.72861902734,1.53125,1.8073818392054128e-05,1.8073818392054308e-05,1.7957098481791167e-19,4.262071679272932e-05,6.069453518478363e-05,1.8073818392054128e-05,7.33895760184806e-05,0.0,True
anticyclonic,0.5,773.3682861328125,132823.49305245702,1.59375,1.6514493903526416e-05,1.651449390352658e-05,1.6263032587282567e-19,3.912513115135219e-05,5.5639625054878773e-05,1.6514493903526416e-05,6.737044805766886e-05,0.0,True
anticyclonic,0.5,773.3682861328125,138032.25748588672,1.65625,1.5065607727696323e-05,1.5065607727696496e-05,1.7279472123987727e-19,3.5814175176385014e-05,5.087978290408151e-05,1.5065607727696323e-05,6.166923809443925e-05,0.0,True
anticyclonic,0.5,773.3682861328125,143241.0219193164,1.71875,1.3619062554871601e-05,1.3619062554871727e-05,1.2536087619363645e-19,3.4716750169886745e-05,4.833581272475847e-05,1.3619062554871601e-05,5.97795571599148e-05,0.0,True
anticyclonic,0.5,773.3682861328125,148449.7863527461,1.7812500000000002,1.1698215404155312e-05,1.1698215404155449e-05,1.3721933745519665e-19,3.362106765832367e-05,4.5319283062479114e-05,1.1698215404155312e-05,5.789287666682193e-05,0.0,True
anticyclonic,0.5,773.3682861328125,153658.55078617577,1.8437499999999998,9.950457732263669e-06,9.950457732263825e-06,1.5585406229479126e-19,3.37489200883911e-05,4.3699377820654926e-05,9.950457732263669e-06,5.811302865725448e-05,0.0,True
anticyclonic,0.5,773.3682861328125,158867.31521960546,1.90625,7.82039912481909e-06,7.820399124819259e-06,1.6940658945086007e-19,3.48181900270932e-05,4.263858915191246e-05,7.82039912481909e-06,5.995422874387621e-05,0.0,True
anticyclonic,0.5,773.3682861328125,164076.07965303515,1.96875,5.911189473284733e-06,5.911189473284893e-06,1.6008922703106276e-19,3.592189718874921e-05,4.18330866620341e-05,5.911189473284733e-06,6.185472706342378e-05,0.0,True
anticyclonic,0.5,773.3682861328125,169284.84408646484,2.03125,3.923370120515329e-06,3.923370120515489e-06,1.5924219408380846e-19,3.767864915750591e-05,4.16020192780214e-05,3.923370120515329e-06,6.487971800347947e-05,0.0,True
anticyclonic,0.5,773.3682861328125,174493.60851989454,2.09375,1.8955297548613343e-06,1.8955297548615304e-06,1.9608812728937053e-19,4.023683332652466e-05,4.213236308138619e-05,1.8955297548613343e-06,6.928471317177994e-05,0.0,True
anticyclonic,0.5,773.3682861328125,179702.37295332423,2.15625,1.4770836094587555e-06,1.4770836094589478e-06,1.9227647902672618e-19,4.324370499584318e-05,4.4720788605302125e-05,1.4770836094587555e-06,7.446231349292028e-05,0.0,True
anticyclonic,0.5,773.3682861328125,184911.1373867539,2.21875,7.901421006962629e-07,7.901421006965212e-07,2.583450489125616e-19,4.798995701377013e-05,4.878009911446665e-05,7.901421006962629e-07,8.263499216856232e-05,0.0,True
anticyclonic,0.5,773.3682861328125,190119.9018201836,2.28125,-2.2678260329224148e-06,-2.267826032922131e-06,2.837560373301906e-19,5.2267777538278716e-05,4.999995150535658e-05,-2.2678260329224148e-06,9.00010680631469e-05,0.0,True
anticyclonic,0.5,773.3682861328125,195328.66625361328,2.34375,-3.0575244899198525e-06,-3.057524489919602e-06,2.507217523872729e-19,5.654690910431924e-05,5.348938461439964e-05,-3.0575244899198525e-06,9.736940146979161e-05,0.0,True
anticyclonic,0.5,773.3682861328125,200537.43068704297,2.40625,-3.751288742285197e-06,-3.751288742284947e-06,2.498747194400186e-19,5.913357122088082e-05,5.538228247859587e-05,-3.751288742285197e-06,0.00010182343345993177,0.0,True
anticyclonic,0.5,773.3682861328125,205746.19512047266,2.46875,-4.178519099936549e-06,-4.178519099936274e-06,2.752857078576476e-19,6.07221089818218e-05,5.654358988188553e-05,-4.178519099936549e-06,0.00010455877255175794,0.0,True
anticyclonic,0.5,856.678955078125,2604.3822167148437,0.03125,-1.702091499381196e-07,-1.702091499381197e-07,-7.940933880509066e-23,-7.91831625410297e-09,-1.7812746619222265e-07,-1.702091499381196e-07,-5.175658684053642e-09,0.0,True
anticyclonic,0.5,856.678955078125,7813.146650144531,0.09375,1.4886066670895148e-06,1.4886066670895148e-06,0.0,-2.1621399080040412e-07,1.2723926762891108e-06,1.4886066670895148e-06,-1.413242137834741e-07,0.0,True
anticyclonic,0.5,856.678955078125,13021.911083574218,0.15625,3.467611800677275e-06,3.4676118006772745e-06,-4.235164736271502e-22,7.009183491547878e-07,4.1685301498320625e-06,3.467611800677275e-06,4.5814211307053777e-07,0.0,True
anticyclonic,0.5,856.678955078125,18230.675517003907,0.21875,5.087073899623795e-06,5.087073899623797e-06,1.6940658945086007e-21,5.600877259539488e-06,1.0687951159163284e-05,5.087073899623795e-06,3.660908215383986e-06,0.0,True
anticyclonic,0.5,856.678955078125,23439.439950433592,0.28125,6.149222141040595e-06,6.1492221410405975e-06,2.541098841762901e-21,1.0952808714697073e-05,1.710203085573767e-05,6.149222141040595e-06,7.159097681862196e-06,0.0,True
anticyclonic,0.5,856.678955078125,28648.20438386328,0.34375,7.1044499051621824e-06,7.1044499051621875e-06,5.082197683525802e-21,1.6289937114806818e-05,2.3394387019969004e-05,7.1044499051621824e-06,1.0647611409464834e-05,0.0,True
anticyclonic,0.5,856.678955078125,33856.96881729297,0.40625,8.33665652890713e-06,8.336656528907143e-06,1.1858461261560205e-20,2.2094415752065372e-05,3.0431072280972515e-05,8.33665652890713e-06,1.444159984100348e-05,0.0,True
anticyclonic,0.5,856.678955078125,39065.73325072265,0.46874999999999994,9.681097225517873e-06,9.681097225517877e-06,3.3881317890172014e-21,3.0677203101007696e-05,4.035830032652557e-05,9.681097225517873e-06,2.0051577574959422e-05,0.0,True
anticyclonic,0.5,856.678955078125,44274.497684152346,0.53125,1.0856598971829034e-05,1.085659897182906e-05,2.710505431213761e-20,4.193365344376899e-05,5.2790252415598054e-05,1.0856598971829034e-05,2.7409144903486265e-05,0.0,True
anticyclonic,0.5,856.678955078125,49483.26211758203,0.59375,1.1815231354556943e-05,1.181523135455695e-05,6.776263578034403e-21,5.471501391729364e-05,6.653024527185059e-05,1.1815231354556943e-05,3.576344109550062e-05,0.0,True
anticyclonic,0.5,856.678955078125,54692.02655101172,0.65625,1.2866956054012132e-05,1.2866956054012171e-05,3.8963515573697816e-20,6.784319920638576e-05,8.071015526039793e-05,1.2866956054012132e-05,4.43444328135502e-05,0.0,True
anticyclonic,0.5,856.678955078125,59900.7909844414,0.71875,1.421494484272025e-05,1.4214944842720298e-05,4.743384504624082e-20,8.141415876373007e-05,9.562910360645037e-05,1.421494484272025e-05,5.321483561509463e-05,0.0,True
anticyclonic,0.5,856.678955078125,65109.555417871095,0.78125,1.576603497526184e-05,1.5766034975261874e-05,3.3881317890172014e-20,9.553072180212255e-05,0.00011129675677738442,1.576603497526184e-05,6.244186188356282e-05,0.0,True
anticyclonic,0.5,856.678955078125,70318.31985130078,0.84375,1.74533064086019e-05,1.7453306408601973e-05,7.115076756936123e-20,0.0001096691839727828,0.00012712249038138477,1.74533064086019e-05,7.168320210849065e-05,0.0,True
anticyclonic,0.5,856.678955078125,75527.08428473047,0.9062500000000001,1.9296957095702594e-05,1.9296957095702672e-05,7.792703114739563e-20,0.00012363309589809957,0.00014293005299380226,1.9296957095702594e-05,8.081045084425278e-05,0.0,True
anticyclonic,0.5,856.678955078125,80735.84871816015,0.96875,2.1054766426864996e-05,2.105476642686504e-05,4.404571325722362e-20,0.0001370014427327258,0.00015805620915959083,2.1054766426864996e-05,8.954841964541331e-05,0.0,True
anticyclonic,0.5,856.678955078125,85944.61315158985,1.03125,2.275777824133355e-05,2.275777824133365e-05,9.825582188149884e-20,0.00014811487621933835,0.000170872654460672,2.275777824133355e-05,9.681250669230722e-05,0.0,True
anticyclonic,0.5,856.678955078125,91153.37758501952,1.09375,2.4605699522726347e-05,2.4605699522726493e-05,1.4568966692773966e-19,0.00015630943815692335,0.00018091513767964985,2.4605699522726347e-05,0.00010216872817844713,0.0,True
anticyclonic,0.5,856.678955078125,96362.14201844922,1.15625,2.661761661695142e-05,2.661761661695155e-05,1.2874900798265365e-19,0.00016193904159716153,0.00018855665821411309,2.661761661695142e-05,0.00010584841272226026,0.0,True
anticyclonic,0.5,856.678955078125,101570.90645187891,1.21875,2.7127950245510523e-05,2.7127950245510716e-05,1.9312351197398048e-19,0.0001657959618380514,0.00019292391208356212,2.7127950245510523e-05,0.00010836941619040544,0.0,True
anticyclonic,0.5,856.678955078125,106779.67088530859,1.28125,2.559716572594831e-05,2.5597165725948514e-05,2.0328790734103208e-19,0.00015562597160863873,0.00018122313733458725,2.559716572594831e-05,0.00010172199310720563,0.0,True
anticyclonic,0.5,856.678955078125,111988.43531873828,1.34375,2.600668351786985e-05,2.600668351786999e-05,1.4230153513872246e-19,0.000133144718760681,0.00015915140227855097,2.600668351786985e-05,8.702754446471205e-05,0.0,True
anticyclonic,0.5,856.678955078125,117197.19975216797,1.40625,2.854333681221668e-05,2.8543336812216898e-05,2.168404344971009e-19,0.00011677118777779243,0.00014531452459000933,2.854333681221668e-05,7.632529349357945e-05,0.0,True
anticyclonic,0.5,856.678955078125,122405.96418559765,1.46875,3.060738069745339e-05,3.06073806974536e-05,2.1006417091906648e-19,0.00010491364502000696,0.00013552102571746057,3.060738069745339e-05,6.857483339872408e-05,0.0,True
anticyclonic,0.5,856.678955078125,127614.72861902734,1.53125,3.212419781278502e-05,3.2124197812785215e-05,1.9651164376299768e-19,9.575620005885246e-05,0.00012788039787163768,3.212419781278502e-05,6.258924151075373e-05,0.0,True
anticyclonic,0.5,856.678955078125,132823.49305245702,1.59375,3.290342679759863e-05,3.290342679759886e-05,2.303929616531697e-19,8.776511309276028e-05,0.00012066853989035913,3.290342679759863e-05,5.736601761771307e-05,0.0,True
anticyclonic,0.5,856.678955078125,138032.25748588672,1.65625,3.369430128985906e-05,3.369430128985917e-05,1.0842021724855044e-19,7.999870823451096e-05,0.00011369300952437013,3.369430128985906e-05,5.228965296409793e-05,0.0,True
anticyclonic,0.5,856.678955078125,143241.0219193164,1.71875,3.362525446121449e-05,3.362525446121461e-05,1.2197274440461925e-19,7.615195501587284e-05,0.00010977720947708745,3.362525446121449e-05,4.9775294979073106e-05,0.0,True
anticyclonic,0.5,856.678955078125,148449.7863527461,1.7812500000000002,3.3220678342382926e-05,3.3220678342383116e-05,1.8973538018496328e-19,7.3246977543698e-05,0.00010646765588608112,3.3220678342382926e-05,4.7876511020671444e-05,0.0,True
anticyclonic,0.5,856.678955078125,153658.55078617577,1.8437499999999998,3.21494708096721e-05,3.21494708096723e-05,2.0328790734103208e-19,7.303319071052321e-05,0.00010518266152019551,3.21494708096721e-05,4.77367732728789e-05,0.0,True
anticyclonic,0.5,856.678955078125,158867.31521960546,1.90625,3.1298011110542625e-05,3.129801111054287e-05,2.439454888092385e-19,7.513484567511403e-05,0.00010643285678565691,3.1298011110542625e-05,4.911048056358387e-05,0.0,True
anticyclonic,0.5,856.678955078125,164076.07965303515,1.96875,2.96393468679594e-05,2.9639346867959586e-05,1.8634724839594607e-19,7.822740667101619e-05,0.00010786675353897578,2.96393468679594e-05,5.113187496875339e-05,0.0,True
anticyclonic,0.5,856.678955078125,169284.84408646484,2.03125,2.8010349267236634e-05,2.8010349267236797e-05,1.6263032587282567e-19,8.184443045510676e-05,0.00010985477972234356,2.8010349267236634e-05,5.349607462405974e-05,0.0,True
anticyclonic,0.5,856.678955078125,174493.60851989454,2.09375,2.6759454545869347e-05,2.6759454545869432e-05,8.470329472543003e-20,8.609219174745643e-05,0.00011285164629332586,2.6759454545869347e-05,5.6272544004042476e-05,0.0,True
anticyclonic,0.5,856.678955078125,179702.37295332423,2.15625,2.475222382492873e-05,2.4752223824928938e-05,2.0667603913004928e-19,9.264416496196462e-05,0.00011739638878689356,2.475222382492873e-05,6.0555118225271e-05,0.0,True
anticyclonic,0.5,856.678955078125,184911.1373867539,2.21875,2.4251610237076462e-05,2.4251610237076666e-05,2.0328790734103208e-19,0.00010054828212053886,0.00012479989235761552,2.4251610237076462e-05,6.572149593724413e-05,0.0,True
anticyclonic,0.5,856.678955078125,190119.9018201836,2.28125,2.4940734271320255e-05,2.4940734271320458e-05,2.0328790734103208e-19,0.00011388926198123832,0.00013882999625255878,2.4940734271320255e-05,7.444157682995103e-05,0.0,True
anticyclonic,0.5,856.678955078125,195328.66625361328,2.34375,2.2242877742840316e-05,2.2242877742840482e-05,1.6601845766184287e-19,0.00012560713733916905,0.00014785001508200952,2.2242877742840316e-05,8.21007459523648e-05,0.0,True
anticyclonic,0.5,856.678955078125,200537.43068704297,2.40625,2.1421398306101084e-05,2.1421398306101196e-05,1.1180834903756764e-19,0.00013232513431361975,0.00015374653261972094,2.1421398306101084e-05,8.64918384857358e-05,0.0,True
anticyclonic,0.5,856.678955078125,205746.19512047266,2.46875,2.0727812570311964e-05,2.072781257031216e-05,1.9651164376299768e-19,0.00013770958035294072,0.00015843739292325287,2.0727812570311964e-05,9.001128049940754e-05,0.0,True
anticyclonic,0.5,947.4478759765625,2604.3822167148437,0.03125,1.8756385361370954e-07,1.875638536137097e-07,1.5881867761018131e-22,9.039409833024893e-08,2.779579519439586e-07,1.8756385361370954e-07,8.695697528333274e-07,0.0,True
anticyclonic,0.5,947.4478759765625,7813.146650144531,0.09375,1.739491603088692e-06,1.7394916030886913e-06,-6.352747104407253e-22,6.378654602270537e-07,2.377357063315745e-06,1.739491603088692e-06,6.136114202545729e-06,0.0,True
anticyclonic,0.5,947.4478759765625,13021.911083574218,0.15625,3.470653423446641e-06,3.4706534234466386e-06,-2.541098841762901e-21,2.523332751246409e-06,5.993986174693048e-06,3.470653423446641e-06,2.4273861649697118e-05,0.0,True
anticyclonic,0.5,947.4478759765625,18230.675517003907,0.21875,4.887537815136982e-06,4.887537815136975e-06,-6.776263578034403e-21,9.014196064128282e-06,1.3901733879265258e-05,4.887537815136982e-06,8.671442481607412e-05,0.0,True
anticyclonic,0.5,947.4478759765625,23439.439950433592,0.28125,5.667110204216487e-06,5.667110204216478e-06,-8.470329472543003e-21,1.825127549013219e-05,2.391838569434867e-05,5.667110204216487e-06,0.00017557293462748465,0.0,True
anticyclonic,0.5,947.4478759765625,28648.20438386328,0.34375,5.9837058612183346e-06,5.983705861218322e-06,-1.2705494208814505e-20,2.8182323051054276e-05,3.41660289122726e-05,5.9837058612183346e-06,0.00027110725304478806,0.0,True
anticyclonic,0.5,947.4478759765625,33856.96881729297,0.40625,6.086368927188366e-06,6.086368927188357e-06,-9.317362419797304e-21,3.9726195059007404e-05,4.581256398619576e-05,6.086368927188366e-06,0.0003821565595163395,0.0,True
anticyclonic,0.5,947.4478759765625,39065.73325072265,0.46874999999999994,6.031045379719829e-06,6.031045379719827e-06,-1.6940658945086007e-21,5.522140542640087e-05,6.12524508061207e-05,6.031045379719829e-06,0.0005312168023659088,0.0,True
anticyclonic,0.5,947.4478759765625,44274.497684152346,0.53125,5.735719035107683e-06,5.735719035107666e-06,-1.6940658945086007e-20,7.631533856070833e-05,8.2051057595816e-05,5.735719035107683e-06,0.0007341354282574886,0.0,True
anticyclonic,0.5,947.4478759765625,49483.26211758203,0.59375,5.207614766909196e-06,5.207614766909191e-06,-5.082197683525802e-21,0.00010061057791439927,0.00010581819268130846,5.207614766909196e-06,0.0009678498595097549,0.0,True
anticyclonic,0.5,947.4478759765625,54692.02655101172,0.65625,4.627392932473613e-06,4.627392932473617e-06,4.235164736271502e-21,0.00012600621836328637,0.00013063361129575998,4.627392932473613e-06,0.001212149887897703,0.0,True
anticyclonic,0.5,947.4478759765625,59900.7909844414,0.71875,4.157392785513766e-06,4.157392785513761e-06,-5.082197683525802e-21,0.0001516663661215704,0.00015582375890708418,4.157392785513766e-06,0.001458994413768381,0.0,True
anticyclonic,0.5,947.4478759765625,65109.555417871095,0.78125,3.85834807645258e-06,3.858348076452588e-06,7.623296525288703e-21,0.0001779695308652216,0.00018182787894167418,3.85834807645258e-06,0.001712024610289708,0.0,True
anticyclonic,0.5,947.4478759765625,70318.31985130078,0.84375,3.70790462676846e-06,3.7079046267684666e-06,6.776263578034403e-21,0.00020475730013467275,0.00020846520476144122,3.70790462676846e-06,0.001969716587231503,0.0,True
anticyclonic,0.5,947.4478759765625,75527.08428473047,0.9062500000000001,3.659863469358366e-06,3.6598634693583134e-06,-5.251604272976662e-20,0.00023099047543649457,0.00023465033890585288,3.659863469358366e-06,0.0022220735019484123,0.0,True
anticyclonic,0.5,947.4478759765625,80735.84871816015,0.96875,3.5269559756065996e-06,3.5269559756065975e-06,-2.117582368135751e-21,0.00025525714576792865,0.0002587841017435352,3.5269559756065996e-06,0.002455513105993134,0.0,True
anticyclonic,0.5,947.4478759765625,85944.61315158985,1.03125,3.3444039954738394e-06,3.3444039954738966e-06,5.717472393966527e-20,0.00027366603376238454,0.00027701043775785845,3.3444039954738394e-06,0.0026326022354713876,0.0,True
anticyclonic,0.5,947.4478759765625,91153.37758501952,1.09375,3.348840315854518e-06,3.3488403158544884e-06,-2.964615315390051e-20,0.000286947803644119,0.00029029664395997345,3.348840315854518e-06,0.002760369706651352,0.0,True
anticyclonic,0.5,947.4478759765625,96362.14201844922,1.15625,3.321897357343772e-06,3.3218973573437878e-06,1.5670109524204556e-20,0.0002965480914687009,0.00029986998882604467,3.321897357343772e-06,0.0028527221949769853,0.0,True
anticyclonic,0.5,947.4478759765625,101570.90645187891,1.21875,1.990532780234032e-06,1.9905327802339972e-06,-3.4728350837426314e-20,0.00029870885119439124,0.00030069938397462524,1.990532780234032e-06,0.002873508190249998,0.0,True
anticyclonic,0.5,947.4478759765625,106779.67088530859,1.28125,7.460044153830001e-07,7.460044153829251e-07,-7.496241583200558e-20,0.0002718678952206333,0.00027261389963601624,7.460044153830001e-07,0.0026153045698472654,0.0,True
anticyclonic,0.5,947.4478759765625,111988.43531873828,1.34375,1.2693022037705094e-06,1.2693022037703764e-06,-1.3298417271892515e-19,0.00023746263635379428,0.00023873193855756465,1.2693022037705094e-06,0.0022843341525120397,0.0,True
anticyclonic,0.5,947.4478759765625,117197.19975216797,1.40625,3.0591421340731106e-06,3.0591421340730157e-06,-9.486769009248164e-20,0.00020683768628119436,0.00020989682841526737,3.0591421340731106e-06,0.001989729407765643,0.0,True
anticyclonic,0.5,947.4478759765625,122405.96418559765,1.46875,4.762707414027853e-06,4.762707414027693e-06,-1.6008922703106276e-19,0.0001872676140844654,0.0001920303214984931,4.762707414027853e-06,0.001801469962100645,0.0,True
anticyclonic,0.5,947.4478759765625,127614.72861902734,1.53125,6.126262294379025e-06,6.126262294378852e-06,-1.7279472123987727e-19,0.00016919699456104153,0.00017532325685542038,6.126262294379025e-06,0.001627634894958098,0.0,True
anticyclonic,0.5,947.4478759765625,132823.49305245702,1.59375,7.135689677006614e-06,7.135689677006461e-06,-1.5331296345302836e-19,0.00015571561700904074,0.0001628513066860472,7.135689677006614e-06,0.0014979472454069419,0.0,True
anticyclonic,0.5,947.4478759765625,138032.25748588672,1.65625,8.057614753860264e-06,8.05761475386006e-06,-2.0328790734103208e-19,0.00014430070717655918,0.00015235832193041923,8.057614753860264e-06,0.0013881385244284825,0.0,True
anticyclonic,0.5,947.4478759765625,143241.0219193164,1.71875,8.763249119233083e-06,8.763249119232933e-06,-1.4907779871675686e-19,0.0001373891192243076,0.00014615236834354052,8.763249119233083e-06,0.00132165069017444,0.0,True
anticyclonic,0.5,947.4478759765625,148449.7863527461,1.7812500000000002,9.017992012393056e-06,9.017992012392914e-06,-1.4230153513872246e-19,0.00013412278223548044,0.00014314077424787335,9.017992012393056e-06,0.0012902293042597547,0.0,True
anticyclonic,0.5,947.4478759765625,153658.55078617577,1.8437499999999998,8.692937293441545e-06,8.692937293441384e-06,-1.6093625997831706e-19,0.00013172622937128602,0.0001404191666647274,8.692937293441545e-06,0.0012671750350069556,0.0,True
anticyclonic,0.5,947.4478759765625,158867.31521960546,1.90625,9.059378803843576e-06,9.059378803843388e-06,-1.8804131429045468e-19,0.00013459879202708954,0.00014365817083093294,9.059378803843576e-06,0.0012948084053789838,0.0,True
anticyclonic,0.5,947.4478759765625,164076.07965303515,1.96875,8.024919949327338e-06,8.024919949327131e-06,-2.0667603913004928e-19,0.00014015103523359112,0.00014817595518291826,8.024919949327338e-06,0.0013482196660910394,0.0,True
anticyclonic,0.5,947.4478759765625,169284.84408646484,2.03125,7.539267579330529e-06,7.539267579330384e-06,-1.4568966692773966e-19,0.00014640065236971934,0.00015393991994904974,7.539267579330529e-06,0.001408339498345037,0.0,True
anticyclonic,0.5,947.4478759765625,174493.60851989454,2.09375,6.7682937331601545e-06,6.768293733160115e-06,-3.9810548520952116e-20,0.00015402083770007057,0.0001607891314332307,6.7682937331601545e-06,0.001481643871049204,0.0,True
anticyclonic,0.5,947.4478759765625,179702.37295332423,2.15625,6.199685457554155e-06,6.19968545755403e-06,-1.2536087619363645e-19,0.00016253527996248275,0.00016873496542003677,6.199685457554155e-06,0.0015635507830092051,0.0,True
anticyclonic,0.5,947.4478759765625,184911.1373867539,2.21875,5.0958036334688255e-06,5.095803633468745e-06,-8.046812998915853e-20,0.0001772921075043176,0.00018238791113778634,5.0958036334688255e-06,0.0017055079584796233,0.0,True
anticyclonic,0.5,947.4478759765625,190119.9018201836,2.28125,4.952260008626853e-06,4.9522600086267914e-06,-6.183340514956392e-20,0.0001979070458767238,0.00020285930588535058,4.952260008626853e-06,0.001903818768546842,0.0,True
anticyclonic,0.5,947.4478759765625,195328.66625361328,2.34375,3.5970496864535163e-06,3.597049686453363e-06,-1.5331296345302836e-19,0.00022020874116082954,0.00022380579084728291,3.5970496864535163e-06,0.0021183557794157756,0.0,True
anticyclonic,0.5,947.4478759765625,200537.43068704297,2.40625,2.627887823953443e-06,2.627887823953312e-06,-1.308665903507894e-19,0.0002353673611598134,0.00023799524898376672,2.627887823953443e-06,0.0022641781028782328,0.0,True
anticyclonic,0.5,947.4478759765625,205746.19512047266,2.46875,9.323475854405292e-07,9.323475854405243e-07,-4.870439446712227e-21,0.00024965966293533006,0.00025059201052077056,9.323475854405292e-07,0.0024016666508246917,0.0,True
anticyclonic,0.5,1045.854248046875,2604.3822167148437,0.03125,1.4186540024713936e-07,1.4186540024713936e-07,0.0,3.2021079693576585e-08,1.7388647994071595e-07,1.4186540024713936e-07,4.492333909490384e-09,0.0,True
anticyclonic,0.5,1045.854248046875,7813.146650144531,0.09375,-6.427649487127253e-07,-6.427649487127263e-07,-9.529120656610879e-22,2.0494185847702886e-07,-4.3782309023569737e-07,-6.427649487127253e-07,2.8751911838095254e-08,0.0,True
anticyclonic,0.5,1045.854248046875,13021.911083574218,0.15625,-1.008601831315418e-06,-1.0086018313154204e-06,-2.329340604949326e-21,9.853022090401515e-07,-2.3299622275268935e-08,-1.008601831315418e-06,1.382310205378481e-07,0.0,True
anticyclonic,0.5,1045.854248046875,18230.675517003907,0.21875,-1.470262171347925e-06,-1.4702621713479298e-06,-4.870439446712227e-21,3.8080954262399358e-06,2.3378332548920058e-06,-1.470262171347925e-06,5.342492001387638e-07,0.0,True
anticyclonic,0.5,1045.854248046875,23439.439950433592,0.28125,-2.3618775317029993e-06,-2.361877531703007e-06,-7.623296525288703e-21,7.403653590615404e-06,5.041776058912397e-06,-2.3618775317029993e-06,1.038680906375362e-06,0.0,True
anticyclonic,0.5,1045.854248046875,28648.20438386328,0.34375,-3.46165707845997e-06,-3.4616570784599835e-06,-1.3552527156068805e-20,1.11014361356173e-05,7.639779057157316e-06,-3.46165707845997e-06,1.5574539794821366e-06,0.0,True
anticyclonic,0.5,1045.854248046875,33856.96881729297,0.40625,-4.524641859453599e-06,-4.524641859453611e-06,-1.1858461261560205e-20,1.5092617675042345e-05,1.0567975815588734e-05,-4.524641859453599e-06,2.117388882991585e-06,0.0,True
anticyclonic,0.5,1045.854248046875,39065.73325072265,0.46874999999999994,-5.415750800569815e-06,-5.415750800569836e-06,-2.0328790734103208e-20,2.0240125545606547e-05,1.4824374745036711e-05,-5.415750800569815e-06,2.8395482972771355e-06,0.0,True
anticyclonic,0.5,1045.854248046875,44274.497684152346,0.53125,-6.361025585934205e-06,-6.361025585934235e-06,-2.964615315390051e-20,2.7195554377819258e-05,2.0834528791885022e-05,-6.361025585934205e-06,3.8153463995586225e-06,0.0,True
anticyclonic,0.5,1045.854248046875,49483.26211758203,0.59375,-7.480738171403692e-06,-7.48073817140372e-06,-2.795208725939191e-20,3.502336198663943e-05,2.754262381523571e-05,-7.480738171403692e-06,4.913533153240254e-06,0.0,True
anticyclonic,0.5,1045.854248046875,54692.02655101172,0.65625,-8.583172738149877e-06,-8.58317273814992e-06,-4.2351647362715017e-20,4.2807456267629356e-05,3.422428352947944e-05,-8.583172738149877e-06,6.0055872322342215e-06,0.0,True
anticyclonic,0.5,1045.854248046875,59900.7909844414,0.71875,-9.50052829266976e-06,-9.5005282926698e-06,-4.0657581468206416e-20,5.037223140686037e-05,4.087170311419056e-05,-9.50052829266976e-06,7.066872366927991e-06,0.0,True
anticyclonic,0.5,1045.854248046875,65109.555417871095,0.78125,-1.023413269189359e-05,-1.0234132691893649e-05,-5.929230630780102e-20,5.79956978066867e-05,4.776156511479305e-05,-1.023413269189359e-05,8.136391475700277e-06,0.0,True
anticyclonic,0.5,1045.854248046875,70318.31985130078,0.84375,-1.0872527903030402e-05,-1.087252790303049e-05,-8.809142651444724e-20,6.566054732885153e-05,5.478801942582104e-05,-1.0872527903030402e-05,9.211716347599256e-06,0.0,True
anticyclonic,0.5,1045.854248046875,75527.08428473047,0.9062500000000001,-1.1456006225922603e-05,-1.1456006225922688e-05,-8.470329472543003e-20,7.301310025854348e-05,6.15570940326208e-05,-1.1456006225922603e-05,1.0243228188032414e-05,0.0,True
anticyclonic,0.5,1045.854248046875,80735.84871816015,0.96875,-1.2098465800545493e-05,-1.2098465800545555e-05,-6.268043809681823e-20,7.968503670591646e-05,6.75865709053709e-05,-1.2098465800545493e-05,1.1179254288067727e-05,0.0,True
anticyclonic,0.5,1045.854248046875,85944.61315158985,1.03125,-1.2786163090773253e-05,-1.2786163090773382e-05,-1.2874900798265365e-19,8.451396633817048e-05,7.172780324739709e-05,-1.2786163090773253e-05,1.1856719399835003e-05,0.0,True
anticyclonic,0.5,1045.854248046875,91153.37758501952,1.09375,-1.3470284064334585e-05,-1.3470284064334748e-05,-1.6263032587282567e-19,8.758370536667913e-05,7.411342130234438e-05,-1.3470284064334585e-05,1.2287382352584276e-05,0.0,True
anticyclonic,0.5,1045.854248046875,96362.14201844922,1.15625,-1.4247230310751967e-05,-1.424723031075213e-05,-1.6263032587282567e-19,8.926823025593616e-05,7.502099994518402e-05,-1.4247230310751967e-05,1.2523709433176374e-05,0.0,True
anticyclonic,0.5,1045.854248046875,101570.90645187891,1.21875,-1.6062083559856157e-05,-1.6062083559856452e-05,-2.947674656444965e-19,8.901154519500101e-05,7.294946163514455e-05,-1.6062083559856157e-05,1.2487698311304993e-05,0.0,True
anticyclonic,0.5,1045.854248046875,106779.67088530859,1.28125,-1.827705351100558e-05,-1.827705351100583e-05,-2.473336205982557e-19,8.033719441531292e-05,6.206014090430709e-05,-1.827705351100558e-05,1.1270747461324e-05,0.0,True
anticyclonic,0.5,1045.854248046875,111988.43531873828,1.34375,-1.9155380455000974e-05,-1.9155380455001283e-05,-3.083199928005653e-19,6.992536352530863e-05,5.076998307030734e-05,-1.9155380455000974e-05,9.810040282970222e-06,0.0,True
anticyclonic,0.5,1045.854248046875,117197.19975216797,1.40625,-1.922374202910051e-05,-1.9223742029100862e-05,-3.5236570605778894e-19,6.100185290171044e-05,4.1778110872609574e-05,-1.922374202910051e-05,8.558134046525316e-06,0.0,True
anticyclonic,0.5,1045.854248046875,122405.96418559765,1.46875,-1.9145390931829525e-05,-1.914539093182988e-05,-3.5575383784680614e-19,5.483610919899801e-05,3.569071826716813e-05,-1.9145390931829525e-05,7.693123254322761e-06,0.0,True
anticyclonic,0.5,1045.854248046875,127614.72861902734,1.53125,-1.9397825032293593e-05,-1.939782503229396e-05,-3.6591823321385775e-19,4.936801715400743e-05,2.997019212171347e-05,-1.9397825032293593e-05,6.925988118687298e-06,0.0,True
anticyclonic,0.5,1045.854248046875,132823.49305245702,1.59375,-1.9617622162018155e-05,-1.961762216201851e-05,-3.5575383784680614e-19,4.525625231442919e-05,2.563863015241068e-05,-1.9617622162018155e-05,6.34913622008024e-06,0.0,True
anticyclonic,0.5,1045.854248046875,138032.25748588672,1.65625,-1.9580422646364716e-05,-1.9580422646365045e-05,-3.2864878353466853e-19,4.152888973467862e-05,2.1948467088313574e-05,-1.9580422646364716e-05,5.826213274626342e-06,0.0,True
anticyclonic,0.5,1045.854248046875,143241.0219193164,1.71875,-1.9321512856680613e-05,-1.9321512856680924e-05,-3.1170812458958252e-19,3.947083808759554e-05,2.0149325230914614e-05,-1.9321512856680613e-05,5.537482997879037e-06,0.0,True
anticyclonic,0.5,1045.854248046875,148449.7863527461,1.7812500000000002,-1.9277613020943803e-05,-1.927761302094416e-05,-3.5575383784680614e-19,3.830237776966351e-05,1.9024764748719354e-05,-1.9277613020943803e-05,5.37355617347552e-06,0.0,True
anticyclonic,0.5,1045.854248046875,153658.55078617577,1.8437499999999998,-1.8858526649142158e-05,-1.885852664914252e-05,-3.6253010142484055e-19,3.807190954594267e-05,1.9213382896800147e-05,-1.8858526649142158e-05,5.341223090819071e-06,0.0,True
anticyclonic,0.5,1045.854248046875,158867.31521960546,1.90625,-1.9212705308233623e-05,-1.9212705308234023e-05,-3.9979955110402976e-19,3.919399022505473e-05,1.9981284916820704e-05,-1.9212705308233623e-05,5.498643175719277e-06,0.0,True
anticyclonic,0.5,1045.854248046875,164076.07965303515,1.96875,-1.9190174107409568e-05,-1.9190174107409924e-05,-3.5575383784680614e-19,4.0924989954918194e-05,2.173481584750827e-05,-1.9190174107409568e-05,5.741490351960629e-06,0.0,True
anticyclonic,0.5,1045.854248046875,169284.84408646484,2.03125,-1.866888443785365e-05,-1.866888443785389e-05,-2.405573570202213e-19,4.3480929186426665e-05,2.4812044748572773e-05,-1.866888443785365e-05,6.100070780546414e-06,0.0,True
anticyclonic,0.5,1045.854248046875,174493.60851989454,2.09375,-1.871969612303269e-05,-1.8719696123032873e-05,-1.8295911660692887e-19,4.586316653011931e-05,2.7143470407086436e-05,-1.871969612303269e-05,6.434282047060065e-06,0.0,True
anticyclonic,0.5,1045.854248046875,179702.37295332423,2.15625,-1.9394501576806772e-05,-1.939450157680712e-05,-3.4897757426877174e-19,4.869317892958679e-05,2.9298677352779666e-05,-1.9394501576806772e-05,6.831313027528731e-06,0.0,True
anticyclonic,0.5,1045.854248046875,184911.1373867539,2.21875,-1.9211991014473276e-05,-1.9211991014473523e-05,-2.473336205982557e-19,5.144123412668856e-05,3.222924311221504e-05,-1.9211991014473276e-05,7.216845984731545e-06,0.0,True
anticyclonic,0.5,1045.854248046875,190119.9018201836,2.28125,-2.0277348704658873e-05,-2.027734870465922e-05,-3.4558944247975454e-19,5.945543287683865e-05,3.917808417217943e-05,-2.0277348704658873e-05,8.341182114156836e-06,0.0,True
anticyclonic,0.5,1045.854248046875,195328.66625361328,2.34375,-2.006742357545597e-05,-2.006742357545631e-05,-3.3881317890172014e-19,6.877949222265921e-05,4.87120686472029e-05,-2.006742357545597e-05,9.64928253969411e-06,0.0,True
anticyclonic,0.5,1045.854248046875,200537.43068704297,2.40625,-2.35128852172498e-05,-2.3512885217250072e-05,-2.710505431213761e-19,7.453156950884152e-05,5.101868429159144e-05,-2.35128852172498e-05,1.04562588218808e-05,0.0,True
anticyclonic,0.5,1045.854248046875,205746.19512047266,2.46875,-2.5168164749575307e-05,-2.516816474957568e-05,-3.7269449679189215e-19,7.637616586868652e-05,5.120800111911084e-05,-2.5168164749575307e-05,1.0715042812175686e-05,0.0,True
anticyclonic,0.5,1151.9912109375,2604.3822167148437,0.03125,2.4895122245177434e-07,2.4895122245177434e-07,0.0,4.181925268026396e-08,2.907704751320383e-07,2.4895122245177434e-07,1.7040069302266067e-09,0.0,True
anticyclonic,0.5,1151.9912109375,7813.146650144531,0.09375,-1.4615333428806772e-06,-1.4615333428806772e-06,0.0,2.2000330955809158e-07,-1.2415300333225856e-06,-1.4615333428806772e-06,8.964463497854436e-09,0.0,True
anticyclonic,0.5,1151.9912109375,13021.911083574218,0.15625,-2.7531165272326794e-06,-2.7531165272326802e-06,-8.470329472543003e-22,6.839806469777541e-07,-2.0691358802549264e-06,-2.7531165272326794e-06,2.7870124114891636e-08,0.0,True
anticyclonic,0.5,1151.9912109375,18230.675517003907,0.21875,-4.0575159158535855e-06,-4.057515915853589e-06,-3.3881317890172014e-21,1.997616417066224e-06,-2.059899498787365e-06,-4.0575159158535855e-06,8.139677302798238e-08,0.0,True
anticyclonic,0.5,1151.9912109375,23439.439950433592,0.28125,-5.533467789549312e-06,-5.533467789549315e-06,-2.541098841762901e-21,3.4836425320842752e-06,-2.0498252574650396e-06,-5.533467789549312e-06,1.4194780242702083e-07,0.0,True
anticyclonic,0.5,1151.9912109375,28648.20438386328,0.34375,-7.049382101760056e-06,-7.049382101760058e-06,-1.6940658945086007e-21,5.025717618825967e-06,-2.0236644829340905e-06,-7.049382101760056e-06,2.047826563835993e-07,0.0,True
anticyclonic,0.5,1151.9912109375,33856.96881729297,0.40625,-8.5302080123596e-06,-8.530208012359605e-06,-5.082197683525802e-21,6.856918108352332e-06,-1.673289904007273e-06,-8.5302080123596e-06,2.793984882026098e-07,0.0,True
anticyclonic,0.5,1151.9912109375,39065.73325072265,0.46874999999999994,-9.853740912074025e-06,-9.853740912074032e-06,-6.776263578034403e-21,9.057748715004774e-06,-7.959921970692577e-07,-9.853740912074025e-06,3.6907561932361763e-07,0.0,True
anticyclonic,0.5,1151.9912109375,44274.497684152346,0.53125,-1.1225695074938617e-05,-1.1225695074938622e-05,-5.082197683525802e-21,1.210820043576958e-05,8.825053608309575e-07,-1.1225695074938617e-05,4.933722181233859e-07,0.0,True
anticyclonic,0.5,1151.9912109375,49483.26211758203,0.59375,-1.2824271366836342e-05,-1.2824271366836353e-05,-1.1858461261560205e-20,1.5288452594972845e-05,2.464181228136492e-06,-1.2824271366836342e-05,6.229577886878261e-07,0.0,True
anticyclonic,0.5,1151.9912109375,54692.02655101172,0.65625,-1.455156965788677e-05,-1.455156965788678e-05,-1.0164395367051604e-20,1.82998533198688e-05,3.7482836619820213e-06,-1.455156965788677e-05,7.456631785747633e-07,0.0,True
anticyclonic,0.5,1151.9912109375,59900.7909844414,0.71875,-1.636452657769263e-05,-1.636452657769265e-05,-1.6940658945086007e-20,2.123783885471203e-05,4.87331227701938e-06,-1.636452657769263e-05,8.653771235023602e-07,0.0,True
anticyclonic,0.5,1151.9912109375,65109.555417871095,0.78125,-1.818119414402803e-05,-1.8181194144028054e-05,-2.371692252312041e-20,2.411115438685037e-05,5.929960242822316e-06,-1.818119414402803e-05,9.824559631680477e-07,0.0,True
anticyclonic,0.5,1151.9912109375,70318.31985130078,0.84375,-2.009631197607612e-05,-2.0096311976076156e-05,-3.7269449679189215e-20,2.7173117537476536e-05,7.07680556140038e-06,-2.009631197607612e-05,1.1072216176061494e-06,0.0,True
anticyclonic,0.5,1151.9912109375,75527.08428473047,0.9062500000000001,-2.2215865945276446e-05,-2.221586594527648e-05,-3.3881317890172014e-20,3.017795526061168e-05,7.9620893153352e-06,-2.2215865945276446e-05,1.2296595851991253e-06,0.0,True
anticyclonic,0.5,1151.9912109375,80735.84871816015,0.96875,-2.465560433680332e-05,-2.4655604336803372e-05,-5.082197683525802e-20,3.2808802882775416e-05,8.153198545972043e-06,-2.465560433680332e-05,1.3368585974534232e-06,0.0,True
anticyclonic,0.5,1151.9912109375,85944.61315158985,1.03125,-2.7214220283428936e-05,-2.721422028342901e-05,-7.453889935837843e-20,3.4498184863886386e-05,7.283964580457376e-06,-2.7214220283428936e-05,1.405695757830792e-06,0.0,True
anticyclonic,0.5,1151.9912109375,91153.37758501952,1.09375,-2.9873449704551944e-05,-2.9873449704552036e-05,-9.147955830346444e-20,3.560603260102888e-05,5.732582896476846e-06,-2.9873449704551944e-05,1.4508371723883408e-06,0.0,True
anticyclonic,0.5,1151.9912109375,96362.14201844922,1.15625,-3.2770018579411846e-05,-3.277001857941195e-05,-1.0164395367051604e-19,3.617861321560497e-05,3.4085946361930196e-06,-3.2770018579411846e-05,1.4741680851335012e-06,0.0,True
anticyclonic,0.5,1151.9912109375,101570.90645187891,1.21875,-3.653166238729737e-05,-3.653166238729739e-05,-2.0328790734103208e-20,3.6158906451613925e-05,-3.727559356834641e-07,-3.653166238729737e-05,1.4733650946384339e-06,0.0,True
anticyclonic,0.5,1151.9912109375,106779.67088530859,1.28125,-4.037568417399815e-05,-4.037568417399824e-05,-9.486769009248164e-20,3.240187778690727e-05,-7.973806387090972e-06,-4.037568417399815e-05,1.320277641577813e-06,0.0,True
anticyclonic,0.5,1151.9912109375,111988.43531873828,1.34375,-4.313670472314041e-05,-4.313670472314047e-05,-6.098637220230962e-20,2.8546519687507614e-05,-1.4590185035632854e-05,-4.313670472314041e-05,1.1631835641175837e-06,0.0,True
anticyclonic,0.5,1151.9912109375,117197.19975216797,1.40625,-4.5393123263081075e-05,-4.539312326308117e-05,-9.486769009248164e-20,2.5006780997674976e-05,-2.0386342265406193e-05,-4.5393123263081075e-05,1.0189500144465092e-06,0.0,True
anticyclonic,0.5,1151.9912109375,122405.96418559765,1.46875,-4.7058003232905746e-05,-4.705800323290583e-05,-8.131516293641283e-20,2.2621596395104918e-05,-2.443640683780091e-05,-4.7058003232905746e-05,9.217610205703154e-07,0.0,True
anticyclonic,0.5,1151.9912109375,127614.72861902734,1.53125,-4.8605760539351914e-05,-4.860576053935197e-05,-5.421010862427522e-20,2.062734812433246e-05,-2.797841241501951e-05,-4.8605760539351914e-05,8.405014892254993e-07,0.0,True
anticyclonic,0.5,1151.9912109375,132823.49305245702,1.59375,-4.9558837777202425e-05,-4.9558837777202526e-05,-1.0164395367051604e-19,1.8740351581860352e-05,-3.0818486195342174e-05,-4.9558837777202425e-05,7.636121385173358e-07,0.0,True
anticyclonic,0.5,1151.9912109375,138032.25748588672,1.65625,-4.995592025367872e-05,-4.995592025367883e-05,-1.0842021724855044e-19,1.738010206437542e-05,-3.257581818930341e-05,-4.995592025367872e-05,7.081861216453125e-07,0.0,True
anticyclonic,0.5,1151.9912109375,143241.0219193164,1.71875,-5.0163960603134255e-05,-5.0163960603134364e-05,-1.0842021724855044e-19,1.651799461968893e-05,-3.3645965983445435e-05,-5.0163960603134255e-05,6.730578740992001e-07,0.0,True
anticyclonic,0.5,1151.9912109375,148449.7863527461,1.7812500000000002,-4.9932688674043e-05,-4.993268867404314e-05,-1.4230153513872246e-19,1.633642214482615e-05,-3.359626652921699e-05,-4.9932688674043e-05,6.656593498388518e-07,0.0,True
anticyclonic,0.5,1151.9912109375,153658.55078617577,1.8437499999999998,-4.908867564480158e-05,-4.9088675644801786e-05,-2.0328790734103208e-19,1.639070228774063e-05,-3.269797335706116e-05,-4.908867564480158e-05,6.67871100020213e-07,0.0,True
anticyclonic,0.5,1151.9912109375,158867.31521960546,1.90625,-4.902051883929766e-05,-4.902051883929772e-05,-6.098637220230962e-20,1.7077494081226852e-05,-3.194302475807087e-05,-4.902051883929766e-05,6.95855769776772e-07,0.0,True
anticyclonic,0.5,1151.9912109375,164076.07965303515,1.96875,-4.789799447844284e-05,-4.789799447844292e-05,-8.131516293641283e-20,1.7955672740639705e-05,-2.9942321737803214e-05,-4.789799447844284e-05,7.316388702797331e-07,0.0,True
anticyclonic,0.5,1151.9912109375,169284.84408646484,2.03125,-4.694658536452588e-05,-4.694658536452601e-05,-1.2874900798265365e-19,1.928776018608771e-05,-2.76588251784383e-05,-4.694658536452588e-05,7.859173686562117e-07,0.0,True
anticyclonic,0.5,1151.9912109375,174493.60851989454,2.09375,-4.5366896319762056e-05,-4.536689631976226e-05,-2.0328790734103208e-19,2.0552196239518903e-05,-2.4814700080243356e-05,-4.5366896319762056e-05,8.374392792543888e-07,0.0,True
anticyclonic,0.5,1151.9912109375,179702.37295332423,2.15625,-4.448058038002947e-05,-4.4480580380029654e-05,-1.8295911660692887e-19,2.197208784088948e-05,-2.2508492539140175e-05,-4.448058038002947e-05,8.952955290397388e-07,0.0,True
anticyclonic,0.5,1151.9912109375,184911.1373867539,2.21875,-4.359109645594315e-05,-4.3591096455943286e-05,-1.3552527156068805e-19,2.3536985375956032e-05,-2.0054111079987254e-05,-4.359109645594315e-05,9.590603281201012e-07,0.0,True
anticyclonic,0.5,1151.9912109375,190119.9018201836,2.28125,-4.206917510570618e-05,-4.2069175105706295e-05,-1.1519648082658485e-19,2.6388744395173925e-05,-1.568043071053237e-05,-4.206917510570618e-05,1.0752608056665797e-06,0.0,True
anticyclonic,0.5,1151.9912109375,195328.66625361328,2.34375,-4.1741849306558925e-05,-4.17418493065591e-05,-1.7618285302889447e-19,2.9898997507345703e-05,-1.1842851799213398e-05,-4.1741849306558925e-05,1.218292908026771e-06,0.0,True
anticyclonic,0.5,1151.9912109375,200537.43068704297,2.40625,-4.2514156767803715e-05,-4.251415676780386e-05,-1.4230153513872246e-19,3.3536053458378314e-05,-8.978103309425543e-06,-4.2514156767803715e-05,1.3664918391163824e-06,0.0,True
anticyclonic,0.5,1151.9912109375,205746.19512047266,2.46875,-4.1397182896530756e-05,-4.1397182896530796e-05,-4.0657581468206416e-20,3.575731718873744e-05,-5.639865707793359e-06,-4.1397182896530756e-05,1.4570015576742958e-06,0.0,True
anticyclonic,0.5,1265.8614501953125,2604.3822167148437,0.03125,2.1696309128382356e-07,2.1696309128382356e-07,0.0,1.6825056739518413e-10,2.1713134185121875e-07,2.1696309128382356e-07,9.653466788294005e-10,1.0,False
anticyclonic,0.5,1265.8614501953125,7813.146650144531,0.09375,-1.6787440728818612e-06,-1.6787440728818612e-06,0.0,1.1623453398529764e-09,-1.6775817275420083e-06,-1.6787440728818612e-06,6.669018897537573e-09,1.0,False
anticyclonic,0.5,1265.8614501953125,13021.911083574218,0.15625,-3.15900153248472e-06,-3.1590015324847207e-06,-8.470329472543003e-22,6.31991688619992e-09,-3.152681615598521e-06,-3.15900153248472e-06,3.626086301534558e-08,1.0,False
anticyclonic,0.5,1265.8614501953125,18230.675517003907,0.21875,-4.468214137612812e-06,-4.468214137612813e-06,-8.470329472543003e-22,1.627887187946984e-08,-4.451935265733343e-06,-4.468214137612812e-06,9.340090287496613e-08,1.0,False
anticyclonic,0.5,1265.8614501953125,23439.439950433592,0.28125,-5.581595737629156e-06,-5.581595737629156e-06,0.0,2.6728201147768392e-08,-5.554867536481387e-06,-5.581595737629156e-06,1.5335449150955392e-07,1.0,False
anticyclonic,0.5,1265.8614501953125,28648.20438386328,0.34375,-6.227208663021593e-06,-6.227208663021594e-06,-1.6940658945086007e-21,3.6643530918472106e-08,-6.190565132103122e-06,-6.227208663021593e-06,2.1024422930856648e-07,1.0,False
anticyclonic,0.5,1265.8614501953125,33856.96881729297,0.40625,-6.3785224637946675e-06,-6.378522463794669e-06,-1.6940658945086007e-21,4.745259841596271e-08,-6.331069865378706e-06,-6.3785224637946675e-06,2.7226183537961763e-07,1.0,False
anticyclonic,0.5,1265.8614501953125,39065.73325072265,0.46874999999999994,-6.086445096707376e-06,-6.086445096707379e-06,-3.3881317890172014e-21,6.180924632797545e-08,-6.024635850379404e-06,-6.086445096707376e-06,3.5463387486541877e-07,1.0,False
anticyclonic,0.5,1265.8614501953125,44274.497684152346,0.53125,-5.591327195238244e-06,-5.591327195238247e-06,-3.3881317890172014e-21,7.867135290642397e-08,-5.512655842331824e-06,-5.591327195238244e-06,4.513811181917351e-07,1.0,False
anticyclonic,0.5,1265.8614501953125,49483.26211758203,0.59375,-5.067668514995937e-06,-5.067668514995942e-06,-5.082197683525802e-21,9.362523589399109e-08,-4.974043279101951e-06,-5.067668514995937e-06,5.371798260424202e-07,1.0,False
anticyclonic,0.5,1265.8614501953125,54692.02655101172,0.65625,-4.512105913025927e-06,-4.512105913025931e-06,-4.235164736271502e-21,1.0617692353149857e-07,-4.405928989494432e-06,-4.512105913025927e-06,6.091958088837281e-07,1.0,False
anticyclonic,0.5,1265.8614501953125,59900.7909844414,0.71875,-4.011816480742677e-06,-4.011816480742684e-06,-7.623296525288703e-21,1.1836100166285567e-07,-3.893455479079829e-06,-4.011816480742677e-06,6.791026124137122e-07,1.0,False
anticyclonic,0.5,1265.8614501953125,65109.555417871095,0.78125,-3.614156668968805e-06,-3.6141566689688075e-06,-2.541098841762901e-21,1.299770371415074e-07,-3.4841796318273e-06,-3.614156668968805e-06,7.457502406748571e-07,1.0,False
anticyclonic,0.5,1265.8614501953125,70318.31985130078,0.84375,-3.4088644056315825e-06,-3.408864405631591e-06,-8.470329472543003e-21,1.418414123242711e-07,-3.2670229933073197e-06,-3.4088644056315825e-06,8.138227313438825e-07,1.0,False
anticyclonic,0.5,1265.8614501953125,75527.08428473047,0.9062500000000001,-3.4853388633526854e-06,-3.4853388633526956e-06,-1.0164395367051604e-20,1.5183745347355382e-07,-3.3335014098791417e-06,-3.4853388633526854e-06,8.711755550180944e-07,1.0,False
anticyclonic,0.5,1265.8614501953125,80735.84871816015,0.96875,-4.00820806450778e-06,-4.0082080645077866e-06,-6.776263578034403e-21,1.590726204858645e-07,-3.8491354440219224e-06,-4.00820806450778e-06,9.126877148535214e-07,1.0,False
anticyclonic,0.5,1265.8614501953125,85944.61315158985,1.03125,-4.893320838798668e-06,-4.893320838798674e-06,-5.929230630780102e-21,1.6273022479242237e-07,-4.730590614006251e-06,-4.893320838798668e-06,9.336734162658353e-07,1.0,False
anticyclonic,0.5,1265.8614501953125,91153.37758501952,1.09375,-6.117598003076634e-06,-6.1175980030766405e-06,-6.776263578034403e-21,1.653386145389502e-07,-5.95225938853769e-06,-6.117598003076634e-06,9.486391927139413e-07,1.0,False
anticyclonic,0.5,1265.8614501953125,96362.14201844922,1.15625,-7.796111582845602e-06,-7.796111582845607e-06,-5.082197683525802e-21,1.664470524925935e-07,-7.629664530353014e-06,-7.796111582845602e-06,9.54998915083999e-07,1.0,False
anticyclonic,0.5,1265.8614501953125,101570.90645187891,1.21875,-1.0006705089174875e-05,-1.0006705089174879e-05,-3.3881317890172014e-21,1.6131405121050983e-07,-9.845391037964368e-06,-1.0006705089174875e-05,9.255480441787732e-07,1.0,False
anticyclonic,0.5,1265.8614501953125,106779.67088530859,1.28125,-1.2330023395955189e-05,-1.233002339595519e-05,-1.6940658945086007e-21,1.4841625432269874e-07,-1.2181607141632492e-05,-1.2330023395955189e-05,8.515462409003315e-07,1.0,False
anticyclonic,0.5,1265.8614501953125,111988.43531873828,1.34375,-1.4320723021093944e-05,-1.4320723021093947e-05,-3.3881317890172014e-21,1.3182205245439072e-07,-1.4188900968639557e-05,-1.4320723021093944e-05,7.563361152561769e-07,1.0,False
anticyclonic,0.5,1265.8614501953125,117197.19975216797,1.40625,-1.598322841216943e-05,-1.598322841216943e-05,0.0,1.1607819840565851e-07,-1.5867150213763773e-05,-1.598322841216943e-05,6.66004905957958e-07,1.0,False
anticyclonic,0.5,1265.8614501953125,122405.96418559765,1.46875,-1.738262934951776e-05,-1.738262934951776e-05,0.0,1.0096840555240747e-07,-1.7281660943965353e-05,-1.738262934951776e-05,5.793116568681864e-07,1.0,False
anticyclonic,0.5,1265.8614501953125,127614.72861902734,1.53125,-1.834507690046679e-05,-1.8345076900466793e-05,-3.3881317890172014e-21,9.079779260317606e-08,-1.8254279107863617e-05,-1.834507690046679e-05,5.209572181034178e-07,1.0,False
anticyclonic,0.5,1265.8614501953125,132823.49305245702,1.59375,-1.9124050920471007e-05,-1.9124050920471014e-05,-6.776263578034403e-21,8.174243641276909e-08,-1.9042308484058246e-05,-1.9124050920471007e-05,4.690016249701442e-07,1.0,False
anticyclonic,0.5,1265.8614501953125,138032.25748588672,1.65625,-1.9687224516543347e-05,-1.9687224516543354e-05,-6.776263578034403e-21,7.577318318666967e-08,-1.9611451333356684e-05,-1.9687224516543347e-05,4.347527135630751e-07,1.0,False
anticyclonic,0.5,1265.8614501953125,143241.0219193164,1.71875,-1.9812039441755125e-05,-1.981203944175513e-05,-3.3881317890172014e-21,7.12439997094935e-08,-1.9740795442045637e-05,-1.9812039441755125e-05,4.087662797864116e-07,1.0,False
anticyclonic,0.5,1265.8614501953125,148449.7863527461,1.7812500000000002,-2.0187603478649453e-05,-2.0187603478649463e-05,-1.0164395367051604e-20,7.009974572322313e-08,-2.011750373292624e-05,-2.0187603478649453e-05,4.022010610029948e-07,1.0,False
anticyclonic,0.5,1265.8614501953125,153658.55078617577,1.8437499999999998,-1.950299263776562e-05,-1.950299263776564e-05,-2.0328790734103208e-20,7.22564752391313e-08,-1.943073616252651e-05,-1.950299263776562e-05,4.145754125879445e-07,1.0,False
anticyclonic,0.5,1265.8614501953125,158867.31521960546,1.90625,-1.982522865793384e-05,-1.9825228657933853e-05,-1.3552527156068805e-20,7.803963612838484e-08,-1.9747189021805467e-05,-1.982522865793384e-05,4.4775660920444275e-07,1.0,False
anticyclonic,0.5,1265.8614501953125,164076.07965303515,1.96875,-1.9417579622183275e-05,-1.9417579622183285e-05,-1.0164395367051604e-20,8.585948471534849e-08,-1.9331720137467936e-05,-1.9417579622183275e-05,4.926234110182132e-07,1.0,False
anticyclonic,0.5,1265.8614501953125,169284.84408646484,2.03125,-1.8691717282795826e-05,-1.869171728279585e-05,-2.371692252312041e-20,9.372679995122777e-08,-1.8597990482844623e-05,-1.8691717282795826e-05,5.377625552828606e-07,1.0,False
anticyclonic,0.5,1265.8614501953125,174493.60851989454,2.09375,-1.766933895636715e-05,-1.7669338956367182e-05,-3.049318610115481e-20,1.0410942843678661e-07,-1.7565229527930396e-05,-1.766933895636715e-05,5.973334445893571e-07,1.0,False
anticyclonic,0.5,1265.8614501953125,179702.37295332423,2.15625,-1.7305452905813216e-05,-1.7305452905813257e-05,-4.0657581468206416e-20,1.1321685305494859e-07,-1.7192236052758307e-05,-1.7305452905813216e-05,6.495877831270793e-07,1.0,False
anticyclonic,0.5,1265.8614501953125,184911.1373867539,2.21875,-1.4889965649813363e-05,-1.4889965649813393e-05,-3.049318610115481e-20,1.2191949004661452e-07,-1.476804615976678e-05,-1.4889965649813363e-05,6.995196308885809e-07,1.0,False
anticyclonic,0.5,1265.8614501953125,190119.9018201836,2.28125,-1.2146795551821364e-05,-1.2146795551821394e-05,-3.049318610115481e-20,1.3609907610659996e-07,-1.2010696475714793e-05,-1.2146795551821364e-05,7.808757684761111e-07,1.0,False
anticyclonic,0.5,1265.8614501953125,195328.66625361328,2.34375,-1.0414970637181723e-05,-1.0414970637181767e-05,-4.404571325722362e-20,1.6293443304984008e-07,-1.0252036204131926e-05,-1.0414970637181723e-05,9.34845072124949e-07,1.0,False
anticyclonic,0.5,1265.8614501953125,200537.43068704297,2.40625,-7.700663703438141e-06,-7.700663703438196e-06,-5.421010862427522e-20,1.88813352176435e-07,-7.51185035126176e-06,-7.700663703438141e-06,1.0833267623642182e-06,1.0,False
anticyclonic,0.5,1265.8614501953125,205746.19512047266,2.46875,-4.824519229181997e-06,-4.824519229182028e-06,-3.049318610115481e-20,1.9870442769052327e-07,-4.625814801491504e-06,-4.824519229181997e-06,1.1400773400615224e-06,1.0,False
anticyclonic,0.5,1387.376953125,2604.3822167148437,0.03125,-1.54339046738483e-07,-1.54339046738483e-07,0.0,-9.811631175989503e-10,-1.5532020985608194e-07,-1.54339046738483e-07,-8.284948814521232e-10,1.0,False
anticyclonic,0.5,1387.376953125,7813.146650144531,0.09375,1.2654186922506966e-06,1.2654186922506966e-06,0.0,-1.036044688014378e-08,1.2550582453705529e-06,1.2654186922506966e-06,-8.748369211799371e-09,1.0,False
anticyclonic,0.5,1387.376953125,13021.911083574218,0.15625,2.8370786279448153e-06,2.8370786279448153e-06,0.0,2.498206919893704e-08,2.8620606971437522e-06,2.8370786279448153e-06,2.1094878199306898e-08,1.0,False
anticyclonic,0.5,1387.376953125,18230.675517003907,0.21875,4.271271729548877e-06,4.271271729548877e-06,0.0,1.7878806589659292e-07,4.45005979544547e-06,4.271271729548877e-06,1.5096877858855488e-07,1.0,False
anticyclonic,0.5,1387.376953125,23439.439950433592,0.28125,5.282219653469199e-06,5.282219653469199e-06,0.0,3.6923487879972175e-07,5.65145453226892e-06,5.282219653469199e-06,3.117822120013736e-07,1.0,False
anticyclonic,0.5,1387.376953125,28648.20438386328,0.34375,6.1033796234541166e-06,6.1033796234541166e-06,0.0,5.282457659954074e-07,6.631625389449524e-06,6.1033796234541166e-06,4.4605112587898944e-07,0.0,True
anticyclonic,0.5,1387.376953125,33856.96881729297,0.40625,6.857433434425398e-06,6.857433434425398e-06,0.0,6.759663613957125e-07,7.533399795821111e-06,6.857433434425398e-06,5.70786508792392e-07,0.0,True
anticyclonic,0.5,1387.376953125,39065.73325072265,0.46874999999999994,7.485812346595126e-06,7.485812346595126e-06,0.0,8.377826228758965e-07,8.323594969471022e-06,7.485812346595126e-06,7.074242828458286e-07,0.0,True
anticyclonic,0.5,1387.376953125,44274.497684152346,0.53125,7.834052736894983e-06,7.834052736894985e-06,1.6940658945086007e-21,1.040896520946817e-06,8.874949257841802e-06,7.834052736894983e-06,8.789338125918599e-07,0.0,True
anticyclonic,0.5,1387.376953125,49483.26211758203,0.59375,7.854301393529649e-06,7.854301393529649e-06,0.0,1.2519891190293622e-06,9.10629051255901e-06,7.854301393529649e-06,1.0571805626855633e-06,0.0,True
anticyclonic,0.5,1387.376953125,54692.02655101172,0.65625,7.642574298792294e-06,7.642574298792294e-06,0.0,1.4567377747053959e-06,9.09931207349769e-06,7.642574298792294e-06,1.2300704829945475e-06,0.0,True
anticyclonic,0.5,1387.376953125,59900.7909844414,0.71875,7.308698797308763e-06,7.308698797308763e-06,0.0,1.6335704481959196e-06,8.942269245504683e-06,7.308698797308763e-06,1.379388126750779e-06,0.0,True
anticyclonic,0.5,1387.376953125,65109.555417871095,0.78125,6.931299830281713e-06,6.9312998302817135e-06,8.470329472543003e-22,1.7977548513995994e-06,8.729054681681313e-06,6.931299830281713e-06,1.5180255614735556e-06,0.0,True
anticyclonic,0.5,1387.376953125,70318.31985130078,0.84375,6.5621153832190315e-06,6.562115383219036e-06,4.235164736271502e-21,1.9516051771791213e-06,8.513720560398158e-06,6.5621153832190315e-06,1.6479368933731881e-06,0.0,True
anticyclonic,0.5,1387.376953125,75527.08428473047,0.9062500000000001,6.237858984623316e-06,6.237858984623315e-06,-8.470329472543003e-22,2.086521139668917e-06,8.324380124292232e-06,6.237858984623316e-06,1.761860034534994e-06,0.0,True
anticyclonic,0.5,1387.376953125,80735.84871816015,0.96875,5.904665441818331e-06,5.904665441818329e-06,-1.6940658945086007e-21,2.201098287742514e-06,8.105763729560843e-06,5.904665441818331e-06,1.858609065361444e-06,0.0,True
anticyclonic,0.5,1387.376953125,85944.61315158985,1.03125,5.645528852769662e-06,5.645528852769665e-06,3.3881317890172014e-21,2.2620005131547726e-06,7.907529365924438e-06,5.645528852769662e-06,1.9100349507397857e-06,0.0,True
anticyclonic,0.5,1387.376953125,91153.37758501952,1.09375,5.736337898075599e-06,5.7363378980756e-06,8.470329472543003e-22,2.3268706324859016e-06,8.063208530561502e-06,5.736337898075599e-06,1.9648113287558586e-06,0.0,True
anticyclonic,0.5,1387.376953125,96362.14201844922,1.15625,6.115190039661005e-06,6.115190039661005e-06,0.0,2.364469620556293e-06,8.479659660217299e-06,6.115190039661005e-06,1.996559942829662e-06,0.0,True
anticyclonic,0.5,1387.376953125,101570.90645187891,1.21875,6.323247501413041e-06,6.323247501413042e-06,8.470329472543003e-22,2.3726051854334526e-06,8.695852686846496e-06,6.323247501413041e-06,2.003429619988892e-06,0.0,True
anticyclonic,0.5,1387.376953125,106779.67088530859,1.28125,6.974497178444974e-06,6.974497178444976e-06,1.6940658945086007e-21,2.1312865650042954e-06,9.105783743449271e-06,6.974497178444974e-06,1.7996599936764949e-06,0.0,True
anticyclonic,0.5,1387.376953125,111988.43531873828,1.34375,8.632436238270559e-06,8.63243623827056e-06,1.6940658945086007e-21,1.941917464519607e-06,1.0574353702790168e-05,8.632436238270559e-06,1.6397565814480644e-06,0.0,True
anticyclonic,0.5,1387.376953125,117197.19975216797,1.40625,1.1140409256328928e-05,1.1140409256328925e-05,-3.3881317890172014e-21,1.8029750548010815e-06,1.2943384311130006e-05,1.1140409256328928e-05,1.522433505189225e-06,0.0,True
anticyclonic,0.5,1387.376953125,122405.96418559765,1.46875,1.390958646157343e-05,1.3909586461573427e-05,-3.3881317890172014e-21,1.686669679233433e-06,1.559625614080686e-05,1.390958646157343e-05,1.4242251577546345e-06,0.0,True
anticyclonic,0.5,1387.376953125,127614.72861902734,1.53125,1.6825829002220348e-05,1.682582900222034e-05,-6.776263578034403e-21,1.586680493406544e-06,1.8412509495626884e-05,1.6825829002220348e-05,1.339794213325266e-06,0.0,True
anticyclonic,0.5,1387.376953125,132823.49305245702,1.59375,1.9139579267526142e-05,1.9139579267526132e-05,-1.0164395367051604e-20,1.4842207839815827e-06,2.0623800051507715e-05,1.9139579267526142e-05,1.253277156893932e-06,0.0,True
anticyclonic,0.5,1387.376953125,138032.25748588672,1.65625,2.1513181297801582e-05,2.1513181297801572e-05,-1.0164395367051604e-20,1.4380508948693665e-06,2.2951232192670938e-05,2.1513181297801582e-05,1.2142912674729247e-06,0.0,True
anticyclonic,0.5,1387.376953125,143241.0219193164,1.71875,2.3465012178271934e-05,2.346501217827193e-05,-3.3881317890172014e-21,1.411222147737677e-06,2.487623432600961e-05,2.3465012178271934e-05,1.191637053025105e-06,0.0,True
anticyclonic,0.5,1387.376953125,148449.7863527461,1.7812500000000002,2.4829664916853736e-05,2.4829664916853726e-05,-1.0164395367051604e-20,1.4215706878179038e-06,2.625123560467163e-05,2.4829664916853736e-05,1.2003753681260143e-06,0.0,True
anticyclonic,0.5,1387.376953125,153658.55078617577,1.8437499999999998,2.530440680241308e-05,2.5304406802413065e-05,-1.3552527156068805e-20,1.4941766957113104e-06,2.6798583498124377e-05,2.530440680241308e-05,1.2616839363175752e-06,0.0,True
anticyclonic,0.5,1387.376953125,158867.31521960546,1.90625,2.7311890030182326e-05,2.7311890030182316e-05,-1.0164395367051604e-20,1.5322506379372599e-06,2.8844140668119575e-05,2.7311890030182326e-05,1.2938336020409423e-06,0.0,True
anticyclonic,0.5,1387.376953125,164076.07965303515,1.96875,2.7712667874185923e-05,2.771266787418592e-05,-3.3881317890172014e-21,1.6490158487100231e-06,2.9361683722895943e-05,2.7712667874185923e-05,1.3924302346718631e-06,0.0,True
anticyclonic,0.5,1387.376953125,169284.84408646484,2.03125,2.6962734824814157e-05,2.6962734824814146e-05,-1.0164395367051604e-20,1.784686047725168e-06,2.8747420872539315e-05,2.6962734824814157e-05,1.50699025372833e-06,0.0,True
anticyclonic,0.5,1387.376953125,174493.60851989454,2.09375,2.870350334788252e-05,2.8703503347882505e-05,-1.3552527156068805e-20,1.9217819843176397e-06,3.062528533220015e-05,2.870350334788252e-05,1.6227541666775884e-06,0.0,True
anticyclonic,0.5,1387.376953125,179702.37295332423,2.15625,2.9144796515205478e-05,2.914479651520546e-05,-1.6940658945086007e-20,2.0262428922500623e-06,3.117103940745552e-05,2.9144796515205478e-05,1.71096103664804e-06,0.0,True
anticyclonic,0.5,1387.376953125,184911.1373867539,2.21875,3.0048840593156633e-05,3.0048840593156616e-05,-1.6940658945086007e-20,2.1679629413440952e-06,3.221680353450071e-05,3.0048840593156633e-05,1.8306295537044905e-06,0.0,True
anticyclonic,0.5,1387.376953125,190119.9018201836,2.28125,3.092876735998046e-05,3.0928767359980455e-05,-6.776263578034403e-21,2.301414894082597e-06,3.323018225406305e-05,3.092876735998046e-05,1.943316483920749e-06,0.0,True
anticyclonic,0.5,1387.376953125,195328.66625361328,2.34375,3.510273006742111e-05,3.510273006742109e-05,-2.0328790734103208e-20,2.450149807738126e-06,3.755287987515922e-05,3.510273006742111e-05,2.068908357938987e-06,0.0,True
anticyclonic,0.5,1387.376953125,200537.43068704297,2.40625,3.911948356520798e-05,3.9119483565207966e-05,-1.3552527156068805e-20,2.684822531530065e-06,4.180430609673803e-05,3.911948356520798e-05,2.2670661840849964e-06,0.0,True
anticyclonic,0.5,1387.376953125,205746.19512047266,2.46875,4.046558839162073e-05,4.04655883916207e-05,-3.3881317890172014e-20,2.7602875888699447e-06,4.322587598049064e-05,4.046558839162073e-05,2.3307889357999027e-06,0.0,True
anticyclonic,0.5,1516.3636474609375,2604.3822167148437,0.03125,-1.2036320806540057e-07,-1.2036320806540057e-07,0.0,4.268088145101378e-09,-1.160951199202992e-07,-1.2036320806540057e-07,1.235192654895624e-09,1.0,False
anticyclonic,0.5,1516.3636474609375,7813.146650144531,0.09375,3.5991201948814663e-06,3.5991201948814663e-06,0.0,-8.412906720146853e-09,3.5907072881613195e-06,3.5991201948814663e-06,-2.434710866731784e-09,1.0,False
anticyclonic,0.5,1516.3636474609375,13021.911083574218,0.15625,7.5318408239826065e-06,7.5318408239826065e-06,0.0,2.1955671806774923e-08,7.5537964957893814e-06,7.5318408239826065e-06,6.354012294744481e-09,1.0,False
anticyclonic,0.5,1516.3636474609375,18230.675517003907,0.21875,1.1053610973460895e-05,1.1053610973460895e-05,0.0,2.5280570968116547e-07,1.130641668314206e-05,1.1053610973460895e-05,7.316244301848505e-08,1.0,False
anticyclonic,0.5,1516.3636474609375,23439.439950433592,0.28125,1.3820310921609246e-05,1.3820310921609243e-05,-3.3881317890172014e-21,5.283889273399109e-07,1.4348699848949154e-05,1.3820310921609246e-05,1.5291673924952016e-07,0.0,True
anticyclonic,0.5,1516.3636474609375,28648.20438386328,0.34375,1.594178921151394e-05,1.594178921151394e-05,0.0,7.828416629537136e-07,1.6724630874467654e-05,1.594178921151394e-05,2.2655583463910276e-07,0.0,True
anticyclonic,0.5,1516.3636474609375,33856.96881729297,0.40625,1.763690407940019e-05,1.7636904079400186e-05,-3.3881317890172014e-21,1.0113207534522897e-06,1.8648224832852475e-05,1.763690407940019e-05,2.9267810877839905e-07,0.0,True
anticyclonic,0.5,1516.3636474609375,39065.73325072265,0.46874999999999994,1.8813573214894822e-05,1.8813573214894822e-05,0.0,1.2416835438375183e-06,2.005525675873234e-05,1.8813573214894822e-05,3.593455291716899e-07,0.0,True
anticyclonic,0.5,1516.3636474609375,44274.497684152346,0.53125,1.9269632015219844e-05,1.9269632015219844e-05,0.0,1.4938232392024302e-06,2.0763455254422276e-05,1.9269632015219844e-05,4.32315226407163e-07,0.0,True
anticyclonic,0.5,1516.3636474609375,49483.26211758203,0.59375,1.9005314485966496e-05,1.900531448596649e-05,-6.776263578034403e-21,1.7770716686394633e-06,2.0782386154605954e-05,1.9005314485966496e-05,5.142878491968066e-07,0.0,True
anticyclonic,0.5,1516.3636474609375,54692.02655101172,0.65625,1.8131540791669637e-05,1.8131540791669637e-05,0.0,2.0542725710807956e-06,2.0185813362750433e-05,1.8131540791669637e-05,5.945103064154916e-07,0.0,True
anticyclonic,0.5,1516.3636474609375,59900.7909844414,0.71875,1.683680908353557e-05,1.683680908353557e-05,0.0,2.29861829521926e-06,1.913542737875483e-05,1.683680908353557e-05,6.652244138683532e-07,0.0,True
anticyclonic,0.5,1516.3636474609375,65109.555417871095,0.78125,1.5190881640354406e-05,1.5190881640354408e-05,1.6940658945086007e-21,2.4921587360974485e-06,1.7683040376451856e-05,1.5190881640354406e-05,7.212353777638331e-07,0.0,True
anticyclonic,0.5,1516.3636474609375,70318.31985130078,0.84375,1.3284525564407392e-05,1.3284525564407392e-05,0.0,2.626310172784762e-06,1.5910835737192153e-05,1.3284525564407392e-05,7.600590532846978e-07,0.0,True
anticyclonic,0.5,1516.3636474609375,75527.08428473047,0.9062500000000001,1.117401212160331e-05,1.1174012121603312e-05,1.6940658945086007e-21,2.755375834606721e-06,1.3929387956210033e-05,1.117401212160331e-05,7.974108960915758e-07,0.0,True
anticyclonic,0.5,1516.3636474609375,80735.84871816015,0.96875,8.999219936618844e-06,8.999219936618849e-06,5.082197683525802e-21,2.859268336229326e-06,1.1858488272848175e-05,8.999219936618844e-06,8.274775794730469e-07,0.0,True
anticyclonic,0.5,1516.3636474609375,85944.61315158985,1.03125,6.925929395784851e-06,6.925929395784853e-06,2.541098841762901e-21,2.9377093954757294e-06,9.863638791260583e-06,6.925929395784851e-06,8.501785680490663e-07,0.0,True
anticyclonic,0.5,1516.3636474609375,91153.37758501952,1.09375,5.208643408183689e-06,5.208643408183691e-06,2.541098841762901e-21,2.9472070618689423e-06,8.155850470052634e-06,5.208643408183689e-06,8.529272103846305e-07,0.0,True
anticyclonic,0.5,1516.3636474609375,96362.14201844922,1.15625,3.842757832610826e-06,3.842757832610831e-06,5.082197683525802e-21,2.9292041111876314e-06,6.771961943798463e-06,3.842757832610826e-06,8.477171229421944e-07,0.0,True
anticyclonic,0.5,1516.3636474609375,101570.90645187891,1.21875,2.6692494513852083e-06,2.6692494513852184e-06,1.0164395367051604e-20,2.862678367926496e-06,5.531927819311715e-06,2.6692494513852083e-06,8.284644489945071e-07,0.0,True
anticyclonic,0.5,1516.3636474609375,106779.67088530859,1.28125,1.7988332772383944e-06,1.7988332772384048e-06,1.0376153603865179e-20,2.640354532322133e-06,4.4391878095605375e-06,1.7988332772383944e-06,7.641235170805507e-07,0.0,True
anticyclonic,0.5,1516.3636474609375,111988.43531873828,1.34375,1.7195263845031247e-06,1.7195263845031363e-06,1.164670302474663e-20,2.420873550367535e-06,4.140399934870671e-06,1.7195263845031247e-06,7.006053123052465e-07,0.0,True
anticyclonic,0.5,1516.3636474609375,117197.19975216797,1.40625,2.715558131263101e-06,2.715558131263111e-06,1.0164395367051604e-20,2.344826122456001e-06,5.060384253719112e-06,2.715558131263101e-06,6.785970450936516e-07,0.0,True
anticyclonic,0.5,1516.3636474609375,122405.96418559765,1.46875,4.82502184743539e-06,4.825021847435402e-06,1.1858461261560205e-20,2.394735254710632e-06,7.219757102146034e-06,4.82502184743539e-06,6.930408408816766e-07,0.0,True
anticyclonic,0.5,1516.3636474609375,127614.72861902734,1.53125,7.102229400718145e-06,7.1022294007181555e-06,1.0164395367051604e-20,2.3328056731964825e-06,9.435035073914639e-06,7.102229400718145e-06,6.751183047000298e-07,0.0,True
anticyclonic,0.5,1516.3636474609375,132823.49305245702,1.59375,9.661728430364905e-06,9.661728430364926e-06,2.0328790734103208e-20,2.1044065842206816e-06,1.1766135014585607e-05,9.661728430364905e-06,6.090191831503597e-07,0.0,True
anticyclonic,0.5,1516.3636474609375,138032.25748588672,1.65625,1.2981776451638195e-05,1.298177645163821e-05,1.5246593050577406e-20,2.0154679095812056e-06,1.4997244361219416e-05,1.2981776451638195e-05,5.832801651366578e-07,0.0,True
anticyclonic,0.5,1516.3636474609375,143241.0219193164,1.71875,1.4798076729016705e-05,1.4798076729016718e-05,1.3552527156068805e-20,1.963456637964392e-06,1.676153336698111e-05,1.4798076729016705e-05,5.68228006303761e-07,0.0,True
anticyclonic,0.5,1516.3636474609375,148449.7863527461,1.7812500000000002,1.71312370424209e-05,1.7131237042420915e-05,1.3552527156068805e-20,1.9333531526639013e-06,1.9064590195084816e-05,1.71312370424209e-05,5.595160016155257e-07,0.0,True
anticyclonic,0.5,1516.3636474609375,153658.55078617577,1.8437499999999998,1.9244253520899468e-05,1.9244253520899485e-05,1.6940658945086007e-20,1.9482698968404e-06,2.1192523417739885e-05,1.9244253520899468e-05,5.638329351500206e-07,0.0,True
anticyclonic,0.5,1516.3636474609375,158867.31521960546,1.90625,2.1473776849172216e-05,2.1473776849172233e-05,1.6940658945086007e-20,1.932986978278645e-06,2.3406763827450877e-05,2.1473776849172216e-05,5.594100300667426e-07,0.0,True
anticyclonic,0.5,1516.3636474609375,164076.07965303515,1.96875,2.4974343635277414e-05,2.497434363527742e-05,6.776263578034403e-21,1.992101146631584e-06,2.6966444781909006e-05,2.4974343635277414e-05,5.765177804382099e-07,0.0,True
anticyclonic,0.5,1516.3636474609375,169284.84408646484,2.03125,2.5681970763153904e-05,2.568197076315392e-05,1.6940658945086007e-20,2.0877255074163898e-06,2.776969627057031e-05,2.5681970763153904e-05,6.041916484688046e-07,0.0,True
anticyclonic,0.5,1516.3636474609375,174493.60851989454,2.09375,2.6475750990894095e-05,2.647575099089411e-05,1.3552527156068805e-20,2.2030746689237976e-06,2.8678825659817906e-05,2.6475750990894095e-05,6.375739105492741e-07,0.0,True
anticyclonic,0.5,1516.3636474609375,179702.37295332423,2.15625,2.9044511855621346e-05,2.9044511855621363e-05,1.6940658945086007e-20,2.287133492124258e-06,3.133164534774562e-05,2.9044511855621346e-05,6.619006904719302e-07,0.0,True
anticyclonic,0.5,1516.3636474609375,184911.1373867539,2.21875,3.1792844157961635e-05,3.179284415796165e-05,1.3552527156068805e-20,2.381035911716297e-06,3.417388006967795e-05,3.1792844157961635e-05,6.890762255156795e-07,0.0,True
anticyclonic,0.5,1516.3636474609375,190119.9018201836,2.28125,3.431700310264933e-05,3.431700310264933e-05,0.0,2.451226361937393e-06,3.676822946458673e-05,3.431700310264933e-05,7.093894724799957e-07,0.0,True
anticyclonic,0.5,1516.3636474609375,195328.66625361328,2.34375,3.605087638046875e-05,3.605087638046875e-05,0.0,2.5291712767162255e-06,3.858004765718498e-05,3.605087638046875e-05,7.319468759234508e-07,0.0,True
anticyclonic,0.5,1516.3636474609375,200537.43068704297,2.40625,3.860687761816582e-05,3.8606877618165826e-05,6.776263578034403e-21,2.50433120721013e-06,4.111120882537596e-05,3.860687761816582e-05,7.247581135647725e-07,0.0,True
anticyclonic,0.5,1516.3636474609375,205746.19512047266,2.46875,4.3064307413879806e-05,4.30643074138798e-05,-6.776263578034403e-21,2.4761255857013575e-06,4.554043299958116e-05,4.3064307413879806e-05,7.165953541910261e-07,0.0,True
anticyclonic,0.5,1652.5684814453125,2604.3822167148437,0.03125,-1.0105229363652549e-07,-1.0105229363652549e-07,0.0,-1.1584198917917765e-08,-1.1263649255444326e-07,-1.0105229363652549e-07,-7.899357875195318e-10,1.0,False
anticyclonic,0.5,1652.5684814453125,7813.146650144531,0.09375,1.5973255560557084e-06,1.5973255560557084e-06,0.0,-2.447064106609339e-08,1.572854914989615e-06,1.5973255560557084e-06,-1.6686725822493772e-09,1.0,False
anticyclonic,0.5,1652.5684814453125,13021.911083574218,0.15625,3.487898348620559e-06,3.487898348620559e-06,0.0,1.6763834419732788e-07,3.6555366928178866e-06,3.487898348620559e-06,1.1431392742847459e-08,0.0,True
anticyclonic,0.5,1652.5684814453125,18230.675517003907,0.21875,5.419648166471002e-06,5.419648166471002e-06,0.0,6.495696276393753e-07,6.069217794110377e-06,5.419648166471002e-06,4.429467233719696e-08,0.0,True
anticyclonic,0.5,1652.5684814453125,23439.439950433592,0.28125,7.374721621896435e-06,7.374721621896436e-06,1.6940658945086007e-21,1.1689557343089096e-06,8.543677356205347e-06,7.374721621896435e-06,7.971202627818483e-08,0.0,True
anticyclonic,0.5,1652.5684814453125,28648.20438386328,0.34375,9.441390863588887e-06,9.441390863588889e-06,1.6940658945086007e-21,1.6985998287188887e-06,1.1139990692307778e-05,9.441390863588887e-06,1.1582888060599532e-07,0.0,True
anticyclonic,0.5,1652.5684814453125,33856.96881729297,0.40625,1.1660244811399512e-05,1.1660244811399514e-05,1.6940658945086007e-21,2.1776179749934264e-06,1.383786278639294e-05,1.1660244811399512e-05,1.484935110474017e-07,0.0,True
anticyclonic,0.5,1652.5684814453125,39065.73325072265,0.46874999999999994,1.3965254175843346e-05,1.3965254175843355e-05,8.470329472543003e-21,2.73390895198001e-06,1.6699163127823363e-05,1.3965254175843346e-05,1.8642743760629523e-07,0.0,True
anticyclonic,0.5,1652.5684814453125,44274.497684152346,0.53125,1.6165105311971463e-05,1.6165105311971476e-05,1.3552527156068805e-20,3.2992880891580104e-06,1.9464393401129488e-05,1.6165105311971463e-05,2.249810930759904e-07,0.0,True
anticyclonic,0.5,1652.5684814453125,49483.26211758203,0.59375,1.8029297779511894e-05,1.8029297779511908e-05,1.3552527156068805e-20,3.850047852111736e-06,2.1879345631623645e-05,1.8029297779511894e-05,2.6253784172694715e-07,0.0,True
anticyclonic,0.5,1652.5684814453125,54692.02655101172,0.65625,1.9381019404447222e-05,1.9381019404447233e-05,1.0164395367051604e-20,4.353274345743841e-06,2.3734293750191076e-05,1.9381019404447222e-05,2.968532587328752e-07,0.0,True
anticyclonic,0.5,1652.5684814453125,59900.7909844414,0.71875,2.0134036113485792e-05,2.0134036113485802e-05,1.0164395367051604e-20,4.76046132453162e-06,2.4894497438017422e-05,2.0134036113485792e-05,3.246196644235537e-07,0.0,True
anticyclonic,0.5,1652.5684814453125,65109.555417871095,0.78125,2.0265139836507516e-05,2.026513983650753e-05,1.3552527156068805e-20,5.022316349854522e-06,2.5287456186362052e-05,2.0265139836507516e-05,3.424757679927398e-07,0.0,True
anticyclonic,0.5,1652.5684814453125,70318.31985130078,0.84375,1.982463834589658e-05,1.9824638345896594e-05,1.3552527156068805e-20,5.191849105178719e-06,2.5016487451075312e-05,1.982463834589658e-05,3.5403634214519466e-07,0.0,True
anticyclonic,0.5,1652.5684814453125,75527.08428473047,0.9062500000000001,1.884257771058524e-05,1.8842577710585252e-05,1.3552527156068805e-20,5.338486901512595e-06,2.418106461209785e-05,1.884257771058524e-05,3.640356907361415e-07,0.0,True
anticyclonic,0.5,1652.5684814453125,80735.84871816015,0.96875,1.7346117047595354e-05,1.7346117047595367e-05,1.3552527156068805e-20,5.476941395117597e-06,2.2823058442712964e-05,1.7346117047595354e-05,3.73477013370227e-07,0.0,True
anticyclonic,0.5,1652.5684814453125,85944.61315158985,1.03125,1.550515622230926e-05,1.5505156222309274e-05,1.3552527156068805e-20,5.515624353962842e-06,2.1020780576272116e-05,1.550515622230926e-05,3.7611483526671915e-07,0.0,True
anticyclonic,0.5,1652.5684814453125,91153.37758501952,1.09375,1.3237537567955733e-05,1.323753756795574e-05,6.776263578034403e-21,5.405769744292521e-06,1.864330731224826e-05,1.3237537567955733e-05,3.686237615880418e-07,0.0,True
anticyclonic,0.5,1652.5684814453125,96362.14201844922,1.15625,1.0737698525111447e-05,1.073769852511145e-05,3.3881317890172014e-21,5.184580159163561e-06,1.5922278684275012e-05,1.0737698525111447e-05,3.5354066690380714e-07,0.0,True
anticyclonic,0.5,1652.5684814453125,101570.90645187891,1.21875,8.004617286750009e-06,8.004617286750012e-06,3.3881317890172014e-21,4.947598170046685e-06,1.2952215456796697e-05,8.004617286750009e-06,3.3738067556323766e-07,0.0,True
anticyclonic,0.5,1652.5684814453125,106779.67088530859,1.28125,5.408775009383188e-06,5.408775009383187e-06,-8.470329472543003e-22,4.385084397313029e-06,9.793859406696216e-06,5.408775009383188e-06,2.9902241158629153e-07,0.0,True
anticyclonic,0.5,1652.5684814453125,111988.43531873828,1.34375,3.1755002338492914e-06,3.175500233849288e-06,-3.3881317890172014e-21,4.060255747009678e-06,7.235755980858965e-06,3.1755002338492914e-06,2.768720861728182e-07,0.0,True
anticyclonic,0.5,1652.5684814453125,117197.19975216797,1.40625,1.837202193948595e-06,1.8372021939485898e-06,-5.082197683525802e-21,3.870652774542617e-06,5.707854968491206e-06,1.837202193948595e-06,2.6394290786423876e-07,0.0,True
anticyclonic,0.5,1652.5684814453125,122405.96418559765,1.46875,3.081753345505202e-06,3.0817533455052017e-06,-4.235164736271502e-22,3.606831784220303e-06,6.6885851297255044e-06,3.081753345505202e-06,2.4595274356965846e-07,0.0,True
anticyclonic,0.5,1652.5684814453125,127614.72861902734,1.53125,5.675631068026616e-06,5.675631068026619e-06,2.541098841762901e-21,3.417621428990893e-06,9.093252497017512e-06,5.675631068026616e-06,2.3305033814447086e-07,0.0,True
anticyclonic,0.5,1652.5684814453125,132823.49305245702,1.59375,7.504280157286424e-06,7.504280157286434e-06,9.317362419797304e-21,3.461015939371469e-06,1.0965296096657903e-05,7.504280157286424e-06,2.3600944450775025e-07,0.0,True
anticyclonic,0.5,1652.5684814453125,138032.25748588672,1.65625,8.920039946506195e-06,8.920039946506204e-06,8.470329472543003e-21,3.5300779570642647e-06,1.2450117903570468e-05,8.920039946506195e-06,2.407188387196767e-07,0.0,True
anticyclonic,0.5,1652.5684814453125,143241.0219193164,1.71875,1.3798201990509753e-05,1.3798201990509777e-05,2.371692252312041e-20,3.3608470013287002e-06,1.7159048991838475e-05,1.3798201990509753e-05,2.291788445225048e-07,0.0,True
anticyclonic,0.5,1652.5684814453125,148449.7863527461,1.7812500000000002,1.3964810800282295e-05,1.3964810800282319e-05,2.371692252312041e-20,3.315008725164375e-06,1.7279819525446693e-05,1.3964810800282295e-05,2.2605309581627379e-07,0.0,True
anticyclonic,0.5,1652.5684814453125,153658.55078617577,1.8437499999999998,2.1061105504032662e-05,2.10611055040327e-05,3.7269449679189215e-20,3.272389222515064e-06,2.4333494726547762e-05,2.1061105504032662e-05,2.231468378499244e-07,0.0,True
anticyclonic,0.5,1652.5684814453125,158867.31521960546,1.90625,2.2088034200286608e-05,2.2088034200286645e-05,3.7269449679189215e-20,3.200520725858207e-06,2.528855492614485e-05,2.2088034200286608e-05,2.1824606759323722e-07,0.0,True
anticyclonic,0.5,1652.5684814453125,164076.07965303515,1.96875,2.7461469462231612e-05,2.746146946223165e-05,3.7269449679189215e-20,3.2671346725502318e-06,3.072860413478188e-05,2.7461469462231612e-05,2.227885258860207e-07,0.0,True
anticyclonic,0.5,1652.5684814453125,169284.84408646484,2.03125,3.341222982678052e-05,3.34122298267806e-05,7.453889935837843e-20,3.3603752794175528e-06,3.677260510619815e-05,3.341222982678052e-05,2.2914667742817113e-07,0.0,True
anticyclonic,0.5,1652.5684814453125,174493.60851989454,2.09375,3.475943288241237e-05,3.475943288241244e-05,7.453889935837843e-20,3.4876733868260938e-06,3.8247106269238535e-05,3.475943288241237e-05,2.378272371663137e-07,0.0,True
anticyclonic,0.5,1652.5684814453125,179702.37295332423,2.15625,4.051033606266898e-05,4.05103360626691e-05,1.1519648082658485e-19,3.5765705601484266e-06,4.408690662281752e-05,4.051033606266898e-05,2.43889206501804e-07,0.0,True
anticyclonic,0.5,1652.5684814453125,184911.1373867539,2.21875,4.76984500796466e-05,4.7698450079646705e-05,1.0842021724855044e-19,3.6422150400126356e-06,5.134066511965934e-05,4.76984500796466e-05,2.483655560763644e-07,0.0,True
anticyclonic,0.5,1652.5684814453125,190119.9018201836,2.28125,5.406071969040527e-05,5.406071969040538e-05,1.1519648082658485e-19,3.6069278005822113e-06,5.766764749098759e-05,5.406071969040527e-05,2.459592910021565e-07,0.0,True
anticyclonic,0.5,1652.5684814453125,195328.66625361328,2.34375,5.678159696152254e-05,5.678159696152268e-05,1.3552527156068805e-19,3.5365270430141432e-06,6.0318124004536824e-05,5.678159696152254e-05,2.411586070476116e-07,0.0,True
anticyclonic,0.5,1652.5684814453125,200537.43068704297,2.40625,6.044384559985497e-05,6.0443845599855115e-05,1.4230153513872246e-19,3.312809606079962e-06,6.375665520593507e-05,6.044384559985497e-05,2.2590313612738168e-07,0.0,True
anticyclonic,0.5,1652.5684814453125,205746.19512047266,2.46875,6.963016180825833e-05,6.963016180825842e-05,9.486769009248164e-20,3.3731793203660445e-06,7.300334112862447e-05,6.963016180825833e-05,2.300197952192024e-07,0.0,True
anticyclonic,0.5,1795.6707763671875,2604.3822167148437,0.03125,1.8636106475953604e-07,1.8636106475953604e-07,0.0,4.609456676021726e-09,1.9097052143555777e-07,1.8636106475953604e-07,1.715102559399759e-09,1.0,False
anticyclonic,0.5,1795.6707763671875,7813.146650144531,0.09375,-8.353334824827014e-07,-8.353334824827014e-07,0.0,6.407570809160988e-08,-7.712577743910915e-07,-8.353334824827014e-07,2.3841510760899482e-08,0.0,True
anticyclonic,0.5,1795.6707763671875,13021.911083574218,0.15625,-1.5508934632634755e-06,-1.5508934632634755e-06,0.0,4.448186284107929e-07,-1.1060748348526825e-06,-1.5508934632634755e-06,1.6550965150072393e-07,0.0,True
anticyclonic,0.5,1795.6707763671875,18230.675517003907,0.21875,-1.9886724816613376e-06,-1.9886724816613376e-06,0.0,1.1697146026392613e-06,-8.189578790220763e-07,-1.9886724816613376e-06,4.352314491184976e-07,0.0,True
anticyclonic,0.5,1795.6707763671875,23439.439950433592,0.28125,-2.359893375617671e-06,-2.3598933756176694e-06,1.6940658945086007e-21,2.0179443184587406e-06,-3.4194905715892883e-07,-2.359893375617671e-06,7.508436912573067e-07,0.0,True
anticyclonic,0.5,1795.6707763671875,28648.20438386328,0.34375,-2.577404230579236e-06,-2.5774042305792308e-06,5.082197683525802e-21,2.7324317319520463e-06,1.5502750137281554e-07,-2.577404230579236e-06,1.0166926356493609e-06,0.0,True
anticyclonic,0.5,1795.6707763671875,33856.96881729297,0.40625,-2.8034968930144512e-06,-2.8034968930144453e-06,5.929230630780102e-21,3.5246283779233345e-06,7.211314849088893e-07,-2.8034968930144512e-06,1.3114558996412269e-06,0.0,True
anticyclonic,0.5,1795.6707763671875,39065.73325072265,0.46874999999999994,-3.026847108827518e-06,-3.02684710882751e-06,8.046812998915853e-21,4.437434531025315e-06,1.4105874221978055e-06,-3.026847108827518e-06,1.6510959655876186e-06,0.0,True
anticyclonic,0.5,1795.6707763671875,44274.497684152346,0.53125,-3.1098299025271193e-06,-3.1098299025271066e-06,1.2705494208814505e-20,5.386628722791042e-06,2.276798820263936e-06,-3.1098299025271193e-06,2.0042754186310586e-06,0.0,True
anticyclonic,0.5,1795.6707763671875,49483.26211758203,0.59375,-3.200418464135124e-06,-3.2004184641351127e-06,1.1434944787933055e-20,6.382187434293399e-06,3.1817689701582864e-06,-3.200418464135124e-06,2.3747063423042786e-06,0.0,True
anticyclonic,0.5,1795.6707763671875,54692.02655101172,0.65625,-3.547686676278785e-06,-3.5476866762787758e-06,9.317362419797304e-21,7.256952218372577e-06,3.7092655420938012e-06,-3.547686676278785e-06,2.7001918442836235e-06,0.0,True
anticyclonic,0.5,1795.6707763671875,59900.7909844414,0.71875,-4.309857007409954e-06,-4.309857007409952e-06,2.541098841762901e-21,7.967761698221947e-06,3.6579046908119955e-06,-4.309857007409954e-06,2.964672290423198e-06,0.0,True
anticyclonic,0.5,1795.6707763671875,65109.555417871095,0.78125,-5.376660024455998e-06,-5.376660024456006e-06,-7.623296525288703e-21,8.450281646215046e-06,3.0736216217590407e-06,-5.376660024455998e-06,3.1442099791207414e-06,0.0,True
anticyclonic,0.5,1795.6707763671875,70318.31985130078,0.84375,-6.45603909077641e-06,-6.4560390907764275e-06,-1.7787691892340307e-20,8.753530701329637e-06,2.2974916105532094e-06,-6.45603909077641e-06,3.2570439348596375e-06,0.0,True
anticyclonic,0.5,1795.6707763671875,75527.08428473047,0.9062500000000001,-7.4156580020834996e-06,-7.415658002083534e-06,-3.4728350837426314e-20,8.994480614021641e-06,1.5788226119381068e-06,-7.4156580020834996e-06,3.346697410527375e-06,0.0,True
anticyclonic,0.5,1795.6707763671875,80735.84871816015,0.96875,-8.26509772798096e-06,-8.265097727981013e-06,-5.251604272976662e-20,9.123359522202693e-06,8.582617942216795e-07,-8.26509772798096e-06,3.3946511197842196e-06,0.0,True
anticyclonic,0.5,1795.6707763671875,85944.61315158985,1.03125,-9.104163385730109e-06,-9.104163385730136e-06,-2.710505431213761e-20,9.058364886345118e-06,-4.57984993850182e-08,-9.104163385730109e-06,3.3704676912065185e-06,0.0,True
anticyclonic,0.5,1795.6707763671875,91153.37758501952,1.09375,-9.979145047319527e-06,-9.979145047319603e-06,-7.623296525288703e-20,8.7429726117848e-06,-1.2361724355348024e-06,-9.979145047319527e-06,3.253115444437996e-06,0.0,True
anticyclonic,0.5,1795.6707763671875,96362.14201844922,1.15625,-1.0545946589071397e-05,-1.0545946589071537e-05,-1.4060746924421386e-19,8.125016859521018e-06,-2.4209297295505195e-06,-1.0545946589071397e-05,3.0231843339414453e-06,0.0,True
anticyclonic,0.5,1795.6707763671875,101570.90645187891,1.21875,-1.0562514476766786e-05,-1.056251447676692e-05,-1.3383120566617945e-19,7.454062613040375e-06,-3.1084518637265454e-06,-1.0562514476766786e-05,2.773533360679176e-06,0.0,True
anticyclonic,0.5,1795.6707763671875,106779.67088530859,1.28125,-9.91133879047644e-06,-9.911338790476502e-06,-6.098637220230962e-20,6.784453231271332e-06,-3.1268855592051695e-06,-9.91133879047644e-06,2.5243827893234726e-06,0.0,True
anticyclonic,0.5,1795.6707763671875,111988.43531873828,1.34375,-8.056970661534792e-06,-8.056970661534941e-06,-1.4907779871675686e-19,7.236261820019633e-06,-8.207088415153084e-07,-8.056970661534792e-06,2.6924932894073553e-06,0.0,True
anticyclonic,0.5,1795.6707763671875,117197.19975216797,1.40625,-4.1877543433983935e-06,-4.187754343398483e-06,-8.978549240895584e-20,7.8344510244397e-06,3.646696681041216e-06,-4.1877543433983935e-06,2.915069594515755e-06,0.0,True
anticyclonic,0.5,1795.6707763671875,122405.96418559765,1.46875,2.9716679042434266e-06,2.971667904243364e-06,-6.268043809681823e-20,7.911574372953853e-06,1.0883242277197217e-05,2.9716679042434266e-06,2.9437659163868752e-06,0.0,True
anticyclonic,0.5,1795.6707763671875,127614.72861902734,1.53125,1.1725938715182772e-05,1.1725938715182826e-05,5.421010862427522e-20,8.995965125582745e-06,2.072190384076557e-05,1.1725938715182772e-05,3.347249772715993e-06,0.0,True
anticyclonic,0.5,1795.6707763671875,132823.49305245702,1.59375,1.946861157873099e-05,1.9468611578731076e-05,8.470329472543003e-20,8.761539394753697e-06,2.823015097348477e-05,1.946861157873099e-05,3.2600238371679735e-06,0.0,True
anticyclonic,0.5,1795.6707763671875,138032.25748588672,1.65625,2.1396374038172115e-05,2.1396374038172203e-05,8.809142651444724e-20,8.412895855068947e-06,2.980926989324115e-05,2.1396374038172115e-05,3.130299344834186e-06,0.0,True
anticyclonic,0.5,1795.6707763671875,143241.0219193164,1.71875,2.8198767573682366e-05,2.819876757368259e-05,2.236166980751353e-19,7.52241962189356e-06,3.572118719557615e-05,2.8198767573682366e-05,2.798967872613497e-06,0.0,True
anticyclonic,0.5,1795.6707763671875,148449.7863527461,1.7812500000000002,3.414499745724275e-05,3.414499745724311e-05,3.5914196963582334e-19,6.189551254800332e-06,4.033454871204344e-05,3.414499745724275e-05,2.30302960734325e-06,0.0,True
anticyclonic,0.5,1795.6707763671875,153658.55078617577,1.8437499999999998,3.596533493381201e-05,3.596533493381245e-05,4.404571325722362e-19,5.211916355959191e-06,4.117725128977164e-05,3.596533493381201e-05,1.9392678377873408e-06,0.0,True
anticyclonic,0.5,1795.6707763671875,158867.31521960546,1.90625,4.031648520792657e-05,4.0316485207927125e-05,5.55653613398821e-19,4.052957637948494e-06,4.436944284587562e-05,4.031648520792657e-05,1.5080384753683496e-06,0.0,True
anticyclonic,0.5,1795.6707763671875,164076.07965303515,1.96875,4.0405677529699706e-05,4.0405677529700086e-05,3.7947076036992655e-19,2.9758276046182474e-06,4.3381505134318336e-05,4.0405677529699706e-05,1.1072562125517532e-06,0.0,True
anticyclonic,0.5,1795.6707763671875,169284.84408646484,2.03125,4.4201396589747614e-05,4.4201396589748305e-05,6.911788849595091e-19,2.2756687955343042e-06,4.6477065385282606e-05,4.4201396589747614e-05,8.46738704774119e-07,0.0,True
anticyclonic,0.5,1795.6707763671875,174493.60851989454,2.09375,4.5559971351073566e-05,4.555997135107395e-05,3.8624702394796095e-19,1.7503108254053565e-06,4.7310282176479305e-05,4.5559971351073566e-05,6.512616968533326e-07,0.0,True
anticyclonic,0.5,1795.6707763671875,179702.37295332423,2.15625,4.582357850517658e-05,4.5823578505177415e-05,8.334804200982315e-19,9.682449900807532e-07,4.679182349525817e-05,4.582357850517658e-05,3.602679398750177e-07,0.0,True
anticyclonic,0.5,1795.6707763671875,184911.1373867539,2.21875,4.5206739575005716e-05,4.520673957500677e-05,1.0570971181733668e-18,8.154496030147445e-08,4.528828453530825e-05,4.5206739575005716e-05,3.0341530455584516e-08,0.0,True
anticyclonic,0.5,1795.6707763671875,190119.9018201836,2.28125,4.696393889042732e-05,4.696393889042801e-05,6.844026213814747e-19,-4.6338157148843275e-07,4.650055731893957e-05,4.696393889042732e-05,-1.7241661547070095e-07,0.0,True
anticyclonic,0.5,1795.6707763671875,195328.66625361328,2.34375,4.876220098521557e-05,4.8762200985216234e-05,6.640738306473715e-19,-1.0841711893001333e-06,4.76780297959161e-05,4.876220098521557e-05,-4.034021604474616e-07,0.0,True
anticyclonic,0.5,1795.6707763671875,200537.43068704297,2.40625,4.8711348657260433e-05,4.871134865726148e-05,1.043544591017298e-18,-1.4994391858494255e-06,4.721190947141205e-05,4.8711348657260433e-05,-5.579165107880319e-07,0.0,True
anticyclonic,0.5,1795.6707763671875,205746.19512047266,2.46875,4.699719612060819e-05,4.699719612060882e-05,6.301925127571995e-19,-2.0474674410427835e-06,4.4949728679566034e-05,4.699719612060819e-05,-7.618287566704969e-07,0.0,True
anticyclonic,0.5,1945.2955322265625,2604.3822167148437,0.03125,8.211439827222339e-07,8.211439827222344e-07,5.293955920339377e-22,1.0954960805272256e-06,1.9166400632494603e-06,8.211439827222339e-07,6.351587736250849e-08,0.0,True
anticyclonic,0.5,1945.2955322265625,7813.146650144531,0.09375,-2.537881169326192e-06,-2.5378811693261903e-06,1.6940658945086007e-21,3.406073513261471e-06,8.681923439352805e-07,-2.537881169326192e-06,1.9748107857390684e-07,0.0,True
anticyclonic,0.5,1945.2955322265625,13021.911083574218,0.15625,-4.995584966524e-06,-4.9955849665239915e-06,8.470329472543003e-21,4.669510179137569e-06,-3.2607478738642263e-07,-4.995584966524e-06,2.7073400001426657e-07,0.0,True
anticyclonic,0.5,1945.2955322265625,18230.675517003907,0.21875,-7.2552849155464364e-06,-7.2552849155464195e-06,1.6940658945086007e-20,1.2013802193977757e-05,4.758517278431338e-06,-7.2552849155464364e-06,6.965494449262548e-07,0.0,True
anticyclonic,0.5,1945.2955322265625,23439.439950433592,0.28125,-9.374576138861088e-06,-9.37457613886106e-06,2.879912020664621e-20,1.8413183069888955e-05,9.038606931027895e-06,-9.374576138861088e-06,1.0675797919401308e-06,0.0,True
anticyclonic,0.5,1945.2955322265625,28648.20438386328,0.34375,-1.144144440109997e-05,-1.1441444401099925e-05,4.404571325722362e-20,2.7773506834471558e-05,1.6332062433371633e-05,-1.144144440109997e-05,1.6102829443041956e-06,0.0,True
anticyclonic,0.5,1945.2955322265625,33856.96881729297,0.40625,-1.3976931519256596e-05,-1.3976931519256568e-05,2.710505431213761e-20,3.8054525186674726e-05,2.4077593667418156e-05,-1.3976931519256596e-05,2.2063671407040262e-06,0.0,True
anticyclonic,0.5,1945.2955322265625,39065.73325072265,0.46874999999999994,-1.6645208358578652e-05,-1.6645208358578604e-05,4.743384504624082e-20,4.816654659468265e-05,3.152133823610404e-05,-1.6645208358578652e-05,2.792653046290276e-06,0.0,True
anticyclonic,0.5,1945.2955322265625,44274.497684152346,0.53125,-1.9280952897545983e-05,-1.928095289754589e-05,9.486769009248164e-20,5.83439161121887e-05,3.906296321464281e-05,-1.9280952897545983e-05,3.3827277764853344e-06,0.0,True
anticyclonic,0.5,1945.2955322265625,49483.26211758203,0.59375,-2.1692872672553136e-05,-2.169287267255302e-05,1.1519648082658485e-19,6.884410860960795e-05,4.715123593705494e-05,-2.1692872672553136e-05,3.991519492680104e-06,0.0,True
anticyclonic,0.5,1945.2955322265625,54692.02655101172,0.65625,-2.4059225425811513e-05,-2.405922542581142e-05,9.147955830346444e-20,7.983745197603746e-05,5.577822655022604e-05,-2.4059225425811513e-05,4.628903652676402e-06,0.0,True
anticyclonic,0.5,1945.2955322265625,59900.7909844414,0.71875,-2.6576991592591113e-05,-2.6576991592590974e-05,1.3891340334970526e-19,8.964080214236763e-05,6.306381054977666e-05,-2.6576991592591113e-05,5.197293077316502e-06,0.0,True
anticyclonic,0.5,1945.2955322265625,65109.555417871095,0.78125,-2.8989950382599878e-05,-2.8989950382599763e-05,1.1519648082658485e-19,9.717637982433547e-05,6.81864294417357e-05,-2.8989950382599878e-05,5.6341990931492355e-06,0.0,True
anticyclonic,0.5,1945.2955322265625,70318.31985130078,0.84375,-3.103698376037227e-05,-3.103698376037213e-05,1.4230153513872246e-19,0.0001025366633785805,7.149967961820838e-05,-3.103698376037227e-05,5.944983512109315e-06,0.0,True
anticyclonic,0.5,1945.2955322265625,75527.08428473047,0.9062500000000001,-3.243629682235866e-05,-3.243629682235852e-05,1.4230153513872246e-19,0.00010620032630699444,7.376402948463592e-05,-3.243629682235866e-05,6.157399393274967e-06,0.0,True
anticyclonic,0.5,1945.2955322265625,80735.84871816015,0.96875,-3.310428259581684e-05,-3.3104282595816736e-05,1.0164395367051604e-19,0.0001081323080968663,7.502802550104956e-05,-3.310428259581684e-05,6.269413959655747e-06,0.0,True
anticyclonic,0.5,1945.2955322265625,85944.61315158985,1.03125,-3.328155837578676e-05,-3.3281558375786724e-05,3.3881317890172014e-20,0.0001085369138182299,7.525535544244318e-05,-3.328155837578676e-05,6.292872635442091e-06,0.0,True
anticyclonic,0.5,1945.2955322265625,91153.37758501952,1.09375,-3.293692505182837e-05,-3.293692505182828e-05,8.809142651444724e-20,0.00010710988754313459,7.417296249130631e-05,-3.293692505182837e-05,6.2101349356062234e-06,0.0,True
anticyclonic,0.5,1945.2955322265625,96362.14201844922,1.15625,-3.1865694607621496e-05,-3.1865694607621435e-05,6.098637220230962e-20,0.00010303893202371505,7.117323741609363e-05,-3.1865694607621496e-05,5.974104596369193e-06,0.0,True
anticyclonic,0.5,1945.2955322265625,101570.90645187891,1.21875,-2.9878560455367165e-05,-2.987856045536719e-05,-2.371692252312041e-20,9.627491003276821e-05,6.639634957740102e-05,-2.9878560455367165e-05,5.581932685496151e-06,0.0,True
anticyclonic,0.5,1945.2955322265625,106779.67088530859,1.28125,-2.7483142346765368e-05,-2.7483142346765378e-05,-1.0164395367051604e-20,9.152205092027216e-05,6.403890857350678e-05,-2.7483142346765368e-05,5.3063661892971915e-06,0.0,True
anticyclonic,0.5,1945.2955322265625,111988.43531873828,1.34375,-2.325067431363554e-05,-2.3250674313635602e-05,-6.098637220230962e-20,9.280884159346428e-05,6.955816727982867e-05,-2.325067431363554e-05,5.3809731550750665e-06,0.0,True
anticyclonic,0.5,1945.2955322265625,117197.19975216797,1.40625,-1.5566944705178095e-05,-1.5566944705178143e-05,-4.743384504624082e-20,9.34039968617748e-05,7.783705215659665e-05,-1.5566944705178095e-05,5.415479722196209e-06,0.0,True
anticyclonic,0.5,1945.2955322265625,122405.96418559765,1.46875,-6.114310854878615e-06,-6.114310854878627e-06,-1.1858461261560205e-20,0.00010858170228893802,0.0001024673914340594,-6.114310854878615e-06,6.2954694306870195e-06,0.0,True
anticyclonic,0.5,1945.2955322265625,127614.72861902734,1.53125,7.912480254060673e-06,7.912480254060695e-06,2.202285662861181e-20,0.00010485782305405735,0.00011277030330811805,7.912480254060673e-06,6.07956226223632e-06,0.0,True
anticyclonic,0.5,1945.2955322265625,132823.49305245702,1.59375,2.188737288964286e-05,2.188737288964288e-05,1.6940658945086007e-20,0.00014222425021414716,0.00016411162310379004,2.188737288964286e-05,8.246034098295424e-06,0.0,True
anticyclonic,0.5,1945.2955322265625,138032.25748588672,1.65625,2.2309236639244207e-05,2.230923663924429e-05,8.470329472543003e-20,0.0001310933408085217,0.00015340257744776597,2.2309236639244207e-05,7.600673983085657e-06,0.0,True
anticyclonic,0.5,1945.2955322265625,143241.0219193164,1.71875,2.608340394230069e-05,2.6083403942300952e-05,2.608861477543245e-19,0.0001242820166041901,0.00015036542054649106,2.608340394230069e-05,7.205759532428379e-06,0.0,True
anticyclonic,0.5,1945.2955322265625,148449.7863527461,1.7812500000000002,3.8914722831162405e-05,3.891472283116271e-05,3.049318610115481e-19,0.00010714755371927233,0.00014606227655043503,3.8914722831162405e-05,6.2123187866183865e-06,0.0,True
anticyclonic,0.5,1945.2955322265625,153658.55078617577,1.8437499999999998,3.153005711423655e-05,3.153005711423705e-05,5.014435047745458e-19,9.067414013043367e-05,0.00012220419724467074,3.153005711423655e-05,5.257205084388619e-06,0.0,True
anticyclonic,0.5,1945.2955322265625,158867.31521960546,1.90625,3.801654695302184e-05,3.801654695302243e-05,5.89534931288993e-19,7.299855622198174e-05,0.00011101510317500416,3.801654695302184e-05,4.2323906283664195e-06,0.0,True
anticyclonic,0.5,1945.2955322265625,164076.07965303515,1.96875,3.3293255031765916e-05,3.329325503176638e-05,4.607859233063394e-19,5.874513224549277e-05,9.203838727725915e-05,3.3293255031765916e-05,3.405989927004884e-06,0.0,True
anticyclonic,0.5,1945.2955322265625,169284.84408646484,2.03125,3.163751376783193e-05,3.1637513767832845e-05,9.147955830346444e-19,4.377777039840364e-05,7.541528416623648e-05,3.163751376783193e-05,2.538195750085074e-06,0.0,True
anticyclonic,0.5,1945.2955322265625,174493.60851989454,2.09375,3.0269527851714728e-05,3.0269527851715236e-05,5.082197683525802e-19,3.236185246502634e-05,6.263138031674158e-05,3.0269527851714728e-05,1.8763110967982351e-06,0.0,True
anticyclonic,0.5,1945.2955322265625,179702.37295332423,2.15625,2.269967746801413e-05,2.2699677468015417e-05,1.2874900798265365e-18,1.7153821949622802e-05,3.985349941763822e-05,2.269967746801413e-05,9.945631669683283e-07,0.0,True
anticyclonic,0.5,1945.2955322265625,184911.1373867539,2.21875,1.3692343381295448e-05,1.369234338129727e-05,1.8228149024912543e-18,5.854833684249936e-06,1.9547177065547206e-05,1.3692343381295448e-05,3.394579906554588e-07,0.0,True
anticyclonic,0.5,1945.2955322265625,190119.9018201836,2.28125,9.43509752079952e-06,9.435097520800732e-06,1.212951180468158e-18,-8.789498980831045e-06,6.455985399696877e-07,9.43509752079952e-06,-5.096072448526516e-07,0.0,True
anticyclonic,0.5,1945.2955322265625,195328.66625361328,2.34375,7.084410202745217e-06,7.0844102027464154e-06,1.198551620364835e-18,-2.0641598950676468e-05,-1.3557188747930052e-05,7.084410202745217e-06,-1.196781340273054e-06,0.0,True
anticyclonic,0.5,1945.2955322265625,200537.43068704297,2.40625,6.612067988470247e-07,6.612067988490696e-07,2.0449492929086946e-18,-3.2807241019795206e-05,-3.214603422094614e-05,6.612067988470247e-07,-1.902134324581715e-06,0.0,True
anticyclonic,0.5,1945.2955322265625,205746.19512047266,2.46875,-1.1779314192564415e-05,-1.1779314192563094e-05,1.3213713977167085e-18,-4.4977642657781185e-05,-5.6756956850344275e-05,-1.1779314192564415e-05,-2.6077632644121196e-06,0.0,True
cyclonic,0.5,0.5057600140571594,2439.837571776047,0.03125,1.1601104538920197e-06,1.1601104538920197e-06,0.0,-4.298627840957119e-09,1.1558118260510627e-06,1.1601104538920197e-06,-1.0134335435668628e-08,1.0,False
cyclonic,0.5,0.5057600140571594,7319.512715328141,0.09375,-0.03597547700039828,-0.03597547700039828,0.0,8.470741164776503e-08,-0.03597539229298663,-0.03597547700039828,1.997040347029842e-07,1.0,False
cyclonic,0.5,0.5057600140571594,12199.187858880234,0.15625,-0.0721568712014803,-0.0721568712014803,0.0,2.7773411376075764e-07,-0.07215659346736654,-0.0721568712014803,6.54778867796326e-07,1.0,False
cyclonic,0.5,0.5057600140571594,17078.86300243233,0.21875,-0.10701923271307286,-0.10701923271307286,0.0,5.116976111714775e-07,-0.10701872101546168,-0.10701923271307286,1.2063652460984982e-06,1.0,False
cyclonic,0.5,0.5057600140571594,21958.53814598442,0.28125,-0.13938700157297718,-0.13938700157297718,0.0,5.697862365076871e-07,-0.13938643178674068,-0.13938700157297718,1.3433135086452163e-06,0.0,True
cyclonic,0.5,0.5057600140571594,26838.213289536514,0.34375,-0.16812386348742334,-0.16812386348742334,0.0,4.0462795632725286e-07,-0.168123458859467,-0.16812386348742334,9.539405567978693e-07,0.0,True
cyclonic,0.5,0.5057600140571594,31717.88843308861,0.40625,-0.19339888016464224,-0.19339888016464224,0.0,-3.5871821647161253e-09,-0.1933988837518244,-0.19339888016464224,-8.457049242482625e-09,0.0,True
cyclonic,0.5,0.5057600140571594,36597.5635766407,0.46874999999999994,-0.2148567329038413,-0.2148567329038413,0.0,-5.76637737150815e-07,-0.21485730954157845,-0.2148567329038413,-1.359466431932406e-06,0.0,True
cyclonic,0.5,0.5057600140571594,41477.2387201928,0.53125,-0.23168661651247432,-0.23168661651247432,0.0,-1.2775246611109188e-06,-0.23168789403713544,-0.23168661651247432,-3.0118595798593792e-06,0.0,True
cyclonic,0.5,0.5057600140571594,46356.91386374489,0.59375,-0.24393758039897692,-0.24393758039897692,0.0,-1.7175131570205558e-06,-0.24393929791213395,-0.24393758039897692,-4.049165243517565e-06,0.0,True
cyclonic,0.5,0.5057600140571594,51236.589007296985,0.65625,-0.2504323686412304,-0.2504323686412304,0.0,-2.0281289933985715e-06,-0.25043439677022383,-0.2504323686412304,-4.781465222476589e-06,0.0,True
cyclonic,0.5,0.5057600140571594,56116.26415084908,0.71875,-0.2508479758366478,-0.2508479758366478,0.0,-2.631573837294102e-06,-0.2508506074104851,-0.2508479758366478,-6.204131406018622e-06,0.0,True
cyclonic,0.5,0.5057600140571594,60995.93929440117,0.78125,-0.24495258424168506,-0.24495258424168506,0.0,-3.644544460187676e-06,-0.24495622878614526,-0.24495258424168506,-8.592285128252907e-06,0.0,True
cyclonic,0.5,0.5057600140571594,65875.61443795326,0.84375,-0.23194355939122843,-0.23194355939122843,0.0,-4.8838659372947865e-06,-0.23194844325716574,-0.23194355939122843,-1.1514077855216513e-05,0.0,True
cyclonic,0.5,0.5057600140571594,70755.28958150536,0.9062500000000001,-0.2142741330471934,-0.2142741330471935,-1.1102230246251565e-16,-6.023814063998692e-06,-0.2142801568612575,-0.2142741330471934,-1.4201590504068476e-05,0.0,True
cyclonic,0.5,0.5057600140571594,75634.96472505745,0.96875,-0.1945365044116068,-0.1945365044116068,0.0,-7.160505614300971e-06,-0.1945436649172211,-0.1945365044116068,-1.688142553139863e-05,0.0,True
cyclonic,0.5,0.5057600140571594,80514.63986860955,1.03125,-0.17272950554431835,-0.17272950554431835,0.0,-8.227902076224771e-06,-0.17273773344639456,-0.17272950554431835,-1.9397892224540676e-05,0.0,True
cyclonic,0.5,0.5057600140571594,85394.31501216163,1.09375,-0.14802688463926822,-0.14802688463926827,-5.551115123125783e-17,-9.330857184036834e-06,-0.14803621549645232,-0.14802688463926822,-2.19981910749205e-05,0.0,True
cyclonic,0.5,0.5057600140571594,90273.99015571373,1.15625,-0.11965214441495944,-0.1196521444149595,-5.551115123125783e-17,-1.059606515005765e-05,-0.11966274048010955,-0.11965214441495944,-2.4981013128359785e-05,0.0,True
cyclonic,0.5,0.5057600140571594,95153.66529926582,1.21875,-0.09130902963237542,-0.09130902963237542,0.0,-1.1987230253593663e-05,-0.09132101686262901,-0.09130902963237542,-2.826078851884613e-05,0.0,True
cyclonic,0.5,0.5057600140571594,100033.34044281792,1.28125,-0.06692622784716813,-0.06692622784716813,0.0,-1.336020881116282e-05,-0.0669395880559793,-0.06692622784716813,-3.14976877720944e-05,0.0,True
cyclonic,0.5,0.5057600140571594,104913.01558637002,1.34375,-0.03935772889949018,-0.03935772889949018,0.0,-1.4892391829655665e-05,-0.03937262129131983,-0.03935772889949018,-3.510992340465952e-05,0.0,True
cyclonic,0.5,0.5057600140571594,109792.6907299221,1.40625,-0.011385696441886839,-0.011385696441886839,0.0,-1.621577034040221e-05,-0.011401912212227241,-0.011385696441886839,-3.822988685171031e-05,0.0,True
cyclonic,0.5,0.5057600140571594,114672.3658734742,1.46875,0.01777304527863326,0.01777304527863326,0.0,-1.725280194665478e-05,0.017755792476686606,0.01777304527863326,-4.0674766135052443e-05,0.0,True
cyclonic,0.5,0.5057600140571594,119552.04101702629,1.53125,0.04955135623625984,0.04955135623625984,0.0,-1.7723247722989213e-05,0.04953363298853685,0.04955135623625984,-4.178387710675385e-05,0.0,True
cyclonic,0.5,0.5057600140571594,124431.71616057839,1.59375,0.08117643598630747,0.08117643598630747,0.0,-1.724749783338733e-05,0.08115918848847409,0.08117643598630747,-4.0662261292802795e-05,0.0,True
cyclonic,0.5,0.5057600140571594,129311.39130413048,1.65625,0.10867157934939779,0.10867157934939782,2.7755575615628914e-17,-1.6276054323161544e-05,0.10865530329507465,0.10867157934939779,-3.837201083296316e-05,0.0,True
cyclonic,0.5,0.5057600140571594,134191.06644768256,1.7187499999999998,0.13431852254679158,0.13431852254679164,5.551115123125783e-17,-1.51254975185923e-05,0.13430339704927305,0.13431852254679158,-3.5659487435566755e-05,0.0,True
cyclonic,0.5,0.5057600140571594,139070.74159123466,1.78125,0.15238310039682515,0.15238310039682518,2.7755575615628914e-17,-1.3660517825662742e-05,0.1523694398789995,0.15238310039682515,-3.2205688650490894e-05,0.0,True
cyclonic,0.5,0.5057600140571594,143950.41673478676,1.84375,0.1749272920264876,0.1749272920264876,0.0,-1.1665915007535162e-05,0.17491562611148007,0.1749272920264876,-2.750326388432783e-05,0.0,True
cyclonic,0.5,0.5057600140571594,148830.09187833886,1.90625,0.1868916388143449,0.1868916388143449,0.0,-9.44666345190835e-06,0.186882192150893,0.1868916388143449,-2.2271212980418028e-05,0.0,True
cyclonic,0.5,0.5057600140571594,153709.76702189096,1.9687500000000002,0.1932547875282019,0.19325478752820202,1.1102230246251565e-16,-7.214680762546719e-06,0.19324757284743949,0.1932547875282019,-1.700914748010244e-05,0.0,True
cyclonic,0.5,0.5057600140571594,158589.44216544303,2.03125,0.1941329722299115,0.19413297222991135,-1.3877787807814457e-16,-4.9881261683031825e-06,0.19412798410374305,0.1941329722299115,-1.1759879118487566e-05,0.0,True
cyclonic,0.5,0.5057600140571594,163469.11730899513,2.09375,0.19761454933663325,0.19761454933663336,1.1102230246251565e-16,-2.73032870897333e-06,0.19761181900792438,0.19761454933663325,-6.436953374454222e-06,0.0,True
cyclonic,0.5,0.5057600140571594,168348.79245254723,2.15625,0.1914698593930168,0.19146985939301686,5.551115123125783e-17,6.036676418293097e-08,0.19146991975978103,0.1914698593930168,1.423191446272103e-07,0.0,True
cyclonic,0.5,0.5057600140571594,173228.46759609933,2.21875,0.18527461873867968,0.1852746187386797,2.7755575615628914e-17,3.178504195218972e-06,0.1852777972428749,0.18527461873867968,7.493560477860952e-06,0.0,True
cyclonic,0.5,0.5057600140571594,178108.14273965143,2.28125,0.1776985039147669,0.17769850391476702,1.1102230246251565e-16,6.045122339309667e-06,0.17770454903710634,0.1776985039147669,1.4251826350842528e-05,0.0,True
cyclonic,0.5,0.5057600140571594,182987.8178832035,2.34375,0.17021311659215424,0.17021311659215416,-8.326672684688674e-17,8.712362430874734e-06,0.17022182895458504,0.17021311659215424,2.0540043608879298e-05,0.0,True
cyclonic,0.5,0.5057600140571594,187867.4930267556,2.40625,0.16313719946025476,0.1631371994602549,1.3877787807814457e-16,1.1052818587127812e-05,0.16314825227884203,0.16313719946025476,2.6057843389998097e-05,0.0,True
cyclonic,0.5,0.5057600140571594,192747.1681703077,2.46875,0.15747686610659992,0.15747686610659994,2.7755575615628914e-17,1.3633483269138808e-05,0.15749049958986908,0.15747686610659992,3.2141952669078955e-05,0.0,True
cyclonic,0.5,1.5558552742004395,2439.837571776047,0.03125,7.154676740489084e-07,7.154676740489084e-07,0.0,-1.2309741549483694e-08,7.031579324994248e-07,7.154676740489084e-07,-1.999606183580582e-08,1.0,False
cyclonic,0.5,1.5558552742004395,7319.512715328141,0.09375,-0.03383376785863131,-0.03383376785863131,0.0,7.20926859901529e-08,-0.033833695765945325,-0.03383376785863131,1.1710804822127993e-07,1.0,False
cyclonic,0.5,1.5558552742004395,12199.187858880234,0.15625,-0.06766549637265076,-0.06766549637265076,0.0,3.706466816430708e-07,-0.06766512572596912,-0.06766549637265076,6.020820124921255e-07,1.0,False
cyclonic,0.5,1.5558552742004395,17078.86300243233,0.21875,-0.10030463917819055,-0.10030463917819055,0.0,3.644527326717691e-07,-0.10030427472545787,-0.10030463917819055,5.920205025782014e-07,0.0,True
cyclonic,0.5,1.5558552742004395,21958.53814598442,0.28125,-0.1306469437292077,-0.1306469437292077,0.0,2.4183855951196242e-08,-0.13064691954535176,-0.1306469437292077,3.928448676882444e-08,0.0,True
cyclonic,0.5,1.5558552742004395,26838.213289536514,0.34375,-0.1577471929111176,-0.1577471929111176,0.0,-6.562082030258496e-07,-0.15774784911932063,-0.1577471929111176,-1.0659508773698229e-06,0.0,True
cyclonic,0.5,1.5558552742004395,31717.88843308861,0.40625,-0.1815445661159138,-0.1815445661159138,0.0,-1.7690206689662324e-06,-0.18154633513658278,-0.1815445661159138,-2.873614083875792e-06,0.0,True
cyclonic,0.5,1.5558552742004395,36597.5635766407,0.46874999999999994,-0.2016103672398778,-0.20161036723987782,-2.7755575615628914e-17,-3.176561675884953e-06,-0.20161354380155372,-0.2016103672398778,-5.160037149513562e-06,0.0,True
cyclonic,0.5,1.5558552742004395,41477.2387201928,0.53125,-0.21718722401458757,-0.2171872240145876,-2.7755575615628914e-17,-4.751321905120234e-06,-0.2171919753364927,-0.21718722401458757,-7.718092718249458e-06,0.0,True
cyclonic,0.5,1.5558552742004395,46356.91386374489,0.59375,-0.22805391553073145,-0.22805391553073145,0.0,-5.938637982118328e-06,-0.22805985416871358,-0.22805391553073145,-9.646780302701309e-06,0.0,True
cyclonic,0.5,1.5558552742004395,51236.589007296985,0.65625,-0.2340655666628007,-0.23406556666280073,-2.7755575615628914e-17,-7.165034387195008e-06,-0.23407273169718792,-0.2340655666628007,-1.1638950345633837e-05,0.0,True
cyclonic,0.5,1.5558552742004395,56116.26415084908,0.71875,-0.23493133274023673,-0.23493133274023673,0.0,-8.994732021569026e-06,-0.2349403274722583,-0.23493133274023673,-1.4611128672099598e-05,0.0,True
cyclonic,0.5,1.5558552742004395,60995.93929440117,0.78125,-0.23002811417351643,-0.23002811417351648,-5.551115123125783e-17,-1.1156590692942359e-05,-0.23003927076420944,-0.23002811417351643,-1.8122872562032634e-05,0.0,True
cyclonic,0.5,1.5558552742004395,65875.61443795326,0.84375,-0.21878767578921077,-0.2187876757892108,-2.7755575615628914e-17,-1.3300632317567145e-05,-0.21880097642152835,-0.21878767578921077,-2.1605674270922856e-05,0.0,True
cyclonic,0.5,1.5558552742004395,70755.28958150536,0.9062500000000001,-0.2025663979179707,-0.20256639791797085,-1.3877787807814457e-16,-1.5470273481965043e-05,-0.20258186819145282,-0.2025663979179707,-2.5130060116914056e-05,0.0,True
cyclonic,0.5,1.5558552742004395,75634.96472505745,0.96875,-0.18332720092422058,-0.1833272009242206,-2.7755575615628914e-17,-1.7707100597578033e-05,-0.1833449080248182,-0.18332720092422058,-2.8763583464256838e-05,0.0,True
cyclonic,0.5,1.5558552742004395,80514.63986860955,1.03125,-0.16243013347235039,-0.1624301334723504,-2.7755575615628914e-17,-1.9951891132063465e-05,-0.1624500853634825,-0.16243013347235039,-3.241004266533446e-05,0.0,True
cyclonic,0.5,1.5558552742004395,85394.31501216163,1.09375,-0.13957850917939982,-0.1395785091793999,-8.326672684688674e-17,-2.2339115405267432e-05,-0.13960084829480518,-0.13957850917939982,-3.628787259304121e-05,0.0,True
cyclonic,0.5,1.5558552742004395,90273.99015571373,1.15625,-0.11574538765403142,-0.11574538765403146,-4.163336342344337e-17,-2.468275263423141e-05,-0.11577007040666569,-0.11574538765403142,-4.009489930945719e-05,0.0,True
cyclonic,0.5,1.5558552742004395,95153.66529926582,1.21875,-0.09080239835895396,-0.09080239835895398,-2.7755575615628914e-17,-2.6904065245232748e-05,-0.09082930242419922,-0.09080239835895396,-4.370322074721321e-05,0.0,True
cyclonic,0.5,1.5558552742004395,100033.34044281792,1.28125,-0.06623058064232638,-0.0662305806423264,-1.3877787807814457e-17,-2.8708520504233566e-05,-0.06625928916283064,-0.06623058064232638,-4.6634395117843176e-05,0.0,True
cyclonic,0.5,1.5558552742004395,104913.01558637002,1.34375,-0.038888465202478274,-0.03888846520247829,-1.3877787807814457e-17,-3.0662549657260115e-05,-0.038919127752135546,-0.038888465202478274,-4.980853875163254e-05,0.0,True
cyclonic,0.5,1.5558552742004395,109792.6907299221,1.40625,-0.01052572972264819,-0.010525729722648204,-1.3877787807814457e-17,-3.263882686965051e-05,-0.010558368549517855,-0.01052572972264819,-5.3018822345710915e-05,0.0,True
cyclonic,0.5,1.5558552742004395,114672.3658734742,1.46875,0.01835013545104459,0.018350135451044587,-3.469446951953614e-18,-3.4208782010129295e-05,0.01831592666903446,0.01835013545104459,-5.556907248234126e-05,0.0,True
cyclonic,0.5,1.5558552742004395,119552.04101702629,1.53125,0.04918718689473235,0.04918718689473236,6.938893903907228e-18,-3.4544929420413434e-05,0.049152641965311945,0.04918718689473235,-5.61151135486762e-05,0.0,True
cyclonic,0.5,1.5558552742004395,124431.71616057839,1.59375,0.08043455540241541,0.08043455540241543,1.3877787807814457e-17,-3.395950154662773e-05,0.0804005959008688,0.08043455540241541,-5.516413891467875e-05,0.0,True
cyclonic,0.5,1.5558552742004395,129311.39130413048,1.65625,0.1074273614339555,0.10742736143395554,4.163336342344337e-17,-3.236108834695695e-05,0.10739500034560857,0.1074273614339555,-5.256766123468021e-05,0.0,True
cyclonic,0.5,1.5558552742004395,134191.06644768256,1.7187499999999998,0.13170311888554667,0.13170311888554673,5.551115123125783e-17,-3.0393755856007956e-05,0.13167272512969072,0.13170311888554667,-4.93719075316095e-05,0.0,True
cyclonic,0.5,1.5558552742004395,139070.74159123466,1.78125,0.15319654990651382,0.15319654990651382,0.0,-2.7875365798117877e-05,0.1531686745407157,0.15319654990651382,-4.528101064950876e-05,0.0,True
cyclonic,0.5,1.5558552742004395,143950.41673478676,1.84375,0.17307372690543069,0.1730737269054307,2.7755575615628914e-17,-2.4661812334654682e-05,0.17304906509309606,0.17307372690543069,-4.006088368666663e-05,0.0,True
cyclonic,0.5,1.5558552742004395,148830.09187833886,1.90625,0.18663001323675293,0.18663001323675293,0.0,-2.1328421371644977e-05,0.1866086848153813,0.18663001323675293,-3.464609154409284e-05,0.0,True
cyclonic,0.5,1.5558552742004395,153709.76702189096,1.9687500000000002,0.19551789823200666,0.19551789823200677,1.1102230246251565e-16,-1.7652206641681495e-05,0.1955002460253651,0.19551789823200666,-2.867441319759391e-05,0.0,True
cyclonic,0.5,1.5558552742004395,158589.44216544303,2.03125,0.19843041880222165,0.19843041880222162,-2.7755575615628914e-17,-1.4159031216555792e-05,0.19841625977100508,0.19843041880222165,-2.300006564745704e-05,0.0,True
cyclonic,0.5,1.5558552742004395,163469.11730899513,2.09375,0.20018690371264436,0.2001869037126444,2.7755575615628914e-17,-1.0722271271320407e-05,0.20017618144137306,0.20018690371264436,-1.7417359942102104e-05,0.0,True
cyclonic,0.5,1.5558552742004395,168348.79245254723,2.15625,0.19734826661269808,0.19734826661269814,5.551115123125783e-17,-6.143190780685591e-06,0.19734212342191745,0.19734826661269808,-9.979057823914553e-06,0.0,True
cyclonic,0.5,1.5558552742004395,173228.46759609933,2.21875,0.19375855742335893,0.19375855742335898,5.551115123125783e-17,-1.3784579971456122e-06,0.19375717896536185,0.19375855742335893,-2.2391803465720045e-06,0.0,True
cyclonic,0.5,1.5558552742004395,178108.14273965143,2.28125,0.18809519843566333,0.1880951984356635,1.6653345369377348e-16,2.941194365540035e-06,0.18809813963002903,0.18809519843566333,4.777704240827783e-06,0.0,True
cyclonic,0.5,1.5558552742004395,182987.8178832035,2.34375,0.18197280118120268,0.1819728011812027,2.7755575615628914e-17,7.331152964106964e-06,0.18198013233416682,0.18197280118120268,1.1908794949816193e-05,0.0,True
cyclonic,0.5,1.5558552742004395,187867.4930267556,2.40625,0.17573004590061003,0.17573004590061023,1.942890293094024e-16,1.1077236493506841e-05,0.17574112313710374,0.17573004590061003,1.7993968841961432e-05,0.0,True
cyclonic,0.5,1.5558552742004395,192747.1681703077,2.46875,0.17104703680450542,0.1710470368045055,8.326672684688674e-17,1.5184591747598647e-05,0.1710622213962531,0.17104703680450542,2.4665995976916715e-05,0.0,True
cyclonic,0.5,2.6676816940307617,2439.837571776047,0.03125,8.515952406294557e-07,8.515952406294557e-07,0.0,-1.1814180470295535e-07,7.334534359265003e-07,8.515952406294557e-07,-1.4897105832201585e-08,1.0,False
cyclonic,0.5,2.6676816940307617,7319.512715328141,0.09375,-0.016255776705689718,-0.016255776705689718,0.0,1.981771688930785e-07,-0.016255578528520824,-0.016255776705689718,2.4989175219975514e-08,0.0,True
cyclonic,0.5,2.6676816940307617,12199.187858880234,0.15625,-0.03242926992867219,-0.0324292699286722,-6.938893903907228e-18,1.411015281031212e-06,-0.032427858913391165,-0.03242926992867219,1.7792215063267785e-07,0.0,True
cyclonic,0.5,2.6676816940307617,17078.86300243233,0.21875,-0.04818442996822145,-0.04818442996822145,0.0,1.0138256550623282e-06,-0.04818341614256639,-0.04818442996822145,1.2783847442349758e-07,0.0,True
cyclonic,0.5,2.6676816940307617,21958.53814598442,0.28125,-0.06300177465088967,-0.06300177465088967,0.0,-9.093234632317681e-07,-0.06300268397435291,-0.06300177465088967,-1.1466125730453527e-07,0.0,True
cyclonic,0.5,2.6676816940307617,26838.213289536514,0.34375,-0.07630629652011944,-0.07630629652011947,-2.7755575615628914e-17,-3.3785085752141445e-06,-0.07630967502869468,-0.07630629652011944,-4.2601346683767637e-07,0.0,True
cyclonic,0.5,2.6676816940307617,31717.88843308861,0.40625,-0.08789508170015319,-0.08789508170015321,-2.7755575615628914e-17,-7.085158641708635e-06,-0.08790216685879493,-0.08789508170015319,-8.934039765928077e-07,0.0,True
cyclonic,0.5,2.6676816940307617,36597.5635766407,0.46874999999999994,-0.09761018431070727,-0.09761018431070737,-9.71445146547012e-17,-1.1651730049561188e-05,-0.09762183604075693,-0.09761018431070727,-1.469226376835721e-06,0.0,True
cyclonic,0.5,2.6676816940307617,41477.2387201928,0.53125,-0.1050922203270327,-0.10509222032703278,-6.938893903907228e-17,-1.6489387315095704e-05,-0.10510870971434787,-0.1050922203270327,-2.0792313826487384e-06,0.0,True
cyclonic,0.5,2.6676816940307617,46356.91386374489,0.59375,-0.11004708256620468,-0.11004708256620477,-8.326672684688674e-17,-2.0319037820666625e-05,-0.11006740160402544,-0.11004708256620468,-2.5621316483529676e-06,0.0,True
cyclonic,0.5,2.6676816940307617,51236.589007296985,0.65625,-0.11297139021011372,-0.11297139021011382,-9.71445146547012e-17,-2.466305540325816e-05,-0.11299605326551708,-0.11297139021011372,-3.109891095802747e-06,0.0,True
cyclonic,0.5,2.6676816940307617,56116.26415084908,0.71875,-0.11367858565818927,-0.11367858565818935,-8.326672684688674e-17,-3.034188045845467e-05,-0.11370892753864781,-0.11367858565818927,-3.825963260626417e-06,0.0,True
cyclonic,0.5,2.6676816940307617,60995.93929440117,0.78125,-0.11154241228550557,-0.11154241228550565,-8.326672684688674e-17,-3.7146716809190434e-05,-0.11157955900231485,-0.11154241228550557,-4.6840199624230775e-06,0.0,True
cyclonic,0.5,2.6676816940307617,65875.61443795326,0.84375,-0.10641347823087287,-0.10641347823087297,-9.71445146547012e-17,-4.365668366236527e-05,-0.10645713491453533,-0.10641347823087287,-5.504895057565787e-06,0.0,True
cyclonic,0.5,2.6676816940307617,70755.28958150536,0.9062500000000001,-0.09830913486131314,-0.09830913486131317,-2.7755575615628914e-17,-5.0194241134130635e-05,-0.0983593291024473,-0.09830913486131314,-6.329249195255311e-06,0.0,True
cyclonic,0.5,2.6676816940307617,75634.96472505745,0.96875,-0.0878508375616552,-0.08785083756165529,-9.71445146547012e-17,-5.6834143570021416e-05,-0.08790767170522532,-0.0878508375616552,-7.166508534163004e-06,0.0,True
cyclonic,0.5,2.6676816940307617,80514.63986860955,1.03125,-0.0766441958041016,-0.07664419580410167,-6.938893903907228e-17,-6.339561234289496e-05,-0.07670759141644456,-0.0766441958041016,-7.993877770395246e-06,0.0,True
cyclonic,0.5,2.6676816940307617,85394.31501216163,1.09375,-0.06474649279613653,-0.06474649279613662,-8.326672684688674e-17,-7.031233308936162e-05,-0.06481680512922598,-0.06474649279613653,-8.866042549246983e-06,0.0,True
cyclonic,0.5,2.6676816940307617,90273.99015571373,1.15625,-0.054232111764231275,-0.05423211176423131,-3.469446951953614e-17,-7.736648923746001e-05,-0.05430947825346877,-0.054232111764231275,-9.755537262480092e-06,0.0,True
cyclonic,0.5,2.6676816940307617,95153.66529926582,1.21875,-0.04233142260442868,-0.04233142260442877,-9.020562075079397e-17,-8.36947318292545e-05,-0.042415117336258024,-0.04233142260442868,-1.0553497813860174e-05,0.0,True
cyclonic,0.5,2.6676816940307617,100033.34044281792,1.28125,-0.02807510440130298,-0.028075104401303043,-6.245004513516506e-17,-8.874681235087572e-05,-0.028163851213653918,-0.02807510440130298,-1.1190540547316172e-05,0.0,True
cyclonic,0.5,2.6676816940307617,104913.01558637002,1.34375,-0.012391548427285607,-0.012391548427285654,-4.683753385137379e-17,-9.380509204845438e-05,-0.012485353519334108,-0.012391548427285607,-1.182836496664994e-05,0.0,True
cyclonic,0.5,2.6676816940307617,109792.6907299221,1.40625,0.004274103872949336,0.004274103872949308,-2.7755575615628914e-17,-9.87994099234246e-05,0.004175304463025884,0.004274103872949336,-1.2458124111858144e-05,0.0,True
cyclonic,0.5,2.6676816940307617,114672.3658734742,1.46875,0.02153531059532975,0.021535310595329746,-3.469446951953614e-18,-0.00010259272896850165,0.021432717866361244,0.02153531059532975,-1.293644315744832e-05,0.0,True
cyclonic,0.5,2.6676816940307617,119552.04101702629,1.53125,0.040025837136038585,0.04002583713603859,6.938893903907228e-18,-0.00010302305939184458,0.039922814076646745,0.040025837136038585,-1.2990705726701212e-05,0.0,True
cyclonic,0.5,2.6676816940307617,124431.71616057839,1.59375,0.058909889472739854,0.0589098894727399,4.85722573273506e-17,-0.00010113539281533161,0.05880875407992457,0.058909889472739854,-1.2752680170574595e-05,0.0,True
cyclonic,0.5,2.6676816940307617,129311.39130413048,1.65625,0.07572995161327006,0.0757299516132701,4.163336342344337e-17,-9.635480355009397e-05,0.07563359680972001,0.07572995161327006,-1.2149871161489341e-05,0.0,True
cyclonic,0.5,2.6676816940307617,134191.06644768256,1.7187499999999998,0.09081643171895859,0.09081643171895869,9.71445146547012e-17,-9.000962395473543e-05,0.09072642209500395,0.09081643171895859,-1.1349774936498986e-05,0.0,True
cyclonic,0.5,2.6676816940307617,139070.74159123466,1.78125,0.10676968070511306,0.10676968070511308,2.7755575615628914e-17,-8.330314476144136e-05,0.10668637756035164,0.10676968070511306,-1.0504120592931469e-05,0.0,True
cyclonic,0.5,2.6676816940307617,143950.41673478676,1.84375,0.11893725243456514,0.1189372524345653,1.5265566588595902e-16,-7.35747438541409e-05,0.11886367769071116,0.11893725243456514,-9.27741664796866e-06,0.0,True
cyclonic,0.5,2.6676816940307617,148830.09187833886,1.90625,0.12968174897484613,0.12968174897484622,8.326672684688674e-17,-6.43440534722261e-05,0.129617404921374,0.12968174897484613,-8.113471574762662e-06,0.0,True
cyclonic,0.5,2.6676816940307617,153709.76702189096,1.9687500000000002,0.1373843235184363,0.1373843235184364,1.1102230246251565e-16,-5.4592414726571026e-05,0.13732973110370983,0.1373843235184363,-6.883837451628372e-06,0.0,True
cyclonic,0.5,2.6676816940307617,158589.44216544303,2.03125,0.1409123743091611,0.14091237430916131,2.220446049250313e-16,-4.473398321322821e-05,0.1408676403259481,0.1409123743091611,-5.640737280922198e-06,0.0,True
cyclonic,0.5,2.6676816940307617,163469.11730899513,2.09375,0.14174386909898698,0.141743869098987,2.7755575615628914e-17,-3.495583607904183e-05,0.14170891326290797,0.14174386909898698,-4.407760579177526e-06,0.0,True
cyclonic,0.5,2.6676816940307617,168348.79245254723,2.15625,0.14319587788410856,0.14319587788410865,8.326672684688674e-17,-2.178397520397416e-05,0.14317409390890468,0.14319587788410856,-2.7468531133039336e-06,0.0,True
cyclonic,0.5,2.6676816940307617,173228.46759609933,2.21875,0.143589380983763,0.143589380983763,0.0,-8.974646651798261e-06,0.1435804063371112,0.143589380983763,-1.1316592066170448e-06,0.0,True
cyclonic,0.5,2.6676816940307617,178108.14273965143,2.28125,0.14267699111180399,0.14267699111180415,1.6653345369377348e-16,3.344801445851549e-06,0.14268033591325,0.14267699111180399,4.2176316209011623e-07,0.0,True
cyclonic,0.5,2.6676816940307617,182987.8178832035,2.34375,0.140820916664528,0.14082091666452823,2.220446049250313e-16,1.5033770536747446e-05,0.14083595043506497,0.140820916664528,1.895685200561003e-06,0.0,True
cyclonic,0.5,2.6676816940307617,187867.4930267556,2.40625,0.13860661112678155,0.13860661112678177,2.220446049250313e-16,2.5142135602589427e-05,0.13863175326238436,0.13860661112678155,3.1703007742353265e-06,0.0,True
cyclonic,0.5,2.6676816940307617,192747.1681703077,2.46875,0.13699748025703037,0.13699748025703054,1.6653345369377348e-16,3.619960203237609e-05,0.13703367985906292,0.13699748025703037,4.5645934046443105e-06,0.0,True
cyclonic,0.5,3.8562798500061035,2439.837571776047,0.03125,9.83717996927956e-07,9.83717996927956e-07,0.0,-2.7474755982358123e-07,7.089704371043747e-07,9.83717996927956e-07,-7.519412787019462e-08,1.0,False
cyclonic,0.5,3.8562798500061035,7319.512715328141,0.09375,0.0008145897599767035,0.0008145897599767035,0.0,3.2765248112150116e-07,0.000814917412457825,0.0008145897599767035,8.967338082367957e-08,0.0,True
cyclonic,0.5,3.8562798500061035,12199.187858880234,0.15625,0.001430917239300849,0.0014309172393008492,2.168404344971009e-19,2.1764018801494065e-06,0.0014330936411809986,0.001430917239300849,5.956472966601407e-07,0.0,True
cyclonic,0.5,3.8562798500061035,17078.86300243233,0.21875,0.0017220906163716322,0.0017220906163716357,3.469446951953614e-18,5.22126923129811e-07,0.0017226127432947655,0.0017220906163716322,1.4289800661925505e-07,0.0,True
cyclonic,0.5,3.8562798500061035,21958.53814598442,0.28125,0.001690856086744878,0.0016908560867448918,1.3877787807814457e-17,-2.897430515372995e-06,0.0016879586562295187,0.001690856086744878,-7.929816039416609e-07,0.0,True
cyclonic,0.5,3.8562798500061035,26838.213289536514,0.34375,0.0015703437593845727,0.0015703437593845733,6.505213034913027e-19,-7.95687283325482e-06,0.0015623868865513185,0.0015703437593845727,-2.1776721644218526e-06,0.0,True
cyclonic,0.5,3.8562798500061035,31717.88843308861,0.40625,0.001359985914243653,0.001359985914243681,2.7972416050126014e-17,-1.5122022749712477e-05,0.0013448638914939685,0.001359985914243653,-4.138662097774443e-06,0.0,True
cyclonic,0.5,3.8562798500061035,36597.5635766407,0.46874999999999994,0.0009366569023860412,0.0009366569023860625,2.1250362580715887e-17,-2.3438019135034874e-05,0.0009132188832510276,0.0009366569023860412,-6.414620784969082e-06,0.0,True
cyclonic,0.5,3.8562798500061035,41477.2387201928,0.53125,0.000276029477592483,0.0002760294775924762,-6.776263578034403e-18,-3.212955153392681e-05,0.0002438999260585494,0.000276029477592483,-8.793357830021905e-06,0.0,True
cyclonic,0.5,3.8562798500061035,46356.91386374489,0.59375,-0.0006180357146081308,-0.0006180357146080755,5.5294310796760726e-17,-3.9176024574163416e-05,-0.0006572117391822388,-0.0006180357146081308,-1.0721867750771178e-05,0.0,True
cyclonic,0.5,3.8562798500061035,51236.589007296985,0.65625,-0.0016939325508638769,-0.001693932550863822,5.4860629927766524e-17,-4.715983431309471e-05,-0.0017410923851769167,-0.0016939325508638769,-1.2906912126728466e-05,0.0,True
cyclonic,0.5,3.8562798500061035,56116.26415084908,0.71875,-0.002774980729823933,-0.002774980729823921,1.1709383462843448e-17,-5.750647510928844e-05,-0.0028324872049332096,-0.002774980729823933,-1.5738626561446397e-05,0.0,True
cyclonic,0.5,3.8562798500061035,60995.93929440117,0.78125,-0.0036658692701143285,-0.0036658692701143007,2.7755575615628914e-17,-6.961703171108328e-05,-0.003735486301825384,-0.0036658692701143285,-1.905309727878171e-05,0.0,True
cyclonic,0.5,3.8562798500061035,65875.61443795326,0.84375,-0.0044216526901708336,-0.004421652690170754,7.979727989493313e-17,-8.124218052510382e-05,-0.004502894870695858,-0.0044216526901708336,-2.2234719444935976e-05,0.0,True
cyclonic,0.5,3.8562798500061035,70755.28958150536,0.9062500000000001,-0.00497457071328166,-0.004974570713281579,8.066464163292153e-17,-9.26503559980814e-05,-0.00506722106927966,-0.00497457071328166,-2.535695938705417e-05,0.0,True
cyclonic,0.5,3.8562798500061035,75634.96472505745,0.96875,-0.005226040395069563,-0.005226040395069512,5.117434254131581e-17,-0.00010390370981058886,-0.005329944104880101,-0.005226040395069563,-2.843682705208302e-05,0.0,True
cyclonic,0.5,3.8562798500061035,80514.63986860955,1.03125,-0.005342129475087367,-0.005342129475087351,1.6479873021779667e-17,-0.00011527391748088888,-0.00545740339256824,-0.005342129475087367,-3.1548675797965226e-05,0.0,True
cyclonic,0.5,3.8562798500061035,85394.31501216163,1.09375,-0.00516734219499529,-0.0051673421949952475,4.2500725161431774e-17,-0.00012651566757144355,-0.005293857862566691,-0.00516734219499529,-3.462536770502612e-05,0.0,True
cyclonic,0.5,3.8562798500061035,90273.99015571373,1.15625,-0.0052729069475985855,-0.005272906947598567,1.8214596497756474e-17,-0.00013771532264192444,-0.005410622270240492,-0.0052729069475985855,-3.769053886073198e-05,0.0,True
cyclonic,0.5,3.8562798500061035,95153.66529926582,1.21875,-0.0049676252185606095,-0.004967625218560559,5.0306980803327406e-17,-0.00014778531501629302,-0.005115410533576852,-0.0049676252185606095,-4.0446538931256236e-05,0.0,True
cyclonic,0.5,3.8562798500061035,100033.34044281792,1.28125,-0.003844102645785032,-0.00384410264578499,4.206704429243757e-17,-0.00015635412841839472,-0.004000456774203385,-0.003844102645785032,-4.279168969826287e-05,0.0,True
cyclonic,0.5,3.8562798500061035,104913.01558637002,1.34375,-0.0022566401003821313,-0.0022566401003821165,1.474514954580286e-17,-0.00016395359322116752,-0.002420593693603284,-0.0022566401003821313,-4.487154485145028e-05,0.0,True
cyclonic,0.5,3.8562798500061035,109792.6907299221,1.40625,-0.00041114398319989627,-0.00041114398319988635,9.920449878242366e-18,-0.00017143701899188338,-0.0005825810021917698,-0.00041114398319989627,-4.691964192889708e-05,0.0,True
cyclonic,0.5,3.8562798500061035,114672.3658734742,1.46875,0.002521485266657036,0.0025214852666570393,3.469446951953614e-18,-0.0001769455747559544,0.0023445396919010847,0.002521485266657036,-4.842724784455881e-05,0.0,True
cyclonic,0.5,3.8562798500061035,119552.04101702629,1.53125,0.006332262733619961,0.006332262733619962,8.673617379884035e-19,-0.0001774249261368307,0.0061548378074831305,0.006332262733619961,-4.855843885150173e-05,0.0,True
cyclonic,0.5,3.8562798500061035,124431.71616057839,1.59375,0.010340287808933358,0.01034028780893335,-8.673617379884035e-18,-0.00017304652833803304,0.010167241280595317,0.010340287808933358,-4.736013956847708e-05,0.0,True
cyclonic,0.5,3.8562798500061035,129311.39130413048,1.65625,0.01475204465640985,0.014752044656409832,-1.9081958235744878e-17,-0.00016527398829102268,0.01458677066811881,0.01475204465640985,-4.5232916416626744e-05,0.0,True
cyclonic,0.5,3.8562798500061035,134191.06644768256,1.7187499999999998,0.019249574183161866,0.01924957418316186,-6.938893903907228e-18,-0.00015543961146667024,0.01909413457169519,0.019249574183161866,-4.254140065237803e-05,0.0,True
cyclonic,0.5,3.8562798500061035,139070.74159123466,1.78125,0.023667004738001565,0.023667004738001554,-1.0408340855860843e-17,-0.00014281290488316848,0.023524191833118387,0.023667004738001565,-3.9085667724198744e-05,0.0,True
cyclonic,0.5,3.8562798500061035,143950.41673478676,1.84375,0.02825903969756095,0.028259039697560943,-6.938893903907228e-18,-0.00012856705355694965,0.028130472644003993,0.02825903969756095,-3.518680009847238e-05,0.0,True
cyclonic,0.5,3.8562798500061035,148830.09187833886,1.90625,0.031869263802409106,0.03186926380240912,1.3877787807814457e-17,-0.000114152566435982,0.03175511123597314,0.031869263802409106,-3.124177948226275e-05,0.0,True
cyclonic,0.5,3.8562798500061035,153709.76702189096,1.9687500000000002,0.03413120373649241,0.03413120373649242,1.3877787807814457e-17,-9.825505869270024e-05,0.03403294867779972,0.03413120373649241,-2.6890879220097296e-05,0.0,True
cyclonic,0.5,3.8562798500061035,158589.44216544303,2.03125,0.03558594583415361,0.035585945834153566,-4.163336342344337e-17,-8.039714367991727e-05,0.03550554869047365,0.03558594583415361,-2.200344602204267e-05,0.0,True
cyclonic,0.5,3.8562798500061035,163469.11730899513,2.09375,0.03685967296500235,0.03685967296500241,5.551115123125783e-17,-6.3281583401829e-05,0.036796391381600575,0.03685967296500235,-1.7319183752536124e-05,0.0,True
cyclonic,0.5,3.8562798500061035,168348.79245254723,2.15625,0.03905921187935786,0.03905921187935783,-2.7755575615628914e-17,-4.119276035199644e-05,0.039018019119005834,0.03905921187935786,-1.1273816922061897e-05,0.0,True
cyclonic,0.5,3.8562798500061035,173228.46759609933,2.21875,0.040886756062994155,0.04088675606299416,6.938893903907228e-18,-2.013406861432555e-05,0.040866621994379834,0.040886756062994155,-5.510380987205135e-06,0.0,True
cyclonic,0.5,3.8562798500061035,178108.14273965143,2.28125,0.0431559305097464,0.04315593050974634,-6.245004513516506e-17,2.2066537107622245e-07,0.04315615117511741,0.0431559305097464,6.039267515199705e-08,0.0,True
cyclonic,0.5,3.8562798500061035,182987.8178832035,2.34375,0.0448680434993447,0.04486804349934465,-4.85722573273506e-17,1.9095821107938555e-05,0.04488713932045259,0.0448680434993447,5.226228815639702e-06,0.0,True
cyclonic,0.5,3.8562798500061035,187867.4930267556,2.40625,0.04690289118652198,0.04690289118652195,-2.7755575615628914e-17,3.490671862561419e-05,0.046937797905147564,0.04690289118652198,9.553425208030022e-06,0.0,True
cyclonic,0.5,3.8562798500061035,192747.1681703077,2.46875,0.048430084561583174,0.04843008456158318,6.938893903907228e-18,5.24438566433414e-05,0.04848252841822652,0.048430084561583174,1.435306673870996e-05,0.0,True
cyclonic,0.5,5.140361309051514,2439.837571776047,0.03125,6.527419581088199e-07,6.527419581088199e-07,0.0,-2.6069419962967177e-07,3.920477584791481e-07,6.527419581088199e-07,-8.471316448351614e-08,1.0,False
cyclonic,0.5,5.140361309051514,7319.512715328141,0.09375,-0.005931491215400308,-0.0059314912154003075,8.673617379884035e-19,1.9842501331720224e-07,-0.005931292790386991,-0.005931491215400308,6.447865282258792e-08,0.0,True
cyclonic,0.5,5.140361309051514,12199.187858880234,0.15625,-0.011884554985027626,-0.011884554985027617,8.673617379884035e-18,2.6448909730316113e-06,-0.011881910094054586,-0.011884554985027626,8.594632498831101e-07,0.0,True
cyclonic,0.5,5.140361309051514,17078.86300243233,0.21875,-0.0176238564246893,-0.017623856424689298,3.469446951953614e-18,8.042226036506167e-07,-0.017623052202085647,-0.0176238564246893,2.6133393762191733e-07,0.0,True
cyclonic,0.5,5.140361309051514,21958.53814598442,0.28125,-0.023078959769644688,-0.023078959769644667,2.0816681711721685e-17,-4.410662105231517e-06,-0.0230833704317499,-0.023078959769644688,-1.4332545370494e-06,0.0,True
cyclonic,0.5,5.140361309051514,26838.213289536514,0.34375,-0.02824079145091469,-0.028240791450914658,3.122502256758253e-17,-1.1395302700545495e-05,-0.028252186753615204,-0.02824079145091469,-3.7029291537060108e-06,0.0,True
cyclonic,0.5,5.140361309051514,31717.88843308861,0.40625,-0.033136726606522685,-0.03313672660652264,4.163336342344337e-17,-2.0326982078225306e-05,-0.03315705358860087,-0.033136726606522685,-6.605298386739382e-06,0.0,True
cyclonic,0.5,5.140361309051514,36597.5635766407,0.46874999999999994,-0.037799443784805986,-0.037799443784805965,2.0816681711721685e-17,-3.005050491805591e-05,-0.03782949428972402,-0.037799443784805986,-9.764978927617985e-06,0.0,True
cyclonic,0.5,5.140361309051514,41477.2387201928,0.53125,-0.042031576546871695,-0.04203157654687165,4.163336342344337e-17,-4.009696590011025e-05,-0.042071673512771766,-0.042031576546871695,-1.3029598941638158e-05,0.0,True
cyclonic,0.5,5.140361309051514,46356.91386374489,0.59375,-0.04568094535504295,-0.04568094535504288,6.938893903907228e-17,-4.8667837290661825e-05,-0.04572961319233354,-0.04568094535504295,-1.5814722810547663e-05,0.0,True
cyclonic,0.5,5.140361309051514,51236.589007296985,0.65625,-0.04866296465286804,-0.04866296465286798,6.245004513516506e-17,-5.8457665730003005e-05,-0.04872142231859798,-0.04866296465286804,-1.8995949504603042e-05,0.0,True
cyclonic,0.5,5.140361309051514,56116.26415084908,0.71875,-0.05091142626144898,-0.05091142626144893,5.551115123125783e-17,-7.020041304606793e-05,-0.050981626674495,-0.05091142626144898,-2.2811781564876286e-05,0.0,True
cyclonic,0.5,5.140361309051514,60995.93929440117,0.78125,-0.052464242282593554,-0.05246424228259352,3.469446951953614e-17,-8.398340341676657e-05,-0.05254822568601029,-0.052464242282593554,-2.729059517870561e-05,0.0,True
cyclonic,0.5,5.140361309051514,65875.61443795326,0.84375,-0.05338088888003935,-0.05338088888003926,9.020562075079397e-17,-9.740693733894703e-05,-0.0534782958173782,-0.05338088888003935,-3.1652602613911714e-05,0.0,True
cyclonic,0.5,5.140361309051514,70755.28958150536,0.9062500000000001,-0.053753110664802504,-0.05375311066480242,8.326672684688674e-17,-0.00011111566943633968,-0.05386422633423876,-0.053753110664802504,-3.61072858353895e-05,0.0,True
cyclonic,0.5,5.140361309051514,75634.96472505745,0.96875,-0.05360806140023266,-0.053608061400232575,8.326672684688674e-17,-0.00012431704707155275,-0.05373237844730413,-0.05360806140023266,-4.039710308720967e-05,0.0,True
cyclonic,0.5,5.140361309051514,80514.63986860955,1.03125,-0.05301429610315647,-0.05301429610315642,4.85722573273506e-17,-0.00013719299685093015,-0.05315148910000735,-0.05301429610315647,-4.458117182786969e-05,0.0,True
cyclonic,0.5,5.140361309051514,85394.31501216163,1.09375,-0.05191550191109051,-0.051915501911090414,9.71445146547012e-17,-0.00014947974148061226,-0.05206498165257103,-0.05191550191109051,-4.857377703450563e-05,0.0,True
cyclonic,0.5,5.140361309051514,90273.99015571373,1.15625,-0.05034950533782552,-0.05034950533782547,4.85722573273506e-17,-0.0001611184533486555,-0.050510623791174124,-0.05034950533782552,-5.2355802542761626e-05,0.0,True
cyclonic,0.5,5.140361309051514,95153.66529926582,1.21875,-0.04846920583116516,-0.04846920583116509,6.938893903907228e-17,-0.00017186365088689594,-0.048641069482051984,-0.04846920583116516,-5.5847478566846175e-05,0.0,True
cyclonic,0.5,5.140361309051514,100033.34044281792,1.28125,-0.04637366433099814,-0.04637366433099808,6.245004513516506e-17,-0.00018126125682491775,-0.046554925587822996,-0.04637366433099814,-5.890125167997952e-05,0.0,True
cyclonic,0.5,5.140361309051514,104913.01558637002,1.34375,-0.043734214338228314,-0.043734214338228244,6.938893903907228e-17,-0.00018962344093309875,-0.04392383777916134,-0.043734214338228314,-6.161856214873593e-05,0.0,True
cyclonic,0.5,5.140361309051514,109792.6907299221,1.40625,-0.040767951516482145,-0.04076795151648212,2.7755575615628914e-17,-0.00019701420012922598,-0.040964965716611346,-0.040767951516482145,-6.40202059149915e-05,0.0,True
cyclonic,0.5,5.140361309051514,114672.3658734742,1.46875,-0.03763934819421203,-0.037639348194212066,-3.469446951953614e-17,-0.00020248149254587758,-0.03784182968675794,-0.03763934819421203,-6.579681484004322e-05,0.0,True
cyclonic,0.5,5.140361309051514,119552.04101702629,1.53125,-0.03419145596945875,-0.03419145596945878,-2.7755575615628914e-17,-0.00020185567645650447,-0.03439331164591528,-0.03419145596945875,-6.559345449911195e-05,0.0,True
cyclonic,0.5,5.140361309051514,124431.71616057839,1.59375,-0.030297996795858168,-0.03029799679585818,-1.0408340855860843e-17,-0.00019625289609156809,-0.030494249691949745,-0.030297996795858168,-6.377281846158559e-05,0.0,True
cyclonic,0.5,5.140361309051514,129311.39130413048,1.65625,-0.026576031618822427,-0.026576031618822427,0.0,-0.0001880085990049934,-0.026764040217827422,-0.026576031618822427,-6.109381564472935e-05,0.0,True
cyclonic,0.5,5.140361309051514,134191.06644768256,1.7187499999999998,-0.02298019120476888,-0.02298019120476896,-7.979727989493313e-17,-0.00017697195564777253,-0.023157163160416733,-0.02298019120476888,-5.7507433648527294e-05,0.0,True
cyclonic,0.5,5.140361309051514,139070.74159123466,1.78125,-0.019469538806146637,-0.019469538806146693,-5.551115123125783e-17,-0.00016307935778993494,-0.01963261816393663,-0.019469538806146637,-5.299300283608053e-05,0.0,True
cyclonic,0.5,5.140361309051514,143950.41673478676,1.84375,-0.016601429758732522,-0.016601429758732623,-1.0061396160665481e-16,-0.000147100597498081,-0.016748530356230702,-0.016601429758732522,-4.780066886482468e-05,0.0,True
cyclonic,0.5,5.140361309051514,148830.09187833886,1.90625,-0.014722872057556118,-0.01472287205755616,-4.163336342344337e-17,-0.00013121150388359593,-0.014854083561439755,-0.014722872057556118,-4.263747228135662e-05,0.0,True
cyclonic,0.5,5.140361309051514,153709.76702189096,1.9687500000000002,-0.012458470175944515,-0.012458470175944616,-1.0061396160665481e-16,-0.00011345412160907706,-0.012571924297553693,-0.012458470175944515,-3.686717111027228e-05,0.0,True
cyclonic,0.5,5.140361309051514,158589.44216544303,2.03125,-0.010805101627036087,-0.010805101627036238,-1.5092094240998222e-16,-9.411428783057831e-05,-0.010899215914866816,-0.010805101627036087,-3.058264877610005e-05,0.0,True
cyclonic,0.5,5.140361309051514,163469.11730899513,2.09375,-0.0094340543016906,-0.009434054301690763,-1.6306400674181987e-16,-7.435096825116871e-05,-0.009508405269941933,-0.0094340543016906,-2.416051378173071e-05,0.0,True
cyclonic,0.5,5.140361309051514,168348.79245254723,2.15625,-0.007239724538006143,-0.0072397245380062735,-1.3097162243624894e-16,-5.081509790171184e-05,-0.0072905396359079855,-0.007239724538006143,-1.651247995892785e-05,0.0,True
cyclonic,0.5,5.140361309051514,173228.46759609933,2.21875,-0.005051507283688599,-0.005051507283688735,-1.3617579286417936e-16,-2.83255154600442e-05,-0.0050798327991487795,-0.005051507283688599,-9.204439736886236e-06,0.0,True
cyclonic,0.5,5.140361309051514,178108.14273965143,2.28125,-0.002687433863889678,-0.0026874338638898957,-2.177077962350893e-16,-6.666342240227102e-06,-0.002694100206130123,-0.002687433863889678,-2.166242852744675e-06,0.0,True
cyclonic,0.5,5.140361309051514,182987.8178832035,2.34375,-0.0004638632541245362,-0.0004638632541247226,-1.863743534502582e-16,1.394635185925102e-05,-0.00044991690226547156,-0.0004638632541245362,4.531898295689021e-06,0.0,True
cyclonic,0.5,5.140361309051514,187867.4930267556,2.40625,0.0021149786071206237,0.0021149786071204203,-2.0339632755828063e-16,3.116139201264437e-05,0.0021461399991330645,0.0021149786071206237,1.012596417892074e-05,0.0,True
cyclonic,0.5,5.140361309051514,192747.1681703077,2.46875,0.004365212413707642,0.004365212413707379,-2.6281060661048627e-16,4.980068472639515e-05,0.004415013098433775,0.004365212413707642,1.6182844123926833e-05,0.0,True
cyclonic,0.5,6.543033599853516,2439.837571776047,0.03125,3.538985235424351e-06,3.5389852354243527e-06,1.6940658945086007e-21,-3.6420848585302937e-07,3.174776749571323e-06,3.538985235424351e-06,-1.9300448353343696e-08,0.0,True
cyclonic,0.5,6.543033599853516,7319.512715328141,0.09375,-0.010514148363271286,-0.010514148363271284,1.734723475976807e-18,3.6199884792468685e-06,-0.010510528374792038,-0.010514148363271286,1.9183353325709512e-07,0.0,True
cyclonic,0.5,6.543033599853516,12199.187858880234,0.15625,-0.020756875835178615,-0.020756875835178604,1.0408340855860843e-17,8.350188759614426e-06,-0.02074852564641899,-0.020756875835178615,4.425003621707041e-07,0.0,True
cyclonic,0.5,6.543033599853516,17078.86300243233,0.21875,-0.030393112831610905,-0.030393112831610905,0.0,3.3471501326423676e-06,-0.030389765681478262,-0.030393112831610905,1.773750496632317e-07,0.0,True
cyclonic,0.5,6.543033599853516,21958.53814598442,0.28125,-0.039236045523979,-0.039236045523978996,6.938893903907228e-18,-1.3507167725687397e-05,-0.03924955269170469,-0.039236045523979,-7.157834131156942e-07,0.0,True
cyclonic,0.5,6.543033599853516,26838.213289536514,0.34375,-0.04729522816927208,-0.04729522816927206,1.3877787807814457e-17,-3.475011430300854e-05,-0.047329978283575075,-0.04729522816927208,-1.8415078517655787e-06,0.0,True
cyclonic,0.5,6.543033599853516,31717.88843308861,0.40625,-0.054542651183879264,-0.05454265118387924,2.0816681711721685e-17,-6.000120073162596e-05,-0.054602652384610866,-0.054542651183879264,-3.1796350739797635e-06,0.0,True
cyclonic,0.5,6.543033599853516,36597.5635766407,0.46874999999999994,-0.06096604021315983,-0.06096604021315982,6.938893903907228e-18,-8.686763061273204e-05,-0.061052907843772555,-0.06096604021315983,-4.6033639614177785e-06,0.0,True
cyclonic,0.5,6.543033599853516,41477.2387201928,0.53125,-0.0662506372202336,-0.06625063722023358,1.3877787807814457e-17,-0.00011144135045583562,-0.06636207857068942,-0.0662506372202336,-5.905595592760788e-06,0.0,True
cyclonic,0.5,6.543033599853516,46356.91386374489,0.59375,-0.07014906777937811,-0.07014906777937809,2.7755575615628914e-17,-0.0001344937539186712,-0.07028356153329676,-0.07014906777937811,-7.12720832210955e-06,0.0,True
cyclonic,0.5,6.543033599853516,51236.589007296985,0.65625,-0.0726404853340116,-0.07264048533401159,1.3877787807814457e-17,-0.00016308501004703687,-0.07280357034405863,-0.0726404853340116,-8.642340680902044e-06,0.0,True
cyclonic,0.5,6.543033599853516,56116.26415084908,0.71875,-0.07379208204061286,-0.07379208204061281,4.163336342344337e-17,-0.00019727684822018504,-0.073989358888833,-0.07379208204061286,-1.0454263885330156e-05,0.0,True
cyclonic,0.5,6.543033599853516,60995.93929440117,0.78125,-0.07380841912098422,-0.07380841912098415,6.938893903907228e-17,-0.00023593166732487807,-0.07404435078830904,-0.07380841912098422,-1.2502693201826175e-05,0.0,True
cyclonic,0.5,6.543033599853516,65875.61443795326,0.84375,-0.07276873529889434,-0.07276873529889435,-1.3877787807814457e-17,-0.00027283502363338087,-0.07304157032252774,-0.07276873529889434,-1.4458307500128706e-05,0.0,True
cyclonic,0.5,6.543033599853516,70755.28958150536,0.9062500000000001,-0.07071455391902899,-0.07071455391902888,1.1102230246251565e-16,-0.0003095337956534199,-0.0710240877146823,-0.07071455391902899,-1.640308029240714e-05,0.0,True
cyclonic,0.5,6.543033599853516,75634.96472505745,0.96875,-0.06776689180974413,-0.06776689180974406,6.938893903907228e-17,-0.0003452353701452607,-0.06811212717988932,-0.06776689180974413,-1.8295008738277795e-05,0.0,True
cyclonic,0.5,6.543033599853516,80514.63986860955,1.03125,-0.06409560776205202,-0.0640956077620519,1.1102230246251565e-16,-0.00038004107493952167,-0.06447564883699143,-0.06409560776205202,-2.0139462489018906e-05,0.0,True
cyclonic,0.5,6.543033599853516,85394.31501216163,1.09375,-0.05981571068052098,-0.05981571068052097,1.3877787807814457e-17,-0.00041460479328788775,-0.06023031547380885,-0.05981571068052098,-2.1971092686540863e-05,0.0,True
cyclonic,0.5,6.543033599853516,90273.99015571373,1.15625,-0.05530700502783481,-0.055307005027834706,1.0408340855860843e-16,-0.00044695704547382414,-0.05575396207330853,-0.05530700502783481,-2.368553097308037e-05,0.0,True
cyclonic,0.5,6.543033599853516,95153.66529926582,1.21875,-0.050571944431181064,-0.05057194443118099,7.632783294297951e-17,-0.000476031771767712,-0.0510479762029487,-0.050571944431181064,-2.5226283797409762e-05,0.0,True
cyclonic,0.5,6.543033599853516,100033.34044281792,1.28125,-0.045813017579949954,-0.045813017579949905,4.85722573273506e-17,-0.0005011488091972414,-0.04631416638914715,-0.045813017579949954,-2.655730738013116e-05,0.0,True
cyclonic,0.5,6.543033599853516,104913.01558637002,1.34375,-0.040482031476925584,-0.04048203147692556,2.0816681711721685e-17,-0.0005208166953095016,-0.04100284817223507,-0.040482031476925584,-2.7599564864165463e-05,0.0,True
cyclonic,0.5,6.543033599853516,109792.6907299221,1.40625,-0.03486507893344245,-0.03486507893344238,6.938893903907228e-17,-0.0005377273783928437,-0.035402806311835226,-0.03486507893344245,-2.849571028127559e-05,0.0,True
cyclonic,0.5,6.543033599853516,114672.3658734742,1.46875,-0.0295366743616813,-0.02953667436168121,8.673617379884035e-17,-0.0005505455176426078,-0.03008721987932382,-0.0295366743616813,-2.917498010662466e-05,0.0,True
cyclonic,0.5,6.543033599853516,119552.04101702629,1.53125,-0.024228635665847837,-0.024228635665847768,6.938893903907228e-17,-0.0005501542998638958,-0.024778789965711662,-0.024228635665847837,-2.9154248358666466e-05,0.0,True
cyclonic,0.5,6.543033599853516,124431.71616057839,1.59375,-0.019088384419782042,-0.019088384419782015,2.7755575615628914e-17,-0.000537374563571423,-0.019625758983353437,-0.019088384419782042,-2.8477013615756724e-05,0.0,True
cyclonic,0.5,6.543033599853516,129311.39130413048,1.65625,-0.014579412319020468,-0.014579412319020425,4.336808689942018e-17,-0.000517164532811626,-0.01509657685183205,-0.014579412319020468,-2.7406026337727306e-05,0.0,True
cyclonic,0.5,6.543033599853516,134191.06644768256,1.7187499999999998,-0.010453591518879575,-0.01045359151887953,4.5102810375396984e-17,-0.0004909479574533638,-0.010944539476332893,-0.010453591518879575,-2.6016735098346722e-05,0.0,True
cyclonic,0.5,6.543033599853516,139070.74159123466,1.78125,-0.006818841671185932,-0.006818841671185898,3.469446951953614e-17,-0.000453626343423593,-0.0072724680146094905,-0.006818841671185932,-2.4038956128266126e-05,0.0,True
cyclonic,0.5,6.543033599853516,143950.41673478676,1.84375,-0.0037734357902646396,-0.003773435790264602,3.7730235602495554e-17,-0.0004103434319222626,-0.004183779222186865,-0.0037734357902646396,-2.1745270971378053e-05,0.0,True
cyclonic,0.5,6.543033599853516,148830.09187833886,1.90625,-0.0016176109606671314,-0.0016176109606671032,2.8189256484623115e-17,-0.0003671858157086808,-0.001984796776375784,-0.0016176109606671314,-1.945822556980607e-05,0.0,True
cyclonic,0.5,6.543033599853516,153709.76702189096,1.9687500000000002,0.0008170124009239367,0.0008170124009239566,1.984089975648473e-17,-0.0003245776261655258,0.0004924347747584307,0.0008170124009239367,-1.7200295857429763e-05,0.0,True
cyclonic,0.5,6.543033599853516,158589.44216544303,2.03125,0.0023169740441391956,0.0023169740441392767,8.109832250191573e-17,-0.0002755476827053543,0.0020414263614339226,0.0023169740441391956,-1.4602059055494658e-05,0.0,True
cyclonic,0.5,6.543033599853516,163469.11730899513,2.09375,0.003490517262815595,0.003490517262815645,4.9873299934333204e-17,-0.00022250501536016403,0.003268012247455481,0.003490517262815595,-1.1791176548949899e-05,0.0,True
cyclonic,0.5,6.543033599853516,168348.79245254723,2.15625,0.005009246022963095,0.005009246022963154,5.898059818321144e-17,-0.00016237139706934547,0.004846874625893808,0.005009246022963095,-8.604524290139072e-06,0.0,True
cyclonic,0.5,6.543033599853516,173228.46759609933,2.21875,0.00641519881442334,0.006415198814423326,-1.3877787807814457e-17,-0.00010317632666046767,0.006312022487762858,0.00641519881442334,-5.467608365395561e-06,0.0,True
cyclonic,0.5,6.543033599853516,178108.14273965143,2.28125,0.007756691386066105,0.00775669138606615,4.5102810375396984e-17,-4.92398762786582e-05,0.0077074515097874914,0.007756691386066105,-2.609361741847979e-06,0.0,True
cyclonic,0.5,6.543033599853516,182987.8178832035,2.34375,0.008816644072992874,0.008816644072992944,6.938893903907228e-17,3.51284542697646e-06,0.008820156918419919,0.008816644072992874,1.8615571676712157e-07,0.0,True
cyclonic,0.5,6.543033599853516,187867.4930267556,2.40625,0.009910650679768483,0.009910650679768516,3.2959746043559335e-17,4.719682281267235e-05,0.009957847502581187,0.009910650679768483,2.501094500871909e-06,0.0,True
cyclonic,0.5,6.543033599853516,192747.1681703077,2.46875,0.010758301321208044,0.010758301321208025,-1.9081958235744878e-17,9.338626530313362e-05,0.010851687586511158,0.010758301321208044,4.948805039985014e-06,0.0,True
cyclonic,0.5,8.09251880645752,2439.837571776047,0.03125,5.707411365486698e-06,5.707411365486698e-06,0.0,-3.601778056679995e-08,5.671393584919898e-06,5.707411365486698e-06,-4.079393197123662e-08,1.0,False
cyclonic,0.5,8.09251880645752,7319.512715328141,0.09375,-0.0002270053647483961,-0.00022700536474839697,-8.673617379884035e-19,2.589745046291259e-06,-0.0002244156197021057,-0.0002270053647483961,2.9331591669097367e-06,0.0,True
cyclonic,0.5,8.09251880645752,12199.187858880234,0.15625,-0.00036093398776638395,-0.0003609339877663866,-2.656295322589486e-18,5.699560493451129e-06,-0.00035523442727293546,-0.00036093398776638395,6.45535286674802e-06,0.0,True
cyclonic,0.5,8.09251880645752,17078.86300243233,0.21875,-0.0004345573368605587,-0.00043455733686055954,-8.673617379884035e-19,3.698789916749893e-06,-0.00043085854694380963,-0.0004345573368605587,4.189269351562295e-06,0.0,True
cyclonic,0.5,8.09251880645752,21958.53814598442,0.28125,-0.0004182148099330267,-0.0004182148099330302,-3.469446951953614e-18,-4.918218533424516e-06,-0.0004231330284664547,-0.0004182148099330267,-5.5704007608156845e-06,0.0,True
cyclonic,0.5,8.09251880645752,26838.213289536514,0.34375,-0.00037829078188303996,-0.00037829078188304343,-3.469446951953614e-18,-1.596321761680739e-05,-0.00039425399949985084,-0.00037829078188303996,-1.8080026121941124e-05,0.0,True
cyclonic,0.5,8.09251880645752,31717.88843308861,0.40625,-0.00026210156479425595,-0.00026210156479426636,-1.0408340855860843e-17,-2.7301773362902924e-05,-0.0002894033381571693,-0.00026210156479425595,-3.092213533798354e-05,0.0,True
cyclonic,0.5,8.09251880645752,36597.5635766407,0.46874999999999994,2.0947100356575868e-05,2.094710035657588e-05,1.3552527156068805e-20,-3.8500714113996724e-05,-1.7553613757420842e-05,2.0947100356575868e-05,-4.360611585984665e-05,0.0,True
cyclonic,0.5,8.09251880645752,41477.2387201928,0.53125,0.00047689155423261646,0.00047689155423261484,-1.6263032587282567e-18,-4.929671002618339e-05,0.00042759484420643143,0.00047689155423261646,-5.5833718890152416e-05,0.0,True
cyclonic,0.5,8.09251880645752,46356.91386374489,0.59375,0.0010479802850917308,0.0010479802850917087,-2.211772431870429e-17,-6.126460789058925e-05,0.0009867156772011194,0.0010479802850917308,-6.938862437395406e-05,0.0,True
cyclonic,0.5,8.09251880645752,51236.589007296985,0.65625,0.0016399477987897794,0.00163994779878976,-1.951563910473908e-17,-7.585310271650707e-05,0.0015640946960732529,0.0016399477987897794,-8.591163206976398e-05,0.0,True
cyclonic,0.5,8.09251880645752,56116.26415084908,0.71875,0.0023716798776315085,0.0023716798776315024,-6.071532165918825e-18,-9.098859182487303e-05,0.0022806912858066293,0.0023716798776315085,-0.00010305416843157432,0.0,True
cyclonic,0.5,8.09251880645752,60995.93929440117,0.78125,0.003308754601231111,0.0033087546012310915,-1.951563910473908e-17,-0.00010782798987384418,0.003200926611357247,0.003308754601231111,-0.00012212656122302545,0.0,True
cyclonic,0.5,8.09251880645752,65875.61443795326,0.84375,0.004403427928146013,0.004403427928146007,-6.071532165918825e-18,-0.00012526151242483495,0.004278166415721172,0.004403427928146013,-0.00014187186262062688,0.0,True
cyclonic,0.5,8.09251880645752,70755.28958150536,0.9062500000000001,0.005651661874541265,0.00565166187454125,-1.474514954580286e-17,-0.0001433122335240871,0.005508349641017163,0.005651661874541265,-0.00016231620641324278,0.0,True
cyclonic,0.5,8.09251880645752,75634.96472505745,0.96875,0.007027823723787147,0.007027823723787144,-3.469446951953614e-18,-0.00016032394988722967,0.006867499773899914,0.007027823723787147,-0.0001815837678540411,0.0,True
cyclonic,0.5,8.09251880645752,80514.63986860955,1.03125,0.008482298069814953,0.00848229806981496,6.938893903907228e-18,-0.00017672391750463644,0.008305574152310324,0.008482298069814953,-0.00020015845937547416,0.0,True
cyclonic,0.5,8.09251880645752,85394.31501216163,1.09375,0.009887222357567338,0.009887222357567333,-5.204170427930421e-18,-0.00019323507535504552,0.009693987282212288,0.009887222357567338,-0.00021885908555277947,0.0,True
cyclonic,0.5,8.09251880645752,90273.99015571373,1.15625,0.011094041410044907,0.011094041410044919,1.214306433183765e-17,-0.00020747927351036228,0.010886562136534557,0.011094041410044907,-0.00023499214098786152,0.0,True
cyclonic,0.5,8.09251880645752,95153.66529926582,1.21875,0.012458072246693553,0.012458072246693585,3.122502256758253e-17,-0.0002215925471878493,0.012236479699505736,0.012458072246693553,-0.00025097691065525035,0.0,True
cyclonic,0.5,8.09251880645752,100033.34044281792,1.28125,0.013845863669688607,0.013845863669688629,2.2551405187698492e-17,-0.00023325568220889487,0.013612607987479734,0.013845863669688607,-0.0002641866401036674,0.0,True
cyclonic,0.5,8.09251880645752,104913.01558637002,1.34375,0.015493913983126379,0.015493913983126413,3.469446951953614e-17,-0.00024259410071340363,0.01525131988241301,0.015493913983126379,-0.0002747633831232808,0.0,True
cyclonic,0.5,8.09251880645752,109792.6907299221,1.40625,0.017304777542294775,0.017304777542294824,4.85722573273506e-17,-0.000250233905583262,0.01705454363671156,0.017304777542294775,-0.0002834162672052556,0.0,True
cyclonic,0.5,8.09251880645752,114672.3658734742,1.46875,0.019202336618204672,0.019202336618204762,9.020562075079397e-17,-0.000256199788209934,0.01894613682999483,0.019202336618204672,-0.0002901732579523526,0.0,True
cyclonic,0.5,8.09251880645752,119552.04101702629,1.53125,0.021008993125457193,0.02100899312545727,7.632783294297951e-17,-0.0002565953518816987,0.02075239777357557,0.021008993125457193,-0.00029062127549430903,0.0,True
cyclonic,0.5,8.09251880645752,124431.71616057839,1.59375,0.022559153267422045,0.022559153267422083,3.8163916471489756e-17,-0.0002511601641161089,0.022307993103305973,0.022559153267422045,-0.00028446535260091604,0.0,True
cyclonic,0.5,8.09251880645752,129311.39130413048,1.65625,0.023859705614962663,0.023859705614962708,4.5102810375396984e-17,-0.0002422971021828675,0.02361740851277984,0.023859705614962663,-0.00027442700099035677,0.0,True
cyclonic,0.5,8.09251880645752,134191.06644768256,1.7187499999999998,0.02483964738234931,0.024839647382349415,1.0408340855860843e-16,-0.00023065243132974143,0.024608994951019675,0.02483964738234931,-0.00026123818415782447,0.0,True
cyclonic,0.5,8.09251880645752,139070.74159123466,1.78125,0.025747025883948706,0.02574702588394878,7.28583859910259e-17,-0.00021339144300801577,0.025533634440940763,0.025747025883948706,-0.00024168829595616655,0.0,True
cyclonic,0.5,8.09251880645752,143950.41673478676,1.84375,0.02641325788394837,0.02641325788394845,8.326672684688674e-17,-0.0001950496107066554,0.026218208273241797,0.02641325788394837,-0.0002209142380504658,0.0,True
cyclonic,0.5,8.09251880645752,148830.09187833886,1.90625,0.026885433275080993,0.026885433275081045,5.204170427930421e-17,-0.00017477863423719157,0.026710654640843854,0.026885433275080993,-0.00019795522108515933,0.0,True
cyclonic,0.5,8.09251880645752,153709.76702189096,1.9687500000000002,0.02669655239370744,0.02669655239370751,6.938893903907228e-17,-0.0001554006758757765,0.026541151717831734,0.02669655239370744,-0.00017600764123162213,0.0,True
cyclonic,0.5,8.09251880645752,158589.44216544303,2.03125,0.026414398687246904,0.02641439868724705,1.457167719820518e-16,-0.00013314800368660954,0.02628125068356044,0.026414398687246904,-0.00015080414503674934,0.0,True
cyclonic,0.5,8.09251880645752,163469.11730899513,2.09375,0.025979497836189528,0.02597949783618968,1.5265566588595902e-16,-0.00010938088874307615,0.025870116947446606,0.025979497836189528,-0.0001238853828337066,0.0,True
cyclonic,0.5,8.09251880645752,168348.79245254723,2.15625,0.025795425987346462,0.02579542598734659,1.2836953722228372e-16,-8.298969722011743e-05,0.025712436290126473,0.025795425987346462,-9.39945773846937e-05,0.0,True
cyclonic,0.5,8.09251880645752,173228.46759609933,2.21875,0.025201451521057638,0.025201451521057735,9.71445146547012e-17,-5.684311893994111e-05,0.025144608402117793,0.025201451521057638,-6.438082220997025e-05,0.0,True
cyclonic,0.5,8.09251880645752,178108.14273965143,2.28125,0.02464565682870122,0.02464565682870141,1.9081958235744878e-16,-3.3656902724630654e-05,0.02461199992597678,0.02464565682870122,-3.8119989030548336e-05,0.0,True
cyclonic,0.5,8.09251880645752,182987.8178832035,2.34375,0.02369603557505781,0.023696035575057933,1.214306433183765e-16,-1.19702354138936e-05,0.02368406533964404,0.02369603557505781,-1.3557553004922639e-05,0.0,True
cyclonic,0.5,8.09251880645752,187867.4930267556,2.40625,0.0228184609144727,0.022818460914472868,1.6653345369377348e-16,7.734419210770187e-06,0.022826195333683637,0.0228184609144727,8.760044793321288e-06,0.0,True
cyclonic,0.5,8.09251880645752,192747.1681703077,2.46875,0.021816203064332452,0.02181620306433261,1.5959455978986625e-16,2.9329168213708608e-05,0.02184553223254632,0.021816203064332452,3.321837364920358e-05,0.0,True
cyclonic,0.5,9.822750091552734,2439.837571776047,0.03125,6.172131741638083e-06,6.172131741638083e-06,0.0,-8.228416026794655e-08,6.089847581370137e-06,6.172131741638083e-06,-4.603958203995012e-08,0.0,True
cyclonic,0.5,9.822750091552734,7319.512715328141,0.09375,0.0017457486208235866,0.0017457486208235866,0.0,7.292636259680815e-06,0.0017530412570832675,0.0017457486208235866,4.080371292260485e-06,0.0,True
cyclonic,0.5,9.822750091552734,12199.187858880234,0.15625,0.0035043415023296577,0.0035043415023296586,8.673617379884035e-19,1.5984723297583287e-05,0.003520326225627242,0.0035043415023296577,8.943762411240967e-06,0.0,True
cyclonic,0.5,9.822750091552734,17078.86300243233,0.21875,0.005210177935320016,0.005210177935320016,0.0,1.0355506340844742e-05,0.00522053344166086,0.005210177935320016,5.794106450038918e-06,0.0,True
cyclonic,0.5,9.822750091552734,21958.53814598442,0.28125,0.00678571665324636,0.0067857166532463604,8.673617379884035e-19,-1.3704011372544192e-05,0.006772012641873816,0.00678571665324636,-7.667659897216364e-06,0.0,True
cyclonic,0.5,9.822750091552734,26838.213289536514,0.34375,0.008208498956889443,0.008208498956889444,1.734723475976807e-18,-4.3065608083382105e-05,0.008165433348806062,0.008208498956889443,-2.4096042178698283e-05,0.0,True
cyclonic,0.5,9.822750091552734,31717.88843308861,0.40625,0.009552318329652788,0.00955231832965279,1.734723475976807e-18,-7.282451300355167e-05,0.009479493816649238,0.009552318329652788,-4.0746726101700344e-05,0.0,True
cyclonic,0.5,9.822750091552734,36597.5635766407,0.46874999999999994,0.010917414484623193,0.010917414484623193,0.0,-0.00010206084480927369,0.010815353639813919,0.010917414484623193,-5.710502024158818e-05,0.0,True
cyclonic,0.5,9.822750091552734,41477.2387201928,0.53125,0.012251045514603912,0.012251045514603912,0.0,-0.00012975543919375724,0.012121290075410155,0.012251045514603912,-7.260068242098653e-05,0.0,True
cyclonic,0.5,9.822750091552734,46356.91386374489,0.59375,0.013427921486239064,0.013427921486239067,3.469446951953614e-18,-0.00016230292893568423,0.013265618557303382,0.013427921486239064,-9.081163358447074e-05,0.0,True
cyclonic,0.5,9.822750091552734,51236.589007296985,0.65625,0.014323371576179456,0.014323371576179463,6.938893903907228e-18,-0.0002037058671723172,0.014119665709007146,0.014323371576179456,-0.00011397737976737241,0.0,True
cyclonic,0.5,9.822750091552734,56116.26415084908,0.71875,0.015062670789752647,0.015062670789752644,-3.469446951953614e-18,-0.0002467825442982637,0.01481588824545438,0.015062670789752647,-0.00013807961528986356,0.0,True
cyclonic,0.5,9.822750091552734,60995.93929440117,0.78125,0.0157852622084989,0.015785262208498907,6.938893903907228e-18,-0.0002926843913665697,0.015492577817132338,0.0157852622084989,-0.00016376258813670134,0.0,True
cyclonic,0.5,9.822750091552734,65875.61443795326,0.84375,0.01653370217931229,0.016533702179312288,-3.469446951953614e-18,-0.0003397549272819411,0.016193947252030348,0.01653370217931229,-0.00019009946503844384,0.0,True
cyclonic,0.5,9.822750091552734,70755.28958150536,0.9062500000000001,0.017230633078138744,0.01723063307813874,-3.469446951953614e-18,-0.0003891870322808504,0.01684144604585789,0.017230633078138744,-0.00021775768560111094,0.0,True
cyclonic,0.5,9.822750091552734,75634.96472505745,0.96875,0.01783951771187018,0.01783951771187017,-1.0408340855860843e-17,-0.00043727032517394535,0.017402247386696223,0.01783951771187018,-0.0002446612196554646,0.0,True
cyclonic,0.5,9.822750091552734,80514.63986860955,1.03125,0.018331073435978847,0.018331073435978843,-3.469446951953614e-18,-0.0004842327037957129,0.01784684073218313,0.018331073435978847,-0.0002709375804557378,0.0,True
cyclonic,0.5,9.822750091552734,85394.31501216163,1.09375,0.01858876541045992,0.018588765410459934,1.3877787807814457e-17,-0.0005305846174068718,0.01805818079305306,0.01858876541045992,-0.0002968723742539669,0.0,True
cyclonic,0.5,9.822750091552734,90273.99015571373,1.15625,0.018756517736533314,0.018756517736533314,0.0,-0.0005701385891705294,0.018186379147362784,0.018756517736533314,-0.00031900358786894216,0.0,True
cyclonic,0.5,9.822750091552734,95153.66529926582,1.21875,0.01892790473128436,0.018927904731284338,-2.0816681711721685e-17,-0.0006091968432364083,0.01831870788804793,0.01892790473128436,-0.00034085743782679047,0.0,True
cyclonic,0.5,9.822750091552734,100033.34044281792,1.28125,0.019124031433215456,0.019124031433215453,-3.469446951953614e-18,-0.0006424357786292974,0.018481595654586156,0.019124031433215456,-0.0003594552662297091,0.0,True
cyclonic,0.5,9.822750091552734,104913.01558637002,1.34375,0.019314405504224197,0.019314405504224162,-3.469446951953614e-17,-0.0006691337306803711,0.01864527177354379,0.019314405504224197,-0.00037439328771223337,0.0,True
cyclonic,0.5,9.822750091552734,109792.6907299221,1.40625,0.019579299281721307,0.01957929928172132,1.3877787807814457e-17,-0.0006911213304831096,0.018888177951238212,0.019579299281721307,-0.0003866957758421889,0.0,True
cyclonic,0.5,9.822750091552734,114672.3658734742,1.46875,0.01984841596346808,0.019848415963468043,-3.8163916471489756e-17,-0.0007074853145688828,0.01914093064889916,0.01984841596346808,-0.0003958517420131273,0.0,True
cyclonic,0.5,9.822750091552734,119552.04101702629,1.53125,0.020134937065221202,0.020134937065221212,1.0408340855860843e-17,-0.0007083438878043842,0.019426593177416827,0.020134937065221202,-0.0003963321303744408,0.0,True
cyclonic,0.5,9.822750091552734,124431.71616057839,1.59375,0.020382347698614994,0.02038234769861502,2.42861286636753e-17,-0.00069434808877294,0.019687999609842077,0.020382347698614994,-0.00038850120962827814,0.0,True
cyclonic,0.5,9.822750091552734,129311.39130413048,1.65625,0.02052300449076158,0.02052300449076154,-4.163336342344337e-17,-0.000671414022741565,0.019851590468019976,0.02052300449076158,-0.00037566915530430113,0.0,True
cyclonic,0.5,9.822750091552734,134191.06644768256,1.7187499999999998,0.02056880082303232,0.020568800823032283,-3.8163916471489756e-17,-0.0006417537189681781,0.019927047104064104,0.02056880082303232,-0.0003590736406334583,0.0,True
cyclonic,0.5,9.822750091552734,139070.74159123466,1.78125,0.020542456652950552,0.020542456652950597,4.5102810375396984e-17,-0.0005971101786446407,0.019945346474305955,0.020542456652950552,-0.00033409471479176165,0.0,True
cyclonic,0.5,9.822750091552734,143950.41673478676,1.84375,0.020415390534763787,0.020415390534763784,-3.469446951953614e-18,-0.0005464264213495085,0.019868964113414274,0.020415390534763787,-0.000305736170516854,0.0,True
cyclonic,0.5,9.822750091552734,148830.09187833886,1.90625,0.02029554328865005,0.02029554328865002,-3.122502256758253e-17,-0.0004907707936460562,0.019804772495003963,0.02029554328865005,-0.0002745957684115879,0.0,True
cyclonic,0.5,9.822750091552734,153709.76702189096,1.9687500000000002,0.019730299753132178,0.019730299753132126,-5.204170427930421e-17,-0.00044158001891199633,0.01928871973422013,0.019730299753132178,-0.0002470725768082136,0.0,True
cyclonic,0.5,9.822750091552734,158589.44216544303,2.03125,0.01912809805697591,0.019128098056975882,-2.7755575615628914e-17,-0.0003860683675220662,0.018742029689453817,0.01912809805697591,-0.00021601273224010448,0.0,True
cyclonic,0.5,9.822750091552734,163469.11730899513,2.09375,0.018440198261577202,0.01844019826157715,-5.204170427930421e-17,-0.0003229829460485114,0.01811721531552864,0.018440198261577202,-0.00018071521655787953,0.0,True
cyclonic,0.5,9.822750091552734,168348.79245254723,2.15625,0.017778011080654084,0.017778011080654053,-3.122502256758253e-17,-0.00024932629423145524,0.017528684786422596,0.017778011080654084,-0.00013950289266617666,0.0,True
cyclonic,0.5,9.822750091552734,173228.46759609933,2.21875,0.016986352905905062,0.01698635290590503,-3.122502256758253e-17,-0.00017963365346965762,0.016806719252435372,0.016986352905905062,-0.00010050850976811775,0.0,True
cyclonic,0.5,9.822750091552734,178108.14273965143,2.28125,0.01616489246680198,0.016164892466801972,-6.938893903907228e-18,-0.00011405681331984274,0.01605083565348213,0.01616489246680198,-6.38169970618237e-05,0.0,True
cyclonic,0.5,9.822750091552734,182987.8178832035,2.34375,0.015338297054046771,0.015338297054046709,-6.245004513516506e-17,-5.524710110641085e-05,0.015283049952940298,0.015338297054046771,-3.0911823558450436e-05,0.0,True
cyclonic,0.5,9.822750091552734,187867.4930267556,2.40625,0.01453922733660649,0.014539227336606486,-3.469446951953614e-18,-9.011604065064899e-07,0.014538326176199979,0.01453922733660649,-5.042167086764599e-07,0.0,True
cyclonic,0.5,9.822750091552734,192747.1681703077,2.46875,0.013869104845324819,0.01386910484532484,2.0816681711721685e-17,5.7862974053602935e-05,0.013926967819378442,0.013869104845324819,3.237545515858053e-05,0.0,True
cyclonic,0.5,11.773679733276367,2439.837571776047,0.03125,6.955648908948891e-06,6.955648908948892e-06,8.470329472543003e-22,2.3956426492337358e-06,9.351291558182629e-06,6.955648908948891e-06,4.34007982193652e-07,0.0,True
cyclonic,0.5,11.773679733276367,7319.512715328141,0.09375,-0.0028348896763979153,-0.002834889676397915,4.336808689942018e-19,1.5249399311119918e-05,-0.002819640277086795,-0.0028348896763979153,2.7626662210248075e-06,0.0,True
cyclonic,0.5,11.773679733276367,12199.187858880234,0.15625,-0.0056065484566416544,-0.005606548456641651,3.469446951953614e-18,2.57071062497679e-05,-0.0055808413503918835,-0.0056065484566416544,4.657242729865519e-06,0.0,True
cyclonic,0.5,11.773679733276367,17078.86300243233,0.21875,-0.008280415624321054,-0.00828041562432105,3.469446951953614e-18,9.71086476345427e-06,-0.008270704759557596,-0.008280415624321054,1.7592744154435106e-06,0.0,True
cyclonic,0.5,11.773679733276367,21958.53814598442,0.28125,-0.010790180461678619,-0.010790180461678612,6.938893903907228e-18,-3.258224707471352e-05,-0.010822762708753325,-0.010790180461678619,-5.90278158253466e-06,0.0,True
cyclonic,0.5,11.773679733276367,26838.213289536514,0.34375,-0.013043694223758213,-0.0130436942237582,1.3877787807814457e-17,-8.690287773971066e-05,-0.01313059710149791,-0.013043694223758213,-1.5743809965437614e-05,0.0,True
cyclonic,0.5,11.773679733276367,31717.88843308861,0.40625,-0.015034025708553686,-0.015034025708553665,2.0816681711721685e-17,-0.0001422762543217943,-0.01517630196287546,-0.015034025708553686,-2.5775559669562444e-05,0.0,True
cyclonic,0.5,11.773679733276367,36597.5635766407,0.46874999999999994,-0.01670712412596509,-0.016707124125965082,6.938893903907228e-18,-0.00019214736905888842,-0.01689927149502397,-0.01670712412596509,-3.481048893320595e-05,0.0,True
cyclonic,0.5,11.773679733276367,41477.2387201928,0.53125,-0.0180048331542845,-0.01800483315428449,1.0408340855860843e-17,-0.00024518115186656817,-0.018250014306151058,-0.0180048331542845,-4.441838478187088e-05,0.0,True
cyclonic,0.5,11.773679733276367,46356.91386374489,0.59375,-0.018934297535262806,-0.018934297535262785,2.0816681711721685e-17,-0.00031027755681795397,-0.01924457509208074,-0.018934297535262806,-5.621161252810779e-05,0.0,True
cyclonic,0.5,11.773679733276367,51236.589007296985,0.65625,-0.0195271465297148,-0.019527146529714743,5.551115123125783e-17,-0.0003875295151154941,-0.019914676044830236,-0.0195271465297148,-7.020700810680468e-05,0.0,True
cyclonic,0.5,11.773679733276367,56116.26415084908,0.71875,-0.01979537385313287,-0.01979537385313287,0.0,-0.0004691823848297185,-0.02026455623796259,-0.01979537385313287,-8.499969734045429e-05,0.0,True
cyclonic,0.5,11.773679733276367,60995.93929440117,0.78125,-0.01973089575669327,-0.019730895756693227,4.163336342344337e-17,-0.0005559264189936432,-0.02028682217568687,-0.01973089575669327,-0.00010071473031787437,0.0,True
cyclonic,0.5,11.773679733276367,65875.61443795326,0.84375,-0.01929730603668811,-0.019297306036688104,6.938893903907228e-18,-0.0006438387117587138,-0.01994114474844682,-0.01929730603668811,-0.0001166414115385439,0.0,True
cyclonic,0.5,11.773679733276367,70755.28958150536,0.9062500000000001,-0.018532805692400813,-0.018532805692400792,2.0816681711721685e-17,-0.0007352598846877164,-0.01926806557708851,-0.018532805692400813,-0.0001332037810577977,0.0,True
cyclonic,0.5,11.773679733276367,75634.96472505745,0.96875,-0.017504928399850322,-0.01750492839985035,-2.7755575615628914e-17,-0.0008244294450961292,-0.01832935784494648,-0.017504928399850322,-0.00014935823589618056,0.0,True
cyclonic,0.5,11.773679733276367,80514.63986860955,1.03125,-0.0163197138742608,-0.01631971387426073,6.938893903907228e-17,-0.0009071225514296608,-0.01722683642569039,-0.0163197138742608,-0.00016433938019690534,0.0,True
cyclonic,0.5,11.773679733276367,85394.31501216163,1.09375,-0.015085506933491708,-0.015085506933491708,0.0,-0.0009885284737012332,-0.01607403540719294,-0.015085506933491708,-0.00017908733105468424,0.0,True
cyclonic,0.5,11.773679733276367,90273.99015571373,1.15625,-0.013812954601907092,-0.01381295460190708,1.214306433183765e-17,-0.0010621146963195726,-0.014875069298226653,-0.013812954601907092,-0.00019241862151490944,0.0,True
cyclonic,0.5,11.773679733276367,95153.66529926582,1.21875,-0.012548348249365938,-0.01254834824936594,-1.734723475976807e-18,-0.0011333686884279028,-0.013681716937793843,-0.012548348249365938,-0.00020532739208971548,0.0,True
cyclonic,0.5,11.773679733276367,100033.34044281792,1.28125,-0.011248028152726526,-0.011248028152726517,8.673617379884035e-18,-0.0011955708023559852,-0.012443598955082503,-0.011248028152726526,-0.00021659627393348361,0.0,True
cyclonic,0.5,11.773679733276367,104913.01558637002,1.34375,-0.009920205166499354,-0.009920205166499354,0.0,-0.0012450485400892306,-0.011165253706588585,-0.009920205166499354,-0.00022555993682535155,0.0,True
cyclonic,0.5,11.773679733276367,109792.6907299221,1.40625,-0.008575743017754715,-0.008575743017754727,-1.214306433183765e-17,-0.0012900780370353616,-0.009865821054790088,-0.008575743017754715,-0.00023371773160957637,0.0,True
cyclonic,0.5,11.773679733276367,114672.3658734742,1.46875,-0.007444238107764597,-0.007444238107764568,2.949029909160572e-17,-0.0013135423032583557,-0.008757780411022924,-0.007444238107764597,-0.00023796864893247245,0.0,True
cyclonic,0.5,11.773679733276367,119552.04101702629,1.53125,-0.006252859036607442,-0.006252859036607431,1.1275702593849246e-17,-0.0013099500148117532,-0.007562809051419184,-0.006252859036607442,-0.00023731784992425382,0.0,True
cyclonic,0.5,11.773679733276367,124431.71616057839,1.59375,-0.005156505101623689,-0.005156505101623664,2.5153490401663703e-17,-0.0012816963465774832,-0.006438201448201147,-0.005156505101623689,-0.00023219925782378068,0.0,True
cyclonic,0.5,11.773679733276367,129311.39130413048,1.65625,-0.004193202265480584,-0.004193202265480573,1.0408340855860843e-17,-0.001243028982278723,-0.005436231247759296,-0.004193202265480584,-0.00022519406246986607,0.0,True
cyclonic,0.5,11.773679733276367,134191.06644768256,1.7187499999999998,-0.003377544421225844,-0.0033775444212258486,-4.7704895589362195e-18,-0.0011898411910033744,-0.004567385612229223,-0.003377544421225844,-0.00021555826558833423,0.0,True
cyclonic,0.5,11.773679733276367,139070.74159123466,1.78125,-0.0026653196969849977,-0.0026653196969850025,-4.7704895589362195e-18,-0.0011059926579525966,-0.003771312354937599,-0.0026653196969849977,-0.00020036779774000729,0.0,True
cyclonic,0.5,11.773679733276367,143950.41673478676,1.84375,-0.0019640052687769256,-0.00196400526877692,5.637851296924623e-18,-0.0010169482505466407,-0.0029809535193235604,-0.0019640052687769256,-0.0001842360163174944,0.0,True
cyclonic,0.5,11.773679733276367,148830.09187833886,1.90625,-0.0015887811736216685,-0.0015887811736216627,5.854691731421724e-18,-0.0009189245643752505,-0.0025077057379969134,-0.0015887811736216685,-0.00016647749867879875,0.0,True
cyclonic,0.5,11.773679733276367,153709.76702189096,1.9687500000000002,-0.0012142332053464374,-0.0012142332053464335,3.903127820947816e-18,-0.0008212411073503264,-0.0020354743126967598,-0.0012142332053464374,-0.0001487806188496439,0.0,True
cyclonic,0.5,11.773679733276367,158589.44216544303,2.03125,-0.001003704414454794,-0.0010037044144548056,-1.1492543028346347e-17,-0.0007328342851905584,-0.001736538699645364,-0.001003704414454794,-0.00013276434592597277,0.0,True
cyclonic,0.5,11.773679733276367,163469.11730899513,2.09375,-0.0010261982541126342,-0.0010261982541126366,-2.3852447794681098e-18,-0.0006096569304980315,-0.0016358551846106682,-0.0010261982541126342,-0.00011044884942270466,0.0,True
cyclonic,0.5,11.773679733276367,168348.79245254723,2.15625,-0.0009400647518645754,-0.0009400647518645819,-6.5052130349130266e-18,-0.0004754953326942982,-0.00141556008455888,-0.0009400647518645754,-8.614338618122374e-05,0.0,True
cyclonic,0.5,11.773679733276367,173228.46759609933,2.21875,-0.0006642177238443948,-0.0006642177238443787,1.6154612370034016e-17,-0.0003468581200198747,-0.0010110758438642534,-0.0006642177238443948,-6.283875135778722e-05,0.0,True
cyclonic,0.5,11.773679733276367,178108.14273965143,2.28125,-0.0003421039619614371,-0.0003421039619614438,-6.667843360785852e-18,-0.0002245294065779295,-0.0005666333685393733,-0.0003421039619614371,-4.067699943611983e-05,0.0,True
cyclonic,0.5,11.773679733276367,182987.8178832035,2.34375,0.00010455649969955903,0.00010455649969957055,1.1519648082658485e-17,-0.00011819487512596666,-1.3638375426396114e-05,0.00010455649969955903,-2.141284271903381e-05,0.0,True
cyclonic,0.5,11.773679733276367,187867.4930267556,2.40625,0.0005347948160580193,0.0005347948160579876,-3.176712365382528e-17,-1.5280264512025296e-05,0.0005195145515459623,0.0005347948160580193,-2.7682579329477974e-06,0.0,True
cyclonic,0.5,11.773679733276367,192747.1681703077,2.46875,0.0011043643499346121,0.0011043643499345876,-2.45029690981724e-17,9.233113499391013e-05,0.0011966954849284978,0.0011043643499346121,1.6727223321547602e-05,0.0,True
cyclonic,0.5,13.99103832244873,2439.837571776047,0.03125,8.81814156651328e-06,8.81814156651328e-06,0.0,9.939346489690976e-07,9.812076215482378e-06,8.81814156651328e-06,1.0777980449005508e-06,1.0,False
cyclonic,0.5,13.99103832244873,7319.512715328141,0.09375,-0.000934156604687494,-0.000934156604687494,0.0,6.020721227764981e-06,-0.0009281358834597291,-0.000934156604687494,6.528720550095334e-06,0.0,True
cyclonic,0.5,13.99103832244873,12199.187858880234,0.15625,-0.0017826722995098437,-0.001782672299509844,-2.168404344971009e-19,9.775563778340007e-06,-0.0017728967357315039,-0.0017826722995098437,1.0600378545031564e-05,0.0,True
cyclonic,0.5,13.99103832244873,17078.86300243233,0.21875,-0.0025682554695004365,-0.002568255469500437,-4.336808689942018e-19,3.6659527942535472e-06,-0.0025645895167061834,-0.0025682554695004365,3.97526815112271e-06,0.0,True
cyclonic,0.5,13.99103832244873,21958.53814598442,0.28125,-0.0033165329575241503,-0.0033165329575241508,-4.336808689942018e-19,-1.1981969171135343e-05,-0.003328514926695286,-0.0033165329575241503,-1.2992949747855966e-05,0.0,True
cyclonic,0.5,13.99103832244873,26838.213289536514,0.34375,-0.004043518412747152,-0.004043518412747153,-8.673617379884035e-19,-2.8621596002139144e-05,-0.004072140008749292,-0.004043518412747152,-3.103654777005172e-05,0.0,True
cyclonic,0.5,13.99103832244873,31717.88843308861,0.40625,-0.004766006053187648,-0.004766006053187649,-1.734723475976807e-18,-4.632682756933807e-05,-0.004812332880756987,-0.004766006053187648,-5.023566109951552e-05,0.0,True
cyclonic,0.5,13.99103832244873,36597.5635766407,0.46874999999999994,-0.005478797653803558,-0.005478797653803558,0.0,-6.198204639300622e-05,-0.005540779700196564,-0.005478797653803558,-6.721179153036483e-05,0.0,True
cyclonic,0.5,13.99103832244873,41477.2387201928,0.53125,-0.00613536381806268,-0.0061353638180626805,-8.673617379884035e-19,-7.822334001466493e-05,-0.006213587158077345,-0.00613536381806268,-8.482344691458494e-05,0.0,True
cyclonic,0.5,13.99103832244873,46356.91386374489,0.59375,-0.006743641717647814,-0.006743641717647816,-1.734723475976807e-18,-9.997868101139205e-05,-0.006843620398659208,-0.006743641717647814,-0.00010841439830835843,0.0,True
cyclonic,0.5,13.99103832244873,51236.589007296985,0.65625,-0.00733936646230244,-0.007339366462302443,-2.6020852139652106e-18,-0.0001235780471328846,-0.007462944509435327,-0.00733936646230244,-0.00013400496474350417,0.0,True
cyclonic,0.5,13.99103832244873,56116.26415084908,0.71875,-0.007923738800687467,-0.007923738800687462,5.204170427930421e-18,-0.00014832836464279776,-0.00807206716533026,-0.007923738800687467,-0.00016084359427565728,0.0,True
cyclonic,0.5,13.99103832244873,60995.93929440117,0.78125,-0.00849480106875725,-0.008494801068757248,1.734723475976807e-18,-0.00017446358802054613,-0.008669264656777795,-0.00849480106875725,-0.0001891839813310764,0.0,True
cyclonic,0.5,13.99103832244873,65875.61443795326,0.84375,-0.009030015046524205,-0.009030015046524205,0.0,-0.000202142375604749,-0.009232157422128955,-0.009030015046524205,-0.00021919817107123006,0.0,True
cyclonic,0.5,13.99103832244873,70755.28958150536,0.9062500000000001,-0.009535854680299322,-0.009535854680299313,8.673617379884035e-18,-0.0002321689488437461,-0.00976802362914306,-0.009535854680299322,-0.0002517582412585613,0.0,True
cyclonic,0.5,13.99103832244873,75634.96472505745,0.96875,-0.010012029270119259,-0.010012029270119257,1.734723475976807e-18,-0.0002606502777964639,-0.010272679547915721,-0.010012029270119259,-0.0002826426869243277,0.0,True
cyclonic,0.5,13.99103832244873,80514.63986860955,1.03125,-0.010433642637953742,-0.010433642637953737,5.204170427930421e-18,-0.00028656792835551984,-0.010720210566309257,-0.010433642637953742,-0.0003107471434194696,0.0,True
cyclonic,0.5,13.99103832244873,85394.31501216163,1.09375,-0.010806462900325043,-0.010806462900325038,5.204170427930421e-18,-0.0003119104804145932,-0.011118373380739632,-0.010806462900325043,-0.00033822797738615923,0.0,True
cyclonic,0.5,13.99103832244873,90273.99015571373,1.15625,-0.011208600000111202,-0.011208600000111197,5.204170427930421e-18,-0.0003352627789660893,-0.011543862779077286,-0.011208600000111202,-0.0003635506298853368,0.0,True
cyclonic,0.5,13.99103832244873,95153.66529926582,1.21875,-0.01164174211605278,-0.011641742116052766,1.3877787807814457e-17,-0.00035623323726061015,-0.011997975353313376,-0.01164174211605278,-0.0003862904739726172,0.0,True
cyclonic,0.5,13.99103832244873,100033.34044281792,1.28125,-0.011995165299266513,-0.011995165299266508,5.204170427930421e-18,-0.0003760396759595262,-0.012371204975226034,-0.011995165299266513,-0.0004077680841236222,0.0,True
cyclonic,0.5,13.99103832244873,104913.01558637002,1.34375,-0.012155858800851113,-0.012155858800851111,1.734723475976807e-18,-0.0003929971388513934,-0.012548855939702504,-0.012155858800851113,-0.0004261563356754568,0.0,True
cyclonic,0.5,13.99103832244873,109792.6907299221,1.40625,-0.01225432399914869,-0.012254323999148688,1.734723475976807e-18,-0.0004077384291999226,-0.012662062428348612,-0.01225432399914869,-0.0004421414247690257,0.0,True
cyclonic,0.5,13.99103832244873,114672.3658734742,1.46875,-0.012318014951771563,-0.012318014951771558,5.204170427930421e-18,-0.00041468402910904305,-0.012732698980880601,-0.012318014951771563,-0.0004496730607880294,0.0,True
cyclonic,0.5,13.99103832244873,119552.04101702629,1.53125,-0.01232504211437516,-0.01232504211437514,2.0816681711721685e-17,-0.00041285098900932434,-0.012737893103384464,-0.01232504211437516,-0.0004476853576349596,0.0,True
cyclonic,0.5,13.99103832244873,124431.71616057839,1.59375,-0.012355453311310053,-0.012355453311310058,-5.204170427930421e-18,-0.0004032966359499865,-0.012758749947260044,-0.012355453311310053,-0.00043732485449893895,0.0,True
cyclonic,0.5,13.99103832244873,129311.39130413048,1.65625,-0.012260981968560673,-0.012260981968560644,2.949029909160572e-17,-0.00039030113077283827,-0.012651283099333482,-0.012260981968560673,-0.0004232328514814842,0.0,True
cyclonic,0.5,13.99103832244873,134191.06644768256,1.7187499999999998,-0.012096712976378722,-0.012096712976378697,2.42861286636753e-17,-0.0003736245453308369,-0.012470337521709535,-0.012096712976378722,-0.0004051491764595413,0.0,True
cyclonic,0.5,13.99103832244873,139070.74159123466,1.78125,-0.0118722728358479,-0.011872272835847896,3.469446951953614e-18,-0.00034781151853074754,-0.012220084354378644,-0.0118722728358479,-0.0003771581713698628,0.0,True
cyclonic,0.5,13.99103832244873,143950.41673478676,1.84375,-0.011600451201822626,-0.01160045120182262,5.204170427930421e-18,-0.00032110553719410346,-0.011921556739016724,-0.011600451201822626,-0.0003481988685609309,0.0,True
cyclonic,0.5,13.99103832244873,148830.09187833886,1.90625,-0.01138739943980798,-0.011387399439807974,5.204170427930421e-18,-0.00028691395352486765,-0.011674313393332842,-0.01138739943980798,-0.00031112236451815676,0.0,True
cyclonic,0.5,13.99103832244873,153709.76702189096,1.9687500000000002,-0.011025354251965535,-0.011025354251965505,2.949029909160572e-17,-0.0002559436681029225,-0.011281297920068427,-0.011025354251965535,-0.0002775389562805974,0.0,True
cyclonic,0.5,13.99103832244873,158589.44216544303,2.03125,-0.010622802247298032,-0.01062280224729801,2.0816681711721685e-17,-0.00022893829300368778,-0.010851740540301698,-0.010622802247298032,-0.00024825499831218357,0.0,True
cyclonic,0.5,13.99103832244873,163469.11730899513,2.09375,-0.010304897585986128,-0.010304897585986088,3.9898639947466563e-17,-0.00019096314264941113,-0.0104958607286355,-0.010304897585986128,-0.0002070756885365402,0.0,True
cyclonic,0.5,13.99103832244873,168348.79245254723,2.15625,-0.009915754771410787,-0.009915754771410745,4.163336342344337e-17,-0.00014914685750314776,-0.010064901628913893,-0.009915754771410787,-0.00016173114760279533,0.0,True
cyclonic,0.5,13.99103832244873,173228.46759609933,2.21875,-0.009404448085773674,-0.009404448085773665,8.673617379884035e-18,-0.00010968839139322001,-0.009514136477166885,-0.009404448085773674,-0.00011894336706595138,0.0,True
cyclonic,0.5,13.99103832244873,178108.14273965143,2.28125,-0.00887785096366845,-0.008877850963668431,1.9081958235744878e-17,-7.284822535547601e-05,-0.008950699189023907,-0.00887785096366845,-7.899480609116776e-05,0.0,True
cyclonic,0.5,13.99103832244873,182987.8178832035,2.34375,-0.008421748720753505,-0.008421748720753491,1.3877787807814457e-17,-4.012401528132348e-05,-0.008461872736034815,-0.008421748720753505,-4.350948552666344e-05,0.0,True
cyclonic,0.5,13.99103832244873,187867.4930267556,2.40625,-0.007968328104695986,-0.007968328104695964,2.2551405187698492e-17,-8.585927710278391e-06,-0.007976914032406242,-0.007968328104695986,-9.310366742314086e-06,0.0,True
cyclonic,0.5,13.99103832244873,192747.1681703077,2.46875,-0.00751879103666072,-0.007518791036660693,2.688821387764051e-17,2.523208270961791e-05,-0.007493558953951075,-0.00751879103666072,2.736104374809927e-05,0.0,True
cyclonic,0.5,16.52532196044922,2439.837571776047,0.03125,7.844672145046023e-06,7.844672145046023e-06,0.0,9.306684681630662e-08,7.93773899186233e-06,7.844672145046023e-06,1.1790812500686851e-07,1.0,False
cyclonic,0.5,16.52532196044922,7319.512715328141,0.09375,-0.000374008872222784,-0.0003740088722227839,1.0842021724855044e-19,3.6439105858243788e-06,-0.00037036496163695955,-0.000374008872222784,4.616538322344367e-06,0.0,True
cyclonic,0.5,16.52532196044922,12199.187858880234,0.15625,-0.0007133255652608054,-0.0007133255652608049,5.421010862427522e-19,4.661980150073481e-06,-0.0007086635851107314,-0.0007133255652608054,5.906349652087826e-06,0.0,True
cyclonic,0.5,16.52532196044922,17078.86300243233,0.21875,-0.001027716241112496,-0.0010277162411124953,6.505213034913027e-19,3.2875218215701715e-07,-0.0010273874889303383,-0.001027716241112496,4.1650227461298974e-07,0.0,True
cyclonic,0.5,16.52532196044922,21958.53814598442,0.28125,-0.0013366221359077733,-0.001336622135907772,1.3010426069826053e-18,-1.1063729200957387e-05,-0.0013476858651087294,-0.0013366221359077733,-1.4016844991465402e-05,0.0,True
cyclonic,0.5,16.52532196044922,26838.213289536514,0.34375,-0.0016464857082819696,-0.0016464857082819657,3.903127820947816e-18,-2.285929171220919e-05,-0.0016693449999941748,-0.0016464857082819696,-2.8960863260915602e-05,0.0,True
cyclonic,0.5,16.52532196044922,31717.88843308861,0.40625,-0.001945372987608949,-0.0019453729876089461,2.8189256484623115e-18,-3.5584222275917185e-05,-0.001980957209884863,-0.001945372987608949,-4.508231525950763e-05,0.0,True
cyclonic,0.5,16.52532196044922,36597.5635766407,0.46874999999999994,-0.002240748602459487,-0.002240748602459483,3.903127820947816e-18,-4.776471345106508e-05,-0.0022885133159105484,-0.002240748602459487,-6.051400683662849e-05,0.0,True
cyclonic,0.5,16.52532196044922,41477.2387201928,0.53125,-0.0025464151960144436,-0.0025464151960144423,1.3010426069826053e-18,-6.085878221741219e-05,-0.0026072739782318547,-0.0025464151960144436,-7.710312691284961e-05,0.0,True
cyclonic,0.5,16.52532196044922,46356.91386374489,0.59375,-0.0028744245454970924,-0.0028744245454970846,7.806255641895632e-18,-7.571136662621991e-05,-0.0029501359121233044,-0.0028744245454970924,-9.59201432732011e-05,0.0,True
cyclonic,0.5,16.52532196044922,51236.589007296985,0.65625,-0.0032356545534677076,-0.003235654553467702,5.637851296924623e-18,-9.186502618107408e-05,-0.003327519579648776,-0.0032356545534677076,-0.00011638551601620908,0.0,True
cyclonic,0.5,16.52532196044922,56116.26415084908,0.71875,-0.003618087073512634,-0.003618087073512623,1.1275702593849246e-17,-0.00010834101038472896,-0.003726428083897352,-0.003618087073512634,-0.000137259247871873,0.0,True
cyclonic,0.5,16.52532196044922,60995.93929440117,0.78125,-0.004005436422432591,-0.004005436422432575,1.5612511283791264e-17,-0.000127588125021363,-0.004133024547453938,-0.004005436422432591,-0.00016164377658677673,0.0,True
cyclonic,0.5,16.52532196044922,65875.61443795326,0.84375,-0.004384587428300074,-0.004384587428300061,1.3010426069826053e-17,-0.00014826957564625516,-0.004532857003946316,-0.004384587428300074,-0.00018784549233219404,0.0,True
cyclonic,0.5,16.52532196044922,70755.28958150536,0.9062500000000001,-0.004754472497579647,-0.004754472497579625,2.168404344971009e-17,-0.00017059470828447243,-0.0049250672058640975,-0.004754472497579647,-0.00021612961949401193,0.0,True
cyclonic,0.5,16.52532196044922,75634.96472505745,0.96875,-0.005114239966639375,-0.005114239966639359,1.5612511283791264e-17,-0.00019195953630376383,-0.005306199502943123,-0.005114239966639375,-0.00024319711881330203,0.0,True
cyclonic,0.5,16.52532196044922,80514.63986860955,1.03125,-0.005447607847452698,-0.005447607847452689,8.673617379884035e-18,-0.00021107809814929423,-0.005658685945601983,-0.005447607847452698,-0.0002674187815981572,0.0,True
cyclonic,0.5,16.52532196044922,85394.31501216163,1.09375,-0.005764435378736275,-0.005764435378736262,1.3010426069826053e-17,-0.0002293385768479656,-0.005993773955584227,-0.005764435378736275,-0.0002905533228310611,0.0,True
cyclonic,0.5,16.52532196044922,90273.99015571373,1.15625,-0.006049913831281414,-0.006049913831281404,1.0408340855860843e-17,-0.000246715518337017,-0.006296629349618421,-0.006049913831281414,-0.0003125684942848889,0.0,True
cyclonic,0.5,16.52532196044922,95153.66529926582,1.21875,-0.006281731625494531,-0.006281731625494509,2.168404344971009e-17,-0.0002615940324194296,-0.006543325657913939,-0.006281731625494531,-0.0003314183614326193,0.0,True
cyclonic,0.5,16.52532196044922,100033.34044281792,1.28125,-0.006413826360850329,-0.006413826360850306,2.2551405187698492e-17,-0.00027694086055353803,-0.006690767221403844,-0.006413826360850329,-0.00035086154439192775,0.0,True
cyclonic,0.5,16.52532196044922,104913.01558637002,1.34375,-0.00642145739730385,-0.006421457397303823,2.688821387764051e-17,-0.0002910680438930922,-0.006712525441196915,-0.00642145739730385,-0.000368759536600505,0.0,True
cyclonic,0.5,16.52532196044922,109792.6907299221,1.40625,-0.006357381573859726,-0.006357381573859699,2.688821387764051e-17,-0.00030276723809769245,-0.006660148811957391,-0.006357381573859726,-0.00038358146406387253,0.0,True
cyclonic,0.5,16.52532196044922,114672.3658734742,1.46875,-0.006200658390025089,-0.006200658390025067,2.168404344971009e-17,-0.0003087607469947569,-0.006509419137019824,-0.006200658390025089,-0.00039117475233396606,0.0,True
cyclonic,0.5,16.52532196044922,119552.04101702629,1.53125,-0.006046622077149455,-0.006046622077149426,2.862293735361732e-17,-0.0003071172580743098,-0.0063537393352237365,-0.006046622077149455,-0.00038909258555053607,0.0,True
cyclonic,0.5,16.52532196044922,124431.71616057839,1.59375,-0.005802930973380806,-0.005802930973380797,8.673617379884035e-18,-0.00029960816558452497,-0.0061025391389653225,-0.005802930973380806,-0.0003795791761436263,0.0,True
cyclonic,0.5,16.52532196044922,129311.39130413048,1.65625,-0.0054746640720808775,-0.005474664072080847,3.0357660829594124e-17,-0.0002912744086569448,-0.0057659384807377916,-0.0054746640720808775,-0.00036902098397092434,0.0,True
cyclonic,0.5,16.52532196044922,134191.06644768256,1.7187499999999998,-0.005170641345219758,-0.005170641345219732,2.6020852139652106e-17,-0.0002795159549058819,-0.005450157300125614,-0.005170641345219758,-0.0003541239794822659,0.0,True
cyclonic,0.5,16.52532196044922,139070.74159123466,1.78125,-0.004820514393702672,-0.004820514393702645,2.688821387764051e-17,-0.00026155826364448787,-0.0050820726573471324,-0.004820514393702672,-0.00033137304530414345,0.0,True
cyclonic,0.5,16.52532196044922,143950.41673478676,1.84375,-0.004513996274326189,-0.004513996274326168,2.0816681711721685e-17,-0.0002422624209645429,-0.004756258695290711,-0.004513996274326189,-0.00030692678212182635,0.0,True
cyclonic,0.5,16.52532196044922,148830.09187833886,1.90625,-0.004292743535782654,-0.004292743535782634,1.9949319973733282e-17,-0.00021554159172842952,-0.004508285127511064,-0.004292743535782654,-0.0002730736649094485,0.0,True
cyclonic,0.5,16.52532196044922,153709.76702189096,1.9687500000000002,-0.003983222792574538,-0.003983222792574505,3.2959746043559335e-17,-0.00019327014603626598,-0.004176492938610771,-0.003983222792574538,-0.0002448575547414698,0.0,True
cyclonic,0.5,16.52532196044922,158589.44216544303,2.03125,-0.003669185943219578,-0.0036691859432195595,1.8648277366750676e-17,-0.000172867852089261,-0.0038420537953088203,-0.003669185943219578,-0.00021900950780077508,0.0,True
cyclonic,0.5,16.52532196044922,163469.11730899513,2.09375,-0.003424882144969471,-0.0034248821449694294,4.163336342344337e-17,-0.0001451495608610418,-0.0035700317058304713,-0.003424882144969471,-0.00018389268737637214,0.0,True
cyclonic,0.5,16.52532196044922,168348.79245254723,2.15625,-0.0032515669800006167,-0.0032515669800005885,2.8189256484623115e-17,-0.00011471681940707292,-0.0033662837994076615,-0.0032515669800006167,-0.00014533687930501113,0.0,True
cyclonic,0.5,16.52532196044922,173228.46759609933,2.21875,-0.002998323291362841,-0.0029983232913628186,2.2551405187698492e-17,-8.766208832290367e-05,-0.0030859853796857224,-0.002998323291362841,-0.00011106073561019207,0.0,True
cyclonic,0.5,16.52532196044922,178108.14273965143,2.28125,-0.002748279187277196,-0.00274827918727716,3.599551212651875e-17,-6.148437214937757e-05,-0.0028097635594265375,-0.002748279187277196,-7.789569847215906e-05,0.0,True
cyclonic,0.5,16.52532196044922,182987.8178832035,2.34375,-0.002527184156385689,-0.002527184156385654,3.5128150388530344e-17,-3.733235998774232e-05,-0.0025645165163733965,-0.002527184156385689,-4.729706354964723e-05,0.0,True
cyclonic,0.5,16.52532196044922,187867.4930267556,2.40625,-0.00238364249051332,-0.0023836424905132984,2.168404344971009e-17,-1.3729192024492119e-05,-0.0023973716825377907,-0.00238364249051332,-1.7393769584374544e-05,0.0,True
cyclonic,0.5,16.52532196044922,192747.1681703077,2.46875,-0.002246154532743445,-0.0022461545327434134,3.165870343657673e-17,9.87553472895979e-06,-0.0022362789980144536,-0.002246154532743445,1.2511499241294185e-05,0.0,True
cyclonic,0.5,19.42980194091797,2439.837571776047,0.03125,4.598295250133513e-06,4.598295250133511e-06,-1.6940658945086007e-21,1.5758476208397472e-06,6.174142870973258e-06,4.598295250133513e-06,2.0175501410083463e-07,0.0,True
cyclonic,0.5,19.42980194091797,7319.512715328141,0.09375,-0.0004657435219631431,-0.0004657435219631431,0.0,5.825776415632738e-06,-0.00045991774554751035,-0.0004657435219631431,7.458713566848231e-07,0.0,True
cyclonic,0.5,19.42980194091797,12199.187858880234,0.15625,-0.000986827019632207,-0.0009868270196322076,-6.505213034913027e-19,1.0076824788611137e-05,-0.0009767501948435963,-0.000986827019632207,1.290131038326216e-06,0.0,True
cyclonic,0.5,19.42980194091797,17078.86300243233,0.21875,-0.0015296188963683543,-0.001529618896368355,-6.505213034913027e-19,-4.3523261874338935e-06,-0.0015339712225557888,-0.0015296188963683543,-5.572262315878156e-07,0.0,True
cyclonic,0.5,19.42980194091797,21958.53814598442,0.28125,-0.002058748591870185,-0.0020587485918701857,-8.673617379884035e-19,-3.241370468836129e-05,-0.002091162296558547,-0.002058748591870185,-4.149911044683207e-06,0.0,True
cyclonic,0.5,19.42980194091797,26838.213289536514,0.34375,-0.002520250355487839,-0.0025202503554878413,-2.168404344971009e-18,-5.9333275046751646e-05,-0.002579583630534593,-0.002520250355487839,-7.596410709638927e-06,0.0,True
cyclonic,0.5,19.42980194091797,31717.88843308861,0.40625,-0.00287635928808159,-0.0028763592880815918,-1.734723475976807e-18,-9.224796280580179e-05,-0.0029686072508873936,-0.00287635928808159,-1.181046237626707e-05,0.0,True
cyclonic,0.5,19.42980194091797,36597.5635766407,0.46874999999999994,-0.0031149871838151272,-0.0031149871838151307,-3.469446951953614e-18,-0.0001231175664894802,-0.003238104750304611,-0.0031149871838151272,-1.5762682910869807e-05,0.0,True
cyclonic,0.5,19.42980194091797,41477.2387201928,0.53125,-0.0032798796528971247,-0.0032798796528971273,-2.6020852139652106e-18,-0.00015598124803941276,-0.00343586090093654,-0.0032798796528971247,-1.9970204277040176e-05,0.0,True
cyclonic,0.5,19.42980194091797,46356.91386374489,0.59375,-0.003389006939746765,-0.003389006939746772,-6.938893903907228e-18,-0.00018981241498494642,-0.0035788193547317184,-0.003389006939746765,-2.43015923337779e-05,0.0,True
cyclonic,0.5,19.42980194091797,51236.589007296985,0.65625,-0.0034180331057317025,-0.003418033105731707,-4.336808689942018e-18,-0.0002267522974468435,-0.0036447854031785502,-0.0034180331057317025,-2.9030987745125937e-05,0.0,True
cyclonic,0.5,19.42980194091797,56116.26415084908,0.71875,-0.0033576885343350863,-0.0033576885343350937,-7.37257477290143e-18,-0.00026522132613584744,-0.003622909860470941,-0.0033576885343350863,-3.395615901356336e-05,0.0,True
cyclonic,0.5,19.42980194091797,60995.93929440117,0.78125,-0.0031959458261844715,-0.0031959458261844763,-4.7704895589362195e-18,-0.00031271684072542357,-0.0035086626669098998,-0.0031959458261844715,-4.003698693691294e-05,0.0,True
cyclonic,0.5,19.42980194091797,65875.61443795326,0.84375,-0.0029342626626234396,-0.002934262662623445,-5.204170427930421e-18,-0.0003637767244040057,-0.0032980393870274505,-0.0029342626626234396,-4.657415932295223e-05,0.0,True
cyclonic,0.5,19.42980194091797,70755.28958150536,0.9062500000000001,-0.002555836118228038,-0.0025558361182280425,-4.336808689942018e-18,-0.0004168417937319218,-0.002972677911959964,-0.002555836118228038,-5.33680546646924e-05,0.0,True
cyclonic,0.5,19.42980194091797,75634.96472505745,0.96875,-0.0020775741658818655,-0.0020775741658818686,-3.0357660829594124e-18,-0.00046778345353757906,-0.002545357619419448,-0.0020775741658818655,-5.989009090505772e-05,0.0,True
cyclonic,0.5,19.42980194091797,80514.63986860955,1.03125,-0.0015502215135290856,-0.001550221513529092,-6.288372600415926e-18,-0.0005151525316012639,-0.002065374045130356,-0.0015502215135290856,-6.595473122071813e-05,0.0,True
cyclonic,0.5,19.42980194091797,85394.31501216163,1.09375,-0.0009818030066152256,-0.0009818030066152319,-6.288372600415926e-18,-0.0005598686852153281,-0.00154167169183056,-0.0009818030066152256,-7.167971889315124e-05,0.0,True
cyclonic,0.5,19.42980194091797,90273.99015571373,1.15625,-0.00028790840893045755,-0.00028790840893046324,-5.692061405548898e-18,-0.0006017844713342774,-0.0008896928802647407,-0.00028790840893045755,-7.704617686005145e-05,0.0,True
cyclonic,0.5,19.42980194091797,95153.66529926582,1.21875,0.0004979008250722865,0.000497900825072282,-4.553649124439119e-18,-0.0006436852847417543,-0.00014578445966947234,0.0004979008250722865,-8.241071787789243e-05,0.0,True
cyclonic,0.5,19.42980194091797,100033.34044281792,1.28125,0.0012903884473510643,0.0012903884473510646,2.168404344971009e-19,-0.0006848765737079964,0.0006055118736430681,0.0012903884473510643,-8.768441882226873e-05,0.0,True
cyclonic,0.5,19.42980194091797,104913.01558637002,1.34375,0.002003916214882362,0.002003916214882372,9.974659986866641e-18,-0.000721724256363397,0.001282191958518975,0.002003916214882362,-9.240200993666965e-05,0.0,True
cyclonic,0.5,19.42980194091797,109792.6907299221,1.40625,0.0027083738725383172,0.0027083738725383268,9.540979117872439e-18,-0.0007536224086245152,0.0019547514639138117,0.0027083738725383172,-9.648591505168518e-05,0.0,True
cyclonic,0.5,19.42980194091797,114672.3658734742,1.46875,0.0034317885601682146,0.003431788560168221,6.5052130349130266e-18,-0.0007694676448080261,0.002662320915360195,0.0034317885601682146,-9.851457303064111e-05,0.0,True
cyclonic,0.5,19.42980194091797,119552.04101702629,1.53125,0.004153955514033108,0.004153955514033114,6.071532165918825e-18,-0.0007593045432219345,0.003394650970811179,0.004153955514033108,-9.72133960153676e-05,0.0,True
cyclonic,0.5,19.42980194091797,124431.71616057839,1.59375,0.00495926955154896,0.004959269551548964,4.336808689942018e-18,-0.0007486837419327042,0.00421058580961626,0.00495926955154896,-9.58536199269099e-05,0.0,True
cyclonic,0.5,19.42980194091797,129311.39130413048,1.65625,0.005621056982420793,0.0056210569824208054,1.214306433183765e-17,-0.000726190273702384,0.004894866708718421,0.005621056982420793,-9.297379199179104e-05,0.0,True
cyclonic,0.5,19.42980194091797,134191.06644768256,1.7187499999999998,0.006181696862194345,0.006181696862194353,7.806255641895632e-18,-0.0006980654863852705,0.005483631375809083,0.006181696862194345,-8.937298897841119e-05,0.0,True
cyclonic,0.5,19.42980194091797,139070.74159123466,1.78125,0.0066968016988732445,0.006696801698873266,2.168404344971009e-17,-0.0006524927244112049,0.006044308974462061,0.0066968016988732445,-8.353833014903026e-05,0.0,True
cyclonic,0.5,19.42980194091797,143950.41673478676,1.84375,0.0071246830778389884,0.007124683077839016,2.7755575615628914e-17,-0.0006036261403513198,0.006521056937487697,0.0071246830778389884,-7.728196485984832e-05,0.0,True
cyclonic,0.5,19.42980194091797,148830.09187833886,1.90625,0.0074163937656509795,0.007416393765651004,2.42861286636753e-17,-0.0005435676546172604,0.006872826111033743,0.0074163937656509795,-6.959270577419325e-05,0.0,True
cyclonic,0.5,19.42980194091797,153709.76702189096,1.9687500000000002,0.007639943004994254,0.007639943004994273,1.9081958235744878e-17,-0.0004883314986490804,0.007151611506345193,0.007639943004994254,-6.252084725255683e-05,0.0,True
cyclonic,0.5,19.42980194091797,158589.44216544303,2.03125,0.007777701801786553,0.00777770180178656,6.938893903907228e-18,-0.00043665432982729175,0.0073410474719592675,0.007777701801786553,-5.590464414608182e-05,0.0,True
cyclonic,0.5,19.42980194091797,163469.11730899513,2.09375,0.007858610417467894,0.007858610417467932,3.8163916471489756e-17,-0.00036572557594201225,0.00749288484152592,0.007858610417467894,-4.6823669849434115e-05,0.0,True
cyclonic,0.5,19.42980194091797,168348.79245254723,2.15625,0.007869424365762096,0.00786942436576211,1.3877787807814457e-17,-0.00029342579822077083,0.007575998567541339,0.007869424365762096,-3.756716402949757e-05,0.0,True
cyclonic,0.5,19.42980194091797,173228.46759609933,2.21875,0.007874503065021415,0.00787450306502144,2.42861286636753e-17,-0.00022837155757648655,0.007646131507444953,0.007874503065021415,-2.9238300841880152e-05,0.0,True
cyclonic,0.5,19.42980194091797,178108.14273965143,2.28125,0.007835785783336381,0.007835785783336423,4.163336342344337e-17,-0.00016213590638936793,0.007673649876947055,0.007835785783336381,-2.075818222983191e-05,0.0,True
cyclonic,0.5,19.42980194091797,182987.8178832035,2.34375,0.007909319091503697,0.007909319091503726,2.949029909160572e-17,-9.861362849747296e-05,0.007810705463006253,0.007909319091503697,-1.2625455497683166e-05,0.0,True
cyclonic,0.5,19.42980194091797,187867.4930267556,2.40625,0.007907457878872011,0.007907457878872039,2.7755575615628914e-17,-3.934631279888614e-05,0.007868111566073152,0.007907457878872011,-5.037489531713038e-06,0.0,True
cyclonic,0.5,19.42980194091797,192747.1681703077,2.46875,0.007933995345698497,0.007933995345698533,3.642919299551295e-17,1.8243545028548882e-05,0.007952238890727083,0.007933995345698497,2.335712308606769e-06,0.0,True
cyclonic,0.5,22.75761604309082,2439.837571776047,0.03125,6.889591403978861e-06,6.889591403978861e-06,0.0,1.3600369975101882e-07,7.02559510372988e-06,6.889591403978861e-06,6.361479115734344e-08,1.0,False
cyclonic,0.5,22.75761604309082,7319.512715328141,0.09375,0.0004504159603935844,0.0004504159603935843,-1.0842021724855044e-19,6.19693114138922e-07,0.0004510356535077232,0.0004504159603935844,2.898571738104206e-07,1.0,False
cyclonic,0.5,22.75761604309082,12199.187858880234,0.15625,0.0008569043975187461,0.0008569043975187454,-7.589415207398531e-19,7.420999244780762e-07,0.0008576464974432234,0.0008569043975187461,3.47112113861443e-07,1.0,False
cyclonic,0.5,22.75761604309082,17078.86300243233,0.21875,0.0012361039970456668,0.001236103997045666,-8.673617379884035e-19,-3.63021825772793e-07,0.0012357409752198933,0.0012361039970456668,-1.6980095155036946e-07,1.0,False
cyclonic,0.5,22.75761604309082,21958.53814598442,0.28125,0.0015875914275102164,0.001587591427510215,-1.5178830414797062e-18,-2.337290423561019e-06,0.0015852541370866538,0.0015875914275102164,-1.0932514515494215e-06,0.0,True
cyclonic,0.5,22.75761604309082,26838.213289536514,0.34375,0.001921716696817618,0.0019217166968176133,-4.553649124439119e-18,-4.3559349297193445e-06,0.001917360761887894,0.001921716696817618,-2.0374584761764748e-06,0.0,True
cyclonic,0.5,22.75761604309082,31717.88843308861,0.40625,0.00224687599750901,0.002246875997509007,-3.0357660829594124e-18,-6.5294138667032675e-06,0.0022403465836423036,0.00224687599750901,-3.054088236353872e-06,0.0,True
cyclonic,0.5,22.75761604309082,36597.5635766407,0.46874999999999994,0.002579749391393114,0.0025797493913931094,-4.7704895589362195e-18,-8.550438099526755e-06,0.0025711989532935828,0.002579749391393114,-3.999408361691369e-06,0.0,True
cyclonic,0.5,22.75761604309082,41477.2387201928,0.53125,0.0029147367038356298,0.002914736703835627,-2.6020852139652106e-18,-1.0664875441565548e-05,0.0029040718283940615,0.0029147367038356298,-4.988421823643741e-06,0.0,True
cyclonic,0.5,22.75761604309082,46356.91386374489,0.59375,0.0032393161201205007,0.00323931612012049,-1.0842021724855044e-17,-1.2785464997185708e-05,0.003226530655123304,0.0032393161201205007,-5.98031294100439e-06,0.0,True
cyclonic,0.5,22.75761604309082,51236.589007296985,0.65625,0.0035706790977320835,0.003570679097732076,-7.37257477290143e-18,-1.4977809619088912e-05,0.003555701288112987,0.0035706790977320835,-7.005766994994217e-06,0.0,True
cyclonic,0.5,22.75761604309082,56116.26415084908,0.71875,0.003909967246538658,0.003909967246538644,-1.3877787807814457e-17,-1.7276020505898183e-05,0.0038926912260327457,0.003909967246538658,-8.080739263157162e-06,0.0,True
cyclonic,0.5,22.75761604309082,60995.93929440117,0.78125,0.004247412732185409,0.004247412732185395,-1.474514954580286e-17,-2.0279966184450622e-05,0.004227132766000944,0.004247412732185409,-9.485814105525089e-06,0.0,True
cyclonic,0.5,22.75761604309082,65875.61443795326,0.84375,0.004570970824452102,0.004570970824452086,-1.5612511283791264e-17,-2.3662808063018426e-05,0.004547308016389068,0.004570970824452102,-1.1068115028348286e-05,0.0,True
cyclonic,0.5,22.75761604309082,70755.28958150536,0.9062500000000001,0.004887102126588551,0.0048871021265885295,-2.168404344971009e-17,-2.7198305904010554e-05,0.004859903820684519,0.004887102126588551,-1.2721819723174194e-05,0.0,True
cyclonic,0.5,22.75761604309082,75634.96472505745,0.96875,0.005201642666393257,0.005201642666393235,-2.168404344971009e-17,-3.0571566488907814e-05,0.005171071099904327,0.005201642666393257,-1.4299639062062656e-05,0.0,True
cyclonic,0.5,22.75761604309082,80514.63986860955,1.03125,0.005498390241013592,0.0054983902410135795,-1.214306433183765e-17,-3.371500279790785e-05,0.005464675238215672,0.005498390241013592,-1.5769959683336418e-05,0.0,True
cyclonic,0.5,22.75761604309082,85394.31501216163,1.09375,0.005760099896294795,0.0057600998962947765,-1.8214596497756474e-17,-3.66525341908984e-05,0.0057234473621038786,0.005760099896294795,-1.7143969702367783e-05,0.0,True
cyclonic,0.5,22.75761604309082,90273.99015571373,1.15625,0.006014920194773293,0.006014920194773274,-1.9081958235744878e-17,-3.981369741624128e-05,0.005975106497357032,0.006014920194773293,-1.8622581966318017e-05,0.0,True
cyclonic,0.5,22.75761604309082,95153.66529926582,1.21875,0.006198906597241938,0.006198906597241914,-2.42861286636753e-17,-4.2859054481295964e-05,0.006156047542760617,0.006198906597241938,-2.0047026698686725e-05,0.0,True
cyclonic,0.5,22.75761604309082,100033.34044281792,1.28125,0.006326287247123286,0.006326287247123255,-3.122502256758253e-17,-4.5803588266829693e-05,0.006280483658856425,0.006326287247123286,-2.142431203846342e-05,0.0,True
cyclonic,0.5,22.75761604309082,104913.01558637002,1.34375,0.006427124301378805,0.00642712430137877,-3.469446951953614e-17,-4.8589396192711795e-05,0.006378534905186059,0.006427124301378805,-2.2727354453735176e-05,0.0,True
cyclonic,0.5,22.75761604309082,109792.6907299221,1.40625,0.0064797202662733285,0.006479720266273296,-3.209238430557093e-17,-5.096277093219037e-05,0.006428757495341106,0.0064797202662733285,-2.3837484094814394e-05,0.0,True
cyclonic,0.5,22.75761604309082,114672.3658734742,1.46875,0.006494701660546781,0.006494701660546745,-3.5561831257524545e-17,-5.217139106547427e-05,0.006442530269481271,0.006494701660546781,-2.440280781400858e-05,0.0,True
cyclonic,0.5,22.75761604309082,119552.04101702629,1.53125,0.0065459001866570495,0.006545900186657013,-3.642919299551295e-17,-5.2019989529278346e-05,0.006493880197127735,0.0065459001866570495,-2.4331990791209667e-05,0.0,True
cyclonic,0.5,22.75761604309082,124431.71616057839,1.59375,0.006537255811122464,0.0065372558111224345,-2.949029909160572e-17,-5.13726597819679e-05,0.006485883151340467,0.006537255811122464,-2.4029206773124295e-05,0.0,True
cyclonic,0.5,22.75761604309082,129311.39130413048,1.65625,0.006488162484789742,0.00648816248478971,-3.209238430557093e-17,-5.004510003684193e-05,0.006438117384752868,0.006488162484789742,-2.340824987202755e-05,0.0,True
cyclonic,0.5,22.75761604309082,134191.06644768256,1.7187499999999998,0.006445735850711351,0.006445735850711319,-3.209238430557093e-17,-4.793324115694054e-05,0.0063978026095543785,0.006445735850711351,-2.242044246793006e-05,0.0,True
cyclonic,0.5,22.75761604309082,139070.74159123466,1.78125,0.006406089634760432,0.006406089634760395,-3.729655473350135e-17,-4.488177613739745e-05,0.006361207858622997,0.006406089634760432,-2.0993140782038103e-05,0.0,True
cyclonic,0.5,22.75761604309082,143950.41673478676,1.84375,0.0063740180510995425,0.006374018051099508,-3.469446951953614e-17,-4.165098796976323e-05,0.006332367063129745,0.0063740180510995425,-1.948196193224268e-05,0.0,True
cyclonic,0.5,22.75761604309082,148830.09187833886,1.90625,0.006455030557565412,0.006455030557565381,-3.122502256758253e-17,-3.740192986677468e-05,0.006417628627698606,0.006455030557565412,-1.7494494353552715e-05,0.0,True
cyclonic,0.5,22.75761604309082,153709.76702189096,1.9687500000000002,0.006423956534026053,0.006423956534026018,-3.5561831257524545e-17,-3.3870018472619274e-05,0.006390086515553398,0.006423956534026053,-1.5842467194462474e-05,0.0,True
cyclonic,0.5,22.75761604309082,158589.44216544303,2.03125,0.0063319678518400915,0.0063319678518400785,-1.3010426069826053e-17,-3.0006738370488287e-05,0.0063019611134695905,0.0063319678518400915,-1.4035444611037918e-05,0.0,True
cyclonic,0.5,22.75761604309082,163469.11730899513,2.09375,0.006336377171371597,0.006336377171371557,-3.9898639947466563e-17,-2.5116599961819972e-05,0.006311260571409737,0.006336377171371597,-1.1748116147419353e-05,0.0,True
cyclonic,0.5,22.75761604309082,168348.79245254723,2.15625,0.006375189721128885,0.006375189721128858,-2.688821387764051e-17,-2.0079539407822955e-05,0.006355110181721035,0.006375189721128885,-9.392065865140084e-06,0.0,True
cyclonic,0.5,22.75761604309082,173228.46759609933,2.21875,0.0063374624265565335,0.006337462426556504,-2.949029909160572e-17,-1.575269516561194e-05,0.006321709731390892,0.0063374624265565335,-7.3682143571111954e-06,0.0,True
cyclonic,0.5,22.75761604309082,178108.14273965143,2.28125,0.006259953659013149,0.006259953659013109,-3.9898639947466563e-17,-1.1152858898826469e-05,0.006248800800114283,0.006259953659013149,-5.216672715190972e-06,0.0,True
cyclonic,0.5,22.75761604309082,182987.8178832035,2.34375,0.006215654192412429,0.006215654192412402,-2.688821387764051e-17,-6.913150982439191e-06,0.006208741041429963,0.006215654192412429,-3.233578621700387e-06,0.0,True
cyclonic,0.5,22.75761604309082,187867.4930267556,2.40625,0.006232950283509737,0.0062329502835097176,-1.9081958235744878e-17,-2.6255968815953895e-06,0.006230324686628122,0.006232950283509737,-1.2281048059121765e-06,0.0,True
cyclonic,0.5,22.75761604309082,192747.1681703077,2.46875,0.006268310805787819,0.0062683108057877916,-2.7755575615628914e-17,1.3340583902533722e-06,0.006269644864178045,0.006268310805787819,6.239965974678148e-07,0.0,True
cyclonic,0.5,26.558300018310547,2439.837571776047,0.03125,6.559648434401799e-06,6.559648434401801e-06,1.6940658945086007e-21,6.243691842208996e-07,7.184017618622701e-06,6.559648434401799e-06,3.8865142785146985e-09,0.0,True
cyclonic,0.5,26.558300018310547,7319.512715328141,0.09375,0.0009843141088165827,0.0009843141088165825,-2.168404344971009e-19,7.272424508819849e-06,0.0009915865333254023,0.0009843141088165827,4.526870064578451e-08,0.0,True
cyclonic,0.5,26.558300018310547,12199.187858880234,0.15625,0.0019265073966859042,0.0019265073966859034,-8.673617379884035e-19,1.0632936990986328e-05,0.0019371403336768897,0.0019265073966859042,6.618690108734582e-08,0.0,True
cyclonic,0.5,26.558300018310547,17078.86300243233,0.21875,0.0028309684037616184,0.002830968403761617,-1.3010426069826053e-18,-2.544770318938893e-06,0.002828423633442678,0.0028309684037616184,-1.5840445733140574e-08,0.0,True
cyclonic,0.5,26.558300018310547,21958.53814598442,0.28125,0.003691637334664575,0.003691637334664573,-1.734723475976807e-18,-2.5836158574747532e-05,0.0036658011760898257,0.003691637334664575,-1.608224776948643e-07,0.0,True
cyclonic,0.5,26.558300018310547,26838.213289536514,0.34375,0.0044920489897197465,0.004492048989719742,-4.336808689942018e-18,-5.107496030579357e-05,0.004440974029413948,0.0044920489897197465,-3.1792658497509754e-07,0.0,True
cyclonic,0.5,26.558300018310547,31717.88843308861,0.40625,0.005214699260846121,0.005214699260846116,-5.204170427930421e-18,-8.120186529980708e-05,0.005133497395546309,0.005214699260846121,-5.054576953914369e-07,0.0,True
cyclonic,0.5,26.558300018310547,36597.5635766407,0.46874999999999994,0.005842940144932348,0.005842940144932343,-5.204170427930421e-18,-0.00011038265709737749,0.005732557487834965,0.005842940144932348,-6.870995298153111e-07,0.0,True
cyclonic,0.5,26.558300018310547,41477.2387201928,0.53125,0.006368437569237585,0.006368437569237579,-6.071532165918825e-18,-0.00013848826214432072,0.006229949307093258,0.006368437569237585,-8.62048643387504e-07,0.0,True
cyclonic,0.5,26.558300018310547,46356.91386374489,0.59375,0.006797250967367235,0.006797250967367228,-6.938893903907228e-18,-0.00016471114882691875,0.00663253981854031,0.006797250967367235,-1.025278389652068e-06,0.0,True
cyclonic,0.5,26.558300018310547,51236.589007296985,0.65625,0.007158956392766553,0.007158956392766546,-6.938893903907228e-18,-0.00019067754258534505,0.006968278850181201,0.007158956392766553,-1.1869115430076219e-06,0.0,True
cyclonic,0.5,26.558300018310547,56116.26415084908,0.71875,0.007463438182545835,0.007463438182545827,-8.673617379884035e-18,-0.00021964663220976616,0.007243791550336061,0.007463438182545835,-1.3672355937555382e-06,0.0,True
cyclonic,0.5,26.558300018310547,60995.93929440117,0.78125,0.007699704735383137,0.0076997047353831284,-8.673617379884035e-18,-0.0002564021761807743,0.007443302559202354,0.007699704735383137,-1.5960280294939394e-06,0.0,True
cyclonic,0.5,26.558300018310547,65875.61443795326,0.84375,0.007849641715472352,0.007849641715472342,-1.0408340855860843e-17,-0.00029967798202386835,0.007549963733448474,0.007849641715472352,-1.8654071749962725e-06,0.0,True
cyclonic,0.5,26.558300018310547,70755.28958150536,0.9062500000000001,0.007897102446038695,0.00789710244603868,-1.5612511283791264e-17,-0.0003462977282715367,0.007550804717767143,0.007897102446038695,-2.1556013646380712e-06,0.0,True
cyclonic,0.5,26.558300018310547,75634.96472505745,0.96875,0.007863373393411515,0.007863373393411498,-1.734723475976807e-17,-0.0003877909042915989,0.007475582489119899,0.007863373393411515,-2.413884164523725e-06,0.0,True
cyclonic,0.5,26.558300018310547,80514.63986860955,1.03125,0.007769005386100584,0.007769005386100566,-1.734723475976807e-17,-0.00042474639729496607,0.0073442589888056,0.007769005386100584,-2.643921224098276e-06,0.0,True
cyclonic,0.5,26.558300018310547,85394.31501216163,1.09375,0.007570686762304598,0.00757068676230458,-1.8214596497756474e-17,-0.0004627251708363262,0.007107961591468254,0.007570686762304598,-2.880327903638613e-06,0.0,True
cyclonic,0.5,26.558300018310547,90273.99015571373,1.15625,0.007298186642769083,0.007298186642769066,-1.6479873021779667e-17,-0.0005001339248605021,0.006798052717908564,0.007298186642769083,-3.113186379570324e-06,0.0,True
cyclonic,0.5,26.558300018310547,95153.66529926582,1.21875,0.006957472243183558,0.0069574722431835385,-1.9081958235744878e-17,-0.0005371401373219855,0.006420332105861553,0.006957472243183558,-3.3435391528334237e-06,0.0,True
cyclonic,0.5,26.558300018310547,100033.34044281792,1.28125,0.006563131881699645,0.006563131881699631,-1.474514954580286e-17,-0.0005738300639233023,0.005989301817776328,0.006563131881699645,-3.57192313977155e-06,0.0,True
cyclonic,0.5,26.558300018310547,104913.01558637002,1.34375,0.00613088285141862,0.006130882851418602,-1.8214596497756474e-17,-0.0006091591809292466,0.005521723670489356,0.00613088285141862,-3.791836487772946e-06,0.0,True
cyclonic,0.5,26.558300018310547,109792.6907299221,1.40625,0.0056781250476006144,0.005678125047600601,-1.3010426069826053e-17,-0.0006392098497054007,0.005038915197895201,0.0056781250476006144,-3.978893050186696e-06,0.0,True
cyclonic,0.5,26.558300018310547,114672.3658734742,1.46875,0.005190066633698175,0.0051900666336981574,-1.734723475976807e-17,-0.0006556830649279546,0.004534383568770203,0.005190066633698175,-4.081433963148939e-06,0.0,True
cyclonic,0.5,26.558300018310547,119552.04101702629,1.53125,0.004648287078902667,0.004648287078902654,-1.3010426069826053e-17,-0.0006554531075230217,0.0039928339713796316,0.004648287078902667,-4.080002546031777e-06,0.0,True
cyclonic,0.5,26.558300018310547,124431.71616057839,1.59375,0.004069589647152913,0.0040695896471529,-1.3010426069826053e-17,-0.000645526333364659,0.003424063313788241,0.004069589647152913,-4.018211300593857e-06,0.0,True
cyclonic,0.5,26.558300018310547,129311.39130413048,1.65625,0.0035274924032976875,0.0035274924032976706,-1.691355389077387e-17,-0.0006299059831802689,0.0028975864201174015,0.0035274924032976875,-3.920979221302843e-06,0.0,True
cyclonic,0.5,26.558300018310547,134191.06644768256,1.7187499999999998,0.002990436477456705,0.002990436477456692,-1.3010426069826053e-17,-0.0006030733865777931,0.002387363090878899,0.002990436477456705,-3.7539542103627597e-06,0.0,True
cyclonic,0.5,26.558300018310547,139070.74159123466,1.78125,0.0025007159444833697,0.002500715944483359,-1.0842021724855044e-17,-0.0005662554324467399,0.001934460512036619,0.0025007159444833697,-3.524773289759523e-06,0.0,True
cyclonic,0.5,26.558300018310547,143950.41673478676,1.84375,0.002057919797511101,0.002057919797511089,-1.214306433183765e-17,-0.0005278143442134588,0.0015301054532976303,0.002057919797511101,-3.2854888374258977e-06,0.0,True
cyclonic,0.5,26.558300018310547,148830.09187833886,1.90625,0.001735498825215562,0.0017354988252155528,-9.107298248878237e-18,-0.00047549072803609556,0.0012600080971794572,0.001735498825215562,-2.9597897374125025e-06,0.0,True
cyclonic,0.5,26.558300018310547,153709.76702189096,1.9687500000000002,0.0014178950198229907,0.0014178950198229802,-1.0408340855860843e-17,-0.0004308588062280569,0.0009870362135949234,0.0014178950198229907,-2.6819691694404556e-06,0.0,True
cyclonic,0.5,26.558300018310547,158589.44216544303,2.03125,0.001129939175106182,0.0011299391751061758,-6.288372600415926e-18,-0.000381328493634382,0.0007486106814717937,0.001129939175106182,-2.373657561533638e-06,0.0,True
cyclonic,0.5,26.558300018310547,163469.11730899513,2.09375,0.0009200633718798223,0.0009200633718798169,-5.421010862427522e-18,-0.0003217603556306633,0.0005983030162491536,0.0009200633718798223,-2.0028634468547194e-06,0.0,True
cyclonic,0.5,26.558300018310547,168348.79245254723,2.15625,0.0007449175448841419,0.0007449175448841365,-5.421010862427522e-18,-0.00025967039920890496,0.00048524714567523155,0.0007449175448841419,-1.6163717552658157e-06,0.0,True
cyclonic,0.5,26.558300018310547,173228.46759609933,2.21875,0.0005500493141465013,0.000550049314146496,-5.312590645178972e-18,-0.0002034996898463892,0.00034654962430010676,0.0005500493141465013,-1.2667256332456745e-06,0.0,True
cyclonic,0.5,26.558300018310547,178108.14273965143,2.28125,0.00036833877830774715,0.00036833877830774406,-3.0899761915836876e-18,-0.00014519629459233555,0.0002231424837154085,0.00036833877830774715,-9.038041696831864e-07,0.0,True
cyclonic,0.5,26.558300018310547,182987.8178832035,2.34375,0.00019822080567585634,0.00019822080567585208,-4.255493527005605e-18,-9.274615628342017e-05,0.0001054746493924319,0.00019822080567585634,-5.773175066649975e-07,0.0,True
cyclonic,0.5,26.558300018310547,187867.4930267556,2.40625,7.773557996969744e-05,7.773557996969597e-05,-1.4772254600114998e-18,-3.801463265285237e-05,3.9720947316843594e-05,7.773557996969744e-05,-2.3662989194791907e-07,0.0,True
cyclonic,0.5,26.558300018310547,192747.1681703077,2.46875,-8.954401079344146e-06,-8.954401079344464e-06,-3.1848438816761693e-19,1.0999299824515844e-05,2.04489874517138e-06,-8.954401079344146e-06,6.846740182250991e-08,0.0,True
cyclonic,0.5,30.874561309814453,2439.837571776047,0.03125,7.892827534705513e-06,7.892827534705513e-06,0.0,1.5172563416001643e-06,9.410083876305678e-06,7.892827534705513e-06,7.859820407690867e-07,0.0,True
cyclonic,0.5,30.874561309814453,7319.512715328141,0.09375,-3.213042513075575e-05,-3.2130425130755726e-05,2.710505431213761e-20,6.911207676472845e-06,-2.5219217454282883e-05,-3.213042513075575e-05,3.580202609668576e-06,0.0,True
cyclonic,0.5,30.874561309814453,12199.187858880234,0.15625,-7.727434214177836e-05,-7.72743421417783e-05,6.776263578034403e-20,6.37853146086963e-06,-7.089581068090867e-05,-7.727434214177836e-05,3.3042611437937872e-06,0.0,True
cyclonic,0.5,30.874561309814453,17078.86300243233,0.21875,-0.000132593181166444,-0.00013259318116644388,1.3552527156068805e-19,-4.1236441566017715e-06,-0.00013671682532304563,-0.000132593181166444,-2.136165235067111e-06,0.0,True
cyclonic,0.5,30.874561309814453,21958.53814598442,0.28125,-0.00017752375469788127,-0.00017752375469788103,2.439454888092385e-19,-2.2300607508098816e-05,-0.00019982436220597984,-0.00017752375469788127,-1.1552350462493546e-05,0.0,True
cyclonic,0.5,30.874561309814453,26838.213289536514,0.34375,-0.00020151689042393966,-0.0002015168904239391,5.692061405548898e-19,-4.37598793830198e-05,-0.0002452767698069589,-0.00020151689042393966,-2.266886508116425e-05,0.0,True
cyclonic,0.5,30.874561309814453,31717.88843308861,0.40625,-0.0002083120121753979,-0.000208312012175397,8.944667923005412e-19,-6.709255960684642e-05,-0.00027540457178224344,-0.0002083120121753979,-3.475585863401016e-05,0.0,True
cyclonic,0.5,30.874561309814453,36597.5635766407,0.46874999999999994,-0.00021465136404294773,-0.00021465136404294667,1.0570971181733668e-18,-9.215531474538723e-05,-0.0003068066787883339,-0.00021465136404294773,-4.77390803157933e-05,0.0,True
cyclonic,0.5,30.874561309814453,41477.2387201928,0.53125,-0.00022379959445464092,-0.00022379959445463954,1.3823577699190182e-18,-0.00011176305200390775,-0.0003355626464585473,-0.00022379959445464092,-5.7896447217329896e-05,0.0,True
cyclonic,0.5,30.874561309814453,46356.91386374489,0.59375,-0.00023175270550145475,-0.00023175270550145367,1.0842021724855044e-18,-0.00013413358883466512,-0.0003658862943361188,-0.00023175270550145475,-6.948502306259219e-05,0.0,True
cyclonic,0.5,30.874561309814453,51236.589007296985,0.65625,-0.0002348791797426285,-0.0002348791797426272,1.3010426069826053e-18,-0.00015720223295534678,-0.00039208141269797396,-0.0002348791797426285,-8.143523838654124e-05,0.0,True
cyclonic,0.5,30.874561309814453,56116.26415084908,0.71875,-0.00022946846751293977,-0.00022946846751293823,1.5449880957918438e-18,-0.0001820156924414161,-0.00041148415995435433,-0.00022946846751293977,-9.428931781311539e-05,0.0,True
cyclonic,0.5,30.874561309814453,60995.93929440117,0.78125,-0.00021589540762558681,-0.00021589540762558578,1.0299920638612292e-18,-0.00021268099394094987,-0.0004285764015665356,-0.00021589540762558681,-0.0001101748182342133,0.0,True
cyclonic,0.5,30.874561309814453,65875.61443795326,0.84375,-0.00019598566669406546,-0.00019598566669406392,1.5449880957918438e-18,-0.00024728562795253776,-0.0004432712946466017,-0.00019598566669406546,-0.00012810100520391834,0.0,True
cyclonic,0.5,30.874561309814453,70755.28958150536,0.9062500000000001,-0.00017727053411056308,-0.00017727053411056116,1.9244588561617704e-18,-0.00028391315931483444,-0.0004611836934253956,-0.00017727053411056308,-0.00014707511067254994,0.0,True
cyclonic,0.5,30.874561309814453,75634.96472505745,0.96875,-0.00016435914841823334,-0.00016435914841823125,2.087089182034596e-18,-0.0003186162831613097,-0.00048297543157954095,-0.00016435914841823334,-0.00016505231818459665,0.0,True
cyclonic,0.5,30.874561309814453,80514.63986860955,1.03125,-0.00016529572207977695,-0.0001652957220797753,1.6534083130403943e-18,-0.0003497618617040453,-0.0005150575837838205,-0.00016529572207977695,-0.000181186615806405,0.0,True
cyclonic,0.5,30.874561309814453,85394.31501216163,1.09375,-0.00017655321099770702,-0.00017655321099770474,2.2768245622195593e-18,-0.0003784600699330574,-0.0005550132809307622,-0.00017655321099770702,-0.000196053105833045,0.0,True
cyclonic,0.5,30.874561309814453,90273.99015571373,1.15625,-0.0002075749903577176,-0.0002075749903577153,2.303929616531697e-18,-0.0004078630814558116,-0.000615438071813527,-0.0002075749903577176,-0.00021128470405924738,0.0,True
cyclonic,0.5,30.874561309814453,95153.66529926582,1.21875,-0.00021346922763405894,-0.00021346922763405528,3.6591823321385775e-18,-0.0004349311842200452,-0.0006484004118541005,-0.00021346922763405894,-0.00022530675298206953,0.0,True
cyclonic,0.5,30.874561309814453,100033.34044281792,1.28125,-0.00025490737271884235,-0.00025490737271883894,3.415236843329339e-18,-0.0004630685597337966,-0.0007179759324526355,-0.00025490737271884235,-0.00023988271567329183,0.0,True
cyclonic,0.5,30.874561309814453,104913.01558637002,1.34375,-0.00032984208722719953,-0.0003298420872271959,3.63207727782644e-18,-0.0004900239694062573,-0.0008198660566334532,-0.00032984208722719953,-0.0002538463863617816,0.0,True
cyclonic,0.5,30.874561309814453,109792.6907299221,1.40625,-0.0004299346220549332,-0.00042993462205493017,3.0357660829594124e-18,-0.0005125503015665392,-0.0009424849236214694,-0.0004299346220549332,-0.0002655156686293435,0.0,True
cyclonic,0.5,30.874561309814453,114672.3658734742,1.46875,-0.0005616293049652292,-0.0005616293049652251,4.119968255444917e-18,-0.0005237653681662653,-0.0010853946731314904,-0.0005616293049652292,-0.0002713253928609901,0.0,True
cyclonic,0.5,30.874561309814453,119552.04101702629,1.53125,-0.0007146746386497317,-0.0007146746386497273,4.445228907190568e-18,-0.000522442086153217,-0.0012371167248029441,-0.0007146746386497317,-0.0002706398950524709,0.0,True
cyclonic,0.5,30.874561309814453,124431.71616057839,1.59375,-0.0008886240520338471,-0.0008886240520338426,4.553649124439119e-18,-0.000515307737719251,-0.0014039317897530936,-0.0008886240520338471,-0.00026694409916884823,0.0,True
cyclonic,0.5,30.874561309814453,129311.39130413048,1.65625,-0.0010652030625315175,-0.0010652030625315123,5.204170427930421e-18,-0.000502488580479631,-0.0015676916430111434,-0.0010652030625315175,-0.00026030341025433683,0.0,True
cyclonic,0.5,30.874561309814453,134191.06644768256,1.7187499999999998,-0.0012584914581214434,-0.0012584914581214393,4.119968255444917e-18,-0.00047869300068269823,-0.0017371844588041376,-0.0012584914581214434,-0.00024797662152570846,0.0,True
cyclonic,0.5,30.874561309814453,139070.74159123466,1.78125,-0.0014455072040415462,-0.0014455072040415395,6.7220534694101275e-18,-0.000452156459057715,-0.0018976636630992545,-0.0014455072040415462,-0.00023422993642742033,0.0,True
cyclonic,0.5,30.874561309814453,143950.41673478676,1.84375,-0.0016433665260785215,-0.0016433665260785154,6.071532165918825e-18,-0.0004251424183949341,-0.0020685089444734497,-0.0016433665260785215,-0.0002202358932144199,0.0,True
cyclonic,0.5,30.874561309814453,148830.09187833886,1.90625,-0.0018556294090810767,-0.0018556294090810715,5.204170427930421e-18,-0.0003861710972216836,-0.002241800506302755,-0.0018556294090810767,-0.00020004763780405568,0.0,True
cyclonic,0.5,30.874561309814453,153709.76702189096,1.9687500000000002,-0.0020614840251270243,-0.0020614840251270143,9.974659986866641e-18,-0.00034642790684463894,-0.002407911931971653,-0.0020614840251270243,-0.00017945953214072426,0.0,True
cyclonic,0.5,30.874561309814453,158589.44216544303,2.03125,-0.002222438028955011,-0.0022224380289550057,5.204170427930421e-18,-0.00030903348183509885,-0.0025314715107901046,-0.002222438028955011,-0.00016008815389926802,0.0,True
cyclonic,0.5,30.874561309814453,163469.11730899513,2.09375,-0.0023775244765227963,-0.0023775244765227893,6.938893903907228e-18,-0.0002643754886285029,-0.0026418999651512923,-0.0023775244765227963,-0.00013695404025295172,0.0,True
cyclonic,0.5,30.874561309814453,168348.79245254723,2.15625,-0.002547999417530996,-0.002547999417530988,7.806255641895632e-18,-0.00021630215036370635,-0.0027643015678946946,-0.002547999417530996,-0.00011205068049760679,0.0,True
cyclonic,0.5,30.874561309814453,173228.46759609933,2.21875,-0.002691378204202126,-0.002691378204202116,9.974659986866641e-18,-0.0001709199095379104,-0.0028622981137400266,-0.002691378204202126,-8.85413859367981e-05,0.0,True
cyclonic,0.5,30.874561309814453,178108.14273965143,2.28125,-0.002833832559552114,-0.0028338325595521083,5.637851296924623e-18,-0.00012995426500035252,-0.002963786824552461,-0.002833832559552114,-6.732001416708576e-05,0.0,True
cyclonic,0.5,30.874561309814453,182987.8178832035,2.34375,-0.0029569817260569065,-0.002956981726056897,9.540979117872439e-18,-8.867632306174453e-05,-0.0030456580491186416,-0.0029569817260569065,-4.5936863440268945e-05,0.0,True
cyclonic,0.5,30.874561309814453,187867.4930267556,2.40625,-0.0030764096542071425,-0.0030764096542071364,6.071532165918825e-18,-4.739568810905659e-05,-0.003123805342316193,-0.0030764096542071425,-2.4552317655382932e-05,0.0,True
cyclonic,0.5,30.874561309814453,192747.1681703077,2.46875,-0.0032005864142080186,-0.003200586414208013,5.637851296924623e-18,-9.658679373606137e-06,-0.003210245093581619,-0.0032005864142080186,-5.0034712771046055e-06,0.0,True
cyclonic,0.5,35.740203857421875,2439.837571776047,0.03125,7.702352841171362e-06,7.702352841171362e-06,0.0,1.1800256616376245e-06,8.882378502808986e-06,7.702352841171362e-06,1.8795702828519571e-06,1.0,False
cyclonic,0.5,35.740203857421875,7319.512715328141,0.09375,-0.0004963905576233754,-0.0004963905576233754,0.0,4.1050780166592345e-06,-0.0004922854796067162,-0.0004963905576233754,6.5386566578507145e-06,0.0,True
cyclonic,0.5,35.740203857421875,12199.187858880234,0.15625,-0.0009748303752083346,-0.0009748303752083346,0.0,4.297274068170289e-06,-0.0009705331011401643,-0.0009748303752083346,6.844790667174148e-06,0.0,True
cyclonic,0.5,35.740203857421875,17078.86300243233,0.21875,-0.0014372806874077852,-0.0014372806874077854,-2.168404344971009e-19,-1.938366158287663e-06,-0.001439219053566073,-0.0014372806874077852,-3.0874713549426424e-06,0.0,True
cyclonic,0.5,35.740203857421875,21958.53814598442,0.28125,-0.0018674335125155024,-0.001867433512515503,-6.505213034913027e-19,-1.2525428857872267e-05,-0.0018799589413733752,-0.0018674335125155024,-1.995077278960287e-05,0.0,True
cyclonic,0.5,35.740203857421875,26838.213289536514,0.34375,-0.0022524796632955976,-0.0022524796632955985,-8.673617379884035e-19,-2.6977051111825804e-05,-0.0022794567144074243,-0.0022524796632955976,-4.296962789639507e-05,0.0,True
cyclonic,0.5,35.740203857421875,31717.88843308861,0.40625,-0.0025806524711962523,-0.0025806524711962544,-2.168404344971009e-18,-4.1306267911223555e-05,-0.002621958739107478,-0.0025806524711962523,-6.579351295946573e-05,0.0,True
cyclonic,0.5,35.740203857421875,36597.5635766407,0.46874999999999994,-0.0028461240956948004,-0.0028461240956948017,-1.3010426069826053e-18,-5.720956838500614e-05,-0.0029033336640798078,-0.0028461240956948004,-9.112463239317731e-05,0.0,True
cyclonic,0.5,35.740203857421875,41477.2387201928,0.53125,-0.003049668230800217,-0.00304966823080022,-2.6020852139652106e-18,-6.884459318740963e-05,-0.0031185128239876294,-0.003049668230800217,-0.00010965715043053402,0.0,True
cyclonic,0.5,35.740203857421875,46356.91386374489,0.59375,-0.0031930731821138802,-0.0031930731821138824,-2.168404344971009e-18,-8.147316613467132e-05,-0.003274546348248554,-0.0031930731821138802,-0.00012977221334667459,0.0,True
cyclonic,0.5,35.740203857421875,51236.589007296985,0.65625,-0.003292194226830789,-0.0032921942268307925,-3.469446951953614e-18,-9.584569584587291e-05,-0.0033880399226766653,-0.003292194226830789,-0.00015266508814830508,0.0,True
cyclonic,0.5,35.740203857421875,56116.26415084908,0.71875,-0.003350560542951342,-0.003350560542951345,-3.0357660829594124e-18,-0.00011180677415946385,-0.003462367317110809,-0.003350560542951342,-0.00017808823736936932,0.0,True
cyclonic,0.5,35.740203857421875,60995.93929440117,0.78125,-0.0033654126233221607,-0.003365412623322162,-1.3010426069826053e-18,-0.0001312000934908436,-0.0034966127168130057,-0.0033654126233221607,-0.00020897833398856772,0.0,True
cyclonic,0.5,35.740203857421875,65875.61443795326,0.84375,-0.0033362273700406546,-0.003336227370040657,-2.6020852139652106e-18,-0.00015303524153475318,-0.0034892626115754105,-0.0033362273700406546,-0.0002437578279599528,0.0,True
cyclonic,0.5,35.740203857421875,70755.28958150536,0.9062500000000001,-0.003262177123777809,-0.0032621771237778116,-2.6020852139652106e-18,-0.0001760447086350145,-0.003438221832412826,-0.003262177123777809,-0.0002804078026104126,0.0,True
cyclonic,0.5,35.740203857421875,75634.96472505745,0.96875,-0.0031628179166547947,-0.003162817916654798,-3.469446951953614e-18,-0.00019868823854201162,-0.0033615061551968096,-0.0031628179166547947,-0.0003164749046198697,0.0,True
cyclonic,0.5,35.740203857421875,80514.63986860955,1.03125,-0.0030523882343683703,-0.003052388234368372,-1.734723475976807e-18,-0.00021869253475000747,-0.0032710807691183797,-0.0030523882343683703,-0.00034833817836405,0.0,True
cyclonic,0.5,35.740203857421875,85394.31501216163,1.09375,-0.002905503421426383,-0.0029055034214263854,-2.168404344971009e-18,-0.00023718086847816534,-0.0031426842899045506,-0.002905503421426383,-0.00037778679442776274,0.0,True
cyclonic,0.5,35.740203857421875,90273.99015571373,1.15625,-0.002756689920030873,-0.0027566899200308762,-3.0357660829594124e-18,-0.0002549144601575921,-0.0030116043801884686,-0.002756689920030873,-0.0004060332411047141,0.0,True
cyclonic,0.5,35.740203857421875,95153.66529926582,1.21875,-0.0025671212112053235,-0.0025671212112053283,-4.7704895589362195e-18,-0.0002717789767243812,-0.0028389001879297097,-0.0025671212112053235,-0.00043289540622882763,0.0,True
cyclonic,0.5,35.740203857421875,100033.34044281792,1.28125,-0.0023711320571796275,-0.0023711320571796306,-3.0357660829594124e-18,-0.0002886221637158453,-0.002659754220895476,-0.0023711320571796275,-0.0004597235971460829,0.0,True
cyclonic,0.5,35.740203857421875,104913.01558637002,1.34375,-0.0021993646275691677,-0.0021993646275691703,-2.6020852139652106e-18,-0.00030417707429553564,-0.002503541701864706,-0.0021993646275691677,-0.0004844997936547514,0.0,True
cyclonic,0.5,35.740203857421875,109792.6907299221,1.40625,-0.0020346003895606916,-0.0020346003895606933,-1.734723475976807e-18,-0.0003170664390738431,-0.0023516668286345365,-0.0020346003895606916,-0.0005050302514149024,0.0,True
cyclonic,0.5,35.740203857421875,114672.3658734742,1.46875,-0.001872602515646144,-0.001872602515646146,-1.951563910473908e-18,-0.0003235877133581659,-0.002196190229004312,-0.001872602515646144,-0.0005154174775148242,0.0,True
cyclonic,0.5,35.740203857421875,119552.04101702629,1.53125,-0.0017019016761509382,-0.00170190167615094,-1.734723475976807e-18,-0.00032162934590462746,-0.0020235310220555673,-0.0017019016761509382,-0.0005122981476661266,0.0,True
cyclonic,0.5,35.740203857421875,124431.71616057839,1.59375,-0.001531939248988186,-0.0015319392489881861,-2.168404344971009e-19,-0.00031784694232527206,-0.001849786191313458,-0.001531939248988186,-0.0005062734538000262,0.0,True
cyclonic,0.5,35.740203857421875,129311.39130413048,1.65625,-0.001393720596663457,-0.0013937205966634576,-6.505213034913027e-19,-0.00030974279085558924,-0.001703463387519047,-0.001393720596663457,-0.0004933649868358352,0.0,True
cyclonic,0.5,35.740203857421875,134191.06644768256,1.7187499999999998,-0.0012527197211985427,-0.0012527197211985423,4.336808689942018e-19,-0.0002954919435181241,-0.0015482116647166663,-0.0012527197211985427,-0.00047066593033922747,0.0,True
cyclonic,0.5,35.740203857421875,139070.74159123466,1.78125,-0.0011399222183371403,-0.0011399222183371383,1.951563910473908e-18,-0.00028021039850364455,-0.0014201326168407828,-0.0011399222183371403,-0.0004463251563890922,0.0,True
cyclonic,0.5,35.740203857421875,143950.41673478676,1.84375,-0.0010535540655532145,-0.0010535540655532125,1.951563910473908e-18,-0.0002643659794621986,-0.001317920045015411,-0.0010535540655532145,-0.0004210878245686755,0.0,True
cyclonic,0.5,35.740203857421875,148830.09187833886,1.90625,-0.0009997672387724048,-0.0009997672387724035,1.3010426069826053e-18,-0.00024003871405168143,-0.001239805952824085,-0.0009997672387724048,-0.00038233883239404423,0.0,True
cyclonic,0.5,35.740203857421875,153709.76702189096,1.9687500000000002,-0.0009745344102951272,-0.0009745344102951256,1.6263032587282567e-18,-0.00021568672521621367,-0.0011902211355113391,-0.0009745344102951272,-0.0003435504602157926,0.0,True
cyclonic,0.5,35.740203857421875,158589.44216544303,2.03125,-0.000949680835975515,-0.0009496808359755142,7.589415207398531e-19,-0.00019336569791413098,-0.0011430465338896452,-0.000949680835975515,-0.0003079970472997559,0.0,True
cyclonic,0.5,35.740203857421875,163469.11730899513,2.09375,-0.0009311354743820469,-0.0009311354743820456,1.3010426069826053e-18,-0.00016745205657747476,-0.0010985875309595203,-0.0009311354743820469,-0.0002667212413912057,0.0,True
cyclonic,0.5,35.740203857421875,168348.79245254723,2.15625,-0.0009326354273308051,-0.0009326354273308015,3.577867169202165e-18,-0.00013670057609047265,-0.0010693360034212743,-0.0009326354273308051,-0.00021773962111283193,0.0,True
cyclonic,0.5,35.740203857421875,173228.46759609933,2.21875,-0.0009233138429789289,-0.0009233138429789264,2.4936649967166602e-18,-0.00010724635643885175,-0.001030560199417778,-0.0009233138429789289,-0.0001708243058264244,0.0,True
cyclonic,0.5,35.740203857421875,178108.14273965143,2.28125,-0.0009242692112568078,-0.0009242692112568063,1.4094628242311558e-18,-8.300169718357545e-05,-0.0010072709084403817,-0.0009242692112568078,-0.00013220689051458436,0.0,True
cyclonic,0.5,35.740203857421875,182987.8178832035,2.34375,-0.0009365679183736628,-0.0009365679183736596,3.2526065174565133e-18,-5.6518978878660255e-05,-0.0009930868972523198,-0.0009365679183736628,-9.002464655729662e-05,0.0,True
cyclonic,0.5,35.740203857421875,187867.4930267556,2.40625,-0.0009594306986627963,-0.0009594306986627942,2.0599841277224584e-18,-3.177752525240448e-05,-0.0009912082239151988,-0.0009594306986627963,-5.061592647409652e-05,0.0,True
cyclonic,0.5,35.740203857421875,192747.1681703077,2.46875,-0.0010045652971555619,-0.00100456529715556,1.951563910473908e-18,-8.465544927625334e-06,-0.0010130308420831854,-0.0010045652971555619,-1.3484102245734896e-05,0.0,True
cyclonic,0.5,41.180023193359375,2439.837571776047,0.03125,9.718802861828488e-06,9.718802861828488e-06,0.0,4.0530698252368413e-07,1.0124109844352172e-05,9.718802861828488e-06,3.850485856071748e-08,1.0,False
cyclonic,0.5,41.180023193359375,7319.512715328141,0.09375,-8.555558484655998e-05,-8.555558484655998e-05,0.0,2.7045193634139875e-06,-8.285106548314599e-05,-8.555558484655998e-05,2.569339785723825e-07,0.0,True
cyclonic,0.5,41.180023193359375,12199.187858880234,0.15625,-0.00016201858763894647,-0.00016201858763894647,0.0,3.7067793246691965e-06,-0.00015831180831427728,-0.00016201858763894647,3.521503940629468e-07,0.0,True
cyclonic,0.5,41.180023193359375,17078.86300243233,0.21875,-0.00022981613088641787,-0.00022981613088641787,0.0,2.8993428751735903e-07,-0.00022952619659890051,-0.00022981613088641787,2.7544254636930524e-08,0.0,True
cyclonic,0.5,41.180023193359375,21958.53814598442,0.28125,-0.00029551642384624847,-0.0002955164238462487,-2.168404344971009e-19,-6.137077487582727e-06,-0.0003016535013338314,-0.00029551642384624847,-5.830328882175812e-07,0.0,True
cyclonic,0.5,41.180023193359375,26838.213289536514,0.34375,-0.00035725904604225927,-0.0003572590460422598,-5.421010862427522e-19,-1.4318311261744036e-05,-0.00037157735730400387,-0.00035725904604225927,-1.3602641299908167e-06,0.0,True
cyclonic,0.5,41.180023193359375,31717.88843308861,0.40625,-0.0004108404575736125,-0.00041084045757361327,-7.589415207398531e-19,-2.2875600146328657e-05,-0.0004337160577199419,-0.0004108404575736125,-2.1732212522996496e-06,0.0,True
cyclonic,0.5,41.180023193359375,36597.5635766407,0.46874999999999994,-0.0004519227285795454,-0.0004519227285795459,-5.421010862427522e-19,-3.1157920736944e-05,-0.00048308064931648994,-0.0004519227285795454,-2.9600559150297106e-06,0.0,True
cyclonic,0.5,41.180023193359375,41477.2387201928,0.53125,-0.000481576784931544,-0.000481576784931545,-9.75781955236954e-19,-3.7407258762348364e-05,-0.0005189840436938933,-0.000481576784931544,-3.5537537469002667e-06,0.0,True
cyclonic,0.5,41.180023193359375,46356.91386374489,0.59375,-0.0005041626382696634,-0.0005041626382696641,-6.505213034913027e-19,-4.42993789108604e-05,-0.0005484620171805245,-0.0005041626382696634,-4.2085169830268974e-06,0.0,True
cyclonic,0.5,41.180023193359375,51236.589007296985,0.65625,-0.0005229779807774572,-0.000522977980777458,-8.673617379884035e-19,-5.193240375976447e-05,-0.0005749103845372225,-0.0005229779807774572,-4.933667436560765e-06,0.0,True
cyclonic,0.5,41.180023193359375,56116.26415084908,0.71875,-0.0005378655184695295,-0.0005378655184695302,-7.589415207398531e-19,-6.076939193670678e-05,-0.000598634910406237,-0.0005378655184695295,-5.773196471410325e-06,0.0,True
cyclonic,0.5,41.180023193359375,60995.93929440117,0.78125,-0.0005480740669672018,-0.0005480740669672029,-1.0842021724855044e-18,-7.098755195716918e-05,-0.0006190616189243721,-0.0005480740669672018,-6.743939200511204e-06,0.0,True
cyclonic,0.5,41.180023193359375,65875.61443795326,0.84375,-0.0005545338555530321,-0.000554533855553033,-8.673617379884035e-19,-8.313737559083864e-05,-0.0006376712311438716,-0.0005545338555530321,-7.89819328623934e-06,0.0,True
cyclonic,0.5,41.180023193359375,70755.28958150536,0.9062500000000001,-0.0005616196593772933,-0.0005616196593772943,-9.75781955236954e-19,-9.595069318531178e-05,-0.0006575703525626061,-0.0005616196593772933,-9.11548043633158e-06,0.0,True
cyclonic,0.5,41.180023193359375,75634.96472505745,0.96875,-0.0005714840135264965,-0.0005714840135264979,-1.4094628242311558e-18,-0.00010790521645145191,-0.0006793892299779497,-0.0005714840135264965,-1.0251180652146724e-05,0.0,True
cyclonic,0.5,41.180023193359375,80514.63986860955,1.03125,-0.0005735831900518807,-0.000573583190051881,-3.2526065174565133e-19,-0.00011860906706599038,-0.0006921922571178714,-0.0005735831900518807,-1.1268064820787385e-05,0.0,True
cyclonic,0.5,41.180023193359375,85394.31501216163,1.09375,-0.0005621325388301598,-0.0005621325388301612,-1.4094628242311558e-18,-0.0001282233352200961,-0.0006903558740502572,-0.0005621325388301598,-1.2181436786731791e-05,0.0,True
cyclonic,0.5,41.180023193359375,90273.99015571373,1.15625,-0.0005416245484420131,-0.0005416245484420142,-1.0842021724855044e-18,-0.0001374677913965369,-0.0006790923398385511,-0.0005416245484420131,-1.3059675980461454e-05,0.0,True
cyclonic,0.5,41.180023193359375,95153.66529926582,1.21875,-0.000527689085659127,-0.0005276890856591289,-1.951563910473908e-18,-0.0001464235076543079,-0.0006741125933134368,-0.000527689085659127,-1.3910484386643404e-05,0.0,True
cyclonic,0.5,41.180023193359375,100033.34044281792,1.28125,-0.0004993608199118568,-0.000499360819911858,-1.1926223897340549e-18,-0.00015531503279960613,-0.0006546758527114641,-0.0004993608199118568,-1.4755194527033755e-05,0.0,True
cyclonic,0.5,41.180023193359375,104913.01558637002,1.34375,-0.0004644367922467951,-0.00046443679224679793,-2.8189256484623115e-18,-0.0001632805198705076,-0.0006277173121173056,-0.0004644367922467951,-1.5511929461928106e-05,0.0,True
cyclonic,0.5,41.180023193359375,109792.6907299221,1.40625,-0.00042192192333428497,-0.0004219219233342869,-1.951563910473908e-18,-0.00017015014419508156,-0.0005920720675293685,-0.00042192192333428497,-1.616455555619365e-05,0.0,True
cyclonic,0.5,41.180023193359375,114672.3658734742,1.46875,-0.0003680054368315729,-0.0003680054368315748,-1.8973538018496328e-18,-0.00017344635387103396,-0.0005414517907026087,-0.0003680054368315729,-1.6477701129380508e-05,0.0,True
cyclonic,0.5,41.180023193359375,119552.04101702629,1.53125,-0.0003011802134905586,-0.00030118021349056075,-2.168404344971009e-18,-0.00017274082976977877,-0.0004739210432603395,-0.0003011802134905586,-1.6410675129579426e-05,0.0,True
cyclonic,0.5,41.180023193359375,124431.71616057839,1.59375,-0.00022342147130292444,-0.0002234214713029272,-2.7647155398380363e-18,-0.00017024245013252376,-0.000393663921435451,-0.00022342147130292444,-1.6173324778582553e-05,0.0,True
cyclonic,0.5,41.180023193359375,129311.39130413048,1.65625,-0.00014588772507578558,-0.00014588772507578837,-2.791820594150174e-18,-0.00016595290130894363,-0.00031184062638473203,-0.00014588772507578558,-1.5765810282501566e-05,0.0,True
cyclonic,0.5,41.180023193359375,134191.06644768256,1.7187499999999998,-5.52242935776563e-05,-5.5224293577659116e-05,-2.8189256484623115e-18,-0.00015824278329963878,-0.00021346707687729788,-5.52242935776563e-05,-1.5033335846492125e-05,0.0,True
cyclonic,0.5,41.180023193359375,139070.74159123466,1.78125,2.4582491656847297e-05,2.4582491656844705e-05,-2.591920818598159e-18,-0.00014960122865408985,-0.00012501873699724515,2.4582491656847297e-05,-1.4212373332351059e-05,0.0,True
cyclonic,0.5,41.180023193359375,143950.41673478676,1.84375,0.00010933271140921649,0.00010933271140921392,-2.574980159653073e-18,-0.0001408877790538413,-3.155506764462737e-05,0.00010933271140921649,-1.3384580674192485e-05,0.0,True
cyclonic,0.5,41.180023193359375,148830.09187833886,1.90625,0.00019615636920225962,0.00019615636920225678,-2.846030702774449e-18,-0.00012821723524884612,6.793913395341066e-05,0.00019615636920225962,-1.2180857278999791e-05,0.0,True
cyclonic,0.5,41.180023193359375,153709.76702189096,1.9687500000000002,0.00027869757290125633,0.00027869757290125097,-5.366800753803247e-18,-0.00011562702449492506,0.0001630705484063259,0.00027869757290125633,-1.0984765661454008e-05,0.0,True
cyclonic,0.5,41.180023193359375,158589.44216544303,2.03125,0.0003425052808699161,0.00034250528086991267,-3.415236843329339e-18,-0.00010307825228918662,0.00023942702858072607,0.0003425052808699161,-9.792610777064898e-06,0.0,True
cyclonic,0.5,41.180023193359375,163469.11730899513,2.09375,0.0003967856812415043,0.00039678568124150074,-3.577867169202165e-18,-8.969494036384582e-05,0.0003070907408776549,0.0003967856812415043,-8.521173187831908e-06,0.0,True
cyclonic,0.5,41.180023193359375,168348.79245254723,2.15625,0.00044514176112527573,0.00044514176112527275,-2.9815559743351372e-18,-7.283632437517774e-05,0.00037230543675009504,0.00044514176112527573,-6.919575751411768e-06,0.0,True
cyclonic,0.5,41.180023193359375,173228.46759609933,2.21875,0.0004830782701631262,0.0004830782701631199,-6.288372600415926e-18,-5.703355561059499e-05,0.00042604471455252494,0.0004830782701631262,-5.418285612369008e-06,0.0,True
cyclonic,0.5,41.180023193359375,178108.14273965143,2.28125,0.0005268976339504275,0.000526897633950424,-3.577867169202165e-18,-4.404427380802799e-05,0.000482853360142396,0.0005268976339504275,-4.184281560677357e-06,0.0,True
cyclonic,0.5,41.180023193359375,182987.8178832035,2.34375,0.000556575915442598,0.0005565759154425948,-3.2526065174565133e-18,-2.986281684402899e-05,0.0005267130985985658,0.000556575915442598,-2.8370188237177866e-06,0.0,True
cyclonic,0.5,41.180023193359375,187867.4930267556,2.40625,0.0005846493707521029,0.0005846493707520989,-4.0115480381963664e-18,-1.650314623033635e-05,0.0005681462245217625,0.0005846493707521029,-1.5678271996431897e-06,0.0,True
cyclonic,0.5,41.180023193359375,192747.1681703077,2.46875,0.0005980895459199946,0.0005980895459199903,-4.336808689942018e-18,-3.779541548148258e-06,0.0005943100043718421,0.0005980895459199946,-3.590629301021226e-07,0.0,True
cyclonic,0.5,47.21189498901367,2439.837571776047,0.03125,8.496976776390761e-06,8.496976776390761e-06,0.0,7.360601388040365e-07,9.233036915194798e-06,8.496976776390761e-06,2.9339885442659935e-06,1.0,False
cyclonic,0.5,47.21189498901367,7319.512715328141,0.09375,5.8586131433399874e-05,5.8586131433400064e-05,1.8973538018496328e-19,4.062249834926231e-06,6.264838126832629e-05,5.8586131433399874e-05,1.6192419411524618e-05,0.0,True
cyclonic,0.5,47.21189498901367,12199.187858880234,0.15625,0.00010818218158512788,0.00010818218158512831,4.336808689942018e-19,4.71823162360964e-06,0.00011290041320873796,0.00010818218158512788,1.8807209904556113e-05,0.0,True
cyclonic,0.5,47.21189498901367,17078.86300243233,0.21875,0.00015340301239386372,0.00015340301239386448,7.589415207398531e-19,3.0442344123287753e-07,0.00015370743583509737,0.00015340301239386372,1.213453686861159e-06,0.0,True
cyclonic,0.5,47.21189498901367,21958.53814598442,0.28125,0.00019211479339872198,0.00019211479339872333,1.3552527156068805e-18,-9.809598140111933e-06,0.0001823051952586114,0.00019211479339872198,-3.9101762274079514e-05,0.0,True
cyclonic,0.5,47.21189498901367,26838.213289536514,0.34375,0.0002178667064592204,0.00021786670645922214,1.734723475976807e-18,-2.5094662478876526e-05,0.00019277204398034561,0.0002178667064592204,-0.00010002912581963284,0.0,True
cyclonic,0.5,47.21189498901367,31717.88843308861,0.40625,0.00023179711744321133,0.00023179711744321382,2.4936649967166602e-18,-4.034326110497988e-05,0.00019145385633823395,0.00023179711744321133,-0.00016081113441717825,0.0,True
cyclonic,0.5,47.21189498901367,36597.5635766407,0.46874999999999994,0.00023992914157953558,0.00023992914157953938,3.7947076036992655e-18,-5.452834296892577e-05,0.0001854007986106136,0.00023992914157953558,-0.0002173538888664487,0.0,True
cyclonic,0.5,47.21189498901367,41477.2387201928,0.53125,0.00024023936181831582,0.00024023936181832118,5.366800753803247e-18,-6.542308755446345e-05,0.00017481627426385772,0.00024023936181831582,-0.0002607811227587892,0.0,True
cyclonic,0.5,47.21189498901367,46356.91386374489,0.59375,0.0002278307942206096,0.0002278307942206145,4.9060148304969076e-18,-7.660870389419663e-05,0.00015122209032641788,0.0002278307942206096,-0.0003053677923407824,0.0,True
cyclonic,0.5,47.21189498901367,51236.589007296985,0.65625,0.00020868287263675763,0.00020868287263676297,5.339695699491109e-18,-8.914605352308506e-05,0.00011953681911367792,0.00020868287263675763,-0.0003553425678345134,0.0,True
cyclonic,0.5,47.21189498901367,56116.26415084908,0.71875,0.00018541141952014496,0.00018541141952015182,6.8575787409708155e-18,-0.0001050851291814331,8.032629033871871e-05,0.00018541141952014496,-0.0004188768674418346,0.0,True
cyclonic,0.5,47.21189498901367,60995.93929440117,0.78125,0.00015522846575651169,0.00015522846575651917,7.48099499014998e-18,-0.00012302079621988684,3.2207669536632325e-05,0.00015522846575651169,-0.0004903697235963539,0.0,True
cyclonic,0.5,47.21189498901367,65875.61443795326,0.84375,0.00011906400757022217,0.00011906400757023381,1.1641620827063104e-17,-0.00014341865342752894,-2.4354645857295126e-05,0.00011906400757022217,-0.0005716770464898827,0.0,True
cyclonic,0.5,47.21189498901367,70755.28958150536,0.9062500000000001,7.791714636889031e-05,7.791714636890173e-05,1.1424780392566003e-17,-0.00016464090706696423,-8.67237606980625e-05,7.791714636889031e-05,-0.0006562704727319029,0.0,True
cyclonic,0.5,47.21189498901367,75634.96472505745,0.96875,3.594269797577043e-05,3.594269797577843e-05,7.995991022080595e-18,-0.00018460750749219986,-0.00014866480951642144,3.594269797577043e-05,-0.0007358587751371419,0.0,True
cyclonic,0.5,47.21189498901367,80514.63986860955,1.03125,-3.993573786805606e-07,-3.993573786710535e-07,9.507097799982267e-18,-0.00020376479028657408,-0.00020416414766524514,-3.993573786805606e-07,-0.0008122210793766901,0.0,True
cyclonic,0.5,47.21189498901367,85394.31501216163,1.09375,-1.8714843697634638e-05,-1.871484369762359e-05,1.1048697763985094e-17,-0.00022031584748464445,-0.00023903069118226804,-1.8714843697634638e-05,-0.0008781947813265497,0.0,True
cyclonic,0.5,47.21189498901367,90273.99015571373,1.15625,-2.751853902911178e-05,-2.7518539029098568e-05,1.3213713977167085e-17,-0.0002369116774070121,-0.00026443021643611064,-2.751853902911178e-05,-0.0009443469505690371,0.0,True
cyclonic,0.5,47.21189498901367,95153.66529926582,1.21875,-4.229468899984345e-05,-4.229468899982973e-05,1.3721933745519665e-17,-0.00025186848845895886,-0.0002941631774587886,-4.229468899984345e-05,-0.0010039658729528314,0.0,True
cyclonic,0.5,47.21189498901367,100033.34044281792,1.28125,-4.249010976467826e-05,-4.24901097646581e-05,2.0159384144652348e-17,-0.00026641613704393946,-0.00030890624680859755,-4.249010976467826e-05,-0.001061953844375509,0.0,True
cyclonic,0.5,47.21189498901367,104913.01558637002,1.34375,-2.4816078259728573e-05,-2.4816078259713452e-05,1.512123217438377e-17,-0.00027828423473275765,-0.00030310031299247113,-2.4816078259728573e-05,-0.0011092609336003105,0.0,True
cyclonic,0.5,47.21189498901367,109792.6907299221,1.40625,8.67166136157107e-06,8.67166136158191e-06,1.0838633593066027e-17,-0.0002884002962648401,-0.0002797286349032582,8.67166136157107e-06,-0.0011495842809513095,0.0,True
cyclonic,0.5,47.21189498901367,114672.3658734742,1.46875,5.1301842285905027e-05,5.1301842285922564e-05,1.7536970139953034e-17,-0.0002940971784712608,-0.00024279533618533822,5.1301842285905027e-05,-0.0011722924623219638,0.0,True
cyclonic,0.5,47.21189498901367,119552.04101702629,1.53125,8.740514469864751e-05,8.740514469866339e-05,1.588356182691264e-17,-0.0002935874639486379,-0.0002061823192499745,8.740514469864751e-05,-0.0011702607036498378,0.0,True
cyclonic,0.5,47.21189498901367,124431.71616057839,1.59375,0.00012012256923055501,0.00012012256923057168,1.666960840196463e-17,-0.0002888779104385447,-0.00016875534120797302,0.00012012256923055501,-0.0011514880853286328,0.0,True
cyclonic,0.5,47.21189498901367,129311.39130413048,1.65625,0.00014640203564273286,0.00014640203564274642,1.3552527156068805e-17,-0.000280700585392742,-0.00013429854974999556,0.00014640203564273286,-0.0011188926807654848,0.0,True
cyclonic,0.5,47.21189498901367,134191.06644768256,1.7187499999999998,0.0001655067061889844,0.00016550670618900278,1.83772268236293e-17,-0.0002680501374262671,-0.00010254343123726435,0.0001655067061889844,-0.0010684670871804586,0.0,True
cyclonic,0.5,47.21189498901367,139070.74159123466,1.78125,0.0001796328902158442,0.00017963289021585862,1.441988889405721e-17,-0.00025269866842664047,-7.306577821078185e-05,0.0001796328902158442,-0.0010072750298904896,0.0,True
cyclonic,0.5,47.21189498901367,143950.41673478676,1.84375,0.00019955914797205811,0.00019955914797207638,1.826880660638075e-17,-0.00023754368889478301,-3.798454092270663e-05,0.00019955914797205811,-0.0009468661937221541,0.0,True
cyclonic,0.5,47.21189498901367,148830.09187833886,1.90625,0.0002254281047488889,0.00022542810474890986,2.0952206983282373e-17,-0.00021669724990474367,8.73085484416619e-06,0.0002254281047488889,-0.0008637707916468639,0.0,True
cyclonic,0.5,47.21189498901367,153709.76702189096,1.9687500000000002,0.00026441131352754804,0.0002644113135275688,2.076247160309741e-17,-0.0001948122179862432,6.95990955413256e-05,0.00026441131352754804,-0.0007765354836133297,0.0,True
cyclonic,0.5,47.21189498901367,158589.44216544303,2.03125,0.00027336162869062713,0.00027336162869063846,1.1329912702473521e-17,-0.00017312215106353817,0.00010023947762710029,0.00027336162869062713,-0.0006900773200467221,0.0,True
cyclonic,0.5,47.21189498901367,163469.11730899513,2.09375,0.0002931684133059315,0.0002931684133059498,1.8323016715005025e-17,-0.0001495796182676276,0.0001435887950383222,0.0002931684133059315,-0.0005962350945480829,0.0,True
cyclonic,0.5,47.21189498901367,168348.79245254723,2.15625,0.00030868878945183664,0.0003086887894518585,2.1846673775582914e-17,-0.0001222713699824026,0.0001864174194694559,0.00030868878945183664,-0.00048738245682339174,0.0,True
cyclonic,0.5,47.21189498901367,173228.46759609933,2.21875,0.00032152913859631306,0.0003215291385963353,2.222614453595284e-17,-9.559678714189185e-05,0.00022593235145444343,0.00032152913859631306,-0.0003810556550429072,0.0,True
cyclonic,0.5,47.21189498901367,178108.14273965143,2.28125,0.00034096882765200285,0.0003409688276520289,2.6075062248276382e-17,-7.306626874202203e-05,0.0002679025589100069,0.00034096882765200285,-0.0002912473915646,0.0,True
cyclonic,0.5,47.21189498901367,182987.8178832035,2.34375,0.0003565296199083301,0.0003565296199083466,1.6534083130403943e-17,-4.9730376821816155e-05,0.00030679924308653047,0.0003565296199083301,-0.00019822885142824627,0.0,True
cyclonic,0.5,47.21189498901367,187867.4930267556,2.40625,0.0003756639487989224,0.0003756639487989427,2.0328790734103208e-17,-2.798709745262938e-05,0.0003476768513463133,0.0003756639487989224,-0.00011155857923061907,0.0,True
cyclonic,0.5,47.21189498901367,192747.1681703077,2.46875,0.0003946405276875943,0.00039464052768761835,2.4069288229178198e-17,-7.127638338973196e-06,0.00038751288934864514,0.0003946405276875943,-2.8411278008067792e-05,0.0,True
cyclonic,0.5,53.85063552856445,2439.837571776047,0.03125,6.083580477535763e-06,6.0835804775357575e-06,-5.082197683525802e-21,2.4534101422659872e-06,8.536990619801745e-06,6.083580477535763e-06,2.4889272512358236e-06,0.0,True
cyclonic,0.5,53.85063552856445,7319.512715328141,0.09375,-5.399325885208974e-05,-5.3993258852089526e-05,2.168404344971009e-19,2.3996566717332532e-05,-2.9996692134756994e-05,-5.399325885208974e-05,2.434395611640556e-05,0.0,True
cyclonic,0.5,53.85063552856445,12199.187858880234,0.15625,-0.0001199346027482356,-0.00011993460274823477,8.267041565201971e-19,3.626780806483922e-05,-8.366679468339554e-05,-0.0001199346027482356,3.679284367504758e-05,0.0,True
cyclonic,0.5,53.85063552856445,17078.86300243233,0.21875,-0.00018609234916854462,-0.00018609234916854337,1.2468324983583301e-18,-6.2942346799357045e-06,-0.00019238658384847907,-0.00018609234916854462,-6.385353981660986e-06,0.0,True
cyclonic,0.5,53.85063552856445,21958.53814598442,0.28125,-0.0002477797973553611,-0.00024777979735535904,2.0599841277224584e-18,-9.089186883492532e-05,-0.0003386716661902844,-0.0002477797973553611,-9.220767671974172e-05,0.0,True
cyclonic,0.5,53.85063552856445,26838.213289536514,0.34375,-0.0003115899713935579,-0.0003115899713935544,3.5236570605778894e-18,-0.00021902636568783815,-0.0005306163370813926,-0.0003115899713935579,-0.00022219712917470353,0.0,True
cyclonic,0.5,53.85063552856445,31717.88843308861,0.40625,-0.00038053042327229077,-0.0003805304232722863,4.445228907190568e-18,-0.0003605988242159954,-0.0007411292474882817,-0.00038053042327229077,-0.0003658190796936406,0.0,True
cyclonic,0.5,53.85063552856445,36597.5635766407,0.46874999999999994,-0.00045270934182015874,-0.00045270934182015116,7.589415207398531e-18,-0.0004908146668748203,-0.0009435240086949714,-0.00045270934182015874,-0.0004979200088260386,0.0,True
cyclonic,0.5,53.85063552856445,41477.2387201928,0.53125,-0.0005280537081578292,-0.0005280537081578235,5.637851296924623e-18,-0.0005879552394127088,-0.0011160089475705324,-0.0005280537081578292,-0.0005964668494153968,0.0,True
cyclonic,0.5,53.85063552856445,46356.91386374489,0.59375,-0.0006016740029451142,-0.0006016740029451044,9.75781955236954e-18,-0.0006779364033350804,-0.0012796104062801849,-0.0006016740029451142,-0.0006877506372852311,0.0,True
cyclonic,0.5,53.85063552856445,51236.589007296985,0.65625,-0.0006682021501970217,-0.0006682021501970133,8.456776945386935e-18,-0.0007853785898938567,-0.00145358074009087,-0.0006682021501970217,-0.0007967482245420909,0.0,True
cyclonic,0.5,53.85063552856445,56116.26415084908,0.71875,-0.0007265252906632751,-0.0007265252906632654,9.75781955236954e-18,-0.0009177935282675414,-0.001644318818930807,-0.0007265252906632751,-0.0009310800848826461,0.0,True
cyclonic,0.5,53.85063552856445,60995.93929440117,0.78125,-0.0007777333431751515,-0.0007777333431751407,1.0733601507606494e-17,-0.0010640340022366036,-0.0018417673454117444,-0.0007777333431751515,-0.0010794376279712492,0.0,True
cyclonic,0.5,53.85063552856445,65875.61443795326,0.84375,-0.0008195261168391932,-0.0008195261168391816,1.1600963245594897e-17,-0.0012321428805027728,-0.0020516689973419542,-0.0008195261168391932,-0.0012499801561377411,0.0,True
cyclonic,0.5,53.85063552856445,70755.28958150536,0.9062500000000001,-0.0008478996589280571,-0.0008478996589280465,1.0625181290357943e-17,-0.0014001875614654102,-0.0022480872203934567,-0.0008478996589280571,-0.0014204575576401406,0.0,True
cyclonic,0.5,53.85063552856445,75634.96472505745,0.96875,-0.0008623891053515302,-0.0008623891053515134,1.680513367352532e-17,-0.0015615152222283966,-0.00242390432757991,-0.0008623891053515302,-0.001584120699131953,0.0,True
cyclonic,0.5,53.85063552856445,80514.63986860955,1.03125,-0.0008605981207137257,-0.0008605981207137118,1.3877787807814457e-17,-0.0017230995645594526,-0.0025836976852731644,-0.0008605981207137257,-0.0017480442380757247,0.0,True
cyclonic,0.5,53.85063552856445,85394.31501216163,1.09375,-0.0008380880178281918,-0.0008380880178281709,2.0925101928970236e-17,-0.0018637402846116704,-0.0027018283024398413,-0.0008380880178281918,-0.0018907209616862704,0.0,True
cyclonic,0.5,53.85063552856445,90273.99015571373,1.15625,-0.0007877442586943777,-0.0007877442586943624,1.5287250632045613e-17,-0.0019756419701181306,-0.002763386228812493,-0.0007877442586943777,-0.002004242606403615,0.0,True
cyclonic,0.5,53.85063552856445,95153.66529926582,1.21875,-0.0007283664132282477,-0.0007283664132282293,1.8323016715005025e-17,-0.002088492714427789,-0.0028168591276560183,-0.0007283664132282477,-0.002118727049096566,0.0,True
cyclonic,0.5,53.85063552856445,100033.34044281792,1.28125,-0.0006488356946109751,-0.0006488356946109579,1.723881454251952e-17,-0.00219638033718756,-0.002845216031798518,-0.0006488356946109751,-0.002228176520969146,0.0,True
cyclonic,0.5,53.85063552856445,104913.01558637002,1.34375,-0.0005493624332120273,-0.0005493624332120092,1.8106176280507924e-17,-0.002290781190882697,-0.0028401436240947063,-0.0005493624332120273,-0.002323943980821882,0.0,True
cyclonic,0.5,53.85063552856445,109792.6907299221,1.40625,-0.00042933636066142433,-0.000429336360661405,1.9353008778866254e-17,-0.0023629837641272644,-0.0027923201247886695,-0.00042933636066142433,-0.002397191803948502,0.0,True
cyclonic,0.5,53.85063552856445,114672.3658734742,1.46875,-0.00030150886064884475,-0.0003015088606488214,2.336455681706262e-17,-0.0024007422716399002,-0.0027022511322887218,-0.00030150886064884475,-0.0024354969273745392,0.0,True
cyclonic,0.5,53.85063552856445,119552.04101702629,1.53125,-0.00017927802843754312,-0.00017927802843752306,2.0057740190981832e-17,-0.002390209075164034,-0.002569487103601557,-0.00017927802843754312,-0.002424811245718724,0.0,True
cyclonic,0.5,53.85063552856445,124431.71616057839,1.59375,-6.785527191784434e-05,-6.785527191782328e-05,2.1060627200530924e-17,-0.0023517549770651273,-0.0024196102489829506,-6.785527191784434e-05,-0.002385800461899404,0.0,True
cyclonic,0.5,53.85063552856445,129311.39130413048,1.65625,1.5291815873376694e-05,1.5291815873400723e-05,2.4028630647709992e-17,-0.002282493132977804,-0.0022672013171044034,1.5291815873376694e-05,-0.0023155359397756927,0.0,True
cyclonic,0.5,53.85063552856445,134191.06644768256,1.7187499999999998,7.919697222593534e-05,7.919697222595899e-05,2.3649159887340065e-17,-0.0021799246973038763,-0.002100727725077917,7.919697222593534e-05,-0.0022114826588881835,0.0,True
cyclonic,0.5,53.85063552856445,139070.74159123466,1.78125,0.00012313024114053633,0.00012313024114055706,2.0735366548785272e-17,-0.0020555983956334583,-0.0019324681544929012,0.00012313024114053633,-0.002085356531445395,0.0,True
cyclonic,0.5,53.85063552856445,143950.41673478676,1.84375,0.0001537319862791829,0.00015373198627920994,2.7023739149201198e-17,-0.0019300582725173066,-0.0017763262862380965,0.0001537319862791829,-0.001957999010513856,0.0,True
cyclonic,0.5,53.85063552856445,148830.09187833886,1.90625,0.0001801923543307649,0.00018019235433079092,2.6020852139652106e-17,-0.0017713796313334632,-0.0015911872770026723,0.0001801923543307649,-0.0017970232374754477,0.0,True
cyclonic,0.5,53.85063552856445,153709.76702189096,1.9687500000000002,0.0001906467532904297,0.0001906467532904604,3.0710026535651913e-17,-0.0016065538789465652,-0.0014159071256561048,0.0001906467532904297,-0.0016298113637842847,0.0,True
cyclonic,0.5,53.85063552856445,158589.44216544303,2.03125,0.00017537854556040237,0.00017537854556042806,2.5695591487906455e-17,-0.001401646548578129,-0.0012262680030177009,0.00017537854556040237,-0.0014219376659683363,0.0,True
cyclonic,0.5,53.85063552856445,163469.11730899513,2.09375,0.00018920863768082636,0.0001892086376808524,2.6047957193964244e-17,-0.0011962992456921572,-0.001007090608011305,0.00018920863768082636,-0.0012136176263158464,0.0,True
cyclonic,0.5,53.85063552856445,168348.79245254723,2.15625,0.0002078350108039455,0.0002078350108039793,3.38000027272356e-17,-0.0009712214589766998,-0.0007633864481727205,0.0002078350108039455,-0.000985281471935014,0.0,True
cyclonic,0.5,53.85063552856445,173228.46759609933,2.21875,0.0002351846079359767,0.0002351846079360018,2.5099280293039428e-17,-0.0007516990508066797,-0.0005165144428706779,0.0002351846079359767,-0.0007625811192550333,0.0,True
cyclonic,0.5,53.85063552856445,178108.14273965143,2.28125,0.0002601395688797387,0.00026013956887977114,3.241764495731658e-17,-0.0005612296712556335,-0.0003010901023758624,0.0002601395688797387,-0.0005693543851172471,0.0,True
cyclonic,0.5,53.85063552856445,182987.8178832035,2.34375,0.000283478239049022,0.0002834782390490486,2.6617163334519134e-17,-0.00036913089089945584,-8.565265185040723e-05,0.000283478239049022,-0.0003744746619430123,0.0,True
cyclonic,0.5,53.85063552856445,187867.4930267556,2.40625,0.00030970464622504825,0.0003097046462250789,3.06287113727155e-17,-0.00019039467494717653,0.00011930997127790235,0.00030970464622504825,-0.00019315094806306483,0.0,True
cyclonic,0.5,53.85063552856445,192747.1681703077,2.46875,0.00034615154468098884,0.00034615154468102267,3.382710778154774e-17,-2.40175324892084e-05,0.00032213401219181425,0.00034615154468098884,-2.436522540198732e-05,0.0,True
cyclonic,0.5,61.11283874511719,2439.837571776047,0.03125,7.002493669290337e-06,7.002493669290329e-06,-7.623296525288703e-21,4.301133018329374e-06,1.1303626687619702e-05,7.002493669290337e-06,4.864891536504758e-06,0.0,True
cyclonic,0.5,61.11283874511719,7319.512715328141,0.09375,8.777347181553814e-05,8.77734718155381e-05,-4.0657581468206416e-20,2.911746076258702e-05,0.00011689093257812512,8.777347181553814e-05,3.2933947363348296e-05,0.0,True
cyclonic,0.5,61.11283874511719,12199.187858880234,0.15625,0.00016543283559771035,0.00016543283559771052,1.6263032587282567e-19,3.917837092578189e-05,0.0002046112065234924,0.00016543283559771035,4.431356210529657e-05,0.0,True
cyclonic,0.5,61.11283874511719,17078.86300243233,0.21875,0.0002378362940434824,0.0002378362940434824,0.0,-6.53424980509347e-06,0.00023130204423838893,0.0002378362940434824,-7.390707620234029e-06,0.0,True
cyclonic,0.5,61.11283874511719,21958.53814598442,0.28125,0.00030478473252396266,0.0003047847325239627,5.421010862427522e-20,-8.64939958904768e-05,0.00021829073663348592,0.00030478473252396266,-9.783094518883234e-05,0.0,True
cyclonic,0.5,61.11283874511719,26838.213289536514,0.34375,0.00036717925717677475,0.00036717925717677524,4.87890977618477e-19,-0.00020797053192241814,0.0001592087252543571,0.00036717925717677475,-0.00023522966536495204,0.0,True
cyclonic,0.5,61.11283874511719,31717.88843308861,0.40625,0.00042220431229865143,0.0004222043122986517,2.710505431213761e-19,-0.00034796742894210083,7.423688335655087e-05,0.00042220431229865143,-0.00039357624905478187,0.0,True
cyclonic,0.5,61.11283874511719,36597.5635766407,0.46874999999999994,0.0004676869863718799,0.00046768698637188096,1.0842021724855044e-18,-0.00047038913041734645,-2.7021440454654856e-06,0.0004676869863718799,-0.0005320440194895503,0.0,True
cyclonic,0.5,61.11283874511719,41477.2387201928,0.53125,0.0005025465724684776,0.0005025465724684765,-1.0842021724855044e-18,-0.0005587308829793245,-5.6184310510848075e-05,0.0005025465724684776,-0.0006319649106889801,0.0,True
cyclonic,0.5,61.11283874511719,46356.91386374489,0.59375,0.0005285081175215661,0.0005285081175215675,1.4094628242311558e-18,-0.0006463659975914362,-0.00011785788006986873,0.0005285081175215661,-0.0007310865434216227,0.0,True
cyclonic,0.5,61.11283874511719,51236.589007296985,0.65625,0.0005443308723642479,0.0005443308723642491,1.1926223897340549e-18,-0.0007618496673788442,-0.00021751879501459516,0.0005443308723642479,-0.0008617068998158756,0.0,True
cyclonic,0.5,61.11283874511719,56116.26415084908,0.71875,0.0005490867331429982,0.000549086733142998,-2.168404344971009e-19,-0.0008937434338293542,-0.0003446567006863562,0.0005490867331429982,-0.0010108882586318947,0.0,True
cyclonic,0.5,61.11283874511719,60995.93929440117,0.78125,0.0005474092510519943,0.0005474092510519944,1.0842021724855044e-19,-0.0010316915522999618,-0.0004842823012479674,0.0005474092510519943,-0.0011669175260747978,0.0,True
cyclonic,0.5,61.11283874511719,65875.61443795326,0.84375,0.0005425390714114744,0.0005425390714114717,-2.710505431213761e-18,-0.001189469749747036,-0.0006469306783355644,0.0005425390714114744,-0.001345376042501566,0.0,True
cyclonic,0.5,61.11283874511719,70755.28958150536,0.9062500000000001,0.0005379501683896342,0.0005379501683896314,-2.8189256484623115e-18,-0.0013479286370849546,-0.0008099784686953233,0.0005379501683896342,-0.0015246044682696268,0.0,True
cyclonic,0.5,61.11283874511719,75634.96472505745,0.96875,0.0005343036745559793,0.0005343036745559821,2.8189256484623115e-18,-0.0014999766842549137,-0.0009656730096989316,0.0005343036745559793,-0.0016965817716143442,0.0,True
cyclonic,0.5,61.11283874511719,80514.63986860955,1.03125,0.0005321667311255498,0.0005321667311255509,1.0842021724855044e-18,-0.0016638904335632265,-0.0011317237024376756,0.0005321667311255498,-0.0018819800395424781,0.0,True
cyclonic,0.5,61.11283874511719,85394.31501216163,1.09375,0.0005302338592650564,0.0005302338592650586,2.168404344971009e-18,-0.0018274451752946337,-0.001297211316029575,0.0005302338592650564,-0.0020669722440182646,0.0,True
cyclonic,0.5,61.11283874511719,90273.99015571373,1.15625,0.0005342876487620216,0.0005342876487620193,-2.2768245622195593e-18,-0.0019525540057717908,-0.0014182663570097716,0.0005342876487620216,-0.0022084793510843783,0.0,True
cyclonic,0.5,61.11283874511719,95153.66529926582,1.21875,0.0005367332903869289,0.000536733290386928,-8.673617379884035e-19,-0.0020815066508358946,-0.0015447733604489666,0.0005367332903869289,-0.002354334089570455,0.0,True
cyclonic,0.5,61.11283874511719,100033.34044281792,1.28125,0.0005336220909221245,0.0005336220909221181,-6.396792817664476e-18,-0.002223351982393404,-0.0016897298914712862,0.0005336220909221245,-0.0025147713859865676,0.0,True
cyclonic,0.5,61.11283874511719,104913.01558637002,1.34375,0.0005298592667170503,0.0005298592667170479,-2.3852447794681098e-18,-0.002337861299724387,-0.001808002033007339,0.0005298592667170503,-0.002644289679506077,0.0,True
cyclonic,0.5,61.11283874511719,109792.6907299221,1.40625,0.0005303387872017313,0.0005303387872017341,2.8189256484623115e-18,-0.0024222730183247904,-0.0018919342311230563,0.0005303387872017313,-0.0027397654189568015,0.0,True
cyclonic,0.5,61.11283874511719,114672.3658734742,1.46875,0.0005341707381779149,0.0005341707381779132,-1.734723475976807e-18,-0.0024608607766777903,-0.0019266900384998771,0.0005341707381779149,-0.0027834109556617126,0.0,True
cyclonic,0.5,61.11283874511719,119552.04101702629,1.53125,0.0005466845263114683,0.0005466845263114653,-3.0357660829594124e-18,-0.0024288872722662,-0.0018822027459547345,0.0005466845263114683,-0.002747246617023155,0.0,True
cyclonic,0.5,61.11283874511719,124431.71616057839,1.59375,0.0005674745936451024,0.0005674745936450985,-3.903127820947816e-18,-0.0023491283346838876,-0.0017816537410387892,0.0005674745936451024,-0.0026570335083489403,0.0,True
cyclonic,0.5,61.11283874511719,129311.39130413048,1.65625,0.000583912170076948,0.0005839121700769504,2.3852447794681098e-18,-0.0022610279272140686,-0.0016771157571371183,0.000583912170076948,-0.0025573855958486618,0.0,True
cyclonic,0.5,61.11283874511719,134191.06644768256,1.7187499999999998,0.0006062355889172496,0.0006062355889172449,-4.662069341687669e-18,-0.0021340812765337407,-0.0015278456876164958,0.0006062355889172496,-0.0024137997816340087,0.0,True
cyclonic,0.5,61.11283874511719,139070.74159123466,1.78125,0.0006238575590599423,0.0006238575590599417,-6.505213034913027e-19,-0.0020045333641807695,-0.0013806758051208277,0.0006238575590599423,-0.0022672717529280692,0.0,True
cyclonic,0.5,61.11283874511719,143950.41673478676,1.84375,0.0006383058548469723,0.0006383058548469717,-6.505213034913027e-19,-0.0018721747662013236,-0.001233868911354352,0.0006383058548469723,-0.0021175646361405146,0.0,True
cyclonic,0.5,61.11283874511719,148830.09187833886,1.90625,0.0006464271981961048,0.0006464271981961007,-4.119968255444917e-18,-0.0017200046806271497,-0.0010735774824310491,0.0006464271981961048,-0.001945449298562198,0.0,True
cyclonic,0.5,61.11283874511719,153709.76702189096,1.9687500000000002,0.0006363926808048815,0.0006363926808048836,2.0599841277224584e-18,-0.0015538519929419142,-0.0009174593121370307,0.0006363926808048815,-0.0017575186299121541,0.0,True
cyclonic,0.5,61.11283874511719,158589.44216544303,2.03125,0.0006285237136499961,0.000628523713650005,8.890457814381136e-18,-0.0013695987625879213,-0.0007410750489379163,0.0006285237136499961,-0.0015491149425342257,0.0,True
cyclonic,0.5,61.11283874511719,163469.11730899513,2.09375,0.0006208752467543615,0.0006208752467543612,-3.2526065174565133e-19,-0.0011716442218176774,-0.0005507689750633162,0.0006208752467543615,-0.0013252140852712943,0.0,True
cyclonic,0.5,61.11283874511719,168348.79245254723,2.15625,0.0006290061841414843,0.0006290061841414856,1.3010426069826053e-18,-0.0009564423143974004,-0.00032743613025591485,0.0006290061841414843,-0.0010818052128678942,0.0,True
cyclonic,0.5,61.11283874511719,173228.46759609933,2.21875,0.0006262853875360841,0.000626285387536075,-9.107298248878237e-18,-0.0007407708292482266,-0.00011448544171215156,0.0006262853875360841,-0.0008378652141986226,0.0,True
cyclonic,0.5,61.11283874511719,178108.14273965143,2.28125,0.0006234369320427169,0.0006234369320427134,-3.469446951953614e-18,-0.0005549215653184248,6.851536672428864e-05,0.0006234369320427169,-0.0006276562977794526,0.0,True
cyclonic,0.5,61.11283874511719,182987.8178832035,2.34375,0.0006174637620509722,0.0006174637620509761,3.903127820947816e-18,-0.00036481489601829144,0.00025264886603268465,0.0006174637620509722,-0.00041263194894623447,0.0,True
cyclonic,0.5,61.11283874511719,187867.4930267556,2.40625,0.0006127095978807275,0.0006127095978807285,9.75781955236954e-19,-0.00019334635078281683,0.00041936324709791165,0.0006127095978807275,-0.00021868866215691996,0.0,True
cyclonic,0.5,61.11283874511719,192747.1681703077,2.46875,0.0006153649066503803,0.0006153649066503795,-7.589415207398531e-19,-2.8506586697936078e-05,0.0005868583199524434,0.0006153649066503803,-3.224300475489464e-05,0.0,True
cyclonic,0.5,69.02168273925781,2439.837571776047,0.03125,6.441995893580415e-06,6.441995893580414e-06,-8.470329472543003e-22,7.493312498120875e-07,7.1913271433925015e-06,6.441995893580415e-06,1.775572737438428e-06,0.0,True
cyclonic,0.5,69.02168273925781,7319.512715328141,0.09375,0.00020930942965793922,0.00020930942965793903,-1.8973538018496328e-19,5.611350227531982e-06,0.00021492077988547102,0.00020930942965793922,1.3296336549053912e-05,0.0,True
cyclonic,0.5,69.02168273925781,12199.187858880234,0.15625,0.0004071273865606111,0.00040712738656061036,-7.589415207398531e-19,7.799153052273987e-06,0.00041492653961288436,0.0004071273865606111,1.8480429767476133e-05,0.0,True
cyclonic,0.5,69.02168273925781,17078.86300243233,0.21875,0.0005928192215171654,0.0005928192215171642,-1.1926223897340549e-18,-1.3680163803869765e-06,0.0005914512051367771,0.0005928192215171654,-3.241573856680135e-06,0.0,True
cyclonic,0.5,69.02168273925781,21958.53814598442,0.28125,0.0007650896974439313,0.0007650896974439299,-1.4094628242311558e-18,-1.632910228919262e-05,0.0007487605951547372,0.0007650896974439313,-3.8692512635506197e-05,0.0,True
cyclonic,0.5,69.02168273925781,26838.213289536514,0.34375,0.000922442819601405,0.0009224428196014023,-2.710505431213761e-18,-3.9731691125313225e-05,0.000882711128476089,0.000922442819601405,-9.41459569344288e-05,0.0,True
cyclonic,0.5,69.02168273925781,31717.88843308861,0.40625,0.0010633801124668408,0.0010633801124668373,-3.469446951953614e-18,-6.646768795316987e-05,0.0009969124245136675,0.0010633801124668408,-0.00015749805533908924,0.0,True
cyclonic,0.5,69.02168273925781,36597.5635766407,0.46874999999999994,0.0011876314398723375,0.0011876314398723315,-6.071532165918825e-18,-9.03723021336391e-05,0.0010972591377386924,0.0011876314398723375,-0.000214141070358774,0.0,True
cyclonic,0.5,69.02168273925781,41477.2387201928,0.53125,0.0012914900688729438,0.0012914900688729388,-4.9873299934333204e-18,-0.00010726586494383922,0.0011842242039290995,0.0012914900688729438,-0.00025417109656082707,0.0,True
cyclonic,0.5,69.02168273925781,46356.91386374489,0.59375,0.001372626976007773,0.0013726269760077645,-8.456776945386935e-18,-0.0001237776365930133,0.001248849339414751,0.001372626976007773,-0.0002932964521287877,0.0,True
cyclonic,0.5,69.02168273925781,51236.589007296985,0.65625,0.0014321073090033131,0.0014321073090033058,-7.37257477290143e-18,-0.00014443706500393363,0.0012876702439993722,0.0014321073090033131,-0.00034224985940586313,0.0,True
cyclonic,0.5,69.02168273925781,56116.26415084908,0.71875,0.0014697061983642015,0.001469706198364192,-9.540979117872439e-18,-0.000168521079486909,0.0013011851188772829,0.0014697061983642015,-0.0003993179711852226,0.0,True
cyclonic,0.5,69.02168273925781,60995.93929440117,0.78125,0.0014861389289802412,0.0014861389289802308,-1.0408340855860843e-17,-0.00019495877597091186,0.0012911801530093188,0.0014861389289802412,-0.0004619632340505296,0.0,True
cyclonic,0.5,69.02168273925781,65875.61443795326,0.84375,0.001483606109348419,0.0014836061093484055,-1.3444106938820255e-17,-0.00022462096783315927,0.0012589851415152461,0.001483606109348419,-0.0005322490778832565,0.0,True
cyclonic,0.5,69.02168273925781,70755.28958150536,0.9062500000000001,0.0014662220572411514,0.0014662220572411394,-1.1926223897340549e-17,-0.00025345258312430686,0.0012127694741168326,0.0014662220572411514,-0.0006005668346832196,0.0,True
cyclonic,0.5,69.02168273925781,75634.96472505745,0.96875,0.0014343382488089212,0.001434338248808904,-1.713039432527097e-17,-0.0002818758237293557,0.0011524624250795483,0.0014343382488089212,-0.00066791693003909,0.0,True
cyclonic,0.5,69.02168273925781,80514.63986860955,1.03125,0.0013851594264301212,0.0013851594264301073,-1.3877787807814457e-17,-0.00031491762171838826,0.0010702418047117191,0.0013851594264301212,-0.0007462108964524574,0.0,True
cyclonic,0.5,69.02168273925781,85394.31501216163,1.09375,0.001322723012444033,0.0013227230124440114,-2.168404344971009e-17,-0.00034830516134152486,0.0009744178511024864,0.001322723012444033,-0.0008253241125899839,0.0,True
cyclonic,0.5,69.02168273925781,90273.99015571373,1.15625,0.0012487339858152872,0.0012487339858152698,-1.734723475976807e-17,-0.0003738584429768485,0.0008748755428384214,0.0012487339858152872,-0.0008858737163001517,0.0,True
cyclonic,0.5,69.02168273925781,95153.66529926582,1.21875,0.0011707129781644379,0.0011707129781644192,-1.8648277366750676e-17,-0.00039972946681973676,0.0007709835113446825,0.0011707129781644379,-0.0009471762238848435,0.0,True
cyclonic,0.5,69.02168273925781,100033.34044281792,1.28125,0.0010837000754997663,0.001083700075499744,-2.233456475320139e-17,-0.00042775109421916804,0.000655948981280576,0.0010837000754997663,-0.0010135746794164458,0.0,True
cyclonic,0.5,69.02168273925781,104913.01558637002,1.34375,0.0009898085244706702,0.000989808524470651,-1.929879867024198e-17,-0.0004503498792398175,0.0005394586452308334,0.0009898085244706702,-0.0010671234758825743,0.0,True
cyclonic,0.5,69.02168273925781,109792.6907299221,1.40625,0.0008905560290613123,0.000890556029061293,-1.929879867024198e-17,-0.0004675345685993716,0.0004230214604619214,0.0008905560290613123,-0.0011078433390082937,0.0,True
cyclonic,0.5,69.02168273925781,114672.3658734742,1.46875,0.0007935661576715851,0.0007935661576715627,-2.2442984970449942e-17,-0.00047492446653499835,0.0003186416911365643,0.0007935661576715851,-0.0011253540211134932,0.0,True
cyclonic,0.5,69.02168273925781,119552.04101702629,1.53125,0.0007010108346938047,0.0007010108346937854,-1.929879867024198e-17,-0.0004679477030974874,0.00023306313159629803,0.0007010108346938047,-0.0011088222790323933,0.0,True
cyclonic,0.5,69.02168273925781,124431.71616057839,1.59375,0.000617440544775028,0.0006174405447750102,-1.7780915628762273e-17,-0.0004508357707253762,0.00016660477404963395,0.000617440544775028,-0.0010682748167285992,0.0,True
cyclonic,0.5,69.02168273925781,129311.39130413048,1.65625,0.0005518371383863651,0.0005518371383863438,-2.1250362580715887e-17,-0.00043290543891444513,0.00011893169947189871,0.0005518371383863651,-0.001025788121632541,0.0,True
cyclonic,0.5,69.02168273925781,134191.06644768256,1.7187499999999998,0.0004973780420128878,0.0004973780420128688,-1.8973538018496328e-17,-0.00040684431718486676,9.053372482800204e-05,0.0004973780420128878,-0.0009640351689007449,0.0,True
cyclonic,0.5,69.02168273925781,139070.74159123466,1.78125,0.0004533082253948927,0.000453308225394875,-1.7726705520137997e-17,-0.000380968947871572,7.233927752330299e-05,0.0004533082253948927,-0.0009027223645363754,0.0,True
cyclonic,0.5,69.02168273925781,143950.41673478676,1.84375,0.0004194598696075993,0.000419459869607576,-2.3310346708438345e-17,-0.00035467680832467516,6.478306128290085e-05,0.0004194598696075993,-0.0008404220051157536,0.0,True
cyclonic,0.5,69.02168273925781,148830.09187833886,1.90625,0.00038428467434011753,0.00038428467434009796,-1.9569849213363355e-17,-0.0003252397854450159,5.9044888895082065e-05,0.00038428467434011753,-0.000770669708905524,0.0,True
cyclonic,0.5,69.02168273925781,153709.76702189096,1.9687500000000002,0.0003594146225209175,0.0003594146225208897,-2.7755575615628914e-17,-0.0002916387242780412,6.777589824284854e-05,0.0003594146225209175,-0.0006910505442543196,0.0,True
cyclonic,0.5,69.02168273925781,158589.44216544303,2.03125,0.00034761017105378045,0.00034761017105375475,-2.5695591487906455e-17,-0.0002560629176749788,9.154725337877595e-05,0.00034761017105378045,-0.0006067521350626299,0.0,True
cyclonic,0.5,69.02168273925781,163469.11730899513,2.09375,0.00032091039583613155,0.0003209103958361084,-2.314771638256552e-17,-0.00021859310602198907,0.00010231728981411933,0.00032091039583613155,-0.0005179657991602031,0.0,True
cyclonic,0.5,69.02168273925781,168348.79245254723,2.15625,0.0002953464338784177,0.00029534643387839094,-2.677979366039196e-17,-0.00018100487424701567,0.00011434155963137527,0.0002953464338784177,-0.00042889886166774376,0.0,True
cyclonic,0.5,69.02168273925781,173228.46759609933,2.21875,0.00025233837839097194,0.00025233837839095443,-1.7509865085640897e-17,-0.00013835902675541167,0.00011397935163554276,0.00025233837839097194,-0.00032784768544889825,0.0,True
cyclonic,0.5,69.02168273925781,178108.14273965143,2.28125,0.00022716815128548157,0.00022716815128545598,-2.5587171270657905e-17,-9.735788742553389e-05,0.0001298102638599221,0.00022716815128548157,-0.00023069371620458614,0.0,True
cyclonic,0.5,69.02168273925781,182987.8178832035,2.34375,0.00020705176649281782,0.00020705176649279472,-2.3093506273941244e-17,-6.181493145723436e-05,0.00014523683503556037,0.00020705176649281782,-0.0001464731480097948,0.0,True
cyclonic,0.5,69.02168273925781,187867.4930267556,2.40625,0.00018905738827244768,0.0001890573882724246,-2.3093506273941244e-17,-2.789094229715103e-05,0.00016116644597527355,0.00018905738827244768,-6.608879154140255e-05,0.0,True
cyclonic,0.5,69.02168273925781,192747.1681703077,2.46875,0.00017862124415609306,0.00017862124415606858,-2.4475864043860263e-17,4.812012994174183e-06,0.00018343325715024277,0.00017862124415609306,1.140227247535422e-05,0.0,True
cyclonic,0.5,77.61116027832031,2439.837571776047,0.03125,8.46811112738052e-06,8.468111127380526e-06,5.082197683525802e-21,1.7379335731392334e-06,1.020604470051976e-05,8.46811112738052e-06,5.894072456584731e-07,0.0,True
cyclonic,0.5,77.61116027832031,7319.512715328141,0.09375,4.794649552509369e-05,4.794649552509364e-05,-4.743384504624082e-20,2.1090562321099874e-05,6.903705784619352e-05,4.794649552509369e-05,7.152707352683124e-06,0.0,True
cyclonic,0.5,77.61116027832031,12199.187858880234,0.15625,8.463999170170837e-05,8.463999170170829e-05,-8.131516293641283e-20,2.6847160084678544e-05,0.00011148715178638683,8.463999170170837e-05,9.105014670198075e-06,0.0,True
cyclonic,0.5,77.61116027832031,17078.86300243233,0.21875,0.00011592598302931656,0.00011592598302931637,-1.8973538018496328e-19,-3.2435397286230885e-06,0.00011268244330069328,0.00011592598302931656,-1.1000223755263205e-06,0.0,True
cyclonic,0.5,77.61116027832031,21958.53814598442,0.28125,0.00014218841360506905,0.00014218841360506872,-3.2526065174565133e-19,-4.794144601381228e-05,9.424696759125644e-05,0.00014218841360506905,-1.6258984856851998e-05,0.0,True
cyclonic,0.5,77.61116027832031,26838.213289536514,0.34375,0.00016443902036269493,0.0001644390203626945,-4.336808689942018e-19,-0.00010873230912601836,5.570671123667613e-05,0.00016443902036269493,-3.687575395663169e-05,0.0,True
cyclonic,0.5,77.61116027832031,31717.88843308861,0.40625,0.00018439518093912337,0.00018439518093912275,-6.2341624917916505e-19,-0.00018104087722024966,3.3543037188730855e-06,0.00018439518093912337,-6.139866703952119e-05,0.0,True
cyclonic,0.5,77.61116027832031,36597.5635766407,0.46874999999999994,0.0002022836626855212,0.0002022836626855202,-1.0028870095490916e-18,-0.0002463838092566454,-4.4100146571125206e-05,0.0002022836626855212,-8.355923645947527e-05,0.0,True
cyclonic,0.5,77.61116027832031,41477.2387201928,0.53125,0.0002136606530498381,0.00021366065304983712,-9.75781955236954e-19,-0.00029304494420950757,-7.938429115967045e-05,0.0002136606530498381,-9.93840133421654e-05,0.0,True
cyclonic,0.5,77.61116027832031,46356.91386374489,0.59375,0.0002155609305593484,0.00021556093055934727,-1.1384122811097797e-18,-0.00034235124457670846,-0.00012679031401736118,0.0002155609305593484,-0.00011610587840202923,0.0,True
cyclonic,0.5,77.61116027832031,51236.589007296985,0.65625,0.00021185840089772592,0.00021185840089772478,-1.1384122811097797e-18,-0.0004008680056206177,-0.00018900960472289293,0.00021185840089772592,-0.00013595140269870637,0.0,True
cyclonic,0.5,77.61116027832031,56116.26415084908,0.71875,0.00020703400339621558,0.00020703400339621447,-1.111307226797642e-18,-0.0004626473786804603,-0.00025561337528424587,0.00020703400339621558,-0.00015690341759530327,0.0,True
cyclonic,0.5,77.61116027832031,60995.93929440117,0.78125,0.00019971413290757493,0.00019971413290757354,-1.3823577699190182e-18,-0.0005302578545209916,-0.0003305437216134181,0.00019971413290757493,-0.00017983300763184588,0.0,True
cyclonic,0.5,77.61116027832031,65875.61443795326,0.84375,0.0001890873031617451,0.00018908730316174435,-7.589415207398531e-19,-0.0006094392050194974,-0.00042035190185775304,0.0001890873031617451,-0.00020668677375165347,0.0,True
cyclonic,0.5,77.61116027832031,70755.28958150536,0.9062500000000001,0.00017457770447372827,0.00017457770447372732,-9.486769009248164e-19,-0.0006899902844969655,-0.0005154125800232382,0.00017457770447372827,-0.00023400507326748176,0.0,True
cyclonic,0.5,77.61116027832031,75634.96472505745,0.96875,0.00015386760267090488,0.00015386760267090393,-9.486769009248164e-19,-0.0007743778868289368,-0.0006205102841580329,0.00015386760267090488,-0.000262624500975738,0.0,True
cyclonic,0.5,77.61116027832031,80514.63986860955,1.03125,0.00012518784732899106,0.00012518784732898984,-1.2197274440461925e-18,-0.0008653409964796752,-0.0007401531491506853,0.00012518784732899106,-0.0002934739630866101,0.0,True
cyclonic,0.5,77.61116027832031,85394.31501216163,1.09375,9.460628280201424e-05,9.460628280201302e-05,-1.2197274440461925e-18,-0.0009603599807872023,-0.0008657536979851892,9.460628280201424e-05,-0.00032569894492225266,0.0,True
cyclonic,0.5,77.61116027832031,90273.99015571373,1.15625,6.413816219859996e-05,6.413816219859981e-05,-1.4907779871675686e-19,-0.0010357563372914514,-0.0009716181750928515,6.413816219859996e-05,-0.0003512690584793452,0.0,True
cyclonic,0.5,77.61116027832031,95153.66529926582,1.21875,3.586447244372838e-05,3.586447244372699e-05,-1.3891340334970526e-18,-0.0011106723876528413,-0.0010748079152091143,3.586447244372838e-05,-0.0003766762797803061,0.0,True
cyclonic,0.5,77.61116027832031,100033.34044281792,1.28125,8.607489794107708e-06,8.607489794107254e-06,-4.54009659728305e-19,-0.0011979525318528443,-0.001189345042058737,8.607489794107708e-06,-0.0004062766915501735,0.0,True
cyclonic,0.5,77.61116027832031,104913.01558637002,1.34375,-1.6872574365709576e-05,-1.687257436570977e-05,-1.9312351197398048e-19,-0.0012725136448171965,-0.0012893862191829062,-1.6872574365709576e-05,-0.0004315635384727332,0.0,True
cyclonic,0.5,77.61116027832031,109792.6907299221,1.40625,-4.4008108152383163e-05,-4.40081081523841e-05,-9.351243737687476e-19,-0.0013231288846523026,-0.0013671369928046867,-4.4008108152383163e-05,-0.0004487293206180574,0.0,True
cyclonic,0.5,77.61116027832031,114672.3658734742,1.46875,-6.647196731286412e-05,-6.647196731286424e-05,-1.2197274440461925e-19,-0.0013471489588977078,-0.001413620926210572,-6.647196731286412e-05,-0.00045687555015197647,0.0,True
cyclonic,0.5,77.61116027832031,119552.04101702629,1.53125,-8.696160241685191e-05,-8.69616024168517e-05,2.168404344971009e-19,-0.0013185701948817212,-0.0014055317972985729,-8.696160241685191e-05,-0.000447183274887071,0.0,True
cyclonic,0.5,77.61116027832031,124431.71616057839,1.59375,-0.00010634371443051373,-0.00010634371443051261,1.111307226797642e-18,-0.0012675925369584561,-0.0013739362513889688,-0.00010634371443051373,-0.0004298945813425886,0.0,True
cyclonic,0.5,77.61116027832031,129311.39130413048,1.65625,-0.00011808161981043519,-0.00011808161981043386,1.328147661294743e-18,-0.0012093983775051456,-0.0013274799973155794,-0.00011808161981043519,-0.0004101584649760525,0.0,True
cyclonic,0.5,77.61116027832031,134191.06644768256,1.7187499999999998,-0.0001284740074445234,-0.00012847400744452216,1.2468324983583301e-18,-0.0011358011118162417,-0.0012642751192607638,-0.0001284740074445234,-0.00038519849968846303,0.0,True
cyclonic,0.5,77.61116027832031,139070.74159123466,1.78125,-0.000138118668264404,-0.00013811866826440302,9.75781955236954e-19,-0.0010634423407750416,-0.0012015610090394446,-0.000138118668264404,-0.0003606585606494874,0.0,True
cyclonic,0.5,77.61116027832031,143950.41673478676,1.84375,-0.0001471571826673065,-0.0001471571826673047,1.7889335846010823e-18,-0.000989184278585221,-0.0011363414612525257,-0.0001471571826673065,-0.0003354744911432064,0.0,True
cyclonic,0.5,77.61116027832031,148830.09187833886,1.90625,-0.00015648121866406614,-0.00015648121866406508,1.0570971181733668e-18,-0.0009091730272320351,-0.0010656542458961002,-0.00015648121866406614,-0.00030833927032082175,0.0,True
cyclonic,0.5,77.61116027832031,153709.76702189096,1.9687500000000002,-0.00015729195061431355,-0.0001572919506143122,1.3552527156068805e-18,-0.0008202842938245698,-0.000977576244438882,-0.00015729195061431355,-0.00027819331748493215,0.0,True
cyclonic,0.5,77.61116027832031,158589.44216544303,2.03125,-0.00015337382260408288,-0.00015337382260408096,1.9244588561617704e-18,-0.0007083415184728732,-0.0008617153410769541,-0.00015337382260408288,-0.00024022875778531767,0.0,True
cyclonic,0.5,77.61116027832031,163469.11730899513,2.09375,-0.00015271270176255342,-0.00015271270176255152,1.8973538018496328e-18,-0.0006020787846935833,-0.0007547914864561348,-0.00015271270176255342,-0.00020419054194035965,0.0,True
cyclonic,0.5,77.61116027832031,168348.79245254723,2.15625,-0.00016735326060056697,-0.0001673532606005641,2.8731357570865868e-18,-0.0004937192701642677,-0.0006610725307648318,-0.00016735326060056697,-0.00016744121849858478,0.0,True
cyclonic,0.5,77.61116027832031,173228.46759609933,2.21875,-0.00017482471250051566,-0.00017482471250051312,2.5478751053409354e-18,-0.0003803078289968725,-0.0005551325414973856,-0.00017482471250051566,-0.0001289785717106013,0.0,True
cyclonic,0.5,77.61116027832031,178108.14273965143,2.28125,-0.00017450492460764405,-0.00017450492460764172,2.3310346708438345e-18,-0.00026319803560724916,-0.0004377029602148909,-0.00017450492460764405,-8.926165627249854e-05,0.0,True
cyclonic,0.5,77.61116027832031,182987.8178832035,2.34375,-0.00016869464215113247,-0.00016869464215113,2.4665599424045226e-18,-0.00016504779488894146,-0.0003337424370400715,-0.00016869464215113247,-5.597473211348224e-05,0.0,True
cyclonic,0.5,77.61116027832031,187867.4930267556,2.40625,-0.00016238599374052067,-0.0001623859937405183,2.358139725155972e-18,-6.907890881385663e-05,-0.00023146490255437495,-0.00016238599374052067,-2.3427598158152473e-05,0.0,True
cyclonic,0.5,77.61116027832031,192747.1681703077,2.46875,-0.00015336196275552306,-0.00015336196275552035,2.710505431213761e-18,1.649182301441474e-05,-0.0001368701397411056,-0.00015336196275552306,5.5930791193907524e-06,0.0,True
cyclonic,0.5,86.92942810058594,2439.837571776047,0.03125,6.935502407718683e-06,6.935502407718683e-06,0.0,4.567034194482099e-07,7.392205827166893e-06,6.935502407718683e-06,1.4969139262165492e-06,0.0,True
cyclonic,0.5,86.92942810058594,7319.512715328141,0.09375,6.184785265835525e-05,6.184785265835532e-05,6.776263578034403e-20,8.229263717233542e-06,7.007711637558887e-05,6.184785265835525e-05,2.697264556442055e-05,0.0,True
cyclonic,0.5,86.92942810058594,12199.187858880234,0.15625,0.00011173597057053928,0.0001117359705705396,3.2526065174565133e-19,1.0556798182677464e-05,0.00012229276875321706,0.00011173597057053928,3.46014887188719e-05,0.0,True
cyclonic,0.5,86.92942810058594,17078.86300243233,0.21875,0.00015797463108011117,0.0001579746310801115,3.2526065174565133e-19,-3.1114558622292003e-06,0.0001548631752178823,0.00015797463108011117,-1.0198263057908154e-05,0.0,True
cyclonic,0.5,86.92942810058594,21958.53814598442,0.28125,0.00020368227049542918,0.00020368227049543083,1.6534083130403943e-18,-2.3300757118974015e-05,0.00018038151337645682,0.00020368227049542918,-7.637172470686286e-05,0.0,True
cyclonic,0.5,86.92942810058594,26838.213289536514,0.34375,0.0002525187139382766,0.00025251871393827815,1.5720931501039814e-18,-4.904955504987143e-05,0.00020346915888840673,0.0002525187139382766,-0.00016076727018507462,0.0,True
cyclonic,0.5,86.92942810058594,31717.88843308861,0.40625,0.00030508833106696097,0.00030508833106696374,2.7647155398380363e-18,-8.26255783895692e-05,0.00022246275267739452,0.00030508833106696097,-0.00027081772039823533,0.0,True
cyclonic,0.5,86.92942810058594,36597.5635766407,0.46874999999999994,0.0003588447031589281,0.00035884470315893286,4.7704895589362195e-18,-0.00011254805261502035,0.0002462966505439125,0.0003588447031589281,-0.0003688931156493824,0.0,True
cyclonic,0.5,86.92942810058594,41477.2387201928,0.53125,0.000408913733205422,0.00040891373320542607,4.065758146820642e-18,-0.0001316514673387753,0.00027726226586665076,0.000408913733205422,-0.00043150742139035764,0.0,True
cyclonic,0.5,86.92942810058594,46356.91386374489,0.59375,0.0004520441692295927,0.0004520441692295982,5.4752209710517974e-18,-0.0001525619460971706,0.0002994822231324276,0.0004520441692295927,-0.0005000446504199003,0.0,True
cyclonic,0.5,86.92942810058594,51236.589007296985,0.65625,0.0004888531748677814,0.0004888531748677897,8.239936510889834e-18,-0.0001798301444912758,0.00030902303037651387,0.0004888531748677814,-0.0005894202587047875,0.0,True
cyclonic,0.5,86.92942810058594,56116.26415084908,0.71875,0.0005194874461928266,0.0005194874461928333,6.7220534694101275e-18,-0.00021008667249690577,0.00030940077369592757,0.0005194874461928266,-0.0006885905653018123,0.0,True
cyclonic,0.5,86.92942810058594,60995.93929440117,0.78125,0.0005443684197323997,0.0005443684197324055,5.7462715141731735e-18,-0.0002394132794505553,0.00030495514028185014,0.0005443684197323997,-0.0007847129162372103,0.0,True
cyclonic,0.5,86.92942810058594,65875.61443795326,0.84375,0.0005657977513578089,0.0005657977513578174,8.456776945386935e-18,-0.000272270102544012,0.0002935276488138054,0.0005657977513578089,-0.0008924060798208174,0.0,True
cyclonic,0.5,86.92942810058594,70755.28958150536,0.9062500000000001,0.000583703350201215,0.0005837033502012255,1.0516761073109393e-17,-0.00030657094769824875,0.0002771324025029768,0.000583703350201215,-0.0010048322421964135,0.0,True
cyclonic,0.5,86.92942810058594,75634.96472505745,0.96875,0.0005970326009683411,0.0005970326009683502,9.107298248878237e-18,-0.00034150312794220235,0.0002555294730261479,0.0005970326009683411,-0.0011193276999783112,0.0,True
cyclonic,0.5,86.92942810058594,80514.63986860955,1.03125,0.0006069319097464766,0.0006069319097464865,9.86623976961809e-18,-0.00038158409537319016,0.00022534781437329632,0.0006069319097464766,-0.0012506990796718703,0.0,True
cyclonic,0.5,86.92942810058594,85394.31501216163,1.09375,0.0006149887830388792,0.0006149887830388946,1.5395670849294163e-17,-0.00043027656161516355,0.00018471222142373104,0.0006149887830388792,-0.0014102959377543063,0.0,True
cyclonic,0.5,86.92942810058594,90273.99015571373,1.15625,0.0006155223441080261,0.0006155223441080348,8.673617379884035e-18,-0.0004687536012314289,0.0001467687428766059,0.0006155223441080261,-0.00153641020357426,0.0,True
cyclonic,0.5,86.92942810058594,95153.66529926582,1.21875,0.0006042965655573332,0.0006042965655573417,8.456776945386935e-18,-0.0005046355908096958,9.966097474764588e-05,0.0006042965655573332,-0.0016540188038447815,0.0,True
cyclonic,0.5,86.92942810058594,100033.34044281792,1.28125,0.0005883880287508552,0.0005883880287508697,1.441988889405721e-17,-0.0005460993532060281,4.2288675544841555e-05,0.0005883880287508552,-0.0017899225013458739,0.0,True
cyclonic,0.5,86.92942810058594,104913.01558637002,1.34375,0.000567652721274115,0.0005676527212741251,1.0191500421363742e-17,-0.000582541715877023,-1.4888994602897882e-05,0.000567652721274115,-0.0019093678084389433,0.0,True
cyclonic,0.5,86.92942810058594,109792.6907299221,1.40625,0.0005432677544298153,0.0005432677544298244,9.107298248878237e-18,-0.0006067411376326821,-6.347338320285766e-05,0.0005432677544298153,-0.0019886850412203405,0.0,True
cyclonic,0.5,86.92942810058594,114672.3658734742,1.46875,0.0005209348571820067,0.000520934857182014,7.26415455565288e-18,-0.0006195660512296029,-9.863119404758894e-05,0.0005209348571820067,-0.0020307206182452503,0.0,True
cyclonic,0.5,86.92942810058594,119552.04101702629,1.53125,0.0004978200584544324,0.0004978200584544423,9.86623976961809e-18,-0.0006091546632424904,-0.00011133460478804813,0.0004978200584544324,-0.0019965957332422385,0.0,True
cyclonic,0.5,86.92942810058594,124431.71616057839,1.59375,0.00047225265791508677,0.00047225265791509463,7.860465750519907e-18,-0.0005862787948864266,-0.00011402613697133199,0.00047225265791508677,-0.0019216166451551356,0.0,True
cyclonic,0.5,86.92942810058594,129311.39130413048,1.65625,0.00044883461813805827,0.00044883461813806776,9.486769009248164e-18,-0.0005588234898693473,-0.00010998887173127955,0.00044883461813805827,-0.0018316277668624264,0.0,True
cyclonic,0.5,86.92942810058594,134191.06644768256,1.7187499999999998,0.00042878729041273897,0.00042878729041274753,8.565197162635485e-18,-0.0005237344735806783,-9.494718316793081e-05,0.00042878729041273897,-0.001716618255431115,0.0,True
cyclonic,0.5,86.92942810058594,139070.74159123466,1.78125,0.0004074688623231779,0.0004074688623231848,6.884683795282953e-18,-0.0004888707951676793,-8.140193284449451e-05,0.0004074688623231779,-0.0016023473226699652,0.0,True
cyclonic,0.5,86.92942810058594,143950.41673478676,1.84375,0.0003889993837908911,0.00038899938379089886,7.752045533271357e-18,-0.0004537816188842161,-6.478223509331725e-05,0.0003889993837908911,-0.0014873372868317294,0.0,True
cyclonic,0.5,86.92942810058594,148830.09187833886,1.90625,0.0003716531380025202,0.00037165313800252586,5.637851296924623e-18,-0.000417873195695975,-4.622005769344917e-05,0.0003716531380025202,-0.0013696420464415907,0.0,True
cyclonic,0.5,86.92942810058594,153709.76702189096,1.9687500000000002,0.0003525658483983356,0.00035256584839834284,7.26415455565288e-18,-0.0003803153184798108,-2.7749470081467982e-05,0.0003525658483983356,-0.0012465404731887922,0.0,True
cyclonic,0.5,86.92942810058594,158589.44216544303,2.03125,0.00033706206274187176,0.0003370620627418776,5.854691731421724e-18,-0.00033023810316612615,6.823959575751471e-06,0.00033706206274187176,-0.0010824048924222465,0.0,True
cyclonic,0.5,86.92942810058594,163469.11730899513,2.09375,0.0003253441178554675,0.00032534411785547346,5.9631119486702744e-18,-0.0002820519105591088,4.329220729636465e-05,0.0003253441178554675,-0.0009244674220789206,0.0,True
cyclonic,0.5,86.92942810058594,168348.79245254723,2.15625,0.0003166427291317856,0.00031664272913179054,4.933119884809045e-18,-0.00022857312568522328,8.806960344656727e-05,0.0003166427291317856,-0.0007491826871155201,0.0,True
cyclonic,0.5,86.92942810058594,173228.46759609933,2.21875,0.00031730027672287266,0.00031730027672287683,4.174178364069192e-18,-0.0001801153317443868,0.00013718494497849004,0.00031730027672287266,-0.000590355002682131,0.0,True
cyclonic,0.5,86.92942810058594,178108.14273965143,2.28125,0.0003091860918330392,0.0003091860918330455,6.288372600415926e-18,-0.0001335342952246806,0.0001756517966083649,0.0003091860918330392,-0.0004376786720599623,0.0,True
cyclonic,0.5,86.92942810058594,182987.8178832035,2.34375,0.00029980857152234154,0.0002998085715223449,3.3610267347050637e-18,-8.690645985219271e-05,0.00021290211167015219,0.00029980857152234154,-0.00028484895118171773,0.0,True
cyclonic,0.5,86.92942810058594,187867.4930267556,2.40625,0.0002897231688995105,0.0002897231688995163,5.800481622797449e-18,-4.401464266903856e-05,0.00024570852623047773,0.0002897231688995105,-0.00014426459002284838,0.0,True
cyclonic,0.5,86.92942810058594,192747.1681703077,2.46875,0.00027897581911769234,0.00027897581911769917,6.830473686658678e-18,-5.533846383520463e-06,0.0002734419727341787,0.00027897581911769234,-1.8138011156218722e-05,0.0,True
cyclonic,0.5,97.04131317138672,2439.837571776047,0.03125,7.148854373120183e-06,7.148854373120185e-06,2.541098841762901e-21,4.41311135417804e-06,1.1561965727298226e-05,7.148854373120183e-06,1.2713971410773335e-05,0.0,True
cyclonic,0.5,97.04131317138672,7319.512715328141,0.09375,0.00016986844181932315,0.00016986844181932315,0.0,5.797593521834908e-05,0.00022784437703767224,0.00016986844181932315,0.00016702601038632206,0.0,True
cyclonic,0.5,97.04131317138672,12199.187858880234,0.15625,0.00032966262064193134,0.00032966262064193123,-1.0842021724855044e-19,5.842269221406408e-05,0.0003880853128559953,0.00032966262064193134,0.00016831309680114955,0.0,True
cyclonic,0.5,97.04131317138672,17078.86300243233,0.21875,0.00048421521492543473,0.0004842152149254351,3.7947076036992655e-19,-3.199230516743072e-05,0.0004522229097580044,0.00048421521492543473,-9.21683639091425e-05,0.0,True
cyclonic,0.5,97.04131317138672,21958.53814598442,0.28125,0.0006351585403976068,0.0006351585403976053,-1.5178830414797062e-18,-0.0001795914983940277,0.0004555670420035776,0.0006351585403976068,-0.0005173948701833497,0.0,True
cyclonic,0.5,97.04131317138672,26838.213289536514,0.34375,0.0007807567106922701,0.0007807567106922692,-8.673617379884035e-19,-0.000366951445609287,0.0004138052650829822,0.0007807567106922701,-0.0010571702851326246,0.0,True
cyclonic,0.5,97.04131317138672,31717.88843308861,0.40625,0.0009163670926583369,0.000916367092658335,-1.951563910473908e-18,-0.0005971564641997864,0.00031921062845854855,0.0009163670926583369,-0.0017203803856901906,0.0,True
cyclonic,0.5,97.04131317138672,36597.5635766407,0.46874999999999994,0.0010372922321071616,0.0010372922321071581,-3.469446951953614e-18,-0.0007970615748313117,0.0002402306572758464,0.0010372922321071616,-0.0022962978410769634,0.0,True
cyclonic,0.5,97.04131317138672,41477.2387201928,0.53125,0.0011411012376355938,0.0011411012376355916,-2.168404344971009e-18,-0.000918848877115271,0.00022225236052032056,0.0011411012376355938,-0.002647161473368396,0.0,True
cyclonic,0.5,97.04131317138672,46356.91386374489,0.59375,0.0012277138250807646,0.0012277138250807614,-3.2526065174565133e-18,-0.0010501471714829164,0.000177566653597845,0.0012277138250807646,-0.0030254258376457986,0.0,True
cyclonic,0.5,97.04131317138672,51236.589007296985,0.65625,0.0012980252972449855,0.0012980252972449775,-8.023096076392733e-18,-0.0012245499648890757,7.347533235590184e-05,0.0012980252972449855,-0.003527872286731131,0.0,True
cyclonic,0.5,97.04131317138672,56116.26415084908,0.71875,0.0013490325856918856,0.0013490325856918813,-4.336808689942018e-18,-0.0014176349195968085,-6.860233390492722e-05,0.0013490325856918856,-0.004084141185697495,0.0,True
cyclonic,0.5,97.04131317138672,60995.93929440117,0.78125,0.001379857946339615,0.0013798579463396138,-1.0842021724855044e-18,-0.001602485292474098,-0.00022262734613448412,0.001379857946339615,-0.004616686632076874,0.0,True
cyclonic,0.5,97.04131317138672,65875.61443795326,0.84375,0.0013950043374566638,0.001395004337456657,-6.7220534694101275e-18,-0.0018074871404027272,-0.00041248280294607013,0.0013950043374566638,-0.00520728755386253,0.0,True
cyclonic,0.5,97.04131317138672,70755.28958150536,0.9062500000000001,0.001398435211887301,0.0013984352118872935,-7.589415207398531e-18,-0.0020140010020968956,-0.0006155657902096022,0.001398435211887301,-0.005802244517960502,0.0,True
cyclonic,0.5,97.04131317138672,75634.96472505745,0.96875,0.0013937287500401577,0.0013937287500401514,-6.288372600415926e-18,-0.002235334784179268,-0.0008416060341391164,0.0013937287500401577,-0.006439896993003869,0.0,True
cyclonic,0.5,97.04131317138672,80514.63986860955,1.03125,0.001381953220948519,0.0013819532209485086,-1.0408340855860843e-17,-0.0024851954667014704,-0.0011032422457529618,0.001381953220948519,-0.007159734159871659,0.0,True
cyclonic,0.5,97.04131317138672,85394.31501216163,1.09375,0.0013633061647956317,0.0013633061647956109,-2.0816681711721685e-17,-0.0028289708090641235,-0.0014656646442685127,0.0013633061647956317,-0.008150135154487318,0.0,True
cyclonic,0.5,97.04131317138672,90273.99015571373,1.15625,0.0013305894151816214,0.0013305894151816164,-4.9873299934333204e-18,-0.0030765735586343523,-0.001745984143452736,0.0013305894151816214,-0.00886346732007712,0.0,True
cyclonic,0.5,97.04131317138672,95153.66529926582,1.21875,0.0012836235106745404,0.0012836235106745341,-6.288372600415926e-18,-0.0032977137127302813,-0.002014090202055747,0.0012836235106745404,-0.009500561961771996,0.0,True
cyclonic,0.5,97.04131317138672,100033.34044281792,1.28125,0.0012325584118785793,0.001232558411878559,-2.0383000842727483e-17,-0.003567232621425823,-0.002334674209547264,0.0012325584118785793,-0.01027703357665065,0.0,True
cyclonic,0.5,97.04131317138672,104913.01558637002,1.34375,0.001174117431237585,0.0011741174312375723,-1.2793585635328952e-17,-0.003789310059365463,-0.0026151926281278905,0.001174117431237585,-0.010916828490112166,0.0,True
cyclonic,0.5,97.04131317138672,109792.6907299221,1.40625,0.0011079475026867453,0.0011079475026867412,-4.119968255444917e-18,-0.00394935744681429,-0.002841409944127549,0.0011079475026867453,-0.011377917673023197,0.0,True
cyclonic,0.5,97.04131317138672,114672.3658734742,1.46875,0.0010379765784383815,0.0010379765784383768,-4.7704895589362195e-18,-0.0040083356102209216,-0.002970359031782545,0.0010379765784383815,-0.011547831056854297,0.0,True
cyclonic,0.5,97.04131317138672,119552.04101702629,1.53125,0.0009610911873306526,0.0009610911873306357,-1.691355389077387e-17,-0.00395226728437771,-0.0029911760970470747,0.0009610911873306526,-0.011386300781588156,0.0,True
cyclonic,0.5,97.04131317138672,124431.71616057839,1.59375,0.0008729997910824402,0.0008729997910824317,-8.456776945386935e-18,-0.003776009903037856,-0.0029030101119554242,0.0008729997910824402,-0.010878511349723691,0.0,True
cyclonic,0.5,97.04131317138672,129311.39130413048,1.65625,0.0007872786892781775,0.0007872786892781572,-2.0274580625478933e-17,-0.003606066167785818,-0.0028187874785076607,0.0007872786892781775,-0.010388911242672489,0.0,True
cyclonic,0.5,97.04131317138672,134191.06644768256,1.7187499999999998,0.0007032939086169934,0.0007032939086169752,-1.8214596497756474e-17,-0.003366952012560362,-0.0026636581039433866,0.0007032939086169934,-0.009700034328073561,0.0,True
cyclonic,0.5,97.04131317138672,139070.74159123466,1.78125,0.0006242979449385663,0.0006242979449385551,-1.1167282376600696e-17,-0.0031332307945379483,-0.002508932849599393,0.0006242979449385663,-0.009026694218217769,0.0,True
cyclonic,0.5,97.04131317138672,143950.41673478676,1.84375,0.0005522185889554694,0.0005522185889554573,-1.214306433183765e-17,-0.00292468301984181,-0.002372464430886353,0.0005522185889554694,-0.008425877644043435,0.0,True
cyclonic,0.5,97.04131317138672,148830.09187833886,1.90625,0.00048701372319459374,0.0004870137231945735,-2.0220370516854658e-17,-0.0026980163163855264,-0.002211002593190953,0.00048701372319459374,-0.0077728612671081245,0.0,True
cyclonic,0.5,97.04131317138672,153709.76702189096,1.9687500000000002,0.0004241113113317216,0.0004241113113317059,-1.5720931501039814e-17,-0.0024594501508562847,-0.0020353388395245786,0.0004241113113317216,-0.007085563085691278,0.0,True
cyclonic,0.5,97.04131317138672,158589.44216544303,2.03125,0.00037202162176358793,0.0003720216217635709,-1.702197410802242e-17,-0.0021472533754937095,-0.0017752317537301386,0.00037202162176358793,-0.006186138494300088,0.0,True
cyclonic,0.5,97.04131317138672,163469.11730899513,2.09375,0.00032482954571400133,0.00032482954571398545,-1.588356182691264e-17,-0.001835237165653515,-0.0015104076199395295,0.00032482954571400133,-0.005287234103897515,0.0,True
cyclonic,0.5,97.04131317138672,168348.79245254723,2.15625,0.00029331264432169425,0.0002933126443216792,-1.5070410197548512e-17,-0.0014956810068577117,-0.0012023683625360325,0.00029331264432169425,-0.004308988383631539,0.0,True
cyclonic,0.5,97.04131317138672,173228.46759609933,2.21875,0.0002603777925008336,0.00026037779250081877,-1.485356976305141e-17,-0.0011894291689979392,-0.0009290513764971204,0.0002603777925008336,-0.003426690884530442,0.0,True
cyclonic,0.5,97.04131317138672,178108.14273965143,2.28125,0.00022749211135623989,0.0002274921113562263,-1.3579632210380943e-17,-0.000888372103954786,-0.0006608799925985596,0.00022749211135623989,-0.0025593592876637025,0.0,True
cyclonic,0.5,97.04131317138672,182987.8178832035,2.34375,0.00019528210275348104,0.00019528210275346407,-1.6967763999398144e-17,-0.0005868703891049704,-0.00039158828635150637,0.00019528210275348104,-0.0016907466750971534,0.0,True
cyclonic,0.5,97.04131317138672,187867.4930267556,2.40625,0.0001670275627095137,0.00016702756270950186,-1.1844908734404136e-17,-0.00030130105411370844,-0.00013427349140420657,0.0001670275627095137,-0.0008680345181888229,0.0,True
cyclonic,0.5,97.04131317138672,192747.1681703077,2.46875,0.0001421910820492352,0.00014219108204922409,-1.111307226797642e-17,-4.2693700309836996e-05,9.949738173938709e-05,0.0001421910820492352,-0.0001229985925112674,0.0,True
cyclonic,0.5,108.03028106689453,2439.837571776047,0.03125,5.2542483876930075e-06,5.254248387693013e-06,5.082197683525802e-21,1.0956062095852464e-05,1.6210310483545475e-05,5.2542483876930075e-06,1.586122380203016e-05,0.0,True
cyclonic,0.5,108.03028106689453,7319.512715328141,0.09375,2.4602123269054587e-05,2.4602123269054523e-05,-6.437450399132683e-20,2.5939054556299745e-05,5.054117782535427e-05,2.4602123269054587e-05,3.7552283469285e-05,0.0,True
cyclonic,0.5,108.03028106689453,12199.187858880234,0.15625,4.620641342429335e-05,4.62064134242931e-05,-2.507217523872729e-19,1.214597196129244e-05,5.8352385385585545e-05,4.620641342429335e-05,1.758387072707194e-05,0.0,True
cyclonic,0.5,108.03028106689453,17078.86300243233,0.21875,6.665929598483443e-05,6.665929598483426e-05,-1.7618285302889447e-19,-4.610243266254552e-05,2.0556863322288737e-05,6.665929598483443e-05,-6.674305018364939e-05,0.0,True
cyclonic,0.5,108.03028106689453,21958.53814598442,0.28125,8.701852420780909e-05,8.701852420780746e-05,-1.6263032587282567e-18,-0.00013622246814543772,-4.920394393763026e-05,8.701852420780909e-05,-0.0001972109171357884,0.0,True
cyclonic,0.5,108.03028106689453,26838.213289536514,0.34375,0.00010630006179428553,0.00010630006179428414,-1.395910297075087e-18,-0.000233297936076038,-0.00012699787428175388,0.00010630006179428553,-0.00033774824789050697,0.0,True
cyclonic,0.5,108.03028106689453,31717.88843308861,0.40625,0.0001262248336286427,0.00012622483362864024,-2.4665599424045226e-18,-0.0003392467019587001,-0.00021302186833005988,0.0001262248336286427,-0.0004911315595687024,0.0,True
cyclonic,0.5,108.03028106689453,36597.5635766407,0.46874999999999994,0.0001468453225789875,0.00014684532257898273,-4.7704895589362195e-18,-0.0004335892509007177,-0.00028674392832173497,0.0001468453225789875,-0.0006277124104010283,0.0,True
cyclonic,0.5,108.03028106689453,41477.2387201928,0.53125,0.00016526630221237946,0.00016526630221237596,-3.496552006265752e-18,-0.0005012935130862015,-0.0003360272108738256,0.00016526630221237946,-0.0007257286908383045,0.0,True
cyclonic,0.5,108.03028106689453,46356.91386374489,0.59375,0.0001796545156364247,0.00017965451563642073,-3.984442983884229e-18,-0.0005729146705466383,-0.00039326015491021756,0.0001796545156364247,-0.000829415508008725,0.0,True
cyclonic,0.5,108.03028106689453,51236.589007296985,0.65625,0.00019220662194679847,0.00019220662194679132,-7.15573433840433e-18,-0.0006640905630258079,-0.0004718839410790166,0.00019220662194679847,-0.0009614119519234971,0.0,True
cyclonic,0.5,108.03028106689453,56116.26415084908,0.71875,0.0002044049543710506,0.00020440495437104526,-5.339695699491109e-18,-0.0007579302878102291,-0.0005535253334391838,0.0002044049543710506,-0.0010972648581323871,0.0,True
cyclonic,0.5,108.03028106689453,60995.93929440117,0.78125,0.00021505215246545235,0.00021505215246544725,-5.095750210681871e-18,-0.000852307839939428,-0.0006372556874739807,0.00021505215246545235,-0.0012338963835027733,0.0,True
cyclonic,0.5,108.03028106689453,65875.61443795326,0.84375,0.00022359905103091894,0.0002235990510309126,-6.342582709040201e-18,-0.0009589255353366428,-0.0007353264843057302,0.00022359905103091894,-0.0013882481125416298,0.0,True
cyclonic,0.5,108.03028106689453,70755.28958150536,0.9062500000000001,0.00023052451192118553,0.00023052451192117775,-7.779150587583494e-18,-0.0010759797909994178,-0.0008454552790782401,0.00023052451192118553,-0.0015577089762903095,0.0,True
cyclonic,0.5,108.03028106689453,75634.96472505745,0.96875,0.00023601843060666236,0.0002360184306066555,-6.8575787409708155e-18,-0.0012049896879139674,-0.0009689712573073119,0.00023601843060666236,-0.001744478166692502,0.0,True
cyclonic,0.5,108.03028106689453,80514.63986860955,1.03125,0.00024218957969652477,0.00024218957969651664,-8.131516293641283e-18,-0.0013553852017052094,-0.0011131956220086928,0.00024218957969652477,-0.001962207573681464,0.0,True
cyclonic,0.5,108.03028106689453,85394.31501216163,1.09375,0.00025148374831076046,0.0002514837483107471,-1.3335686721571705e-17,-0.0015243918144082387,-0.0012729080660974915,0.00025148374831076046,-0.0022068804939929117,0.0,True
cyclonic,0.5,108.03028106689453,90273.99015571373,1.15625,0.0002604875891958053,0.0002604875891957989,-6.396792817664476e-18,-0.0016468695204483995,-0.0013863819312526005,0.0002604875891958053,-0.0023841929525447543,0.0,True
cyclonic,0.5,108.03028106689453,95153.66529926582,1.21875,0.0002651657559311135,0.000265165755931107,-6.5052130349130266e-18,-0.0017572801266966752,-0.0014921143707655683,0.0002651657559311135,-0.002544035724564519,0.0,True
cyclonic,0.5,108.03028106689453,100033.34044281792,1.28125,0.0002685108425653854,0.00026851084256537523,-1.0191500421363742e-17,-0.0018922922593752624,-0.0016237814168098873,0.0002685108425653854,-0.0027394944243846974,0.0,True
cyclonic,0.5,108.03028106689453,104913.01558637002,1.34375,0.00026995563220849313,0.00026995563220848603,-7.101524229780054e-18,-0.00199064529026357,-0.0017206896580550842,0.00026995563220849313,-0.002881881298507836,0.0,True
cyclonic,0.5,108.03028106689453,109792.6907299221,1.40625,0.0002667579133819253,0.00026675791338191953,-5.7462715141731735e-18,-0.0020650598819300045,-0.001798301968548085,0.0002667579133819253,-0.002989612204213895,0.0,True
cyclonic,0.5,108.03028106689453,114672.3658734742,1.46875,0.00025808439812231783,0.00025808439812231295,-4.87890977618477e-18,-0.002087871200456164,-0.0018297868023338512,0.00025808439812231783,-0.0030226364263474825,0.0,True
cyclonic,0.5,108.03028106689453,119552.04101702629,1.53125,0.00024382563055853752,0.00024382563055853174,-5.773376568485311e-18,-0.0020437096737594873,-0.0017998840432009557,0.00024382563055853752,-0.0029587032492399447,0.0,True
cyclonic,0.5,108.03028106689453,124431.71616057839,1.59375,0.0002203507252110525,0.0002203507252110489,-3.604972223514302e-18,-0.0019355487619037595,-0.0017151980366927107,0.0002203507252110525,-0.00280211738704181,0.0,True
cyclonic,0.5,108.03028106689453,129311.39130413048,1.65625,0.000196853383722665,0.00019685338372266018,-4.824699667560495e-18,-0.0018493026953825956,-0.0016524493116599356,0.000196853383722665,-0.002677257911879213,0.0,True
cyclonic,0.5,108.03028106689453,134191.06644768256,1.7187499999999998,0.00016863793663802478,0.00016863793663802044,-4.336808689942018e-18,-0.0017119524453270073,-0.0015433145086889868,0.00016863793663802478,-0.0024784142912117834,0.0,True
cyclonic,0.5,108.03028106689453,139070.74159123466,1.78125,0.00013963848200243418,0.0001396384820024319,-2.2768245622195593e-18,-0.0015945508514233527,-0.0014549123694209208,0.00013963848200243418,-0.00230845058168463,0.0,True
cyclonic,0.5,108.03028106689453,143950.41673478676,1.84375,0.00011159746917108503,0.0001115974691710822,-2.8324781756183803e-18,-0.0014886939478326471,-0.001377096478661565,0.00011159746917108503,-0.0021552002601591866,0.0,True
cyclonic,0.5,108.03028106689453,148830.09187833886,1.90625,8.42164737510164e-05,8.421647375101507e-05,-1.328147661294743e-18,-0.00137478500666926,-0.001290568532918245,8.42164737510164e-05,-0.0019902929063090537,0.0,True
cyclonic,0.5,108.03028106689453,153709.76702189096,1.9687500000000002,5.928637431982504e-05,5.9286374319824995e-05,-4.743384504624082e-20,-0.0012358612722195726,-0.0011765748978997477,5.928637431982504e-05,-0.0017891713332253765,0.0,True
cyclonic,0.5,108.03028106689453,158589.44216544303,2.03125,3.8716774997643656e-05,3.871677499764481e-05,1.1519648082658485e-18,-0.0011053036191167058,-0.001066586844119061,3.8716774997643656e-05,-0.001600161437442081,0.0,True
cyclonic,0.5,108.03028106689453,163469.11730899513,2.09375,1.5275170150287962e-05,1.5275170150290015e-05,2.053207864144424e-18,-0.0009560143533816169,-0.0009407391832313268,1.5275170150287962e-05,-0.0013840335591634978,0.0,True
cyclonic,0.5,108.03028106689453,168348.79245254723,2.15625,-5.141928931977422e-06,-5.141928931974982e-06,2.439454888092385e-18,-0.0007865721657437899,-0.000791714094675765,-5.141928931977422e-06,-0.00113873005174302,0.0,True
cyclonic,0.5,108.03028106689453,173228.46759609933,2.21875,-3.0181150812011823e-05,-3.0181150812008438e-05,3.384743657228184e-18,-0.0006283489793967407,-0.0006585301302087491,-3.0181150812011823e-05,-0.00090966842838193,0.0,True
cyclonic,0.5,108.03028106689453,178108.14273965143,2.28125,-5.0035252176791545e-05,-5.003525217678816e-05,3.3881317890172014e-18,-0.00047524469159514226,-0.0005252799437719304,-5.0035252176791545e-05,-0.0006880174964480105,0.0,True
cyclonic,0.5,108.03028106689453,182987.8178832035,2.34375,-6.685775477556497e-05,-6.685775477555922e-05,5.7462715141731735e-18,-0.0003197939567158086,-0.0003866517114913678,-6.685775477556497e-05,-0.00046296958465819304,0.0,True
cyclonic,0.5,108.03028106689453,187867.4930267556,2.40625,-8.100766262249746e-05,-8.100766262249376e-05,3.699839913606784e-18,-0.00017645952677064925,-0.00025746718939314303,-8.100766262249746e-05,-0.00025546259428094523,0.0,True
cyclonic,0.5,108.03028106689453,192747.1681703077,2.46875,-9.35051448369809e-05,-9.350514483697701e-05,3.889575293791747e-18,-4.5195119311478086e-05,-0.0001387002641484551,-9.35051448369809e-05,-6.542952165542952e-05,0.0,True
cyclonic,0.5,120.0,2439.837571776047,0.03125,2.0571206994319355e-06,2.0571206994319364e-06,8.470329472543003e-22,2.2986072416427373e-06,4.355727941074674e-06,2.0571206994319355e-06,1.7828665445567398e-06,0.0,True
cyclonic,0.5,120.0,7319.512715328141,0.09375,-8.330866934600464e-05,-8.330866934600479e-05,-1.4907779871675686e-19,3.2399004673282437e-06,-8.006876887867655e-05,-8.330866934600464e-05,2.512960912263174e-06,0.0,True
cyclonic,0.5,120.0,12199.187858880234,0.15625,-0.00016774559515734971,-0.00016774559515735012,-4.0657581468206416e-19,-2.2639058699850134e-06,-0.00017000950102733514,-0.00016774559515734971,-1.7559511527238265e-06,0.0,True
cyclonic,0.5,120.0,17078.86300243233,0.21875,-0.00025151924253747677,-0.00025151924253747764,-8.673617379884035e-19,-2.0268233141396298e-05,-0.00027178747567887395,-0.00025151924253747677,-1.572063035842815e-05,0.0,True
cyclonic,0.5,120.0,21958.53814598442,0.28125,-0.0003336086529166224,-0.0003336086529166241,-1.6805133673525319e-18,-4.720360615481787e-05,-0.00038081225907144194,-0.0003336086529166224,-3.661248806286396e-05,0.0,True
cyclonic,0.5,120.0,26838.213289536514,0.34375,-0.0004116886742431936,-0.0004116886742431955,-1.8973538018496328e-18,-7.735311628315879e-05,-0.0004890417905263543,-0.0004116886742431936,-5.9997323875083214e-05,0.0,True
cyclonic,0.5,120.0,31717.88843308861,0.40625,-0.0004796343449200399,-0.00047963434492004304,-3.144186300207963e-18,-0.00010545464644781472,-0.0005850889913678578,-0.0004796343449200399,-8.179368693953236e-05,0.0,True
cyclonic,0.5,120.0,36597.5635766407,0.46874999999999994,-0.0005331564678487131,-0.000533156467848719,-5.854691731421724e-18,-0.00013114936136495814,-0.0006643058292136771,-0.0005331564678487131,-0.00010172325418694039,0.0,True
cyclonic,0.5,120.0,41477.2387201928,0.53125,-0.0005746539537380401,-0.0005746539537380456,-5.5294310796760726e-18,-0.0001492636545121349,-0.0007239176082501805,-0.0005746539537380401,-0.00011577322612008128,0.0,True
cyclonic,0.5,120.0,46356.91386374489,0.59375,-0.0006062626788158417,-0.0006062626788158473,-5.5294310796760726e-18,-0.00016822216635204178,-0.000774484845167889,-0.0006062626788158417,-0.00013047799859343203,0.0,True
cyclonic,0.5,120.0,51236.589007296985,0.65625,-0.0006262239486822102,-0.0006262239486822176,-7.37257477290143e-18,-0.00019224604400550394,-0.0008184699926877216,-0.0006262239486822102,-0.0001491116159261051,0.0,True
cyclonic,0.5,120.0,56116.26415084908,0.71875,-0.0006326391389234768,-0.0006326391389234845,-7.697835424647081e-18,-0.00021747954605968217,-0.0008501186849831667,-0.0006326391389234768,-0.0001686834530800883,0.0,True
cyclonic,0.5,120.0,60995.93929440117,0.78125,-0.0006264754087832198,-0.0006264754087832295,-9.75781955236954e-18,-0.00024365503760748972,-0.0008701304463907193,-0.0006264754087832198,-0.00018898592464741971,0.0,True
cyclonic,0.5,120.0,65875.61443795326,0.84375,-0.0006098913959165747,-0.0006098913959165824,-7.697835424647081e-18,-0.0002736517265876098,-0.0008835431225041922,-0.0006098913959165747,-0.00021225222793806346,0.0,True
cyclonic,0.5,120.0,70755.28958150536,0.9062500000000001,-0.0005853325036342654,-0.0005853325036342764,-1.0950441942103595e-17,-0.00030773778860148114,-0.0008930702922357574,-0.0005853325036342654,-0.00023869036773822635,0.0,True
cyclonic,0.5,120.0,75634.96472505745,0.96875,-0.0005548329909989569,-0.0005548329909989674,-1.0408340855860843e-17,-0.0003467155436543681,-0.0009015485346533354,-0.0005548329909989569,-0.0002689226467490833,0.0,True
cyclonic,0.5,120.0,80514.63986860955,1.03125,-0.0005195863121936786,-0.0005195863121936887,-1.0083080204115191e-17,-0.00039235328993707854,-0.0009119396021307672,-0.0005195863121936786,-0.0003043206084114087,0.0,True
cyclonic,0.5,120.0,85394.31501216163,1.09375,-0.0004787445204235362,-0.00047874452042354955,-1.3335686721571705e-17,-0.0004417965197512323,-0.0009205410401747819,-0.0004787445204235362,-0.00034267021363908857,0.0,True
cyclonic,0.5,120.0,90273.99015571373,1.15625,-0.00043449415617067346,-0.00043449415617068414,-1.0679391398982219e-17,-0.00047454875632050957,-0.0009090429124911937,-0.00043449415617067346,-0.000368073799680626,0.0,True
cyclonic,0.5,120.0,95153.66529926582,1.21875,-0.00039175533703045577,-0.0003917553370304672,-1.1438332919722072e-17,-0.0005041503111201958,-0.0008959056481506629,-0.00039175533703045577,-0.00039103362542341206,0.0,True
cyclonic,0.5,120.0,100033.34044281792,1.28125,-0.00034832318583998136,-0.0003483231858399924,-1.1058862159352145e-17,-0.0005406527503942029,-0.0008889759362341954,-0.00034832318583998136,-0.00041934597761535575,0.0,True
cyclonic,0.5,120.0,104913.01558637002,1.34375,-0.0003017454299257683,-0.000301745429925777,-8.72782748850831e-18,-0.0005651619991072706,-0.0008669074290330476,-0.0003017454299257683,-0.00043835606284049414,0.0,True
cyclonic,0.5,120.0,109792.6907299221,1.40625,-0.00025281912015565473,-0.00025281912015566536,-1.0625181290357943e-17,-0.0005817186829858877,-0.000834537803141553,-0.00025281912015565473,-0.0004511979077808645,0.0,True
cyclonic,0.5,120.0,114672.3658734742,1.46875,-0.00020321234162976658,-0.00020321234162977582,-9.242823520438925e-18,-0.0005832596405431755,-0.0007864719821729513,-0.00020321234162976658,-0.0004523931192226882,0.0,True
cyclonic,0.5,120.0,119552.04101702629,1.53125,-0.0001562795166233211,-0.00015627951662332826,-7.15573433840433e-18,-0.0005661511580740694,-0.0007224306746973977,-0.0001562795166233211,-0.00043912328326737037,0.0,True
cyclonic,0.5,120.0,124431.71616057839,1.59375,-0.00011409094914188577,-0.00011409094914189076,-4.9873299934333204e-18,-0.00053336148749862,-0.0006474524366405108,-0.00011409094914188577,-0.0004136906623232955,0.0,True
cyclonic,0.5,120.0,129311.39130413048,1.65625,-7.629278301384115e-05,-7.629278301384594e-05,-4.784042086092288e-18,-0.0005072691956661705,-0.0005835619786800165,-7.629278301384115e-05,-0.0003934527228719085,0.0,True
cyclonic,0.5,120.0,134191.06644768256,1.7187499999999998,-4.456811200115936e-05,-4.456811200116404e-05,-4.675621868843738e-18,-0.00046757704473142733,-0.0005121451567325914,-4.456811200115936e-05,-0.0003626663376639353,0.0,True
cyclonic,0.5,120.0,139070.74159123466,1.78125,-1.8906090224396844e-05,-1.8906090224399385e-05,-2.541098841762901e-18,-0.00043354673770977834,-0.0004524528279341777,-1.8906090224396844e-05,-0.0003362714430552624,0.0,True
cyclonic,0.5,120.0,143950.41673478676,1.84375,2.720902985385404e-06,2.720902985383007e-06,-2.39710324072967e-18,-0.0004055030495903115,-0.00040278214660492847,2.720902985385404e-06,-0.00031451994396120724,0.0,True
cyclonic,0.5,120.0,148830.09187833886,1.90625,1.9959690184799567e-05,1.9959690184797955e-05,-1.6127507315721878e-18,-0.0003737240947873727,-0.00035376440460257476,1.9959690184799567e-05,-0.0002898712635286819,0.0,True
cyclonic,0.5,120.0,153709.76702189096,1.9687500000000002,3.4341649901850925e-05,3.434164990185045e-05,-4.743384504624082e-19,-0.0003343240494348222,-0.00029998239953297177,3.4341649901850925e-05,-0.0002593114438950856,0.0,True
cyclonic,0.5,120.0,158589.44216544303,2.03125,4.7136552331219685e-05,4.713655233122038e-05,6.979551485375435e-19,-0.00029920299424763695,-0.00025206644191641656,4.7136552331219685e-05,-0.00023207053332612124,0.0,True
cyclonic,0.5,120.0,163469.11730899513,2.09375,5.478804389620259e-05,5.4788043896204195e-05,1.6059744679941534e-18,-0.00026071621103351204,-0.00020592816713730784,5.478804389620259e-05,-0.00020221906633472996,0.0,True
cyclonic,0.5,120.0,168348.79245254723,2.15625,5.748947812129317e-05,5.748947812129659e-05,3.415236843329339e-18,-0.0002159353765074302,-0.0001584458983861336,5.748947812129317e-05,-0.00016748575032167113,0.0,True
cyclonic,0.5,120.0,173228.46759609933,2.21875,5.7452338846621367e-05,5.745233884662458e-05,3.211948935988307e-18,-0.00017246259099042182,-0.00011501025214379724,5.7452338846621367e-05,-0.0001337669951151166,0.0,True
cyclonic,0.5,120.0,178108.14273965143,2.28125,5.684580748636048e-05,5.68458074863641e-05,3.618524750670371e-18,-0.00013203145066615596,-7.518564317979186e-05,5.684580748636048e-05,-0.00010240742827111021,0.0,True
cyclonic,0.5,120.0,182987.8178832035,2.34375,5.803983234862973e-05,5.8039832348634127e-05,4.397795062144327e-18,-9.224805883700694e-05,-3.420822648837281e-05,5.803983234862973e-05,-7.155027397514986e-05,0.0,True
cyclonic,0.5,120.0,187867.4930267556,2.40625,5.80989022334795e-05,5.8098902233485e-05,5.4955497617859006e-18,-5.40423180967031e-05,4.0565841367818964e-06,5.80989022334795e-05,-4.1916791689930874e-05,0.0,True
cyclonic,0.5,120.0,192747.1681703077,2.46875,5.772333477947307e-05,5.772333477947874e-05,5.671732614814795e-18,-1.8444967408780618e-05,3.9278367370698124e-05,5.772333477947307e-05,-1.4306452495578425e-05,0.0,True
cyclonic,0.5,133.07582092285156,2439.837571776047,0.03125,8.750237793105212e-07,8.750237793105212e-07,0.0,2.4662403323377706e-07,1.1216478125442983e-06,8.750237793105212e-07,1.7527750858058447e-07,1.0,False
cyclonic,0.5,133.07582092285156,7319.512715328141,0.09375,3.380212438837697e-06,3.3802124388376833e-06,-1.3552527156068805e-20,2.983346419685829e-07,3.6785470808062662e-06,3.380212438837697e-06,2.1202861733254705e-07,0.0,True
cyclonic,0.5,133.07582092285156,12199.187858880234,0.15625,2.3872174868022104e-06,2.387217486802156e-06,-5.421010862427522e-20,-7.073419945299001e-07,1.6798754922722561e-06,2.3872174868022104e-06,-5.027131414970393e-07,0.0,True
cyclonic,0.5,133.07582092285156,17078.86300243233,0.21875,-2.2923147554768375e-06,-2.292314755476946e-06,-1.0842021724855044e-19,-4.091974693207716e-06,-6.384289448684662e-06,-2.2923147554768375e-06,-2.908196415393062e-06,0.0,True
cyclonic,0.5,133.07582092285156,21958.53814598442,0.28125,-9.219492051443267e-06,-9.21949205144343e-06,-1.6263032587282567e-19,-9.221593621915126e-06,-1.8441085673358556e-05,-9.219492051443267e-06,-6.5538541966011515e-06,0.0,True
cyclonic,0.5,133.07582092285156,26838.213289536514,0.34375,-1.8196448178860763e-05,-1.8196448178860926e-05,-1.6263032587282567e-19,-1.5318798946306124e-05,-3.351524712516705e-05,-1.8196448178860763e-05,-1.0887182723227329e-05,0.0,True
cyclonic,0.5,133.07582092285156,31717.88843308861,0.40625,-2.8360316110650923e-05,-2.8360316110651194e-05,-2.710505431213761e-19,-2.1363427380449568e-05,-4.972374349110076e-05,-2.8360316110650923e-05,-1.5183144468479158e-05,0.0,True
cyclonic,0.5,133.07582092285156,36597.5635766407,0.46874999999999994,-3.659799394761039e-05,-3.659799394761039e-05,0.0,-2.6424945365666625e-05,-6.302293931327702e-05,-3.659799394761039e-05,-1.8780402409856305e-05,0.0,True
cyclonic,0.5,133.07582092285156,41477.2387201928,0.53125,-4.2428607232294606e-05,-4.242860723229527e-05,-6.640738306473715e-19,-2.970835225873867e-05,-7.213695949103394e-05,-4.2428607232294606e-05,-2.1113943761556026e-05,0.0,True
cyclonic,0.5,133.07582092285156,46356.91386374489,0.59375,-4.557695130491249e-05,-4.557695130491355e-05,-1.0638733817514012e-18,-3.334389139076129e-05,-7.892084269567483e-05,-4.557695130491249e-05,-2.3697748077188605e-05,0.0,True
cyclonic,0.5,133.07582092285156,51236.589007296985,0.65625,-4.4773287173432874e-05,-4.477328717343395e-05,-1.07742590890747e-18,-3.846748388072045e-05,-8.32407710541544e-05,-4.4773287173432874e-05,-2.7339122824194565e-05,0.0,True
cyclonic,0.5,133.07582092285156,56116.26415084908,0.71875,-3.9476922491483266e-05,-3.9476922491483815e-05,-5.488773498207866e-19,-4.3709454420767e-05,-8.318637691225081e-05,-3.9476922491483266e-05,-3.106462971930418e-05,0.0,True
cyclonic,0.5,133.07582092285156,60995.93929440117,0.78125,-3.0655708385312645e-05,-3.065570838531286e-05,-2.168404344971009e-19,-4.898629340196355e-05,-7.96420017872764e-05,-3.0655708385312645e-05,-3.481491787118235e-05,0.0,True
cyclonic,0.5,133.07582092285156,65875.61443795326,0.84375,-1.9025061394453593e-05,-1.9025061394454236e-05,-6.437450399132683e-19,-5.489844010949591e-05,-7.392350150395015e-05,-1.9025061394453593e-05,-3.90167238820219e-05,0.0,True
cyclonic,0.5,133.07582092285156,70755.28958150536,0.9062500000000001,-5.252305819097385e-06,-5.252305819098577e-06,-1.1926223897340549e-18,-6.168380666030722e-05,-6.69361124794058e-05,-5.252305819097385e-06,-4.383913363762294e-05,0.0,True
cyclonic,0.5,133.07582092285156,75634.96472505745,0.96875,1.2624512485236695e-05,1.2624512485236695e-05,0.0,-6.981633830552382e-05,-5.719182582028713e-05,1.2624512485236695e-05,-4.961898350276212e-05,0.0,True
cyclonic,0.5,133.07582092285156,80514.63986860955,1.03125,3.181434099791792e-05,3.181434099791738e-05,-5.421010862427522e-19,-8.07030911664157e-05,-4.888875016849832e-05,3.181434099791792e-05,-5.735627857887044e-05,0.0,True
cyclonic,0.5,133.07582092285156,85394.31501216163,1.09375,4.836885426460042e-05,4.8368854264599646e-05,-7.724940478959219e-19,-9.053097834620981e-05,-4.216212408161016e-05,4.836885426460042e-05,-6.434103005218895e-05,0.0,True
cyclonic,0.5,133.07582092285156,90273.99015571373,1.15625,5.701137903039243e-05,5.701137903039187e-05,-5.55653613398821e-19,-9.737485142344248e-05,-4.0363472393050614e-05,5.701137903039243e-05,-6.920502082506708e-05,0.0,True
cyclonic,0.5,133.07582092285156,95153.66529926582,1.21875,5.9125749229990604e-05,5.912574922998952e-05,-1.0842021724855044e-18,-0.00010292978173009554,-4.3804032500106016e-05,5.9125749229990604e-05,-7.315295052081574e-05,0.0,True
cyclonic,0.5,133.07582092285156,100033.34044281792,1.28125,5.9993490171663695e-05,5.999349017166283e-05,-8.673617379884035e-19,-0.00010990170007733152,-4.990820990566869e-05,5.9993490171663695e-05,-7.810794400586845e-05,0.0,True
cyclonic,0.5,133.07582092285156,104913.01558637002,1.34375,6.069952341983199e-05,6.069952341983072e-05,-1.2671612890924333e-18,-0.00011434194652872683,-5.3642423108896104e-05,6.069952341983199e-05,-8.126365971321241e-05,0.0,True
cyclonic,0.5,133.07582092285156,109792.6907299221,1.40625,6.310846509730101e-05,6.31084650972992e-05,-1.81603863891322e-18,-0.0001171279690527213,-5.401950395542211e-05,6.310846509730101e-05,-8.32437063471601e-05,0.0,True
cyclonic,0.5,133.07582092285156,114672.3658734742,1.46875,6.616082808037957e-05,6.616082808037866e-05,-9.0801931945661e-19,-0.00011704930164786457,-5.088847356748592e-05,6.616082808037957e-05,-8.318779684576647e-05,0.0,True
cyclonic,0.5,133.07582092285156,119552.04101702629,1.53125,6.908594440524955e-05,6.908594440524869e-05,-8.673617379884035e-19,-0.00011273428021542786,-4.364833581017917e-05,6.908594440524955e-05,-8.01210794775025e-05,0.0,True
cyclonic,0.5,133.07582092285156,124431.71616057839,1.59375,6.660707792176306e-05,6.660707792176243e-05,-6.2341624917916505e-19,-0.00010615803915897268,-3.955096123721024e-05,6.660707792176306e-05,-7.54472967439755e-05,0.0,True
cyclonic,0.5,133.07582092285156,129311.39130413048,1.65625,6.393397342022856e-05,6.39339734202279e-05,-6.640738306473715e-19,-0.00010072615797848051,-3.6792184558252615e-05,6.393397342022856e-05,-7.158681896434266e-05,0.0,True
cyclonic,0.5,133.07582092285156,134191.06644768256,1.7187499999999998,5.913141221342106e-05,5.913141221342073e-05,-3.2526065174565133e-19,-9.200865126734462e-05,-3.287723905392389e-05,5.913141221342106e-05,-6.539122303102161e-05,0.0,True
cyclonic,0.5,133.07582092285156,139070.74159123466,1.78125,5.498328038106587e-05,5.4983280381065396e-05,-4.743384504624082e-19,-8.519796002364588e-05,-3.0214679642580488e-05,5.498328038106587e-05,-6.055081483051367e-05,0.0,True
cyclonic,0.5,133.07582092285156,143950.41673478676,1.84375,5.134533378934106e-05,5.134533378934097e-05,-8.809142651444724e-20,-8.002994497283318e-05,-2.868461118349221e-05,5.134533378934106e-05,-5.687786864381838e-05,0.0,True
cyclonic,0.5,133.07582092285156,148830.09187833886,1.90625,4.7347412751561295e-05,4.734741275156125e-05,-4.743384504624082e-20,-7.319229574313408e-05,-2.5844882991572836e-05,4.7347412751561295e-05,-5.201830120501344e-05,0.0,True
cyclonic,0.5,133.07582092285156,153709.76702189096,1.9687500000000002,4.199820654258908e-05,4.1998206542588954e-05,-1.2874900798265365e-19,-6.546771759079911e-05,-2.3469511048210154e-05,4.199820654258908e-05,-4.652838687823786e-05,0.0,True
cyclonic,0.5,133.07582092285156,158589.44216544303,2.03125,3.950865949764598e-05,3.9508659497646044e-05,6.098637220230962e-20,-5.867787394514594e-05,-1.9169214447499897e-05,3.950865949764598e-05,-4.1702795218508225e-05,0.0,True
cyclonic,0.5,133.07582092285156,163469.11730899513,2.09375,3.789737061471404e-05,3.789737061471437e-05,3.2526065174565133e-19,-5.1468865708460575e-05,-1.3571495093746208e-05,3.789737061471404e-05,-3.657930021076351e-05,0.0,True
cyclonic,0.5,133.07582092285156,168348.79245254723,2.15625,3.3892162554362617e-05,3.389216255436262e-05,6.776263578034403e-21,-4.2969828454208705e-05,-9.077665899846082e-06,3.3892162554362617e-05,-3.053897212219175e-05,0.0,True
cyclonic,0.5,133.07582092285156,173228.46759609933,2.21875,2.954476525442636e-05,2.9544765254426735e-05,3.7608262858090935e-19,-3.501246382762259e-05,-5.467698573195852e-06,2.954476525442636e-05,-2.4883614741456696e-05,0.0,True
cyclonic,0.5,133.07582092285156,178108.14273965143,2.28125,2.5133834852319347e-05,2.5133834852319808e-05,4.607859233063394e-19,-2.7273346964543242e-05,-2.139512112223434e-06,2.5133834852319347e-05,-1.9383367646362342e-05,0.0,True
cyclonic,0.5,133.07582092285156,182987.8178832035,2.34375,2.2593768897066553e-05,2.259376889706678e-05,2.270048298641525e-19,-1.9753583862029466e-05,2.840185035037314e-06,2.2593768897066553e-05,-1.4039016877127155e-05,0.0,True
cyclonic,0.5,133.07582092285156,187867.4930267556,2.40625,1.970682554276634e-05,1.970682554276689e-05,5.488773498207866e-19,-1.2486354972385984e-05,7.220470570380905e-06,1.970682554276634e-05,-8.874144024471599e-06,0.0,True
cyclonic,0.5,133.07582092285156,192747.1681703077,2.46875,1.621712674963534e-05,1.6217126749635758e-05,4.1674021004911577e-19,-5.833162315463978e-06,1.0383964434171781e-05,1.621712674963534e-05,-4.145671224310554e-06,0.0,True
cyclonic,0.5,147.40625,2439.837571776047,0.03125,1.3006425681951112e-07,1.3006425681951112e-07,0.0,5.674126396085672e-07,6.974768964280783e-07,1.3006425681951112e-07,2.930282947758579e-07,0.0,True
cyclonic,0.5,147.40625,7319.512715328141,0.09375,5.284405411811206e-05,5.284405411811206e-05,0.0,2.853749827951646e-07,5.3129429100907224e-05,5.284405411811206e-05,1.473758932085909e-07,0.0,True
cyclonic,0.5,147.40625,12199.187858880234,0.15625,9.982118488269046e-05,9.982118488269043e-05,-2.710505431213761e-20,-2.3041919497510262e-06,9.751699293293941e-05,9.982118488269046e-05,-1.1899513524012937e-06,0.0,True
cyclonic,0.5,147.40625,17078.86300243233,0.21875,0.00014069271839399272,0.00014069271839399266,-5.421010862427522e-20,-1.2583295336333234e-05,0.00012810942305765944,0.00014069271839399272,-6.498377578635561e-06,0.0,True
cyclonic,0.5,147.40625,21958.53814598442,0.28125,0.00017718494259572623,0.0001771849425957262,-2.710505431213761e-20,-2.668100831977208e-05,0.00015050393427595412,0.00017718494259572623,-1.3778844222146306e-05,0.0,True
cyclonic,0.5,147.40625,26838.213289536514,0.34375,0.0002101682636330637,0.00021016826363306354,-1.6263032587282567e-19,-4.3354831118543825e-05,0.00016681343251451973,0.0002101682636330637,-2.2389688466803026e-05,0.0,True
cyclonic,0.5,147.40625,31717.88843308861,0.40625,0.00023794632941671572,0.00023794632941671556,-1.6263032587282567e-19,-6.0147509562371016e-05,0.00017779881985434455,0.00023794632941671572,-3.106191320347541e-05,0.0,True
cyclonic,0.5,147.40625,36597.5635766407,0.46874999999999994,0.00026074535775419383,0.0002607453577541936,-2.168404344971009e-19,-7.552664221438042e-05,0.00018521871553981318,0.00026074535775419383,-3.900414201822103e-05,0.0,True
cyclonic,0.5,147.40625,41477.2387201928,0.53125,0.0002784435601454282,0.000278443560145428,-2.168404344971009e-19,-8.786721538853695e-05,0.00019057634475689103,0.0002784435601454282,-4.537717085359276e-05,0.0,True
cyclonic,0.5,147.40625,46356.91386374489,0.59375,0.00029064055095928,0.00029064055095927966,-3.2526065174565133e-19,-0.0001010243900051758,0.00018961616095410387,0.00029064055095928,-5.217191628725382e-05,0.0,True
cyclonic,0.5,147.40625,51236.589007296985,0.65625,0.00029911457761698084,0.0002991145776169808,-5.421010862427522e-20,-0.00011731814728259663,0.00018179643033438414,0.00029911457761698084,-6.058648370645704e-05,0.0,True
cyclonic,0.5,147.40625,56116.26415084908,0.71875,0.000305737026935122,0.00030573702693512166,-3.2526065174565133e-19,-0.00013417238801786876,0.0001715646389172529,0.000305737026935122,-6.929050099060784e-05,0.0,True
cyclonic,0.5,147.40625,60995.93929440117,0.78125,0.00031068270628843903,0.0003106827062884385,-5.421010862427522e-19,-0.00015105664561808368,0.00015962606067035481,0.00031068270628843903,-7.801001985180276e-05,0.0,True
cyclonic,0.5,147.40625,65875.61443795326,0.84375,0.00031400361569179197,0.0003140036156917916,-3.7947076036992655e-19,-0.00017008857284486653,0.00014391504284692506,0.00031400361569179197,-8.783865741160341e-05,0.0,True
cyclonic,0.5,147.40625,70755.28958150536,0.9062500000000001,0.0003148351307465205,0.00031483513074652013,-3.7947076036992655e-19,-0.0001915486500247493,0.00012328648072177083,0.0003148351307465205,-9.892126182118696e-05,0.0,True
cyclonic,0.5,147.40625,75634.96472505745,0.96875,0.00031667378672145654,0.0003166737867214558,-7.589415207398531e-19,-0.00022241201631461037,9.426177040684541e-05,0.00031667378672145654,-0.00011485999663893729,0.0,True
cyclonic,0.5,147.40625,80514.63986860955,1.03125,0.00031815396323938637,0.000318153963239386,-3.7947076036992655e-19,-0.00025321140670114226,6.494255653824373e-05,0.00031815396323938637,-0.00013076569245023859,0.0,True
cyclonic,0.5,147.40625,85394.31501216163,1.09375,0.0003162723150420806,0.00031627231504208013,-4.87890977618477e-19,-0.00028054108757159536,3.573122747048478e-05,0.0003162723150420806,-0.00014487952993500426,0.0,True
cyclonic,0.5,147.40625,90273.99015571373,1.15625,0.0003073357825940627,0.0003073357825940621,-5.963111948670274e-19,-0.00029729186833133477,1.0043914262727318e-05,0.0003073357825940627,-0.00015353011749607242,0.0,True
cyclonic,0.5,147.40625,95153.66529926582,1.21875,0.0002922000180061715,0.0002922000180061709,-5.963111948670274e-19,-0.0003143357727058434,-2.2135754699672498e-05,0.0002922000180061715,-0.00016233208256796508,0.0,True
cyclonic,0.5,147.40625,100033.34044281792,1.28125,0.0002733661601049601,0.00027336616010495993,-1.6263032587282567e-19,-0.000332848870219818,-5.9482710114858053e-05,0.0002733661601049601,-0.00017189278146124585,0.0,True
cyclonic,0.5,147.40625,104913.01558637002,1.34375,0.0002524201905275337,0.0002524201905275331,-5.963111948670274e-19,-0.00034578723143640727,-9.336704090887418e-05,0.0002524201905275337,-0.00017857452532776724,0.0,True
cyclonic,0.5,147.40625,109792.6907299221,1.40625,0.0002295516417370214,0.00022955164173702066,-7.318364664277155e-19,-0.0003550644006656378,-0.00012551275892861715,0.0002295516417370214,-0.00018336552378254935,0.0,True
cyclonic,0.5,147.40625,114672.3658734742,1.46875,0.00020413198258697394,0.0002041319825869734,-5.421010862427522e-19,-0.00035215344281397794,-0.00014802146022700453,0.00020413198258697394,-0.00018186222097275518,0.0,True
cyclonic,0.5,147.40625,119552.04101702629,1.53125,0.0001779459425788871,0.00017794594257888665,-4.607859233063394e-19,-0.0003381918725730341,-0.00016024592999414747,0.0001779459425788871,-0.00017465206237826314,0.0,True
cyclonic,0.5,147.40625,124431.71616057839,1.59375,0.00014812755363456808,0.00014812755363456757,-5.149960319306146e-19,-0.00031882494904284534,-0.00017069739540827777,0.00014812755363456808,-0.0001646504230404073,0.0,True
cyclonic,0.5,147.40625,129311.39130413048,1.65625,0.00011861426837162249,0.00011861426837162184,-6.505213034913027e-19,-0.00029831303080398385,-0.000179698762432362,0.00011861426837162249,-0.0001540574753255629,0.0,True
cyclonic,0.5,147.40625,134191.06644768256,1.7187499999999998,8.98131336368924e-05,8.98131336368922e-05,-1.8973538018496328e-19,-0.0002740381976200603,-0.0001842250639831681,8.98131336368924e-05,-0.0001415212495221324,0.0,True
cyclonic,0.5,147.40625,139070.74159123466,1.78125,6.18900897915607e-05,6.189008979156041e-05,-2.846030702774449e-19,-0.0002551561036790749,-0.0001932660138875145,6.18900897915607e-05,-0.0001317699902037967,0.0,True
cyclonic,0.5,147.40625,143950.41673478676,1.84375,3.634835553413436e-05,3.634835553413395e-05,-4.0657581468206416e-19,-0.00023774382540090084,-0.0002013954698667669,3.634835553413436e-05,-0.0001227777861959059,0.0,True
cyclonic,0.5,147.40625,148830.09187833886,1.90625,1.3561164801299212e-05,1.3561164801299148e-05,-6.437450399132683e-20,-0.0002173239889841452,-0.00020376282418284607,1.3561164801299212e-05,-0.00011223239219669628,0.0,True
cyclonic,0.5,147.40625,153709.76702189096,1.9687500000000002,-7.221521273902444e-06,-7.221521273902405e-06,3.8963515573697816e-20,-0.00019541196127035695,-0.00020263348254425935,-7.221521273902444e-06,-0.00010091638746250114,0.0,True
cyclonic,0.5,147.40625,158589.44216544303,2.03125,-2.3947127275449203e-05,-2.3947127275449324e-05,-1.2197274440461925e-19,-0.00017612407300594392,-0.00020007120028139324,-2.3947127275449203e-05,-9.095556422132832e-05,0.0,True
cyclonic,0.5,147.40625,163469.11730899513,2.09375,-3.9650430999528406e-05,-3.965043099952837e-05,3.3881317890172014e-20,-0.0001551835707577064,-0.00019483400175723478,-3.9650430999528406e-05,-8.014128333082133e-05,0.0,True
cyclonic,0.5,147.40625,168348.79245254723,2.15625,-5.319740905648483e-05,-5.319740905648465e-05,1.8295911660692887e-19,-0.00012988727337199182,-0.00018308468242847646,-5.319740905648483e-05,-6.70775438762464e-05,0.0,True
cyclonic,0.5,147.40625,173228.46759609933,2.21875,-6.69127651657403e-05,-6.691276516574005e-05,2.439454888092385e-19,-0.00010663953063570289,-0.00017355229580144296,-6.69127651657403e-05,-5.507173728000625e-05,0.0,True
cyclonic,0.5,147.40625,178108.14273965143,2.28125,-7.895256510881659e-05,-7.895256510881616e-05,4.336808689942018e-19,-8.580985597288573e-05,-0.0001647624210817019,-7.895256510881659e-05,-4.431469095937463e-05,0.0,True
cyclonic,0.5,147.40625,182987.8178832035,2.34375,-8.813223901501908e-05,-8.813223901501854e-05,5.421010862427522e-19,-6.453126208070686e-05,-0.0001526635010957254,-8.813223901501908e-05,-3.332580976745307e-05,0.0,True
cyclonic,0.5,147.40625,187867.4930267556,2.40625,-9.507754291708913e-05,-9.507754291708885e-05,2.846030702774449e-19,-4.3717997112102584e-05,-0.00013879554002919144,-9.507754291708913e-05,-2.257723788742664e-05,0.0,True
cyclonic,0.5,147.40625,192747.1681703077,2.46875,-0.00010255967498835207,-0.00010255967498835187,2.0328790734103208e-19,-2.5144173636626353e-05,-0.0001277038486249782,-0.00010255967498835207,-1.2985178351634055e-05,0.0,True
cyclonic,0.5,163.16445922851562,2439.837571776047,0.03125,9.709298250146899e-08,9.709298250146899e-08,0.0,4.750536523633062e-07,5.721466348647752e-07,9.709298250146899e-08,5.610206780843149e-07,1.0,False
cyclonic,0.5,163.16445922851562,7319.512715328141,0.09375,-3.7854423924298263e-06,-3.78544239242984e-06,-1.3552527156068805e-20,2.1198386359456393e-07,-3.573458528835276e-06,-3.7854423924298263e-06,2.503450511434091e-07,0.0,True
cyclonic,0.5,163.16445922851562,12199.187858880234,0.15625,-8.999253022799229e-06,-8.999253022799284e-06,-5.590417451878382e-20,-1.3254089496248168e-06,-1.0324661972424101e-05,-8.999253022799229e-06,-1.565258627016862e-06,0.0,True
cyclonic,0.5,163.16445922851562,17078.86300243233,0.21875,-1.548509346352702e-05,-1.5485093463527104e-05,-8.470329472543003e-20,-7.310522321825418e-06,-2.2795615785352523e-05,-1.548509346352702e-05,-8.63345470503704e-06,0.0,True
cyclonic,0.5,163.16445922851562,21958.53814598442,0.28125,-2.1553380012430603e-05,-2.1553380012430745e-05,-1.4230153513872246e-19,-1.7779067800751555e-05,-3.93324478131823e-05,-2.1553380012430603e-05,-2.09964171913292e-05,0.0,True
cyclonic,0.5,163.16445922851562,26838.213289536514,0.34375,-2.6624704278013405e-05,-2.662470427801363e-05,-2.236166980751353e-19,-2.9443257794140533e-05,-5.6067962072154165e-05,-2.6624704278013405e-05,-3.477139133759853e-05,0.0,True
cyclonic,0.5,163.16445922851562,31717.88843308861,0.40625,-3.0806573131144854e-05,-3.080657313114514e-05,-2.846030702774449e-19,-4.150131336222484e-05,-7.230788649336997e-05,-3.0806573131144854e-05,-4.9011506064706215e-05,0.0,True
cyclonic,0.5,163.16445922851562,36597.5635766407,0.46874999999999994,-3.3714540677574004e-05,-3.3714540677574445e-05,-4.404571325722362e-19,-5.302232411907248e-05,-8.673686479664692e-05,-3.3714540677574004e-05,-6.261739086291473e-05,0.0,True
cyclonic,0.5,163.16445922851562,41477.2387201928,0.53125,-3.714056873869861e-05,-3.714056873869911e-05,-4.946672411965114e-19,-6.305823106658666e-05,-0.00010019879980528577,-3.714056873869861e-05,-7.44694233499307e-05,0.0,True
cyclonic,0.5,163.16445922851562,46356.91386374489,0.59375,-4.313571450941805e-05,-4.3135714509418604e-05,-5.55653613398821e-19,-7.381984238440823e-05,-0.00011695555689382684,-4.313571450941805e-05,-8.717848568166669e-05,0.0,True
cyclonic,0.5,163.16445922851562,51236.589007296985,0.65625,-4.918343424351268e-05,-4.918343424351275e-05,-6.776263578034403e-20,-8.776334558109856e-05,-0.0001369467798246113,-4.918343424351268e-05,-0.00010364524386647809,0.0,True
cyclonic,0.5,163.16445922851562,56116.26415084908,0.71875,-5.268594900863645e-05,-5.2685949008637145e-05,-6.979551485375435e-19,-0.00010179909309389119,-0.00015448504210252833,-5.268594900863645e-05,-0.00012022093915452337,0.0,True
cyclonic,0.5,163.16445922851562,60995.93929440117,0.78125,-5.305281676104566e-05,-5.3052816761046294e-05,-6.369687763352339e-19,-0.00011548171043806415,-0.00016853452719911045,-5.305281676104566e-05,-0.0001363796008598029,0.0,True
cyclonic,0.5,163.16445922851562,65875.61443795326,0.84375,-5.011975648915033e-05,-5.0119756489151295e-05,-9.622294280808852e-19,-0.0001310166085445305,-0.00018113636503368178,-5.011975648915033e-05,-0.00015472573718841115,0.0,True
cyclonic,0.5,163.16445922851562,70755.28958150536,0.9062500000000001,-4.609970880942303e-05,-4.6099708809423794e-05,-7.657177843178875e-19,-0.00014828233591737683,-0.00019438204472680063,-4.609970880942303e-05,-0.00017511591844508587,0.0,True
cyclonic,0.5,163.16445922851562,75634.96472505745,0.96875,-4.330595320263436e-05,-4.3305953202635854e-05,-1.497554250745603e-18,-0.00017585610351545413,-0.00021916205671808998,-4.330595320263436e-05,-0.00020767951145874846,0.0,True
cyclonic,0.5,163.16445922851562,80514.63986860955,1.03125,-3.5855012102194614e-05,-3.585501210219566e-05,-1.043544591017298e-18,-0.00020032281151497402,-0.00023617782361716968,-3.5855012102194614e-05,-0.0002365737827565178,0.0,True
cyclonic,0.5,163.16445922851562,85394.31501216163,1.09375,-2.6808123436141362e-05,-2.6808123436142348e-05,-9.859463506040056e-19,-0.0002192117764360686,-0.0002460198998722109,-2.6808123436141362e-05,-0.00025888094712758335,0.0,True
cyclonic,0.5,163.16445922851562,90273.99015571373,1.15625,-1.5541021940810462e-05,-1.5541021940811478e-05,-1.0164395367051604e-18,-0.00022976460666972133,-0.0002453056286105328,-1.5541021940810462e-05,-0.00027134344677144423,0.0,True
cyclonic,0.5,163.16445922851562,95153.66529926582,1.21875,-5.518950741602445e-06,-5.518950741604197e-06,-1.751664134921893e-18,-0.00024098491450783507,-0.0002465038652494393,-5.518950741602445e-06,-0.00028459421261723387,0.0,True
cyclonic,0.5,163.16445922851562,100033.34044281792,1.28125,2.8207323079445768e-06,2.8207323079438026e-06,-7.741881137904305e-19,-0.0002535293218171744,-0.00025070858950923064,2.8207323079445768e-06,-0.0002994086906448004,0.0,True
cyclonic,0.5,163.16445922851562,104913.01558637002,1.34375,1.1879871540798475e-05,1.1879871540797396e-05,-1.0791199748019786e-18,-0.00026245585621206477,-0.0002505759846712674,1.1879871540798475e-05,-0.00030995059544702765,0.0,True
cyclonic,0.5,163.16445922851562,109792.6907299221,1.40625,1.6888898423467408e-05,1.6888898423466094e-05,-1.3145951341386741e-18,-0.0002677416869876398,-0.0002508527885641737,1.6888898423467408e-05,-0.0003161929648114129,0.0,True
cyclonic,0.5,163.16445922851562,114672.3658734742,1.46875,2.07721561892875e-05,2.0772156189286162e-05,-1.3383120566617945e-18,-0.0002641496397379934,-0.00024337748354870726,2.07721561892875e-05,-0.0003119508907347645,0.0,True
cyclonic,0.5,163.16445922851562,119552.04101702629,1.53125,2.0304418498919527e-05,2.0304418498918226e-05,-1.3010426069826053e-18,-0.0002532303387916092,-0.00023292592029269097,2.0304418498919527e-05,-0.0002990556028221853,0.0,True
cyclonic,0.5,163.16445922851562,124431.71616057839,1.59375,1.684837412566701e-05,1.684837412566615e-05,-8.605854744103691e-19,-0.0002372382615238283,-0.00022038988739816215,1.684837412566701e-05,-0.00028016955492398755,0.0,True
cyclonic,0.5,163.16445922851562,129311.39130413048,1.65625,8.946395537533515e-06,8.946395537532696e-06,-8.182338270476541e-19,-0.00022037524621762886,-0.00021142885068009616,8.946395537533515e-06,-0.0002602549616258076,0.0,True
cyclonic,0.5,163.16445922851562,134191.06644768256,1.7187499999999998,5.508357389666168e-07,5.50835738965907e-07,-7.098136097991037e-19,-0.0002034952587766206,-0.00020294442303765467,5.508357389666168e-07,-0.0002403203248682592,0.0,True
cyclonic,0.5,163.16445922851562,139070.74159123466,1.78125,-1.5289132310784574e-05,-1.5289132310785075e-05,-5.014435047745458e-19,-0.00018896012022278115,-0.00020424925253356623,-1.5289132310784574e-05,-0.00022315486735212972,0.0,True
cyclonic,0.5,163.16445922851562,143950.41673478676,1.84375,-2.939899918520522e-05,-2.9398999185205707e-05,-4.87890977618477e-19,-0.0001749725708562586,-0.00020437157004146432,-2.939899918520522e-05,-0.0002066360922805028,0.0,True
cyclonic,0.5,163.16445922851562,148830.09187833886,1.90625,-4.170414257539995e-05,-4.170414257540021e-05,-2.574980159653073e-19,-0.00016084092801385615,-0.00020254507058925636,-4.170414257539995e-05,-0.0001899471481781916,0.0,True
cyclonic,0.5,163.16445922851562,153709.76702189096,1.9687500000000002,-5.573083552218174e-05,-5.573083552218167e-05,6.776263578034403e-20,-0.0001449765379176747,-0.00020070737343985638,-5.573083552218174e-05,-0.0001712118940760988,0.0,True
cyclonic,0.5,163.16445922851562,158589.44216544303,2.03125,-6.973228753518258e-05,-6.973228753518235e-05,2.303929616531697e-19,-0.00013125490996328831,-0.00020098719749847067,-6.973228753518258e-05,-0.00015500716229244912,0.0,True
cyclonic,0.5,163.16445922851562,163469.11730899513,2.09375,-8.195141516842018e-05,-8.195141516841975e-05,4.336808689942018e-19,-0.00011585353223484282,-0.00019780494740326255,-8.195141516842018e-05,-0.00013681870855957015,0.0,True
cyclonic,0.5,163.16445922851562,168348.79245254723,2.15625,-9.25118194716603e-05,-9.251181947165986e-05,4.336808689942018e-19,-9.804129183602264e-05,-0.00019055311130768252,-9.25118194716603e-05,-0.00011578311576487555,0.0,True
cyclonic,0.5,163.16445922851562,173228.46759609933,2.21875,-0.00010427918287840916,-0.00010427918287840857,5.963111948670274e-19,-8.314413945955782e-05,-0.0001874233223379664,-0.00010427918287840916,-9.819013340132134e-05,0.0,True
cyclonic,0.5,163.16445922851562,178108.14273965143,2.28125,-0.0001137927689904389,-0.00011379276899043779,1.111307226797642e-18,-6.793695531768764e-05,-0.0001817297243081254,-0.0001137927689904389,-8.023101506472472e-05,0.0,True
cyclonic,0.5,163.16445922851562,182987.8178832035,2.34375,-0.00012121421221323468,-0.00012121421221323347,1.2061749168901237e-18,-5.357849494425087e-05,-0.00017479270715748435,-0.00012121421221323468,-6.327420790225341e-05,0.0,True
cyclonic,0.5,163.16445922851562,187867.4930267556,2.40625,-0.00012615654081316423,-0.00012615654081316323,1.0028870095490916e-18,-3.8678883569835554e-05,-0.0001648354243829988,-0.00012615654081316423,-4.567832155366357e-05,0.0,True
cyclonic,0.5,163.16445922851562,192747.1681703077,2.46875,-0.0001299307732683186,-0.0001299307732683179,7.047314121155779e-19,-2.4860111742219606e-05,-0.00015479088501053748,-0.0001299307732683186,-2.9358866472214012e-05,0.0,True
cyclonic,0.5,180.5499267578125,2439.837571776047,0.03125,9.798452315005003e-07,9.798452315005e-07,-4.235164736271502e-22,9.67836189899619e-07,1.947681421400119e-06,9.798452315005003e-07,4.129657265551891e-07,0.0,True
cyclonic,0.5,180.5499267578125,7319.512715328141,0.09375,-5.485595414756349e-06,-5.48559541475635e-06,-8.470329472543003e-22,1.4164004215311268e-06,-4.069194993225223e-06,-5.485595414756349e-06,6.043634607539779e-07,0.0,True
cyclonic,0.5,180.5499267578125,12199.187858880234,0.15625,-1.0732945302698244e-05,-1.0732945302698233e-05,1.0164395367051604e-20,-3.228292468230866e-07,-1.105577454952132e-05,-1.0732945302698244e-05,-1.3774791215586565e-07,0.0,True
cyclonic,0.5,180.5499267578125,17078.86300243233,0.21875,-1.4851460417620822e-05,-1.4851460417620849e-05,-2.710505431213761e-20,-9.353646188442519e-06,-2.420510660606337e-05,-1.4851460417620822e-05,-3.991104418766332e-06,0.0,True
cyclonic,0.5,180.5499267578125,21958.53814598442,0.28125,-1.679812931617698e-05,-1.6798129316176935e-05,4.404571325722362e-20,-2.8598147289066654e-05,-4.539627660524359e-05,-1.679812931617698e-05,-1.2202534681604153e-05,0.0,True
cyclonic,0.5,180.5499267578125,26838.213289536514,0.34375,-1.670945476110292e-05,-1.6709454761102923e-05,-3.3881317890172014e-21,-5.1769887695671803e-05,-6.847934245677472e-05,-1.670945476110292e-05,-2.2089677477488248e-05,0.0,True
cyclonic,0.5,180.5499267578125,31717.88843308861,0.40625,-1.4300423591328394e-05,-1.4300423591328392e-05,1.6940658945086007e-21,-7.483594426037722e-05,-8.913636785170561e-05,-1.4300423591328394e-05,-3.193172606733754e-05,0.0,True
cyclonic,0.5,180.5499267578125,36597.5635766407,0.46874999999999994,-9.618034944712377e-06,-9.618034944712365e-06,1.1858461261560205e-20,-9.764659239661107e-05,-0.00010726462734132344,-9.618034944712377e-06,-4.166479451330215e-05,0.0,True
cyclonic,0.5,180.5499267578125,41477.2387201928,0.53125,-5.050259900581377e-06,-5.050259900581567e-06,-1.9058241313221758e-19,-0.00011875619771544432,-0.0001238064576160259,-5.050259900581377e-06,-5.0672045522059536e-05,0.0,True
cyclonic,0.5,180.5499267578125,46356.91386374489,0.59375,-2.6531646566028257e-06,-2.65316465660298e-06,-1.5415999640028266e-19,-0.00014242507395916245,-0.00014507823861576542,-2.6531646566028257e-06,-6.077131105556443e-05,0.0,True
cyclonic,0.5,180.5499267578125,51236.589007296985,0.65625,-7.520795453375805e-07,-7.520795453378397e-07,-2.591920818598159e-19,-0.0001721937095025045,-0.00017294578904784234,-7.520795453375805e-07,-7.347328101081886e-05,0.0,True
cyclonic,0.5,180.5499267578125,56116.26415084908,0.71875,1.7538419980778298e-06,1.7538419980777196e-06,-1.1011428314305904e-19,-0.0002034556292067989,-0.00020170178720872118,1.7538419980778298e-06,-8.681241992598271e-05,0.0,True
cyclonic,0.5,180.5499267578125,60995.93929440117,0.78125,4.930770507063651e-06,4.930770507063892e-06,2.405573570202213e-19,-0.0002354758074636328,-0.00023054503695656893,4.930770507063651e-06,-0.00010047509994999747,0.0,True
cyclonic,0.5,180.5499267578125,65875.61443795326,0.84375,8.306652764954193e-06,8.306652764954152e-06,-4.0657581468206416e-20,-0.0002689785256355242,-0.00026067187287057007,8.306652764954193e-06,-0.00011477036447494134,0.0,True
cyclonic,0.5,180.5499267578125,70755.28958150536,0.9062500000000001,1.0706518276215773e-05,1.0706518276215458e-05,-3.1509625637859973e-19,-0.0003119173451373449,-0.0003012108268611295,1.0706518276215773e-05,-0.00013309191617764287,0.0,True
cyclonic,0.5,180.5499267578125,75634.96472505745,0.96875,1.3034432897557093e-05,1.3034432897556886e-05,-2.0667603913004928e-19,-0.00037310838184855883,-0.00036007394895100196,1.3034432897557093e-05,-0.00015920150083445614,0.0,True
cyclonic,0.5,180.5499267578125,80514.63986860955,1.03125,1.8090201835257652e-05,1.809020183525719e-05,-4.607859233063394e-19,-0.00042293994451102543,-0.00040484974267576825,1.8090201835257652e-05,-0.00018046411499896708,0.0,True
cyclonic,0.5,180.5499267578125,85394.31501216163,1.09375,2.1710662104065402e-05,2.171066210406532e-05,-8.131516293641283e-20,-0.0004520726810155961,-0.00043036201891153076,2.1710662104065402e-05,-0.00019289475338871227,0.0,True
cyclonic,0.5,180.5499267578125,90273.99015571373,1.15625,2.5838825610533263e-05,2.583882561053314e-05,-1.2197274440461925e-19,-0.00047420209649685744,-0.0004483632708863243,2.5838825610533263e-05,-0.00020233714688239695,0.0,True
cyclonic,0.5,180.5499267578125,95153.66529926582,1.21875,2.8699086116768228e-05,2.869908611676797e-05,-2.574980159653073e-19,-0.0004932713847542699,-0.0004645722986375019,2.8699086116768228e-05,-0.00021047381563098905,0.0,True
cyclonic,0.5,180.5499267578125,100033.34044281792,1.28125,3.087275798629092e-05,3.0872757986290486e-05,-4.336808689942018e-19,-0.0005122383688230197,-0.0004813656108367292,3.087275798629092e-05,-0.00021856683223674787,0.0,True
cyclonic,0.5,180.5499267578125,104913.01558637002,1.34375,3.496674699445674e-05,3.496674699445654e-05,-1.9651164376299768e-19,-0.0005309127611393817,-0.0004959460141449252,3.496674699445674e-05,-0.00022653500295756265,0.0,True
cyclonic,0.5,180.5499267578125,109792.6907299221,1.40625,3.742161011545429e-05,3.742161011545422e-05,-7.453889935837843e-20,-0.0005317666413720976,-0.0004943450312566434,3.742161011545429e-05,-0.00022689934485175368,0.0,True
cyclonic,0.5,180.5499267578125,114672.3658734742,1.46875,4.1210180505649416e-05,4.1210180505649456e-05,4.0657581468206416e-20,-0.0005245998692698933,-0.00048338968876424386,4.1210180505649416e-05,-0.0002238413570650506,0.0,True
cyclonic,0.5,180.5499267578125,119552.04101702629,1.53125,3.970035981591029e-05,3.9700359815910285e-05,-6.776263578034403e-21,-0.0004991900612255516,-0.0004594897014096413,3.970035981591029e-05,-0.00021299925387634072,0.0,True
cyclonic,0.5,180.5499267578125,124431.71616057839,1.59375,3.8150389185046934e-05,3.81503891850466e-05,-3.3203691532368573e-19,-0.00047072438404953827,-0.0004325739948644917,3.8150389185046934e-05,-0.00020085324282658132,0.0,True
cyclonic,0.5,180.5499267578125,129311.39130413048,1.65625,3.263641693699728e-05,3.263641693699745e-05,1.6940658945086007e-19,-0.00043121442817428007,-0.0003985780112372826,3.263641693699728e-05,-0.00018399475189137283,0.0,True
cyclonic,0.5,180.5499267578125,134191.06644768256,1.7187499999999998,2.5557183635054685e-05,2.555718363505469e-05,3.3881317890172014e-21,-0.0004014922630623864,-0.0003759350794273317,2.5557183635054685e-05,-0.00017131261039023772,0.0,True
cyclonic,0.5,180.5499267578125,139070.74159123466,1.78125,1.629984770555796e-05,1.6299847705557945e-05,-1.3552527156068805e-20,-0.00036557008011100557,-0.00034927023240544764,1.629984770555796e-05,-0.00015598498518177754,0.0,True
cyclonic,0.5,180.5499267578125,143950.41673478676,1.84375,9.946312218788428e-06,9.94631221878841e-06,-1.8634724839594607e-20,-0.00034106515397214,-0.0003311188417533516,9.946312218788428e-06,-0.00014552898577534137,0.0,True
cyclonic,0.5,180.5499267578125,148830.09187833886,1.90625,3.890995159765097e-06,3.890995159765031e-06,-6.606856988583543e-20,-0.0003117309742099479,-0.00030783997905018285,3.890995159765097e-06,-0.00013301239362388377,0.0,True
cyclonic,0.5,180.5499267578125,153709.76702189096,1.9687500000000002,-5.451904569944308e-06,-5.451904569944336e-06,-2.795208725939191e-20,-0.00028338960421066836,-0.0002888415087806127,-5.451904569944308e-06,-0.00012091942316517856,0.0,True
cyclonic,0.5,180.5499267578125,158589.44216544303,2.03125,-1.258691368623356e-05,-1.2586913686233516e-05,4.404571325722362e-20,-0.0002574873154728354,-0.0002700742291590689,-1.258691368623356e-05,-0.00010986718354064982,0.0,True
cyclonic,0.5,180.5499267578125,163469.11730899513,2.09375,-1.6774991204193362e-05,-1.6774991204193294e-05,6.776263578034403e-20,-0.00022939898573192655,-0.0002461739769361198,-1.6774991204193362e-05,-9.788218275205644e-05,0.0,True
cyclonic,0.5,180.5499267578125,168348.79245254723,2.15625,-2.079521840599185e-05,-2.079521840599177e-05,7.792703114739563e-20,-0.00019956917303996967,-0.00022036439144596144,-2.079521840599185e-05,-8.515410913805278e-05,0.0,True
cyclonic,0.5,180.5499267578125,173228.46759609933,2.21875,-2.4553831981590247e-05,-2.455383198159023e-05,1.6940658945086007e-20,-0.00016902904343379753,-0.00019358287541538775,-2.4553831981590247e-05,-7.212295061812743e-05,0.0,True
cyclonic,0.5,180.5499267578125,178108.14273965143,2.28125,-2.758089781571935e-05,-2.7580897815719234e-05,1.1519648082658485e-19,-0.00014049035982394736,-0.0001680712576396666,-2.758089781571935e-05,-5.994578847554129e-05,0.0,True
cyclonic,0.5,180.5499267578125,182987.8178832035,2.34375,-2.9100547471073025e-05,-2.910054747107313e-05,-1.0503208545953324e-19,-0.0001177736999923476,-0.00014687424746342073,-2.9100547471073025e-05,-5.025282387040841e-05,0.0,True
cyclonic,0.5,180.5499267578125,187867.4930267556,2.40625,-3.1523125729757236e-05,-3.1523125729757026e-05,2.1006417091906648e-19,-8.883466458270776e-05,-0.00012035779031246479,-3.1523125729757236e-05,-3.790483574135554e-05,0.0,True
cyclonic,0.5,180.5499267578125,192747.1681703077,2.46875,-3.301970886564429e-05,-3.301970886564419e-05,9.486769009248164e-20,-6.11253692724756e-05,-9.41450781381198e-05,-3.301970886564429e-05,-2.608156503755064e-05,0.0,True
cyclonic,0.5,199.7899627685547,2439.837571776047,0.03125,2.431784605264021e-07,2.431784605264021e-07,0.0,2.172512989690948e-07,4.604297594954969e-07,2.431784605264021e-07,1.6533290519328777e-07,1.0,False
cyclonic,0.5,199.7899627685547,7319.512715328141,0.09375,8.409179841791843e-06,8.409179841791856e-06,1.3552527156068805e-20,1.7909060033836762e-07,8.588270442130224e-06,8.409179841791843e-06,1.3629179382243623e-07,0.0,True
cyclonic,0.5,199.7899627685547,12199.187858880234,0.15625,1.6223613937485828e-05,1.622361393748586e-05,3.3881317890172014e-20,-1.3613832305020667e-07,1.6087475614435657e-05,1.6223613937485828e-05,-1.0360418816752349e-07,0.0,True
cyclonic,0.5,199.7899627685547,17078.86300243233,0.21875,2.378665755756308e-05,2.378665755756314e-05,6.098637220230962e-20,-2.889626865979192e-06,2.089703069158395e-05,2.378665755756308e-05,-2.1990681157900813e-06,0.0,True
cyclonic,0.5,199.7899627685547,21958.53814598442,0.28125,3.227057738190393e-05,3.22705773819041e-05,1.6940658945086007e-19,-9.285810848811746e-06,2.2984766533092356e-05,3.227057738190393e-05,-7.066701520287771e-06,0.0,True
cyclonic,0.5,199.7899627685547,26838.213289536514,0.34375,4.263582472572181e-05,4.263582472572202e-05,2.1006417091906648e-19,-1.7244663252467026e-05,2.5391161473254995e-05,4.263582472572181e-05,-1.3123559160011698e-05,0.0,True
cyclonic,0.5,199.7899627685547,31717.88843308861,0.40625,5.503491650669871e-05,5.503491650669904e-05,3.3203691532368573e-19,-2.5856774418415013e-05,2.9178142088284028e-05,5.503491650669871e-05,-1.967756075019913e-05,0.0,True
cyclonic,0.5,199.7899627685547,36597.5635766407,0.46874999999999994,6.799243168091926e-05,6.799243168091979e-05,5.285485590866834e-19,-3.444459997604172e-05,3.354783170487807e-05,6.799243168091926e-05,-2.62130804707858e-05,0.0,True
cyclonic,0.5,199.7899627685547,41477.2387201928,0.53125,7.83472398196127e-05,7.83472398196133e-05,6.098637220230962e-19,-4.2523515121390285e-05,3.582372469822302e-05,7.83472398196127e-05,-3.236130843595228e-05,0.0,True
cyclonic,0.5,199.7899627685547,46356.91386374489,0.59375,8.523937450640248e-05,8.523937450640335e-05,8.673617379884035e-19,-5.199991551205522e-05,3.323945899434813e-05,8.523937450640248e-05,-3.9573052691558875e-05,0.0,True
cyclonic,0.5,199.7899627685547,51236.589007296985,0.65625,9.051105228732919e-05,9.051105228732985e-05,6.640738306473715e-19,-6.407828295712028e-05,2.643276933020957e-05,9.051105228732919e-05,-4.876494976725236e-05,0.0,True
cyclonic,0.5,199.7899627685547,56116.26415084908,0.71875,9.440972709593351e-05,9.440972709593435e-05,8.402566836762659e-19,-7.687700337189016e-05,1.753272372404419e-05,9.440972709593351e-05,-5.8505050926470584e-05,0.0,True
cyclonic,0.5,199.7899627685547,60995.93929440117,0.78125,9.52878886521618e-05,9.52878886521628e-05,1.0028870095490916e-18,-9.029838527388339e-05,4.98950337827941e-06,9.52878886521618e-05,-6.871901085257819e-05,0.0,True
cyclonic,0.5,199.7899627685547,65875.61443795326,0.84375,9.216035691748259e-05,9.216035691748389e-05,1.3010426069826053e-18,-0.00010392462990940181,-1.1764272991917921e-05,9.216035691748259e-05,-7.908887571946304e-05,0.0,True
cyclonic,0.5,199.7899627685547,70755.28958150536,0.9062500000000001,8.65596481422954e-05,8.655964814229669e-05,1.2874900798265365e-18,-0.0001256640285063476,-3.9104380364050895e-05,8.65596481422954e-05,-9.563302502601897e-05,0.0,True
cyclonic,0.5,199.7899627685547,75634.96472505745,0.96875,8.37076152198857e-05,8.37076152198873e-05,1.599198204416119e-18,-0.0001506132772561735,-6.69056620362862e-05,8.37076152198857e-05,-0.00011461993924826957,0.0,True
cyclonic,0.5,199.7899627685547,80514.63986860955,1.03125,7.787466469184983e-05,7.787466469185098e-05,1.1519648082658485e-18,-0.00016749127285551856,-8.961660816366758e-05,7.787466469184983e-05,-0.0001274644564480319,0.0,True
cyclonic,0.5,199.7899627685547,85394.31501216163,1.09375,6.954104059290111e-05,6.954104059290262e-05,1.5043305143236374e-18,-0.00017825789041991624,-0.00010871684982701362,6.954104059290111e-05,-0.0001356580836874261,0.0,True
cyclonic,0.5,199.7899627685547,90273.99015571373,1.15625,5.8033623936322386e-05,5.803362393632359e-05,1.2061749168901237e-18,-0.00018615397664640987,-0.00012812035271008628,5.8033623936322386e-05,-0.00014166717491807788,0.0,True
cyclonic,0.5,199.7899627685547,95153.66529926582,1.21875,4.3524757710833386e-05,4.352475771083546e-05,2.0735366548785272e-18,-0.00019337820540579073,-0.00014985344769495528,4.3524757710833386e-05,-0.00014716496818438764,0.0,True
cyclonic,0.5,199.7899627685547,100033.34044281792,1.28125,3.02516952893047e-05,3.025169528930615e-05,1.4501204056993622e-18,-0.00019886039754769176,-0.0001686087022583856,3.02516952893047e-05,-0.00015133703416488726,0.0,True
cyclonic,0.5,199.7899627685547,104913.01558637002,1.34375,1.924713142819114e-05,1.9247131428192616e-05,1.4772254600114998e-18,-0.00020518539159452307,-0.00018593826016633045,1.924713142819114e-05,-0.00015615049049888887,0.0,True
cyclonic,0.5,199.7899627685547,109792.6907299221,1.40625,1.216970170138806e-05,1.2169701701389555e-05,1.4941661189565858e-18,-0.000203637303573947,-0.00019146760187255742,1.216970170138806e-05,-0.00015497236226144536,0.0,True
cyclonic,0.5,199.7899627685547,114672.3658734742,1.46875,8.649819531705961e-06,8.64981953170759e-06,1.6296913905172739e-18,-0.00020039827615331204,-0.00019174845662160445,8.649819531705961e-06,-0.0001525073928182455,0.0,True
cyclonic,0.5,199.7899627685547,119552.04101702629,1.53125,8.730173761789523e-06,8.730173761791e-06,1.4772254600114998e-18,-0.0001870703587453473,-0.00017834018498355628,8.730173761789523e-06,-0.00014236456137976252,0.0,True
cyclonic,0.5,199.7899627685547,124431.71616057839,1.59375,8.947497481304203e-06,8.947497481305527e-06,1.3247595295057257e-18,-0.00017526910219077625,-0.0001663216047094707,8.947497481304203e-06,-0.00013338355164422983,0.0,True
cyclonic,0.5,199.7899627685547,129311.39130413048,1.65625,1.1668058856159894e-05,1.1668058856160716e-05,8.216219588366713e-19,-0.00016185831489327435,-0.00015019025603711363,1.1668058856159894e-05,-0.0001231776544397181,0.0,True
cyclonic,0.5,199.7899627685547,134191.06644768256,1.7187499999999998,1.7348434639006366e-05,1.7348434639007267e-05,9.012430558785756e-19,-0.00014679881171054623,-0.00012945037707153895,1.7348434639006366e-05,-0.00011171704903122202,0.0,True
cyclonic,0.5,199.7899627685547,139070.74159123466,1.78125,2.735582272357268e-05,2.735582272357344e-05,7.589415207398531e-19,-0.00013439533162707293,-0.00010703950890349949,2.735582272357268e-05,-0.00010227773425410096,0.0,True
cyclonic,0.5,199.7899627685547,143950.41673478676,1.84375,3.759572726313879e-05,3.7595727263139313e-05,5.21772295508649e-19,-0.00012526312680158236,-8.766739953844305e-05,3.759572726313879e-05,-9.532793021710276e-05,0.0,True
cyclonic,0.5,199.7899627685547,148830.09187833886,1.90625,4.760212163344893e-05,4.760212163344916e-05,2.303929616531697e-19,-0.00011534624538149178,-6.774412374804262e-05,4.760212163344893e-05,-8.778097043632763e-05,0.0,True
cyclonic,0.5,199.7899627685547,153709.76702189096,1.9687500000000002,5.750767571743576e-05,5.7507675717435825e-05,6.776263578034403e-20,-0.0001035121265937203,-4.600445087628447e-05,5.750767571743576e-05,-7.877495183543052e-05,0.0,True
cyclonic,0.5,199.7899627685547,158589.44216544303,2.03125,6.761033014725484e-05,6.761033014725482e-05,-2.710505431213761e-20,-9.504884415432607e-05,-2.7438514007071258e-05,6.761033014725484e-05,-7.233421210307369e-05,0.0,True
cyclonic,0.5,199.7899627685547,163469.11730899513,2.09375,7.979235488632075e-05,7.979235488632047e-05,-2.846030702774449e-19,-8.689759008198876e-05,-7.105235195668287e-06,7.979235488632075e-05,-6.613093266058868e-05,0.0,True
cyclonic,0.5,199.7899627685547,168348.79245254723,2.15625,8.988369967192692e-05,8.988369967192655e-05,-3.6591823321385775e-19,-7.556128438835807e-05,1.4322415283568482e-05,8.988369967192692e-05,-5.750376051763273e-05,0.0,True
cyclonic,0.5,199.7899627685547,173228.46759609933,2.21875,9.739767154602577e-05,9.739767154602509e-05,-6.776263578034403e-19,-6.538466635532345e-05,3.2013005190701635e-05,9.739767154602577e-05,-4.975913559512139e-05,0.0,True
cyclonic,0.5,199.7899627685547,178108.14273965143,2.28125,0.00010340150266047445,0.00010340150266047349,-9.622294280808852e-19,-5.758084319934186e-05,4.582065946113163e-05,0.00010340150266047445,-4.382025854299094e-05,0.0,True
cyclonic,0.5,199.7899627685547,182987.8178832035,2.34375,0.00010701719972368148,0.00010701719972368018,-1.3010426069826053e-18,-4.840332827376737e-05,5.8613871449912804e-05,0.00010701719972368148,-3.683597254654293e-05,0.0,True
cyclonic,0.5,199.7899627685547,187867.4930267556,2.40625,0.00010757284363205914,0.00010757284363205811,-1.0299920638612292e-18,-3.849016832174511e-05,6.9082675310313e-05,0.00010757284363205914,-2.929184488290697e-05,0.0,True
cyclonic,0.5,199.7899627685547,192747.1681703077,2.46875,0.00010681984365804049,0.00010681984365803958,-9.0801931945661e-19,-2.8582778397246502e-05,7.823706526079308e-05,0.00010681984365804049,-2.175210833415989e-05,0.0,True
cyclonic,0.5,221.14117431640625,2439.837571776047,0.03125,-6.25591021631282e-07,-6.25591021631282e-07,0.0,3.770893247161315e-08,-5.878820891596689e-07,-6.25591021631282e-07,3.90897603311397e-08,1.0,False
cyclonic,0.5,221.14117431640625,7319.512715328141,0.09375,6.516040452776688e-06,6.516040452776688e-06,0.0,-9.721921329161283e-08,6.418821239485075e-06,6.516040452776688e-06,-1.0077919203923103e-07,1.0,False
cyclonic,0.5,221.14117431640625,12199.187858880234,0.15625,1.186417238753009e-05,1.1864172387530117e-05,2.710505431213761e-20,-1.2301996162035437e-07,1.1741152425909763e-05,1.186417238753009e-05,-1.2752471365519776e-07,0.0,True
cyclonic,0.5,221.14117431640625,17078.86300243233,0.21875,1.6371991181545575e-05,1.637199118154563e-05,5.421010862427522e-20,-1.0652529622630976e-06,1.5306738219282533e-05,1.6371991181545575e-05,-1.1042604565442831e-06,0.0,True
cyclonic,0.5,221.14117431640625,21958.53814598442,0.28125,2.1202133175589654e-05,2.1202133175589705e-05,5.082197683525802e-20,-3.347895087956441e-06,1.7854238087633263e-05,2.1202133175589654e-05,-3.4704885029703072e-06,0.0,True
cyclonic,0.5,221.14117431640625,26838.213289536514,0.34375,2.778118240893046e-05,2.7781182408930612e-05,1.5246593050577406e-19,-6.636251406239465e-06,2.1144931002691145e-05,2.778118240893046e-05,-6.8792580421726325e-06,0.0,True
cyclonic,0.5,221.14117431640625,31717.88843308861,0.40625,3.530405739966517e-05,3.530405739966538e-05,2.1006417091906648e-19,-9.902266679310692e-06,2.540179072035469e-05,3.530405739966517e-05,-1.0264868450483787e-05,0.0,True
cyclonic,0.5,221.14117431640625,36597.5635766407,0.46874999999999994,4.1803124727867885e-05,4.1803124727868034e-05,1.4907779871675686e-19,-1.3078248900987529e-05,2.8724875826880507e-05,4.1803124727867885e-05,-1.3557148971942877e-05,0.0,True
cyclonic,0.5,221.14117431640625,41477.2387201928,0.53125,4.580471646911321e-05,4.580471646911352e-05,3.1170812458958252e-19,-1.6102746448776233e-05,2.9701970020337287e-05,4.580471646911321e-05,-1.6692397745006926e-05,0.0,True
cyclonic,0.5,221.14117431640625,46356.91386374489,0.59375,4.7059806078747646e-05,4.705980607874788e-05,2.371692252312041e-19,-1.992384742868004e-05,2.7135958650067844e-05,4.7059806078747646e-05,-2.0653420020510584e-05,0.0,True
cyclonic,0.5,221.14117431640625,51236.589007296985,0.65625,4.6202883629478184e-05,4.620288362947848e-05,2.981555974335137e-19,-2.4921466151928707e-05,2.1281417477549775e-05,4.6202883629478184e-05,-2.5834041833797613e-05,0.0,True
cyclonic,0.5,221.14117431640625,56116.26415084908,0.71875,4.348097714009402e-05,4.348097714009432e-05,2.981555974335137e-19,-3.0304955774006096e-05,1.3176021366088224e-05,4.348097714009402e-05,-3.14146643886949e-05,0.0,True
cyclonic,0.5,221.14117431640625,60995.93929440117,0.78125,3.7798895156398604e-05,3.7798895156398956e-05,3.5236570605778894e-19,-3.5907010212469434e-05,1.8918849439295227e-06,3.7798895156398604e-05,-3.7221855179003724e-05,0.0,True
cyclonic,0.5,221.14117431640625,65875.61443795326,0.84375,2.6148585226907046e-05,2.6148585226907402e-05,3.5575383784680614e-19,-4.276897044118509e-05,-1.6620385214277685e-05,2.6148585226907046e-05,-4.433508706230431e-05,0.0,True
cyclonic,0.5,221.14117431640625,70755.28958150536,0.9062500000000001,1.4040730251062922e-05,1.404073025106362e-05,6.979551485375435e-19,-5.447875746060629e-05,-4.043802720954267e-05,1.4040730251062922e-05,-5.647366373674189e-05,0.0,True
cyclonic,0.5,221.14117431640625,75634.96472505745,0.96875,1.5390923578461295e-06,1.5390923578467224e-06,5.929230630780102e-19,-6.260375006749432e-05,-6.106465770964759e-05,1.5390923578461295e-06,-6.48961777905307e-05,0.0,True
cyclonic,0.5,221.14117431640625,80514.63986860955,1.03125,-1.4994592117095097e-05,-1.499459211709446e-05,6.369687763352339e-19,-6.808438853614363e-05,-8.307898065323809e-05,-1.4994592117095097e-05,-7.057750659405494e-05,0.0,True
cyclonic,0.5,221.14117431640625,85394.31501216163,1.09375,-3.217117112134806e-05,-3.2171171121347575e-05,4.87890977618477e-19,-7.178831571184698e-05,-0.00010395948683319455,-3.217117112134806e-05,-7.441706438825215e-05,0.0,True
cyclonic,0.5,221.14117431640625,90273.99015571373,1.15625,-5.0929636064413826e-05,-5.0929636064413006e-05,8.199278929421627e-19,-7.471314174728618e-05,-0.0001256427778116992,-5.0929636064413826e-05,-7.744899187179103e-05,0.0,True
cyclonic,0.5,221.14117431640625,95153.66529926582,1.21875,-6.995805499746993e-05,-6.995805499746909e-05,8.402566836762659e-19,-7.646240135244759e-05,-0.00014642045634991667,-6.995805499746993e-05,-7.926230596585026e-05,0.0,True
cyclonic,0.5,221.14117431640625,100033.34044281792,1.28125,-8.576358951153132e-05,-8.576358951153055e-05,7.724940478959219e-19,-7.91435766767519e-05,-0.00016490716618828243,-8.576358951153132e-05,-8.204166072249097e-05,0.0,True
cyclonic,0.5,221.14117431640625,104913.01558637002,1.34375,-9.739612742841736e-05,-9.739612742841645e-05,9.0801931945661e-19,-7.994473269641825e-05,-0.0001773408601248347,-9.739612742841736e-05,-8.287215351939479e-05,0.0,True
cyclonic,0.5,221.14117431640625,109792.6907299221,1.40625,-0.00010202957742613612,-0.00010202957742613526,8.538092108323347e-19,-8.00599941790058e-05,-0.00018208957160514107,-0.00010202957742613612,-8.299163565358545e-05,0.0,True
cyclonic,0.5,221.14117431640625,114672.3658734742,1.46875,-0.0001010872125031852,-0.00010108721250318462,5.827586677109586e-19,-7.695341495987905e-05,-0.00017804062746306368,-0.0001010872125031852,-7.97712995378182e-05,0.0,True
cyclonic,0.5,221.14117431640625,119552.04101702629,1.53125,-9.663396034875692e-05,-9.66339603487565e-05,4.2012834183813297e-19,-7.302505780550241e-05,-0.00016965901815425892,-9.663396034875692e-05,-7.56990935750719e-05,0.0,True
cyclonic,0.5,221.14117431640625,124431.71616057839,1.59375,-8.96468888148111e-05,-8.964688881481045e-05,6.505213034913027e-19,-6.867929068195854e-05,-0.00015832617949676899,-8.96468888148111e-05,-7.1194192900884e-05,0.0,True
cyclonic,0.5,221.14117431640625,129311.39130413048,1.65625,-7.90877672448082e-05,-7.908776724480783e-05,3.6591823321385775e-19,-6.237076042271202e-05,-0.00014145852766751985,-7.90877672448082e-05,-6.46546565175264e-05,0.0,True
cyclonic,0.5,221.14117431640625,134191.06644768256,1.7187499999999998,-6.491220244438655e-05,-6.491220244438613e-05,4.2012834183813297e-19,-5.70681613317103e-05,-0.00012198036377609643,-6.491220244438655e-05,-5.9157886547827246e-05,0.0,True
cyclonic,0.5,221.14117431640625,139070.74159123466,1.78125,-4.797181922464635e-05,-4.7971819224646086e-05,2.642742795433417e-19,-5.296374789054325e-05,-0.00010093556711518933,-4.797181922464635e-05,-5.490317745904819e-05,0.0,True
cyclonic,0.5,221.14117431640625,143950.41673478676,1.84375,-3.199589775462416e-05,-3.199589775462392e-05,2.439454888092385e-19,-4.890652376256883e-05,-8.090242151719275e-05,-3.199589775462416e-05,-5.069738566444815e-05,0.0,True
cyclonic,0.5,221.14117431640625,148830.09187833886,1.90625,-1.3915023998478892e-05,-1.3915023998478775e-05,1.1689054672109345e-19,-4.428377619253622e-05,-5.819880019101499e-05,-1.3915023998478892e-05,-4.590536205784078e-05,0.0,True
cyclonic,0.5,221.14117431640625,153709.76702189096,1.9687500000000002,5.034861771621142e-06,5.034861771621144e-06,1.6940658945086007e-21,-3.9968279866309083e-05,-3.493341809468794e-05,5.034861771621142e-06,-4.143184063876795e-05,0.0,True
cyclonic,0.5,221.14117431640625,158589.44216544303,2.03125,2.147448463094586e-05,2.147448463094573e-05,-1.2874900798265365e-19,-3.7225761358789765e-05,-1.5751276727844035e-05,2.147448463094586e-05,-3.858889643069876e-05,0.0,True
cyclonic,0.5,221.14117431640625,163469.11730899513,2.09375,3.747240973596697e-05,3.747240973596679e-05,-1.7618285302889447e-19,-3.426283209543676e-05,3.209577640530029e-06,3.747240973596697e-05,-3.5517470453053344e-05,0.0,True
cyclonic,0.5,221.14117431640625,168348.79245254723,2.15625,5.031921694241337e-05,5.031921694241304e-05,-3.3203691532368573e-19,-3.0456205018844174e-05,1.9863011923568865e-05,5.031921694241337e-05,-3.1571452087085385e-05,0.0,True
cyclonic,0.5,221.14117431640625,173228.46759609933,2.21875,5.916712776424221e-05,5.9167127764241994e-05,-2.168404344971009e-19,-2.6301820685802422e-05,3.286530707843957e-05,5.916712776424221e-05,-2.726494226943695e-05,0.0,True
cyclonic,0.5,221.14117431640625,178108.14273965143,2.28125,6.628630634850549e-05,6.628630634850498e-05,-5.149960319306146e-19,-2.2905480586370875e-05,4.33808257621341e-05,6.628630634850549e-05,-2.3744234792773164e-05,0.0,True
cyclonic,0.5,221.14117431640625,182987.8178832035,2.34375,7.334585923753358e-05,7.334585923753309e-05,-4.87890977618477e-19,-1.9350314749019653e-05,5.399554448851344e-05,7.334585923753358e-05,-2.0058885688177577e-05,0.0,True
cyclonic,0.5,221.14117431640625,187867.4930267556,2.40625,7.939973033891579e-05,7.939973033891523e-05,-5.55653613398821e-19,-1.5815575204219216e-05,6.358415513469602e-05,7.939973033891579e-05,-1.639471084728901e-05,0.0,True
cyclonic,0.5,221.14117431640625,192747.1681703077,2.46875,8.339975063345041e-05,8.339975063345002e-05,-3.9302328752599536e-19,-1.209713844154298e-05,7.130261219190703e-05,8.339975063345041e-05,-1.2540112153228048e-05,0.0,True
cyclonic,0.5,244.890625,2439.837571776047,0.03125,-3.873570718281692e-07,-3.873570718281692e-07,0.0,6.438216549171713e-09,-3.809188552789975e-07,-3.873570718281692e-07,9.010453360033882e-09,1.0,False
cyclonic,0.5,244.890625,7319.512715328141,0.09375,1.9329416120330658e-05,1.9329416120330658e-05,0.0,-1.1669866519752742e-08,1.9317746253810904e-05,1.9329416120330658e-05,-1.6332285065431795e-08,1.0,False
cyclonic,0.5,244.890625,12199.187858880234,0.15625,3.756775328119517e-05,3.756775328119517e-05,0.0,-2.3698344660868786e-08,3.7544054936534304e-05,3.756775328119517e-05,-3.316645652501973e-08,1.0,False
cyclonic,0.5,244.890625,17078.86300243233,0.21875,5.4620514596351996e-05,5.4620514596351996e-05,0.0,-1.551895785690524e-07,5.4465325017782945e-05,5.4620514596351996e-05,-2.1719189607557662e-07,1.0,False
cyclonic,0.5,244.890625,21958.53814598442,0.28125,7.201185820530214e-05,7.201185820530214e-05,0.0,-5.669458605664112e-07,7.144491234473573e-05,7.201185820530214e-05,-7.934556402821104e-07,1.0,False
cyclonic,0.5,244.890625,26838.213289536514,0.34375,8.983695118428017e-05,8.983695118428006e-05,-1.0842021724855044e-19,-1.1856635139376397e-06,8.865128767034242e-05,8.983695118428017e-05,-1.6593672659866368e-06,1.0,False
cyclonic,0.5,244.890625,31717.88843308861,0.40625,0.00010642628573893314,0.00010642628573893303,-1.0842021724855044e-19,-1.8217938565250774e-06,0.00010460449188240795,0.00010642628573893314,-2.5496484081336635e-06,1.0,False
cyclonic,0.5,244.890625,36597.5635766407,0.46874999999999994,0.00012096235814149472,0.00012096235814149461,-1.0842021724855044e-19,-2.4180976092391025e-06,0.0001185442605322555,0.00012096235814149472,-3.3841911904720643e-06,1.0,False
cyclonic,0.5,244.890625,41477.2387201928,0.53125,0.0001331108672079672,0.00013311086720796698,-2.168404344971009e-19,-2.9907196529360897e-06,0.0001301201475550309,0.0001331108672079672,-4.185590798306439e-06,1.0,False
cyclonic,0.5,244.890625,46356.91386374489,0.59375,0.00014182712057305276,0.00014182712057305254,-2.168404344971009e-19,-3.722847993743851e-06,0.00013810427257930868,0.00014182712057305276,-5.210223663328044e-06,0.0,True
cyclonic,0.5,244.890625,51236.589007296985,0.65625,0.0001467306629079402,0.00014673066290793994,-2.710505431213761e-19,-4.706077898341158e-06,0.00014202458500959877,0.0001467306629079402,-6.5862797698447414e-06,0.0,True
cyclonic,0.5,244.890625,56116.26415084908,0.71875,0.00014820770724109736,0.0001482077072410972,-1.6263032587282567e-19,-5.7787457146616054e-06,0.0001424289615264356,0.00014820770724109736,-8.087506585679047e-06,0.0,True
cyclonic,0.5,244.890625,60995.93929440117,0.78125,0.00014170262359242697,0.00014170262359242654,-4.336808689942018e-19,-6.874883528477259e-06,0.00013482774006394927,0.00014170262359242697,-9.621580280175405e-06,0.0,True
cyclonic,0.5,244.890625,65875.61443795326,0.84375,0.00013046776113457035,0.0001304677611345697,-6.505213034913027e-19,-9.22939728936393e-06,0.00012123836384520578,0.00013046776113457035,-1.2916784202876125e-05,0.0,True
cyclonic,0.5,244.890625,70755.28958150536,0.9062500000000001,0.00011810205926189688,0.00011810205926189655,-3.2526065174565133e-19,-1.1035077400814118e-05,0.00010706698186108244,0.00011810205926189688,-1.5443881001050125e-05,0.0,True
cyclonic,0.5,244.890625,75634.96472505745,0.96875,0.00010050781069012028,0.0001005078106901199,-3.7947076036992655e-19,-1.2384220057961078e-05,8.812359063215882e-05,0.00010050781069012028,-1.7332041626808946e-05,0.0,True
cyclonic,0.5,244.890625,80514.63986860955,1.03125,8.22521680612722e-05,8.225216806127187e-05,-3.2526065174565133e-19,-1.3361790446249163e-05,6.88903776150227e-05,8.22521680612722e-05,-1.8700177091428138e-05,0.0,True
cyclonic,0.5,244.890625,85394.31501216163,1.09375,6.30930209473071e-05,6.309302094730662e-05,-4.743384504624082e-19,-1.4096439643506306e-05,4.899658130380031e-05,6.30930209473071e-05,-1.9728337961339146e-05,0.0,True
cyclonic,0.5,244.890625,90273.99015571373,1.15625,4.2061682144302825e-05,4.20616821443025e-05,-3.2526065174565133e-19,-1.4385203651716242e-05,2.7676478492586256e-05,4.2061682144302825e-05,-2.0132470784172947e-05,0.0,True
cyclonic,0.5,244.890625,95153.66529926582,1.21875,2.2886533031130957e-05,2.2886533031130364e-05,-5.929230630780102e-19,-1.4792346151158706e-05,8.094186879971658e-06,2.2886533031130957e-05,-2.0702277418369787e-05,0.0,True
cyclonic,0.5,244.890625,100033.34044281792,1.28125,4.875610408313764e-06,4.87561040831332e-06,-4.438452643612534e-19,-1.5157683908174066e-05,-1.0282073499860746e-05,4.875610408313764e-06,-2.1213577216241575e-05,0.0,True
cyclonic,0.5,244.890625,104913.01558637002,1.34375,-7.79391677495927e-06,-7.793916774959595e-06,-3.2526065174565133e-19,-1.5520809222406244e-05,-2.331472599736584e-05,-7.79391677495927e-06,-2.172178064225986e-05,0.0,True
cyclonic,0.5,244.890625,109792.6907299221,1.40625,-1.8057042322853284e-05,-1.8057042322853664e-05,-3.7947076036992655e-19,-1.5310528575051053e-05,-3.3367570897904716e-05,-1.8057042322853284e-05,-2.1427487346742263e-05,0.0,True
cyclonic,0.5,244.890625,114672.3658734742,1.46875,-2.4744877107531867e-05,-2.4744877107532142e-05,-2.744386749103933e-19,-1.506287641842078e-05,-3.980775352595292e-05,-2.4744877107531867e-05,-2.1080891641272248e-05,0.0,True
cyclonic,0.5,244.890625,119552.04101702629,1.53125,-3.085759772964571e-05,-3.085759772964592e-05,-2.1006417091906648e-19,-1.4075520241894359e-05,-4.4933117971540284e-05,-3.085759772964571e-05,-1.969906070868623e-05,0.0,True
cyclonic,0.5,244.890625,124431.71616057839,1.59375,-3.867216131196157e-05,-3.8672161311961833e-05,-2.642742795433417e-19,-1.3079558093175306e-05,-5.175171940513714e-05,-3.867216131196157e-05,-1.8305185491713808e-05,0.0,True
cyclonic,0.5,244.890625,129311.39130413048,1.65625,-4.2570817085071655e-05,-4.257081708507182e-05,-1.6263032587282567e-19,-1.2132756628372213e-05,-5.470357371344403e-05,-4.2570817085071655e-05,-1.6980111944612078e-05,0.0,True
cyclonic,0.5,244.890625,134191.06644768256,1.7187499999999998,-4.6881747991710265e-05,-4.688174799171046e-05,-1.9651164376299768e-19,-1.1262510137370197e-05,-5.8144258129080655e-05,-4.6881747991710265e-05,-1.5762179096436038e-05,0.0,True
cyclonic,0.5,244.890625,139070.74159123466,1.78125,-5.075651671035495e-05,-5.0756516710355086e-05,-1.3552527156068805e-19,-1.035655472384132e-05,-6.11130714341964e-05,-5.075651671035495e-05,-1.4494270672181134e-05,0.0,True
cyclonic,0.5,244.890625,143950.41673478676,1.84375,-5.3305733444948607e-05,-5.3305733444948715e-05,-1.0842021724855044e-19,-9.402638219949768e-06,-6.270837166489848e-05,-5.3305733444948607e-05,-1.3159239440777896e-05,0.0,True
cyclonic,0.5,244.890625,148830.09187833886,1.90625,-5.146342868242295e-05,-5.146342868242302e-05,-6.776263578034403e-20,-8.623004730235745e-06,-6.008643341265876e-05,-5.146342868242295e-05,-1.2068121870665656e-05,0.0,True
cyclonic,0.5,244.890625,153709.76702189096,1.9687500000000002,-4.8685965528644984e-05,-4.8685965528645004e-05,-2.0328790734103208e-20,-7.865910470097253e-06,-5.6551875998742255e-05,-4.8685965528644984e-05,-1.1008548545036392e-05,0.0,True
cyclonic,0.5,244.890625,158589.44216544303,2.03125,-4.6143665034704e-05,-4.614366503470399e-05,6.776263578034403e-21,-7.382952325488259e-06,-5.352661736019225e-05,-4.6143665034704e-05,-1.0332635921779304e-05,0.0,True
cyclonic,0.5,244.890625,163469.11730899513,2.09375,-4.157029282310934e-05,-4.157029282310931e-05,2.710505431213761e-20,-6.8830074385603225e-06,-4.845330026166963e-05,-4.157029282310934e-05,-9.632949905963152e-06,0.0,True
cyclonic,0.5,244.890625,168348.79245254723,2.15625,-3.804547722079971e-05,-3.804547722079964e-05,6.776263578034403e-20,-6.020919747586482e-06,-4.406639696838612e-05,-3.804547722079971e-05,-8.426435512970509e-06,0.0,True
cyclonic,0.5,244.890625,173228.46759609933,2.21875,-3.647044042342551e-05,-3.6470440423425426e-05,8.131516293641283e-20,-5.217155179218533e-06,-4.1687595602643955e-05,-3.647044042342551e-05,-7.301545863730783e-06,0.0,True
cyclonic,0.5,244.890625,178108.14273965143,2.28125,-3.2428261700314524e-05,-3.242826170031443e-05,9.486769009248164e-20,-4.615290590622903e-06,-3.704355229093733e-05,-3.2428261700314524e-05,-6.459220545348227e-06,0.0,True
cyclonic,0.5,244.890625,182987.8178832035,2.34375,-2.5323625348190726e-05,-2.5323625348190604e-05,1.2197274440461925e-19,-3.979953700039294e-06,-2.9303579048229898e-05,-2.5323625348190726e-05,-5.570049860145188e-06,0.0,True
cyclonic,0.5,244.890625,187867.4930267556,2.40625,-1.9265974325225622e-05,-1.926597432522547e-05,1.5246593050577406e-19,-3.3605126803938306e-06,-2.26264870056193e-05,-1.9265974325225622e-05,-4.7031258643182164e-06,0.0,True
cyclonic,0.5,244.890625,192747.1681703077,2.46875,-1.4237473721810913e-05,-1.4237473721810759e-05,1.5415999640028266e-19,-2.663401892606356e-06,-1.6900875614417115e-05,-1.4237473721810913e-05,-3.7275009855707604e-06,0.0,True
cyclonic,0.5,271.35638427734375,2439.837571776047,0.03125,-1.1093786282251321e-06,-1.1093786282251321e-06,0.0,-3.2243239444363045e-09,-1.1126029521695684e-06,-1.1093786282251321e-06,-1.0773585415868538e-09,1.0,False
cyclonic,0.5,271.35638427734375,7319.512715328141,0.09375,1.7564356588785084e-05,1.7564356588785084e-05,0.0,-1.1026206687858222e-07,1.7454094521906503e-05,1.7564356588785084e-05,-3.6842383585446276e-08,1.0,False
cyclonic,0.5,271.35638427734375,12199.187858880234,0.15625,3.366428924625168e-05,3.366428924625168e-05,0.0,-1.2142816800822498e-07,3.3542861078243456e-05,3.366428924625168e-05,-4.0573365532530497e-08,1.0,False
cyclonic,0.5,271.35638427734375,17078.86300243233,0.21875,4.75028655830883e-05,4.75028655830883e-05,0.0,-5.190314059718278e-07,4.698383417711647e-05,4.75028655830883e-05,-1.734264075855264e-07,0.0,True
cyclonic,0.5,271.35638427734375,21958.53814598442,0.28125,6.058269041256711e-05,6.058269041256711e-05,0.0,-1.6423576186234056e-06,5.8940332793943703e-05,6.058269041256711e-05,-5.487686843058535e-07,0.0,True
cyclonic,0.5,271.35638427734375,26838.213289536514,0.34375,7.337600206273653e-05,7.337600206273655e-05,1.3552527156068805e-20,-3.3344155012350046e-06,7.004158656150155e-05,7.337600206273653e-05,-1.1141439518364464e-06,0.0,True
cyclonic,0.5,271.35638427734375,31717.88843308861,0.40625,8.494596782421574e-05,8.494596782421574e-05,0.0,-5.032397086653735e-06,7.991357073756201e-05,8.494596782421574e-05,-1.6814985340782975e-06,0.0,True
cyclonic,0.5,271.35638427734375,36597.5635766407,0.46874999999999994,9.5130209180224e-05,9.5130209180224e-05,0.0,-6.6268782266861725e-06,8.850333095353783e-05,9.5130209180224e-05,-2.2142700251616513e-06,0.0,True
cyclonic,0.5,271.35638427734375,41477.2387201928,0.53125,0.00010340201072504086,0.00010340201072504089,2.710505431213761e-20,-8.10967929392651e-06,9.529233143111437e-05,0.00010340201072504086,-2.709725327666861e-06,0.0,True
cyclonic,0.5,271.35638427734375,46356.91386374489,0.59375,0.0001087929540259941,0.00010879295402599407,-2.710505431213761e-20,-9.940214088433543e-06,9.885273993756052e-05,0.0001087929540259941,-3.3213705378006306e-06,0.0,True
cyclonic,0.5,271.35638427734375,51236.589007296985,0.65625,0.00011014379359295642,0.00011014379359295638,-4.0657581468206416e-20,-1.2418688095379909e-05,9.772510549757647e-05,0.00011014379359295642,-4.149514727869437e-06,0.0,True
cyclonic,0.5,271.35638427734375,56116.26415084908,0.71875,0.00010416197792132894,0.00010416197792132892,-1.3552527156068805e-20,-1.6122767684503402e-05,8.803921023682552e-05,0.00010416197792132894,-5.387176281990167e-06,0.0,True
cyclonic,0.5,271.35638427734375,60995.93929440117,0.78125,9.630208201988799e-05,9.630208201988799e-05,0.0,-2.1107722792837555e-05,7.519435922705043e-05,9.630208201988799e-05,-7.052822804467529e-06,0.0,True
cyclonic,0.5,271.35638427734375,65875.61443795326,0.84375,8.540194227785191e-05,8.540194227785191e-05,0.0,-2.625648678880522e-05,5.91454554890467e-05,8.540194227785191e-05,-8.77320356187942e-06,0.0,True
cyclonic,0.5,271.35638427734375,70755.28958150536,0.9062500000000001,7.482559900951171e-05,7.482559900951173e-05,1.3552527156068805e-20,-3.0286936796406352e-05,4.4538662213105375e-05,7.482559900951171e-05,-1.0119916800671876e-05,0.0,True
cyclonic,0.5,271.35638427734375,75634.96472505745,0.96875,6.704310125784366e-05,6.704310125784361e-05,-5.421010862427522e-20,-3.304729311704136e-05,3.399580814080225e-05,6.704310125784366e-05,-1.1042247655482836e-05,0.0,True
cyclonic,0.5,271.35638427734375,80514.63986860955,1.03125,5.836620624243114e-05,5.83662062424312e-05,5.421010862427522e-20,-3.513330592771236e-05,2.3232900314718838e-05,5.836620624243114e-05,-1.1739256938099724e-05,0.0,True
cyclonic,0.5,271.35638427734375,85394.31501216163,1.09375,4.976841668026834e-05,4.976841668026836e-05,2.0328790734103208e-20,-3.656943141706615e-05,1.3198985263202213e-05,4.976841668026834e-05,-1.2219116309989356e-05,0.0,True
cyclonic,0.5,271.35638427734375,90273.99015571373,1.15625,4.161780042200151e-05,4.161780042200152e-05,6.776263578034403e-21,-3.739879650648123e-05,4.219003915520287e-06,4.161780042200151e-05,-1.2496235972459094e-05,0.0,True
cyclonic,0.5,271.35638427734375,95153.66529926582,1.21875,3.2737383624126594e-05,3.273738362412664e-05,4.743384504624082e-20,-3.839328919188377e-05,-5.655905567757126e-06,3.2737383624126594e-05,-1.2828530496094927e-05,0.0,True
cyclonic,0.5,271.35638427734375,100033.34044281792,1.28125,2.684646286871289e-05,2.6846462868712854e-05,-3.7269449679189215e-20,-3.921356948556132e-05,-1.2367106616848466e-05,2.684646286871289e-05,-1.3102614612988268e-05,0.0,True
cyclonic,0.5,271.35638427734375,104913.01558637002,1.34375,2.2038550784780822e-05,2.203855078478077e-05,-5.082197683525802e-20,-3.9486242617463176e-05,-1.7447691832682404e-05,2.2038550784780822e-05,-1.3193724170457706e-05,0.0,True
cyclonic,0.5,271.35638427734375,109792.6907299221,1.40625,2.003512571282688e-05,2.003512571282688e-05,0.0,-4.008827534734688e-05,-2.0053149634519998e-05,2.003512571282688e-05,-1.3394884201221444e-05,0.0,True
cyclonic,0.5,271.35638427734375,114672.3658734742,1.46875,1.8688744299008112e-05,1.8688744299008136e-05,2.371692252312041e-20,-3.861705377630703e-05,-1.9928309477298893e-05,1.8688744299008112e-05,-1.2903298010304849e-05,0.0,True
cyclonic,0.5,271.35638427734375,119552.04101702629,1.53125,1.635191236889212e-05,1.6351912368892137e-05,1.6940658945086007e-20,-3.616032420052505e-05,-1.980841183163291e-05,1.635191236889212e-05,-1.2082419389406696e-05,0.0,True
cyclonic,0.5,271.35638427734375,124431.71616057839,1.59375,1.6120233591558553e-05,1.6120233591558587e-05,3.3881317890172014e-20,-3.430779870401103e-05,-1.8187565112452446e-05,1.6120233591558553e-05,-1.1463426322466045e-05,0.0,True
cyclonic,0.5,271.35638427734375,129311.39130413048,1.65625,1.486405476359373e-05,1.4864054763593724e-05,-6.776263578034403e-21,-3.173810759934294e-05,-1.687405283574922e-05,1.486405476359373e-05,-1.0604803334031202e-05,0.0,True
cyclonic,0.5,271.35638427734375,134191.06644768256,1.7187499999999998,9.992551548251473e-06,9.992551548251517e-06,4.404571325722362e-20,-2.9305800946975215e-05,-1.9313249398723698e-05,9.992551548251473e-06,-9.792085259531084e-06,0.0,True
cyclonic,0.5,271.35638427734375,139070.74159123466,1.78125,5.293845012347833e-06,5.293845012347848e-06,1.5246593050577406e-20,-2.713475317758172e-05,-2.1840908165233873e-05,5.293845012347833e-06,-9.066662845761153e-06,0.0,True
cyclonic,0.5,271.35638427734375,143950.41673478676,1.84375,2.0735792842049817e-06,2.073579284204996e-06,1.4399560103323106e-20,-2.512771568029182e-05,-2.305413639608682e-05,2.0735792842049817e-06,-8.396041956466978e-06,0.0,True
cyclonic,0.5,271.35638427734375,148830.09187833886,1.90625,-5.357941457604825e-07,-5.357941457604809e-07,1.6940658945086007e-21,-2.3249479570214327e-05,-2.378527371597481e-05,-5.357941457604825e-07,-7.768458081155523e-06,0.0,True
cyclonic,0.5,271.35638427734375,153709.76702189096,1.9687500000000002,-3.4292711263711834e-06,-3.429271126371178e-06,5.505714157152952e-21,-2.1194888258718607e-05,-2.4624159385089786e-05,-3.4292711263711834e-06,-7.081947812009154e-06,0.0,True
cyclonic,0.5,271.35638427734375,158589.44216544303,2.03125,-5.882655487483545e-06,-5.882655487483542e-06,3.3881317890172014e-21,-1.971057416416802e-05,-2.559322965165156e-05,-5.882655487483545e-06,-6.585986954564539e-06,0.0,True
cyclonic,0.5,271.35638427734375,163469.11730899513,2.09375,-4.9673506951400735e-06,-4.9673506951400845e-06,-1.1011428314305904e-20,-1.841551585960243e-05,-2.3382866554742514e-05,-4.9673506951400735e-06,-6.153263025356287e-06,0.0,True
cyclonic,0.5,271.35638427734375,168348.79245254723,2.15625,-2.4406544042272187e-06,-2.4406544042272246e-06,-5.929230630780102e-21,-1.63219857716731e-05,-1.8762640175900325e-05,-2.4406544042272187e-06,-5.4537419594932665e-06,0.0,True
cyclonic,0.5,271.35638427734375,173228.46759609933,2.21875,-1.972232882783612e-06,-1.9722328827836207e-06,-8.470329472543003e-21,-1.4297535448932758e-05,-1.6269768331716378e-05,-1.972232882783612e-06,-4.7773028408414105e-06,0.0,True
cyclonic,0.5,271.35638427734375,178108.14273965143,2.28125,-1.2030140914736436e-06,-1.2030140914736733e-06,-2.964615315390051e-20,-1.2953583003484667e-05,-1.415659709495834e-05,-1.2030140914736436e-06,-4.328241682117431e-06,0.0,True
cyclonic,0.5,271.35638427734375,182987.8178832035,2.34375,7.247571471472752e-07,7.247571471472807e-07,5.505714157152952e-21,-1.1434901427448034e-05,-1.0710144280300752e-05,7.247571471472752e-07,-3.820797456261366e-06,0.0,True
cyclonic,0.5,271.35638427734375,187867.4930267556,2.40625,1.9185535242822154e-06,1.9185535242821853e-06,-3.006966962752766e-20,-9.697184741671431e-06,-7.778631217389246e-06,1.9185535242822154e-06,-3.2401659978404842e-06,0.0,True
cyclonic,0.5,271.35638427734375,192747.1681703077,2.46875,2.4393174621079507e-06,2.439317462107939e-06,-1.1858461261560205e-20,-8.027316508687262e-06,-5.587999046579323e-06,2.4393174621079507e-06,-2.6822050624219557e-06,0.0,True
cyclonic,0.5,300.88751220703125,2439.837571776047,0.03125,-1.4411923293578692e-06,-1.4411923293578692e-06,0.0,-4.246150886933769e-09,-1.445438480244803e-06,-1.4411923293578692e-06,-1.714970208093141e-08,1.0,False
cyclonic,0.5,300.88751220703125,7319.512715328141,0.09375,4.4663482727737524e-08,4.4663482727737524e-08,0.0,-2.5065513369175377e-08,1.9597969358562147e-08,4.4663482727737524e-08,-1.0123664896359252e-07,1.0,False
cyclonic,0.5,300.88751220703125,12199.187858880234,0.15625,-4.828472026876999e-07,-4.828472026876999e-07,0.0,-3.3623346666090445e-08,-5.164705493537904e-07,-4.828472026876999e-07,-1.358007272096084e-07,1.0,False
cyclonic,0.5,300.88751220703125,17078.86300243233,0.21875,-3.1553503723044307e-06,-3.1553503723044307e-06,0.0,-1.081906614380828e-07,-3.2635410337425136e-06,-3.1553503723044307e-06,-4.3696930726403907e-07,1.0,False
cyclonic,0.5,300.88751220703125,21958.53814598442,0.28125,-7.65864534830726e-06,-7.658645348307207e-06,5.421010862427522e-20,-2.807979465209386e-07,-7.939443294828145e-06,-7.65864534830726e-06,-1.1341097516317536e-06,1.0,False
cyclonic,0.5,300.88751220703125,26838.213289536514,0.34375,-1.2879917163793829e-05,-1.2879917163793829e-05,0.0,-5.103721235293976e-07,-1.3390289287323226e-05,-1.2879917163793829e-05,-2.061332746293906e-06,1.0,False
cyclonic,0.5,300.88751220703125,31717.88843308861,0.40625,-1.8064519639912444e-05,-1.8064519639912336e-05,1.0842021724855044e-19,-7.599177530201319e-07,-1.882443739293247e-05,-1.8064519639912444e-05,-3.069218079463259e-06,1.0,False
cyclonic,0.5,300.88751220703125,36597.5635766407,0.46874999999999994,-2.327273576247385e-05,-2.327273576247374e-05,1.0842021724855044e-19,-1.001663713179959e-06,-2.42743994756537e-05,-2.327273576247385e-05,-4.0456014691273895e-06,1.0,False
cyclonic,0.5,300.88751220703125,41477.2387201928,0.53125,-2.9076040155668806e-05,-2.9076040155668535e-05,2.710505431213761e-19,-1.2349031840027793e-06,-3.0310943339671314e-05,-2.9076040155668806e-05,-4.987628152737291e-06,1.0,False
cyclonic,0.5,300.88751220703125,46356.91386374489,0.59375,-3.6807324413195074e-05,-3.68073244131948e-05,2.710505431213761e-19,-1.4953304674453983e-06,-3.83026548806402e-05,-3.6807324413195074e-05,-6.039463201400003e-06,1.0,False
cyclonic,0.5,300.88751220703125,51236.589007296985,0.65625,-5.096383573198652e-05,-5.09638357319863e-05,2.168404344971009e-19,-1.8892922046782247e-06,-5.285312793666453e-05,-5.096383573198652e-05,-7.63062814224553e-06,1.0,False
cyclonic,0.5,300.88751220703125,56116.26415084908,0.71875,-6.0895575247123785e-05,-6.089557524712362e-05,1.6263032587282567e-19,-2.7520673897462424e-06,-6.364764263686986e-05,-6.0895575247123785e-05,-1.1115275245170715e-05,1.0,False
cyclonic,0.5,300.88751220703125,60995.93929440117,0.78125,-6.751285261337187e-05,-6.751285261337166e-05,2.168404344971009e-19,-3.4340436310548543e-06,-7.094689624442651e-05,-6.751285261337187e-05,-1.3869696761538867e-05,1.0,False
cyclonic,0.5,300.88751220703125,65875.61443795326,0.84375,-7.538627791018026e-05,-7.538627791017988e-05,3.7947076036992655e-19,-4.007763847771334e-06,-7.939404175795122e-05,-7.538627791018026e-05,-1.6186884976581333e-05,1.0,False
cyclonic,0.5,300.88751220703125,70755.28958150536,0.9062500000000001,-7.958060260671303e-05,-7.958060260671287e-05,1.6263032587282567e-19,-4.534207446290271e-06,-8.411481005300314e-05,-7.958060260671303e-05,-1.8313128512767294e-05,1.0,False
cyclonic,0.5,300.88751220703125,75634.96472505745,0.96875,-7.982021424343056e-05,-7.982021424343029e-05,2.710505431213761e-19,-4.957065399947732e-06,-8.477727964337803e-05,-7.982021424343056e-05,-2.0021001859918764e-05,1.0,False
cyclonic,0.5,300.88751220703125,80514.63986860955,1.03125,-7.894167237665534e-05,-7.894167237665497e-05,3.7947076036992655e-19,-5.228715920683176e-06,-8.417038829733815e-05,-7.894167237665534e-05,-2.1118166238857475e-05,1.0,False
cyclonic,0.5,300.88751220703125,85394.31501216163,1.09375,-7.559355755099479e-05,-7.559355755099446e-05,3.2526065174565133e-19,-5.375389944004127e-06,-8.096894749499859e-05,-7.559355755099479e-05,-2.1710565300960123e-05,1.0,False
cyclonic,0.5,300.88751220703125,90273.99015571373,1.15625,-7.128130055540977e-05,-7.128130055540966e-05,1.0842021724855044e-19,-5.524186415759008e-06,-7.680548697116866e-05,-7.128130055540977e-05,-2.2311536681685753e-05,1.0,False
cyclonic,0.5,300.88751220703125,95153.66529926582,1.21875,-6.751884077651338e-05,-6.751884077651303e-05,3.5236570605778894e-19,-5.637031202247243e-06,-7.315587197876027e-05,-6.751884077651338e-05,-2.2767303450505647e-05,1.0,False
cyclonic,0.5,300.88751220703125,100033.34044281792,1.28125,-6.212175679845875e-05,-6.212175679845848e-05,2.710505431213761e-19,-5.832039136537495e-06,-6.795379593499598e-05,-6.212175679845875e-05,-2.355491747213329e-05,0.0,True
cyclonic,0.5,300.88751220703125,104913.01558637002,1.34375,-5.346705903423399e-05,-5.346705903423369e-05,2.981555974335137e-19,-5.92189182182481e-06,-5.9388950856058503e-05,-5.346705903423399e-05,-2.391782185892532e-05,0.0,True
cyclonic,0.5,300.88751220703125,109792.6907299221,1.40625,-4.39750864539497e-05,-4.397508645394937e-05,3.2526065174565133e-19,-5.839289195091898e-06,-4.981437564904127e-05,-4.39750864539497e-05,-2.3584199602605836e-05,0.0,True
cyclonic,0.5,300.88751220703125,114672.3658734742,1.46875,-3.2397453844542326e-05,-3.239745384454219e-05,1.3552527156068805e-19,-5.770889666605061e-06,-3.816834351114725e-05,-3.2397453844542326e-05,-2.3307941983114475e-05,0.0,True
cyclonic,0.5,300.88751220703125,119552.04101702629,1.53125,-2.0309797065877525e-05,-2.030979706587735e-05,1.7618285302889447e-19,-5.373084555767105e-06,-2.5682881621644452e-05,-2.0309797065877525e-05,-2.170125411007252e-05,0.0,True
cyclonic,0.5,300.88751220703125,124431.71616057839,1.59375,-1.0615903866962188e-05,-1.0615903866962053e-05,1.3552527156068805e-19,-5.011026046761348e-06,-1.56269299137234e-05,-1.0615903866962188e-05,-2.0238942541159164e-05,0.0,True
cyclonic,0.5,300.88751220703125,129311.39130413048,1.65625,-4.732869490264657e-07,-4.7328694902634375e-07,1.2197274440461925e-19,-4.6675892147276395e-06,-5.140876163753983e-06,-4.732869490264657e-07,-1.8851841726837857e-05,0.0,True
cyclonic,0.5,300.88751220703125,134191.06644768256,1.7187499999999998,9.166735732037981e-06,9.166735732038076e-06,9.486769009248164e-20,-4.322421463277313e-06,4.8443142687607635e-06,9.166735732037981e-06,-1.7457749933365887e-05,0.0,True
cyclonic,0.5,300.88751220703125,139070.74159123466,1.78125,1.7217640710565828e-05,1.7217640710565896e-05,6.776263578034403e-20,-4.006930079503575e-06,1.321071063106232e-05,1.7217640710565828e-05,-1.618351748499251e-05,0.0,True
cyclonic,0.5,300.88751220703125,143950.41673478676,1.84375,2.4475539875006623e-05,2.4475539875006667e-05,4.404571325722362e-20,-3.70392917730086e-06,2.0771610697705806e-05,2.4475539875006623e-05,-1.4959732616908748e-05,0.0,True
cyclonic,0.5,300.88751220703125,148830.09187833886,1.90625,3.117561986464064e-05,3.117561986464066e-05,2.0328790734103208e-20,-3.4226178942228882e-06,2.7753001970417773e-05,3.117561986464064e-05,-1.3823549559533797e-05,0.0,True
cyclonic,0.5,300.88751220703125,153709.76702189096,1.9687500000000002,3.5787164154242135e-05,3.578716415424214e-05,6.776263578034403e-21,-3.1884397986167077e-06,3.259872435562544e-05,3.5787164154242135e-05,-1.2877731881249179e-05,0.0,True
cyclonic,0.5,300.88751220703125,158589.44216544303,2.03125,3.9501063115153485e-05,3.950106311515346e-05,-2.710505431213761e-20,-3.00994917131333e-06,3.649111394384013e-05,3.9501063115153485e-05,-1.2156829312310575e-05,0.0,True
cyclonic,0.5,300.88751220703125,163469.11730899513,2.09375,4.488515613226625e-05,4.488515613226621e-05,-4.0657581468206416e-20,-2.8738971382007753e-06,4.201125899406543e-05,4.488515613226625e-05,-1.1607331214500343e-05,0.0,True
cyclonic,0.5,300.88751220703125,168348.79245254723,2.15625,4.99670653874154e-05,4.996706538741536e-05,-4.0657581468206416e-20,-2.5645729206460896e-06,4.740249246676927e-05,4.99670653874154e-05,-1.0358007222316263e-05,0.0,True
cyclonic,0.5,300.88751220703125,173228.46759609933,2.21875,5.180039888578636e-05,5.180039888578631e-05,-4.743384504624082e-20,-2.2554597719625214e-06,4.954493911382379e-05,5.180039888578636e-05,-9.109535712381308e-06,0.0,True
cyclonic,0.5,300.88751220703125,178108.14273965143,2.28125,5.280184641358641e-05,5.280184641358635e-05,-5.421010862427522e-20,-2.040984392257858e-06,5.076086202132849e-05,5.280184641358641e-05,-8.243294977284466e-06,0.0,True
cyclonic,0.5,300.88751220703125,182987.8178832035,2.34375,5.427639519587738e-05,5.4276395195877284e-05,-9.486769009248164e-20,-1.824583195197143e-06,5.2451812000680145e-05,5.427639519587738e-05,-7.369276093271576e-06,0.0,True
cyclonic,0.5,300.88751220703125,187867.4930267556,2.40625,5.499556526287265e-05,5.499556526287257e-05,-7.453889935837843e-20,-1.5465994299999206e-06,5.344896583287265e-05,5.499556526287265e-05,-6.246532487730383e-06,0.0,True
cyclonic,0.5,300.88751220703125,192747.1681703077,2.46875,5.4291896642908886e-05,5.429189664290879e-05,-9.486769009248164e-20,-1.292910730879354e-06,5.2998985912029435e-05,5.4291896642908886e-05,-5.221913785506524e-06,0.0,True
cyclonic,0.5,333.8628234863281,2439.837571776047,0.03125,-1.8085822239860162e-06,-1.8085822239860162e-06,0.0,-1.0036848006466503e-07,-1.908950704050681e-06,-1.8085822239860162e-06,-6.913044864989242e-08,1.0,False
cyclonic,0.5,333.8628234863281,7319.512715328141,0.09375,-2.331763138884274e-05,-2.331763138884274e-05,0.0,-3.2696132794346506e-07,-2.3644592716786204e-05,-2.331763138884274e-05,-2.2520001575528277e-07,1.0,False
cyclonic,0.5,333.8628234863281,12199.187858880234,0.15625,-4.563834991308138e-05,-4.563834991308138e-05,0.0,-3.0645532074738727e-07,-4.5944805233828766e-05,-4.563834991308138e-05,-2.1107616455648547e-07,0.0,True
cyclonic,0.5,333.8628234863281,17078.86300243233,0.21875,-6.849221481983277e-05,-6.849221481983277e-05,0.0,-8.496686742964371e-07,-6.934188349412921e-05,-6.849221481983277e-05,-5.852233352545394e-07,0.0,True
cyclonic,0.5,333.8628234863281,21958.53814598442,0.28125,-9.147628381796374e-05,-9.147628381796372e-05,1.3552527156068805e-20,-2.2030231924417753e-06,-9.36793070104055e-05,-9.147628381796374e-05,-1.5173686159389634e-06,0.0,True
cyclonic,0.5,333.8628234863281,26838.213289536514,0.34375,-0.00011329031234033588,-0.00011329031234033585,2.710505431213761e-20,-3.924547066859989e-06,-0.00011721485940719585,-0.00011329031234033588,-2.7030966226135392e-06,0.0,True
cyclonic,0.5,333.8628234863281,31717.88843308861,0.40625,-0.00013291986759349445,-0.00013291986759349442,2.710505431213761e-20,-5.912830226694263e-06,-0.00013883269782018868,-0.00013291986759349445,-4.072559493764051e-06,0.0,True
cyclonic,0.5,333.8628234863281,36597.5635766407,0.46874999999999994,-0.00015057859598322992,-0.0001505785959832298,1.3552527156068805e-19,-7.732567368365987e-06,-0.00015831116335159577,-0.00015057859598322992,-5.3259335106624805e-06,0.0,True
cyclonic,0.5,333.8628234863281,41477.2387201928,0.53125,-0.00016890104774222988,-0.00016890104774222966,2.168404344971009e-19,-9.550989871908882e-06,-0.00017845203761413853,-0.00016890104774222988,-6.578402048832931e-06,0.0,True
cyclonic,0.5,333.8628234863281,46356.91386374489,0.59375,-0.00018987667500049821,-0.00018987667500049802,1.8973538018496328e-19,-1.2780377700804214e-05,-0.00020265705270130225,-0.00018987667500049821,-8.802696262835196e-06,0.0,True
cyclonic,0.5,333.8628234863281,51236.589007296985,0.65625,-0.00020403016776523707,-0.00020403016776523693,1.3552527156068805e-19,-2.018265715277073e-05,-0.00022421282491800766,-0.00020403016776523707,-1.3901138514990794e-05,0.0,True
cyclonic,0.5,333.8628234863281,56116.26415084908,0.71875,-0.00020735424274897853,-0.00020735424274897834,1.8973538018496328e-19,-2.5118860825396895e-05,-0.00023247310357437523,-0.00020735424274897853,-1.7301030336567045e-05,0.0,True
cyclonic,0.5,333.8628234863281,60995.93929440117,0.78125,-0.0002116562181983831,-0.0002116562181983829,1.8973538018496328e-19,-2.8904946365542528e-05,-0.00024056116456392542,-0.0002116562181983831,-1.9908759295384684e-05,0.0,True
cyclonic,0.5,333.8628234863281,65875.61443795326,0.84375,-0.00021231116803858816,-0.00021231116803858798,1.8973538018496328e-19,-3.380256948522853e-05,-0.0002461137375238165,-0.00021231116803858816,-2.3282078123804157e-05,0.0,True
cyclonic,0.5,333.8628234863281,70755.28958150536,0.9062500000000001,-0.00020765245113991363,-0.0002076524511399135,1.3552527156068805e-19,-3.750433241108831e-05,-0.0002451567835510018,-0.00020765245113991363,-2.5831728489091666e-05,0.0,True
cyclonic,0.5,333.8628234863281,75634.96472505745,0.96875,-0.0002021955186537352,-0.00020219551865373507,1.3552527156068805e-19,-4.067237998176058e-05,-0.00024286789863549565,-0.0002021955186537352,-2.8013773586951808e-05,0.0,True
cyclonic,0.5,333.8628234863281,80514.63986860955,1.03125,-0.00019384115072247773,-0.0001938411507224775,2.168404344971009e-19,-4.292524782096232e-05,-0.00023676639854343983,-0.00019384115072247773,-2.9565473526739567e-05,0.0,True
cyclonic,0.5,333.8628234863281,85394.31501216163,1.09375,-0.0001827920283894462,-0.00018279202838944605,1.6263032587282567e-19,-4.4852829812890314e-05,-0.00022764485820233636,-0.0001827920283894462,-3.089312746576089e-05,0.0,True
cyclonic,0.5,333.8628234863281,90273.99015571373,1.15625,-0.00017036946650708513,-0.00017036946650708494,1.8973538018496328e-19,-4.535386450348551e-05,-0.00021572333101057046,-0.00017036946650708513,-3.12382233855924e-05,0.0,True
cyclonic,0.5,333.8628234863281,95153.66529926582,1.21875,-0.00015812733477288496,-0.00015812733477288475,2.168404344971009e-19,-4.6358719750983517e-05,-0.00020448605452386826,-0.00015812733477288496,-3.193033403669502e-05,0.0,True
cyclonic,0.5,333.8628234863281,100033.34044281792,1.28125,-0.0001442203505982047,-0.00014422035059820455,1.6263032587282567e-19,-4.8548369625281964e-05,-0.00019276872022348652,-0.0001442203505982047,-3.3438491558846464e-05,0.0,True
cyclonic,0.5,333.8628234863281,104913.01558637002,1.34375,-0.000128691342454426,-0.00012869134245442582,1.6263032587282567e-19,-4.932191280054166e-05,-0.00017801325525496748,-0.000128691342454426,-3.397128219910835e-05,0.0,True
cyclonic,0.5,333.8628234863281,109792.6907299221,1.40625,-0.00011135732805026497,-0.00011135732805026477,2.0328790734103208e-19,-4.924703229375074e-05,-0.00016060436034401551,-0.00011135732805026497,-3.3919707013091266e-05,0.0,True
cyclonic,0.5,333.8628234863281,114672.3658734742,1.46875,-9.375770679891909e-05,-9.375770679891897e-05,1.2197274440461925e-19,-4.798623660963175e-05,-0.00014174394340855072,-9.375770679891909e-05,-3.3051313158338866e-05,0.0,True
cyclonic,0.5,333.8628234863281,119552.04101702629,1.53125,-7.892007879262852e-05,-7.892007879262844e-05,8.131516293641283e-20,-4.5759164492802964e-05,-0.0001246792432854314,-7.892007879262852e-05,-3.151738044845975e-05,0.0,True
cyclonic,0.5,333.8628234863281,124431.71616057839,1.59375,-6.467135886685185e-05,-6.467135886685174e-05,1.0842021724855044e-19,-4.326464659513801e-05,-0.00010793600546198975,-6.467135886685185e-05,-2.9799240039043754e-05,0.0,True
cyclonic,0.5,333.8628234863281,129311.39130413048,1.65625,-5.051730887251919e-05,-5.051730887251911e-05,8.131516293641283e-20,-3.996092855018465e-05,-9.047823742270377e-05,-5.051730887251919e-05,-2.752374966085703e-05,0.0,True
cyclonic,0.5,333.8628234863281,134191.06644768256,1.7187499999999998,-3.766217591791143e-05,-3.766217591791137e-05,6.098637220230962e-20,-3.687558386077854e-05,-7.453775977868991e-05,-3.766217591791143e-05,-2.539866753865304e-05,0.0,True
cyclonic,0.5,333.8628234863281,139070.74159123466,1.78125,-2.544095042379022e-05,-2.5440950423790166e-05,5.421010862427522e-20,-3.414752541914318e-05,-5.958847584293335e-05,-2.544095042379022e-05,-2.3519672221678295e-05,0.0,True
cyclonic,0.5,333.8628234863281,143950.41673478676,1.84375,-1.2921743807591644e-05,-1.2921743807591623e-05,2.0328790734103208e-20,-3.166189025963057e-05,-4.458363406722219e-05,-1.2921743807591644e-05,-2.180764994490031e-05,0.0,True
cyclonic,0.5,333.8628234863281,148830.09187833886,1.90625,-8.611368813419124e-07,-8.611368813419171e-07,-4.658681209898652e-21,-2.9435702161211812e-05,-3.029683904255373e-05,-8.611368813419124e-07,-2.0274326117304364e-05,0.0,True
cyclonic,0.5,333.8628234863281,153709.76702189096,1.9687500000000002,9.03936504096597e-06,9.039365040965955e-06,-1.5246593050577406e-20,-2.7812859660583283e-05,-1.877349461961733e-05,9.03936504096597e-06,-1.915656653696317e-05,0.0,True
cyclonic,0.5,333.8628234863281,158589.44216544303,2.03125,1.8217109385359215e-05,1.8217109385359208e-05,-6.776263578034403e-21,-2.6222216341206008e-05,-8.0051069558468e-06,1.8217109385359215e-05,-1.8060984674612962e-05,0.0,True
cyclonic,0.5,333.8628234863281,163469.11730899513,2.09375,2.6910093944959198e-05,2.6910093944959184e-05,-1.3552527156068805e-20,-2.46973192770486e-05,2.212774667910584e-06,2.6910093944959198e-05,-1.7010686631619907e-05,0.0,True
cyclonic,0.5,333.8628234863281,168348.79245254723,2.15625,3.383404294266419e-05,3.383404294266414e-05,-4.743384504624082e-20,-2.2248272424592156e-05,1.1585770518071986e-05,3.383404294266419e-05,-1.5323865155735818e-05,0.0,True
cyclonic,0.5,333.8628234863281,173228.46759609933,2.21875,3.949404816742783e-05,3.949404816742778e-05,-4.743384504624082e-20,-1.983097254194771e-05,1.9663075625480072e-05,3.949404816742783e-05,-1.365890992974377e-05,0.0,True
cyclonic,0.5,333.8628234863281,178108.14273965143,2.28125,4.396552624181089e-05,4.3965526241810826e-05,-6.098637220230962e-20,-1.7882546683136567e-05,2.6082979558674258e-05,4.396552624181089e-05,-1.2316899433083014e-05,0.0,True
cyclonic,0.5,333.8628234863281,182987.8178832035,2.34375,4.797457207126467e-05,4.797457207126461e-05,-6.098637220230962e-20,-1.6472432877988372e-05,3.150213919327624e-05,4.797457207126467e-05,-1.1345660255858287e-05,0.0,True
cyclonic,0.5,333.8628234863281,187867.4930267556,2.40625,5.066912644089774e-05,5.0669126440897675e-05,-6.776263578034403e-20,-1.4000365628431382e-05,3.666876081246629e-05,5.066912644089774e-05,-9.642983101193031e-06,0.0,True
cyclonic,0.5,333.8628234863281,192747.1681703077,2.46875,5.103688810373315e-05,5.103688810373308e-05,-6.776263578034403e-20,-1.1649066552581296e-05,3.938782155115178e-05,5.103688810373315e-05,-8.023487021160045e-06,0.0,True
cyclonic,0.5,370.6884765625,2439.837571776047,0.03125,-2.060796225074627e-06,-2.060796225074627e-06,0.0,-1.390045090274874e-07,-2.1998007341021145e-06,-2.060796225074627e-06,-1.2984377374338015e-07,1.0,False
cyclonic,0.5,370.6884765625,7319.512715328141,0.09375,-4.254950768786248e-05,-4.254950768786248e-05,0.0,-4.6160530739198725e-07,-4.301111299525447e-05,-4.254950768786248e-05,-4.311843947443209e-07,1.0,False
cyclonic,0.5,370.6884765625,12199.187858880234,0.15625,-8.332764210637851e-05,-8.332764210637851e-05,0.0,-5.215626007047164e-07,-8.384920470708322e-05,-8.332764210637851e-05,-4.87190356576998e-07,0.0,True
cyclonic,0.5,370.6884765625,17078.86300243233,0.21875,-0.00012347627841217008,-0.00012347627841217008,0.0,-6.915605939730243e-07,-0.0001241678390061431,-0.00012347627841217008,-6.459850685556864e-07,0.0,True
cyclonic,0.5,370.6884765625,21958.53814598442,0.28125,-0.00016182158743780132,-0.00016182158743780137,-5.421010862427522e-20,-1.5567763286502233e-06,-0.0001633783637664516,-0.00016182158743780132,-1.454180981613611e-06,0.0,True
cyclonic,0.5,370.6884765625,26838.213289536514,0.34375,-0.00019708756393120304,-0.00019708756393120298,5.421010862427522e-20,-3.1396641348379687e-06,-0.00020022722806604094,-0.00019708756393120304,-2.932752630876837e-06,0.0,True
cyclonic,0.5,370.6884765625,31717.88843308861,0.40625,-0.0002286078830512852,-0.00022860788305128515,5.421010862427522e-20,-5.100904611988893e-06,-0.00023370878766327405,-0.0002286078830512852,-4.7647425897146964e-06,0.0,True
cyclonic,0.5,370.6884765625,36597.5635766407,0.46874999999999994,-0.000260801225036251,-0.0002608012250362511,-1.0842021724855044e-19,-6.946739437305911e-06,-0.000267747964473557,-0.000260801225036251,-6.488932409907659e-06,0.0,True
cyclonic,0.5,370.6884765625,41477.2387201928,0.53125,-0.0002899577538188529,-0.0002899577538188529,0.0,-1.2798711270573084e-05,-0.000302756465089426,-0.0002899577538188529,-1.195524506398942e-05,0.0,True
cyclonic,0.5,370.6884765625,46356.91386374489,0.59375,-0.00030954005019575887,-0.0003095400501957589,-5.421010862427522e-20,-1.935473302240086e-05,-0.0003288947832181598,-0.00030954005019575887,-1.8079209034342876e-05,0.0,True
cyclonic,0.5,370.6884765625,51236.589007296985,0.65625,-0.00032101461286222457,-0.00032101461286222446,1.0842021724855044e-19,-2.323874385040201e-05,-0.0003442533567126265,-0.00032101461286222457,-2.1707254100622665e-05,0.0,True
cyclonic,0.5,370.6884765625,56116.26415084908,0.71875,-0.000330945582765823,-0.000330945582765823,0.0,-2.6533146758316838e-05,-0.0003574787295241398,-0.000330945582765823,-2.478454784301659e-05,0.0,True
cyclonic,0.5,370.6884765625,60995.93929440117,0.78125,-0.00033661231338114484,-0.00033661231338114484,0.0,-3.029294302959132e-05,-0.0003669052564107362,-0.00033661231338114484,-2.829656439401949e-05,0.0,True
cyclonic,0.5,370.6884765625,65875.61443795326,0.84375,-0.0003353155024300293,-0.0003353155024300293,0.0,-3.4675132256946344e-05,-0.00036999063468697566,-0.0003353155024300293,-3.238995669127833e-05,0.0,True
cyclonic,0.5,370.6884765625,70755.28958150536,0.9062500000000001,-0.00032844360420021654,-0.00032844360420021643,1.0842021724855044e-19,-3.8036817437443384e-05,-0.0003664804216376598,-0.00032844360420021654,-3.553009864082198e-05,0.0,True
cyclonic,0.5,370.6884765625,75634.96472505745,0.96875,-0.00031834649786646285,-0.00031834649786646274,1.0842021724855044e-19,-4.0732049102807326e-05,-0.0003590785469692701,-0.00031834649786646285,-3.8047707983079406e-05,0.0,True
cyclonic,0.5,370.6884765625,80514.63986860955,1.03125,-0.00030437221603584033,-0.00030437221603584044,-1.0842021724855044e-19,-4.362094236899634e-05,-0.0003479931584048368,-0.00030437221603584033,-4.074621615557074e-05,0.0,True
cyclonic,0.5,370.6884765625,85394.31501216163,1.09375,-0.00028863998582636367,-0.00028863998582636367,0.0,-4.603292257797266e-05,-0.00033467290840433634,-0.00028863998582636367,-4.2999241001447524e-05,0.0,True
cyclonic,0.5,370.6884765625,90273.99015571373,1.15625,-0.00026990001999170545,-0.00026990001999170545,0.0,-4.806243104742961e-05,-0.00031796245103913505,-0.00026990001999170545,-4.4894999925831284e-05,0.0,True
cyclonic,0.5,370.6884765625,95153.66529926582,1.21875,-0.0002511402287311083,-0.00025114022873110834,-5.421010862427522e-20,-4.90974540630962e-05,-0.00030023768279420455,-0.0002511402287311083,-4.586181240699208e-05,0.0,True
cyclonic,0.5,370.6884765625,100033.34044281792,1.28125,-0.0002310452219919491,-0.00023104522199194903,8.131516293641283e-20,-5.1638854076063754e-05,-0.0002826840760680128,-0.0002310452219919491,-4.823572797695341e-05,0.0,True
cyclonic,0.5,370.6884765625,104913.01558637002,1.34375,-0.00020748142509309611,-0.00020748142509309614,-2.710505431213761e-20,-5.317319053400312e-05,-0.00026065461562709924,-0.00020748142509309611,-4.966894792992273e-05,0.0,True
cyclonic,0.5,370.6884765625,109792.6907299221,1.40625,-0.0001842568489473194,-0.0001842568489473194,0.0,-5.301617970238124e-05,-0.00023727302864970064,-0.0001842568489473194,-4.95222844940457e-05,0.0,True
cyclonic,0.5,370.6884765625,114672.3658734742,1.46875,-0.00016033832504096666,-0.00016033832504096652,1.3552527156068805e-19,-5.179059811058375e-05,-0.00021212892315155028,-0.00016033832504096666,-4.837747171046947e-05,0.0,True
cyclonic,0.5,370.6884765625,119552.04101702629,1.53125,-0.00013832085567693013,-0.00013832085567693013,0.0,-4.847872508256053e-05,-0.00018679958075949065,-0.00013832085567693013,-4.5283859171379705e-05,0.0,True
cyclonic,0.5,370.6884765625,124431.71616057839,1.59375,-0.00011982298255956406,-0.00011982298255956403,2.710505431213761e-20,-4.656434828704465e-05,-0.00016638733084660867,-0.00011982298255956406,-4.349564446355762e-05,0.0,True
cyclonic,0.5,370.6884765625,129311.39130413048,1.65625,-0.00010155030751852817,-0.00010155030751852818,-1.3552527156068805e-20,-4.4513269456707786e-05,-0.00014606357697523597,-0.00010155030751852817,-4.1579736717547505e-05,0.0,True
cyclonic,0.5,370.6884765625,134191.06644768256,1.7187499999999998,-8.556325333603727e-05,-8.556325333603725e-05,1.3552527156068805e-20,-4.083912820107454e-05,-0.0001264023815371118,-8.556325333603727e-05,-3.814773030829264e-05,0.0,True
cyclonic,0.5,370.6884765625,139070.74159123466,1.78125,-7.165484131514262e-05,-7.165484131514261e-05,1.3552527156068805e-20,-3.8070528913872043e-05,-0.00010972537022901465,-7.165484131514262e-05,-3.556158844894822e-05,0.0,True
cyclonic,0.5,370.6884765625,143950.41673478676,1.84375,-5.817133143561632e-05,-5.8171331435616314e-05,6.776263578034403e-21,-3.537587962022439e-05,-9.35472110558407e-05,-5.817133143561632e-05,-3.3044523098694315e-05,0.0,True
cyclonic,0.5,370.6884765625,148830.09187833886,1.90625,-4.70418876675443e-05,-4.70418876675443e-05,0.0,-3.377522169167477e-05,-8.081710935921906e-05,-4.70418876675443e-05,-3.154935242136006e-05,0.0,True
cyclonic,0.5,370.6884765625,153709.76702189096,1.9687500000000002,-3.594556364078263e-05,-3.594556364078261e-05,2.0328790734103208e-20,-3.243036555549591e-05,-6.837592919627851e-05,-3.594556364078263e-05,-3.029312557602172e-05,0.0,True
cyclonic,0.5,370.6884765625,158589.44216544303,2.03125,-2.567224446295385e-05,-2.5672244462953838e-05,1.3552527156068805e-20,-3.100312021244771e-05,-5.667536467540155e-05,-2.567224446295385e-05,-2.895993917296484e-05,0.0,True
cyclonic,0.5,370.6884765625,163469.11730899513,2.09375,-1.594271616905916e-05,-1.5942716169059166e-05,-6.776263578034403e-21,-2.88412891100734e-05,-4.478400527913257e-05,-1.594271616905916e-05,-2.694057799905799e-05,0.0,True
cyclonic,0.5,370.6884765625,168348.79245254723,2.15625,-7.863230706871126e-06,-7.863230706871132e-06,-6.776263578034403e-21,-2.63972888438841e-05,-3.4260519550755236e-05,-7.863230706871126e-06,-2.465764329562983e-05,0.0,True
cyclonic,0.5,370.6884765625,173228.46759609933,2.21875,-1.5910534387042958e-06,-1.591053438704298e-06,-2.117582368135751e-21,-2.3693335553048714e-05,-2.528438899175301e-05,-1.5910534387042958e-06,-2.213188710423555e-05,0.0,True
cyclonic,0.5,370.6884765625,178108.14273965143,2.28125,3.5643168975875936e-06,3.5643168975875864e-06,-7.199780051661553e-21,-2.1695217308863366e-05,-1.813090041127578e-05,3.5643168975875936e-06,-2.026544971291885e-05,0.0,True
cyclonic,0.5,370.6884765625,182987.8178832035,2.34375,7.594628252875615e-06,7.594628252875612e-06,-2.541098841762901e-21,-1.9761923727237614e-05,-1.2167295474362002e-05,7.594628252875615e-06,-1.8459564881208074e-05,0.0,True
cyclonic,0.5,370.6884765625,187867.4930267556,2.40625,1.035702313716214e-05,1.0357023137162134e-05,-5.082197683525802e-21,-1.6938607739116477e-05,-6.581584601954343e-06,1.035702313716214e-05,-1.582231228463815e-05,0.0,True
cyclonic,0.5,370.6884765625,192747.1681703077,2.46875,1.1565660728428718e-05,1.1565660728428704e-05,-1.3552527156068805e-20,-1.4067187993101564e-05,-2.5015272646728596e-06,1.1565660728428718e-05,-1.314012608483575e-05,0.0,True
cyclonic,0.5,411.7938537597656,2439.837571776047,0.03125,-1.2163155468953839e-06,-1.2163155468953839e-06,0.0,-3.336704569001912e-08,-1.249682592585403e-06,-1.2163155468953839e-06,-6.028655661128009e-08,1.0,False
cyclonic,0.5,411.7938537597656,7319.512715328141,0.09375,-3.0741335159343525e-05,-3.0741335159343525e-05,0.0,-2.741745442770548e-07,-3.101550970362058e-05,-3.0741335159343525e-05,-4.953701726693416e-07,1.0,False
cyclonic,0.5,411.7938537597656,12199.187858880234,0.15625,-6.068207881703996e-05,-6.068207881703996e-05,0.0,-5.089382835894395e-08,-6.07329726453989e-05,-6.068207881703996e-05,-9.195341095013461e-08,0.0,True
cyclonic,0.5,411.7938537597656,17078.86300243233,0.21875,-9.036722992683118e-05,-9.036722992683118e-05,0.0,2.65397240147055e-08,-9.034069020281647e-05,-9.036722992683118e-05,4.7951160828688154e-08,0.0,True
cyclonic,0.5,411.7938537597656,21958.53814598442,0.28125,-0.00011862743185699534,-0.00011862743185699534,0.0,-6.204434853354191e-07,-0.00011924787534233076,-0.00011862743185699534,-1.1209982942530095e-06,0.0,True
cyclonic,0.5,411.7938537597656,26838.213289536514,0.34375,-0.00014455454438072837,-0.00014455454438072835,2.710505431213761e-20,-2.1565905791710135e-06,-0.00014671113495989935,-0.00014455454438072837,-3.8964618338217675e-06,0.0,True
cyclonic,0.5,411.7938537597656,31717.88843308861,0.40625,-0.0001701434460661946,-0.0001701434460661946,0.0,-4.497659378084373e-06,-0.00017464110544427897,-0.0001701434460661946,-8.126233267221655e-06,0.0,True
cyclonic,0.5,411.7938537597656,36597.5635766407,0.46874999999999994,-0.00019264795955125838,-0.00019264795955125838,0.0,-9.64204057053882e-06,-0.0002022900001217972,-0.00019264795955125838,-1.7420943709077733e-05,0.0,True
cyclonic,0.5,411.7938537597656,41477.2387201928,0.53125,-0.00020927841508218032,-0.0002092784150821803,2.710505431213761e-20,-1.3912078555845629e-05,-0.00022319049363802592,-0.00020927841508218032,-2.513591761252156e-05,0.0,True
cyclonic,0.5,411.7938537597656,46356.91386374489,0.59375,-0.0002218831429540716,-0.00022188314295407157,2.710505431213761e-20,-1.8211495876049697e-05,-0.00024009463883012126,-0.0002218831429540716,-3.290397319880119e-05,0.0,True
cyclonic,0.5,411.7938537597656,51236.589007296985,0.65625,-0.0002310519196336374,-0.00023105191963363736,5.421010862427522e-20,-2.10359586347255e-05,-0.00025208787826836284,-0.0002310519196336374,-3.800712603945843e-05,0.0,True
cyclonic,0.5,411.7938537597656,56116.26415084908,0.71875,-0.00023744595530076138,-0.00023744595530076138,0.0,-2.3513532240377212e-05,-0.0002609594875411386,-0.00023744595530076138,-4.24835301785403e-05,0.0,True
cyclonic,0.5,411.7938537597656,60995.93929440117,0.78125,-0.00024134072363371002,-0.00024134072363371007,-5.421010862427522e-20,-2.703716716532217e-05,-0.00026837789079903223,-0.00024134072363371002,-4.8849925883861015e-05,0.0,True
cyclonic,0.5,411.7938537597656,65875.61443795326,0.84375,-0.00023984669780730466,-0.0002398466978073047,-2.710505431213761e-20,-3.1017185540624475e-05,-0.0002708638833479292,-0.00023984669780730466,-5.604090123498027e-05,0.0,True
cyclonic,0.5,411.7938537597656,70755.28958150536,0.9062500000000001,-0.00023440112710732583,-0.0002344011271073258,2.710505431213761e-20,-3.4141647577435886e-05,-0.0002685427746847617,-0.00023440112710732583,-6.168608358681102e-05,0.0,True
cyclonic,0.5,411.7938537597656,75634.96472505745,0.96875,-0.00022684826351443478,-0.00022684826351443475,2.710505431213761e-20,-3.637875938588782e-05,-0.0002632270229003226,-0.00022684826351443478,-6.572802871251758e-05,0.0,True
cyclonic,0.5,411.7938537597656,80514.63986860955,1.03125,-0.00021629237133464154,-0.0002162923713346415,2.710505431213761e-20,-3.963619141121601e-05,-0.0002559285627458575,-0.00021629237133464154,-7.161345716868703e-05,0.0,True
cyclonic,0.5,411.7938537597656,85394.31501216163,1.09375,-0.00020375774371078091,-0.0002037577437107809,2.710505431213761e-20,-4.1477495497848016e-05,-0.00024523523920862893,-0.00020375774371078091,-7.494026902037356e-05,0.0,True
cyclonic,0.5,411.7938537597656,90273.99015571373,1.15625,-0.0001910107159373089,-0.00019101071593730884,5.421010862427522e-20,-4.3930041771440413e-05,-0.00023494075770874926,-0.0001910107159373089,-7.937145454210945e-05,0.0,True
cyclonic,0.5,411.7938537597656,95153.66529926582,1.21875,-0.00017753031386418956,-0.00017753031386418954,2.710505431213761e-20,-4.599298806352247e-05,-0.000223523301927712,-0.00017753031386418956,-8.309872274496495e-05,0.0,True
cyclonic,0.5,411.7938537597656,100033.34044281792,1.28125,-0.00016313872411127862,-0.00016313872411127857,5.421010862427522e-20,-4.790647261837496e-05,-0.00021104519672965355,-0.00016313872411127862,-8.655594805680702e-05,0.0,True
cyclonic,0.5,411.7938537597656,104913.01558637002,1.34375,-0.0001469250432050857,-0.00014692504320508573,-2.710505431213761e-20,-4.9696418987808925e-05,-0.00019662146219289465,-0.0001469250432050857,-8.978996835739102e-05,0.0,True
cyclonic,0.5,411.7938537597656,109792.6907299221,1.40625,-0.00013038605827230893,-0.000130386058272309,-8.131516293641283e-20,-5.016305300854623e-05,-0.00018054911128085525,-0.00013038605827230893,-9.063306841992798e-05,0.0,True
cyclonic,0.5,411.7938537597656,114672.3658734742,1.46875,-0.00011404792933258989,-0.00011404792933258986,2.710505431213761e-20,-4.897904117580157e-05,-0.00016302697050839143,-0.00011404792933258989,-8.849383208937872e-05,0.0,True
cyclonic,0.5,411.7938537597656,119552.04101702629,1.53125,-9.814181333628997e-05,-9.814181333628991e-05,5.421010862427522e-20,-4.695370129845427e-05,-0.0001450955146347442,-9.814181333628997e-05,-8.483451000533504e-05,0.0,True
cyclonic,0.5,411.7938537597656,124431.71616057839,1.59375,-8.417322501863412e-05,-8.417322501863415e-05,-2.710505431213761e-20,-4.466975091723982e-05,-0.00012884297593587397,-8.417322501863412e-05,-8.07079383803372e-05,0.0,True
cyclonic,0.5,411.7938537597656,129311.39130413048,1.65625,-7.108345719978488e-05,-7.108345719978486e-05,1.3552527156068805e-20,-4.255460479887524e-05,-0.00011363806199866011,-7.108345719978488e-05,-7.688635712946671e-05,0.0,True
cyclonic,0.5,411.7938537597656,134191.06644768256,1.7187499999999998,-5.9386018946904765e-05,-5.938601894690474e-05,2.710505431213761e-20,-3.907721115301479e-05,-9.846323009991953e-05,-5.9386018946904765e-05,-7.060350875150618e-05,0.0,True
cyclonic,0.5,411.7938537597656,139070.74159123466,1.78125,-5.0087309985917804e-05,-5.0087309985917716e-05,8.809142651444724e-20,-3.653957320277086e-05,-8.662688318868857e-05,-5.0087309985917804e-05,-6.601858219350183e-05,0.0,True
cyclonic,0.5,411.7938537597656,143950.41673478676,1.84375,-4.1629343392572214e-05,-4.162934339257223e-05,-1.3552527156068805e-20,-3.4653033480665894e-05,-7.628237687323813e-05,-4.1629343392572214e-05,-6.261003998054439e-05,0.0,True
cyclonic,0.5,411.7938537597656,148830.09187833886,1.90625,-3.3908547444410396e-05,-3.3908547444410335e-05,6.098637220230962e-20,-3.2784403395573005e-05,-6.669295083998333e-05,-3.3908547444410396e-05,-5.9233856351431824e-05,0.0,True
cyclonic,0.5,411.7938537597656,153709.76702189096,1.9687500000000002,-2.677403646729764e-05,-2.6774036467297638e-05,3.3881317890172014e-21,-3.139384804057364e-05,-5.816788450787128e-05,-2.677403646729764e-05,-5.672144350826052e-05,0.0,True
cyclonic,0.5,411.7938537597656,158589.44216544303,2.03125,-2.0287157979961663e-05,-2.028715797996167e-05,-6.776263578034403e-21,-2.9504580630863733e-05,-4.97917386108254e-05,-2.0287157979961663e-05,-5.330797299284739e-05,0.0,True
cyclonic,0.5,411.7938537597656,163469.11730899513,2.09375,-1.4924316765109092e-05,-1.4924316765109082e-05,1.0164395367051604e-20,-2.7033767836605994e-05,-4.195808460171507e-05,-1.4924316765109092e-05,-4.8843784080808025e-05,0.0,True
cyclonic,0.5,411.7938537597656,168348.79245254723,2.15625,-1.0071516295687246e-05,-1.007151629568721e-05,3.5575383784680614e-20,-2.46097386571906e-05,-3.468125495287781e-05,-1.0071516295687246e-05,-4.446412237177234e-05,0.0,True
cyclonic,0.5,411.7938537597656,173228.46759609933,2.21875,-6.76798233689874e-06,-6.767982336898709e-06,3.049318610115481e-20,-2.2358030820682525e-05,-2.9126013157581235e-05,-6.76798233689874e-06,-4.039580558943543e-05,0.0,True
cyclonic,0.5,411.7938537597656,178108.14273965143,2.28125,-3.7710524088205495e-06,-3.7710524088205504e-06,-8.470329472543003e-22,-2.0722915634682433e-05,-2.4493968043502984e-05,-3.7710524088205495e-06,-3.744152953087972e-05,0.0,True
cyclonic,0.5,411.7938537597656,182987.8178832035,2.34375,-1.210728881402055e-06,-1.2107288814020693e-06,-1.4399560103323106e-20,-1.8082230053039045e-05,-1.9292958934441115e-05,-1.210728881402055e-06,-3.267041966729491e-05,0.0,True
cyclonic,0.5,411.7938537597656,187867.4930267556,2.40625,6.711728353199034e-07,6.711728353199132e-07,9.740878893424454e-21,-1.5300116141965463e-05,-1.462894330664555e-05,6.711728353199034e-07,-2.7643781427963528e-05,0.0,True
cyclonic,0.5,411.7938537597656,192747.1681703077,2.46875,1.684813546788878e-06,1.6848135467888652e-06,-1.2705494208814505e-20,-1.2516201301629427e-05,-1.0831387754840562e-05,1.684813546788878e-06,-2.26138893247767e-05,0.0,True
cyclonic,0.5,457.6256103515625,2439.837571776047,0.03125,-1.0775221247431475e-07,-1.0775221247431475e-07,0.0,5.7537382146074846e-08,-5.02148303282399e-08,-1.0775221247431475e-07,1.019552847123589e-07,1.0,False
cyclonic,0.5,457.6256103515625,7319.512715328141,0.09375,-1.0509043645317777e-05,-1.0509043645317777e-05,0.0,-3.946012884659692e-08,-1.0548503774164374e-05,-1.0509043645317777e-05,-6.992269236593367e-08,0.0,True
cyclonic,0.5,457.6256103515625,12199.187858880234,0.15625,-2.0908214846757024e-05,-2.0908214846757017e-05,6.776263578034403e-21,1.0626843981060747e-06,-1.9845530448650943e-05,-2.0908214846757024e-05,1.8830590883196432e-06,0.0,True
cyclonic,0.5,457.6256103515625,17078.86300243233,0.21875,-3.1787134853724466e-05,-3.178713485372447e-05,-6.776263578034403e-21,1.82901340604196e-06,-2.995812144768251e-05,-3.1787134853724466e-05,3.2409813516072644e-06,0.0,True
cyclonic,0.5,457.6256103515625,21958.53814598442,0.28125,-4.243241014224444e-05,-4.243241014224442e-05,2.0328790734103208e-20,1.628496556779277e-07,-4.226956048656649e-05,-4.243241014224444e-05,2.8856688279283143e-07,0.0,True
cyclonic,0.5,457.6256103515625,26838.213289536514,0.34375,-5.4125691068870166e-05,-5.412569106887015e-05,1.3552527156068805e-20,-2.819626133735186e-06,-5.694531720260534e-05,-5.4125691068870166e-05,-4.996330638010962e-06,0.0,True
cyclonic,0.5,457.6256103515625,31717.88843308861,0.40625,-6.667654167779544e-05,-6.667654167779539e-05,5.421010862427522e-20,-1.1881324845190471e-05,-7.855786652298587e-05,-6.667654167779544e-05,-2.1053510121055386e-05,0.0,True
cyclonic,0.5,457.6256103515625,36597.5635766407,0.46874999999999994,-7.382523215961521e-05,-7.382523215961517e-05,4.0657581468206416e-20,-2.705481560070348e-05,-0.00010088004776031865,-7.382523215961521e-05,-4.794068350915175e-05,0.0,True
cyclonic,0.5,457.6256103515625,41477.2387201928,0.53125,-7.744721624100329e-05,-7.744721624100322e-05,6.776263578034403e-20,-3.521103616972836e-05,-0.00011265825241073158,-7.744721624100329e-05,-6.239337077567623e-05,0.0,True
cyclonic,0.5,457.6256103515625,46356.91386374489,0.59375,-8.214386402243954e-05,-8.214386402243944e-05,9.486769009248164e-20,-4.0244790033705674e-05,-0.00012238865405614512,-8.214386402243954e-05,-7.131309894597771e-05,0.0,True
cyclonic,0.5,457.6256103515625,51236.589007296985,0.65625,-8.645344223437386e-05,-8.645344223437376e-05,9.486769009248164e-20,-4.686703633342485e-05,-0.00013332047856779862,-8.645344223437386e-05,-8.304760930672226e-05,0.0,True
cyclonic,0.5,457.6256103515625,56116.26415084908,0.71875,-9.061706889110012e-05,-9.06170688911e-05,1.2197274440461925e-19,-5.222992577847043e-05,-0.00014284699466957042,-9.061706889110012e-05,-9.255056025541826e-05,0.0,True
cyclonic,0.5,457.6256103515625,60995.93929440117,0.78125,-9.385135545754195e-05,-9.38513554575419e-05,4.0657581468206416e-20,-6.0931976705732266e-05,-0.00015478333216327418,-9.385135545754195e-05,-0.00010797044984333816,0.0,True
cyclonic,0.5,457.6256103515625,65875.61443795326,0.84375,-9.412408806620036e-05,-9.412408806620024e-05,1.2197274440461925e-19,-6.863727332436653e-05,-0.00016276136139056676,-9.412408806620036e-05,-0.0001216241073655309,0.0,True
cyclonic,0.5,457.6256103515625,70755.28958150536,0.9062500000000001,-9.46142016293574e-05,-9.461420162935735e-05,5.421010862427522e-20,-7.483188335414806e-05,-0.0001694460849835054,-9.46142016293574e-05,-0.00013260085336459258,0.0,True
cyclonic,0.5,457.6256103515625,75634.96472505745,0.96875,-9.352571660848488e-05,-9.35257166084849e-05,-1.3552527156068805e-20,-8.109728019561168e-05,-0.00017462299680409658,-9.352571660848488e-05,-0.00014370303241725764,0.0,True
cyclonic,0.5,457.6256103515625,80514.63986860955,1.03125,-9.217846229486031e-05,-9.217846229486023e-05,8.131516293641283e-20,-8.48881674148192e-05,-0.00017706662970967942,-9.217846229486031e-05,-0.00015042042155334143,0.0,True
cyclonic,0.5,457.6256103515625,85394.31501216163,1.09375,-8.980203263516992e-05,-8.980203263516969e-05,2.303929616531697e-19,-9.091493141351247e-05,-0.00018071696404868217,-8.980203263516992e-05,-0.00016109974717543851,0.0,True
cyclonic,0.5,457.6256103515625,90273.99015571373,1.15625,-8.582344179711345e-05,-8.58234417971133e-05,1.4907779871675686e-19,-9.573099040685053e-05,-0.00018155443220396384,-8.582344179711345e-05,-0.00016963372365373395,0.0,True
cyclonic,0.5,457.6256103515625,95153.66529926582,1.21875,-8.215079387879048e-05,-8.215079387879027e-05,2.168404344971009e-19,-9.902698791936849e-05,-0.00018117778179815874,-8.215079387879048e-05,-0.00017547417645617203,0.0,True
cyclonic,0.5,457.6256103515625,100033.34044281792,1.28125,-7.844541100309617e-05,-7.844541100309594e-05,2.303929616531697e-19,-0.00010302402554023683,-0.00018146943654333275,-7.844541100309617e-05,-0.0001825568606771371,0.0,True
cyclonic,0.5,457.6256103515625,104913.01558637002,1.34375,-7.25812152392454e-05,-7.25812152392452e-05,2.0328790734103208e-19,-0.00010798169018985603,-0.0001805629054291012,-7.25812152392454e-05,-0.00019134176002443568,0.0,True
cyclonic,0.5,457.6256103515625,109792.6907299221,1.40625,-6.722534378707258e-05,-6.722534378707228e-05,2.981555974335137e-19,-0.00010831728371775688,-0.00017554262750482915,-6.722534378707258e-05,-0.00019193642617726638,0.0,True
cyclonic,0.5,457.6256103515625,114672.3658734742,1.46875,-6.094783921790416e-05,-6.0947839217903874e-05,2.846030702774449e-19,-0.00010866676132166613,-0.00016961460053957,-6.094783921790416e-05,-0.00019255569468198738,0.0,True
cyclonic,0.5,457.6256103515625,119552.04101702629,1.53125,-5.566369960001833e-05,-5.5663699600018175e-05,1.5585406229479126e-19,-0.00010421674000268163,-0.0001598804396026998,-5.566369960001833e-05,-0.00018467033087796034,0.0,True
cyclonic,0.5,457.6256103515625,124431.71616057839,1.59375,-5.170585339759866e-05,-5.170585339759852e-05,1.4230153513872246e-19,-9.949158852297399e-05,-0.0001511974419205725,-5.170585339759866e-05,-0.00017629744100265202,0.0,True
cyclonic,0.5,457.6256103515625,129311.39130413048,1.65625,-4.670662152382324e-05,-4.670662152382311e-05,1.2874900798265365e-19,-9.36006991599688e-05,-0.0001403073206837919,-4.670662152382324e-05,-0.0001658588829763346,0.0,True
cyclonic,0.5,457.6256103515625,134191.06644768256,1.7187499999999998,-4.227186445332201e-05,-4.227186445332176e-05,2.507217523872729e-19,-8.706567651495409e-05,-0.00012933754096827586,-4.227186445332201e-05,-0.0001542789314817976,0.0,True
cyclonic,0.5,457.6256103515625,139070.74159123466,1.78125,-3.802009863626483e-05,-3.802009863626467e-05,1.6263032587282567e-19,-8.110119865132386e-05,-0.00011912129728758854,-3.802009863626483e-05,-0.0001437099758556427,0.0,True
cyclonic,0.5,457.6256103515625,143950.41673478676,1.84375,-3.493039056104696e-05,-3.4930390561046916e-05,4.743384504624082e-20,-7.771681688993813e-05,-0.00011264720745098504,-3.493039056104696e-05,-0.00013771290763343235,0.0,True
cyclonic,0.5,457.6256103515625,148830.09187833886,1.90625,-3.2391696383236546e-05,-3.239169638323647e-05,7.453889935837843e-20,-7.478732655197792e-05,-0.0001071790229352144,-3.2391696383236546e-05,-0.00013252189945181988,0.0,True
cyclonic,0.5,457.6256103515625,153709.76702189096,1.9687500000000002,-2.8695525518235365e-05,-2.8695525518235274e-05,9.147955830346444e-20,-7.20351515421215e-05,-0.00010073067706035677,-2.8695525518235365e-05,-0.00012764509108407435,0.0,True
cyclonic,0.5,457.6256103515625,158589.44216544303,2.03125,-2.5144484366447143e-05,-2.5144484366447008e-05,1.3552527156068805e-19,-6.713952139584961e-05,-9.228400576229662e-05,-2.5144484366447143e-05,-0.00011897011584550054,0.0,True
cyclonic,0.5,457.6256103515625,163469.11730899513,2.09375,-2.1448277467306898e-05,-2.1448277467306857e-05,4.0657581468206416e-20,-6.12070410305357e-05,-8.265531849784255e-05,-2.1448277467306898e-05,-0.0001084578592544641,0.0,True
cyclonic,0.5,457.6256103515625,168348.79245254723,2.15625,-1.8350950325652768e-05,-1.8350950325652626e-05,1.4230153513872246e-19,-5.5458246328162745e-05,-7.380919665381537e-05,-1.8350950325652768e-05,-9.827109060473122e-05,0.0,True
cyclonic,0.5,457.6256103515625,173228.46759609933,2.21875,-1.573732635839385e-05,-1.573732635839377e-05,8.131516293641283e-20,-4.992674325592823e-05,-6.5664069614322e-05,-1.573732635839385e-05,-8.846935911154003e-05,0.0,True
cyclonic,0.5,457.6256103515625,178108.14273965143,2.28125,-1.3209550065650274e-05,-1.3209550065650196e-05,7.792703114739563e-20,-4.529657368845007e-05,-5.850612375410027e-05,-1.3209550065650274e-05,-8.026477560580716e-05,0.0,True
cyclonic,0.5,457.6256103515625,182987.8178832035,2.34375,-9.829832596336632e-06,-9.829832596336527e-06,1.0503208545953324e-19,-3.955190867016319e-05,-4.9381741266499714e-05,-9.829832596336632e-06,-7.008532468762659e-05,0.0,True
cyclonic,0.5,457.6256103515625,187867.4930267556,2.40625,-6.89103523472432e-06,-6.891035234724269e-06,5.082197683525802e-20,-3.3060998977859444e-05,-3.9952034212583714e-05,-6.89103523472432e-06,-5.8583540611998735e-05,0.0,True
cyclonic,0.5,457.6256103515625,192747.1681703077,2.46875,-3.7161514131927283e-06,-3.71615141319267e-06,5.844527336054672e-20,-2.7009193583492865e-05,-3.072534499668554e-05,-3.7161514131927283e-06,-4.7859842053034556e-05,0.0,True
cyclonic,0.5,508.639892578125,2439.837571776047,0.03125,5.924234746671485e-07,5.924234746671485e-07,0.0,-1.708249171153016e-07,4.215985575518469e-07,5.924234746671485e-07,-1.6667892752698645e-07,0.0,True
cyclonic,0.5,508.639892578125,7319.512715328141,0.09375,-5.4281464176657974e-06,-5.4281464176657974e-06,0.0,5.862357915294386e-07,-4.841910626136359e-06,-5.4281464176657974e-06,5.720076125903075e-07,0.0,True
cyclonic,0.5,508.639892578125,12199.187858880234,0.15625,-1.171217457835632e-05,-1.171217457835632e-05,0.0,3.338257689988395e-06,-8.373916888367926e-06,-1.171217457835632e-05,3.2572368303882523e-06,0.0,True
cyclonic,0.5,508.639892578125,17078.86300243233,0.21875,-1.9534546663097442e-05,-1.953454666309743e-05,1.3552527156068805e-20,3.4010240583397114e-06,-1.6133522604757717e-05,-1.9534546663097442e-05,3.3184798336820856e-06,0.0,True
cyclonic,0.5,508.639892578125,21958.53814598442,0.28125,-2.8874204625265908e-05,-2.88742046252659e-05,6.776263578034403e-21,-5.554987715098888e-06,-3.442919234036479e-05,-2.8874204625265908e-05,-5.420165924349981e-06,0.0,True
cyclonic,0.5,508.639892578125,26838.213289536514,0.34375,-3.6265145304736084e-05,-3.626514530473607e-05,1.3552527156068805e-20,-2.7827100784155174e-05,-6.409224608889124e-05,-3.6265145304736084e-05,-2.715172583258279e-05,0.0,True
cyclonic,0.5,508.639892578125,31717.88843308861,0.40625,-4.015396814557244e-05,-4.015396814557243e-05,6.776263578034403e-21,-4.786962912603154e-05,-8.802359727160398e-05,-4.015396814557244e-05,-4.6707813933584674e-05,0.0,True
cyclonic,0.5,508.639892578125,36597.5635766407,0.46874999999999994,-4.2313202022842614e-05,-4.2313202022842614e-05,0.0,-6.1021534630939967e-05,-0.00010333473665378258,-4.2313202022842614e-05,-5.9540517391094766e-05,0.0,True
cyclonic,0.5,508.639892578125,41477.2387201928,0.53125,-4.565672857604514e-05,-4.565672857604511e-05,3.3881317890172014e-20,-6.68196136890612e-05,-0.00011247634226510631,-4.565672857604514e-05,-6.519787473359547e-05,0.0,True
cyclonic,0.5,508.639892578125,46356.91386374489,0.59375,-5.0434372507938e-05,-5.0434372507937994e-05,6.776263578034403e-21,-7.302699904617279e-05,-0.00012346137155411078,-5.0434372507938e-05,-7.125460434624168e-05,0.0,True
cyclonic,0.5,508.639892578125,51236.589007296985,0.65625,-5.491065586072673e-05,-5.4910655860726705e-05,2.710505431213761e-20,-8.050732940974917e-05,-0.00013541798527047586,-5.491065586072673e-05,-7.855338407699316e-05,0.0,True
cyclonic,0.5,508.639892578125,56116.26415084908,0.71875,-6.054404411143385e-05,-6.05440441114338e-05,4.743384504624082e-20,-8.918790459709361e-05,-0.0001497319487085274,-6.054404411143385e-05,-8.702327820588857e-05,0.0,True
cyclonic,0.5,508.639892578125,60995.93929440117,0.78125,-6.62467274468199e-05,-6.624672744681987e-05,4.0657581468206416e-20,-0.0001011044547483586,-0.00016735118219517848,-6.62467274468199e-05,-9.86506088820905e-05,0.0,True
cyclonic,0.5,508.639892578125,65875.61443795326,0.84375,-7.101439057873194e-05,-7.101439057873183e-05,1.0842021724855044e-19,-0.00011341240825046534,-0.00018442679882919717,-7.101439057873194e-05,-0.00011065984339205654,0.0,True
cyclonic,0.5,508.639892578125,70755.28958150536,0.9062500000000001,-7.563438630077133e-05,-7.563438630077121e-05,1.2197274440461925e-19,-0.00012343679226358245,-0.00019907117856435367,-7.563438630077133e-05,-0.00012044093156490927,0.0,True
cyclonic,0.5,508.639892578125,75634.96472505745,0.96875,-8.036280050610929e-05,-8.036280050610917e-05,1.2197274440461925e-19,-0.00013493195249540826,-0.0002152947530015174,-8.036280050610929e-05,-0.0001316570996248554,0.0,True
cyclonic,0.5,508.639892578125,80514.63986860955,1.03125,-8.24069453311387e-05,-8.240694533113853e-05,1.6263032587282567e-19,-0.00014831834501292956,-0.0002307252903440681,-8.24069453311387e-05,-0.00014471859900067375,0.0,True
cyclonic,0.5,508.639892578125,85394.31501216163,1.09375,-8.277055740918193e-05,-8.277055740918177e-05,1.6263032587282567e-19,-0.00015537137654455786,-0.00023814193395373963,-8.277055740918193e-05,-0.00015160045061434865,0.0,True
cyclonic,0.5,508.639892578125,90273.99015571373,1.15625,-8.290753222689709e-05,-8.290753222689698e-05,1.0842021724855044e-19,-0.00016123924344633246,-0.0002441467756732294,-8.290753222689709e-05,-0.0001573259020214097,0.0,True
cyclonic,0.5,508.639892578125,95153.66529926582,1.21875,-8.276416519515681e-05,-8.276416519515668e-05,1.3552527156068805e-19,-0.00016859570207636797,-0.00025135986727152466,-8.276416519515681e-05,-0.00016450381643551908,0.0,True
cyclonic,0.5,508.639892578125,100033.34044281792,1.28125,-8.089509335525203e-05,-8.089509335525201e-05,1.3552527156068805e-20,-0.00017771143154758827,-0.00025860652490284025,-8.089509335525203e-05,-0.00017339830347843445,0.0,True
cyclonic,0.5,508.639892578125,104913.01558637002,1.34375,-7.713947836238427e-05,-7.713947836238418e-05,9.486769009248164e-20,-0.0001845341559963509,-0.00026167363435873506,-7.713947836238427e-05,-0.0001800554376549687,0.0,True
cyclonic,0.5,508.639892578125,109792.6907299221,1.40625,-7.299988521401874e-05,-7.299988521401858e-05,1.6263032587282567e-19,-0.00018509905239373362,-0.0002580989376077522,-7.299988521401874e-05,-0.00018060662378910895,0.0,True
cyclonic,0.5,508.639892578125,114672.3658734742,1.46875,-6.817898178361851e-05,-6.817898178361857e-05,-5.421010862427522e-20,-0.00018283582549133743,-0.000251014807274956,-6.817898178361851e-05,-0.00017839832631581353,0.0,True
cyclonic,0.5,508.639892578125,119552.04101702629,1.53125,-6.392859720507837e-05,-6.392859720507829e-05,8.131516293641283e-20,-0.00017743279086336955,-0.00024136138806844784,-6.392859720507837e-05,-0.00017312642551592613,0.0,True
cyclonic,0.5,508.639892578125,124431.71616057839,1.59375,-6.0083783736474984e-05,-6.008378373647489e-05,9.486769009248164e-20,-0.0001691725048087658,-0.00022925628854524068,-6.0083783736474984e-05,-0.00016506661993312484,0.0,True
cyclonic,0.5,508.639892578125,129311.39130413048,1.65625,-5.5966862672567e-05,-5.596686267256687e-05,1.2874900798265365e-19,-0.00015809032136090726,-0.00021405718403347414,-5.5966862672567e-05,-0.00015425340554415135,0.0,True
cyclonic,0.5,508.639892578125,134191.06644768256,1.7187499999999998,-5.2225834923517526e-05,-5.222583492351744e-05,8.809142651444724e-20,-0.0001520263553757973,-0.00020425219029931473,-5.2225834923517526e-05,-0.000148336614457544,0.0,True
cyclonic,0.5,508.639892578125,139070.74159123466,1.78125,-4.738224194212885e-05,-4.738224194212897e-05,-1.2197274440461925e-19,-0.00014097863943759743,-0.0001883608813797264,-4.738224194212885e-05,-0.00013755703103787785,0.0,True
cyclonic,0.5,508.639892578125,143950.41673478676,1.84375,-4.40370761497017e-05,-4.403707614970162e-05,8.131516293641283e-20,-0.00013260201164903897,-0.00017663908779874058,-4.40370761497017e-05,-0.00012938370738189577,0.0,True
cyclonic,0.5,508.639892578125,148830.09187833886,1.90625,-3.970973428870432e-05,-3.9709734288704204e-05,1.1519648082658485e-19,-0.00012874583346286493,-0.00016845556775156915,-3.970973428870432e-05,-0.00012562112019450894,0.0,True
cyclonic,0.5,508.639892578125,153709.76702189096,1.9687500000000002,-3.504921006026699e-05,-3.50492100602669e-05,8.809142651444724e-20,-0.00012045650263078835,-0.00015550571269105524,-3.504921006026699e-05,-0.00011753297476269042,0.0,True
cyclonic,0.5,508.639892578125,158589.44216544303,2.03125,-3.0587528247928287e-05,-3.058752824792828e-05,6.776263578034403e-21,-0.00011244992479362987,-0.00014303745304155815,-3.0587528247928287e-05,-0.00010972071979664147,0.0,True
cyclonic,0.5,508.639892578125,163469.11730899513,2.09375,-2.7522193480780007e-05,-2.7522193480779892e-05,1.1519648082658485e-19,-0.000101144141921525,-0.00012866633540230488,-2.7522193480780007e-05,-9.868933283156848e-05,0.0,True
cyclonic,0.5,508.639892578125,168348.79245254723,2.15625,-2.4307739141541317e-05,-2.4307739141541287e-05,3.049318610115481e-20,-9.325791007259616e-05,-0.00011756564921413745,-2.4307739141541317e-05,-9.099450300811013e-05,0.0,True
cyclonic,0.5,508.639892578125,173228.46759609933,2.21875,-2.1046031302290534e-05,-2.1046031302290527e-05,6.776263578034403e-21,-8.372875240799104e-05,-0.00010477478371028156,-2.1046031302290534e-05,-8.169662184069306e-05,0.0,True
cyclonic,0.5,508.639892578125,178108.14273965143,2.28125,-1.79911798118011e-05,-1.7991179811801067e-05,3.3881317890172014e-20,-7.613500997275881e-05,-9.412618978455988e-05,-1.79911798118011e-05,-7.428718259497487e-05,0.0,True
cyclonic,0.5,508.639892578125,182987.8178832035,2.34375,-1.329993122190003e-05,-1.3299931221899972e-05,5.759824041329242e-20,-6.52133016345174e-05,-7.851323285641737e-05,-1.329993122190003e-05,-6.36305485200296e-05,0.0,True
cyclonic,0.5,508.639892578125,187867.4930267556,2.40625,-9.838033544734408e-06,-9.83803354473434e-06,6.776263578034403e-20,-5.414765786921611e-05,-6.398569141395044e-05,-9.838033544734408e-06,-5.283347238885148e-05,0.0,True
cyclonic,0.5,508.639892578125,192747.1681703077,2.46875,-5.943253452964676e-06,-5.943253452964593e-06,8.300922883092143e-20,-4.458689680769813e-05,-5.0530150260662724e-05,-5.943253452964676e-06,-4.350475485170218e-05,0.0,True
cyclonic,0.5,565.2922973632812,2439.837571776047,0.03125,-3.483324468945404e-07,-3.483324468945404e-07,0.0,6.960985975806291e-09,-3.413714609187341e-07,-3.483324468945404e-07,4.048519450290142e-09,1.0,False
cyclonic,0.5,565.2922973632812,7319.512715328141,0.09375,-1.2061276066864056e-05,-1.2061276066864056e-05,0.0,-1.3727352048565375e-07,-1.219854958734971e-05,-1.2061276066864056e-05,-7.983847685192304e-08,0.0,True
cyclonic,0.5,565.2922973632812,12199.187858880234,0.15625,-2.400054438975429e-05,-2.4000544389754298e-05,-6.776263578034403e-21,1.3073019293893037e-07,-2.3869814196815367e-05,-2.400054438975429e-05,7.603286814439213e-08,0.0,True
cyclonic,0.5,565.2922973632812,17078.86300243233,0.21875,-3.575713990594053e-05,-3.575713990594053e-05,0.0,3.4066218043382525e-08,-3.5723073687897144e-05,-3.575713990594053e-05,1.9812961385902537e-08,0.0,True
cyclonic,0.5,565.2922973632812,21958.53814598442,0.28125,-4.6987552365633114e-05,-4.698755236563315e-05,-3.3881317890172014e-20,-3.201396945438416e-07,-4.730769206017699e-05,-4.6987552365633114e-05,-1.861937065633236e-07,0.0,True
cyclonic,0.5,565.2922973632812,26838.213289536514,0.34375,-5.716648889917321e-05,-5.716648889917325e-05,-4.0657581468206416e-20,-1.2073978658081379e-06,-5.837388676498139e-05,-5.716648889917321e-05,-7.022243344480888e-07,0.0,True
cyclonic,0.5,565.2922973632812,31717.88843308861,0.40625,-6.662394352975921e-05,-6.662394352975928e-05,-6.776263578034403e-20,-1.9035554988782792e-06,-6.852749902863756e-05,-6.662394352975921e-05,-1.1071106146026698e-06,0.0,True
cyclonic,0.5,565.2922973632812,36597.5635766407,0.46874999999999994,-7.516960731406026e-05,-7.516960731406033e-05,-6.776263578034403e-20,-2.7056217140466437e-06,-7.787522902810697e-05,-7.516960731406026e-05,-1.5735934783543957e-06,0.0,True
cyclonic,0.5,565.2922973632812,41477.2387201928,0.53125,-8.338187880535753e-05,-8.338187880535765e-05,-1.2197274440461925e-19,-3.159275443626363e-06,-8.654115424898401e-05,-8.338187880535753e-05,-1.8374391396276065e-06,0.0,True
cyclonic,0.5,565.2922973632812,46356.91386374489,0.59375,-9.09695652036476e-05,-9.096956520364774e-05,-1.3552527156068805e-19,-4.659191774755699e-06,-9.562875697840344e-05,-9.09695652036476e-05,-2.7097926340162483e-06,0.0,True
cyclonic,0.5,565.2922973632812,51236.589007296985,0.65625,-9.847599107791786e-05,-9.847599107791802e-05,-1.6263032587282567e-19,-6.138366700313021e-06,-0.00010461435777823104,-9.847599107791786e-05,-3.5700828971074114e-06,0.0,True
cyclonic,0.5,565.2922973632812,56116.26415084908,0.71875,-0.00010636661385476248,-0.00010636661385476261,-1.3552527156068805e-19,-9.853378787895637e-06,-0.00011621999264265825,-0.00010636661385476248,-5.730739267758854e-06,0.0,True
cyclonic,0.5,565.2922973632812,60995.93929440117,0.78125,-0.00011337280415014849,-0.00011337280415014861,-1.2197274440461925e-19,-1.5063037314080068e-05,-0.00012843584146422869,-0.00011337280415014849,-8.760684155729198e-06,0.0,True
cyclonic,0.5,565.2922973632812,65875.61443795326,0.84375,-0.00011882370082954821,-0.00011882370082954832,-1.0842021724855044e-19,-2.0699775041037357e-05,-0.00013952347587058568,-0.00011882370082954821,-1.2039018920816488e-05,0.0,True
cyclonic,0.5,565.2922973632812,70755.28958150536,0.9062500000000001,-0.0001230511249782462,-0.00012305112497824636,-1.6263032587282567e-19,-2.580757139632291e-05,-0.00014885869637456926,-0.0001230511249782462,-1.5009720623760142e-05,0.0,True
cyclonic,0.5,565.2922973632812,75634.96472505745,0.96875,-0.00012633654067883645,-0.0001263365406788366,-1.3552527156068805e-19,-3.115518401164606e-05,-0.00015749172469048265,-0.00012633654067883645,-1.8119899808289386e-05,0.0,True
cyclonic,0.5,565.2922973632812,80514.63986860955,1.03125,-0.00012682053686479514,-0.00012682053686479522,-8.131516293641283e-20,-3.5049487394360896e-05,-0.00016187002425915612,-0.00012682053686479514,-2.0384832253929818e-05,0.0,True
cyclonic,0.5,565.2922973632812,85394.31501216163,1.09375,-0.00012612050474508952,-0.00012612050474508982,-2.981555974335137e-19,-3.7739912170721897e-05,-0.0001638604169158117,-0.00012612050474508952,-2.1949587171479898e-05,0.0,True
cyclonic,0.5,565.2922973632812,90273.99015571373,1.15625,-0.00012431936198678418,-0.0001243193619867845,-3.2526065174565133e-19,-3.976511751318654e-05,-0.00016408447949997103,-0.00012431936198678418,-2.3127449509990056e-05,0.0,True
cyclonic,0.5,565.2922973632812,95153.66529926582,1.21875,-0.0001212758488970098,-0.00012127584889701013,-3.3881317890172014e-19,-4.218542153269638e-05,-0.0001634612704297065,-0.0001212758488970098,-2.4535101807043567e-05,0.0,True
cyclonic,0.5,565.2922973632812,100033.34044281792,1.28125,-0.0001166926668914674,-0.00011669266689146768,-2.846030702774449e-19,-4.392222447854656e-05,-0.00016061489137001424,-0.0001166926668914674,-2.5545228897090064e-05,0.0,True
cyclonic,0.5,565.2922973632812,104913.01558637002,1.34375,-0.00011115344948731832,-0.00011115344948731877,-4.472333961502706e-19,-4.566224917331445e-05,-0.00015681569866063324,-0.00011115344948731832,-2.655722976093852e-05,0.0,True
cyclonic,0.5,565.2922973632812,109792.6907299221,1.40625,-0.00010366444267560325,-0.00010366444267560364,-3.9302328752599536e-19,-4.604199476938461e-05,-0.00014970643744498827,-0.00010366444267560325,-2.677809034551598e-05,0.0,True
cyclonic,0.5,565.2922973632812,114672.3658734742,1.46875,-9.556799963441771e-05,-9.556799963441808e-05,-3.6591823321385775e-19,-4.6239480677868604e-05,-0.00014180748031228667,-9.556799963441771e-05,-2.689294843378602e-05,0.0,True
cyclonic,0.5,565.2922973632812,119552.04101702629,1.53125,-8.661133001737026e-05,-8.661133001737054e-05,-2.846030702774449e-19,-4.492679393579944e-05,-0.00013153812395317,-8.661133001737026e-05,-2.6129487937546555e-05,0.0,True
cyclonic,0.5,565.2922973632812,124431.71616057839,1.59375,-7.833433407686696e-05,-7.833433407686718e-05,-2.168404344971009e-19,-4.298466752098854e-05,-0.00012131900159785571,-7.833433407686696e-05,-2.4999944422789877e-05,0.0,True
cyclonic,0.5,565.2922973632812,129311.39130413048,1.65625,-6.848919322625398e-05,-6.848919322625418e-05,-2.0328790734103208e-19,-4.167202054448951e-05,-0.00011016121377074369,-6.848919322625398e-05,-2.4236507054263167e-05,0.0,True
cyclonic,0.5,565.2922973632812,134191.06644768256,1.7187499999999998,-5.9657286045247345e-05,-5.9657286045247643e-05,-2.981555974335137e-19,-4.0404951671275e-05,-0.00010006223771652265,-5.9657286045247345e-05,-2.3499577976127516e-05,0.0,True
cyclonic,0.5,565.2922973632812,139070.74159123466,1.78125,-5.150829392707338e-05,-5.1508293927073634e-05,-2.574980159653073e-19,-3.776601912087424e-05,-8.927431304794787e-05,-5.150829392707338e-05,-2.1964771011218532e-05,0.0,True
cyclonic,0.5,565.2922973632812,143950.41673478676,1.84375,-4.296578131808802e-05,-4.296578131808806e-05,-4.0657581468206416e-20,-3.519140350831084e-05,-7.81571848263989e-05,-4.296578131808802e-05,-2.046737086981453e-05,0.0,True
cyclonic,0.5,565.2922973632812,148830.09187833886,1.90625,-3.521436816474401e-05,-3.521436816474413e-05,-1.2197274440461925e-19,-3.218972369872962e-05,-6.740409186347374e-05,-3.521436816474401e-05,-1.8721589577499088e-05,0.0,True
cyclonic,0.5,565.2922973632812,153709.76702189096,1.9687500000000002,-2.835588554400127e-05,-2.8355885544001445e-05,-1.7618285302889447e-19,-3.0365554640753232e-05,-5.872144018475468e-05,-2.835588554400127e-05,-1.766065023104689e-05,0.0,True
cyclonic,0.5,565.2922973632812,158589.44216544303,2.03125,-1.9770143690818374e-05,-1.9770143690818486e-05,-1.1180834903756764e-19,-2.9029279976555645e-05,-4.879942366737413e-05,-1.9770143690818374e-05,-1.6883470965388735e-05,0.0,True
cyclonic,0.5,565.2922973632812,163469.11730899513,2.09375,-1.3543828314392593e-05,-1.354382831439261e-05,-1.6940658945086007e-20,-2.6149920173768772e-05,-3.9693748488161385e-05,-1.3543828314392593e-05,-1.5208831164865936e-05,0.0,True
cyclonic,0.5,565.2922973632812,168348.79245254723,2.15625,-8.541354013556202e-06,-8.541354013556346e-06,-1.4399560103323106e-19,-2.2686208236245104e-05,-3.122756224980145e-05,-8.541354013556202e-06,-1.3194331322745157e-05,0.0,True
cyclonic,0.5,565.2922973632812,173228.46759609933,2.21875,-4.753677696873046e-06,-4.7536776968731405e-06,-9.486769009248164e-20,-2.1086993185613305e-05,-2.5840670882486446e-05,-4.753677696873046e-06,-1.226422555034707e-05,0.0,True
cyclonic,0.5,565.2922973632812,178108.14273965143,2.28125,2.5335209111136465e-07,2.5335209111128397e-07,-8.067988822597211e-20,-1.913370050117852e-05,-1.8880348410067234e-05,2.5335209111136465e-07,-1.1128187717125074e-05,0.0,True
cyclonic,0.5,565.2922973632812,182987.8178832035,2.34375,4.354259580170371e-06,4.354259580170326e-06,-4.489274620447792e-20,-1.6226719370175726e-05,-1.18724597900054e-05,4.354259580170371e-06,-9.437483312404873e-06,0.0,True
cyclonic,0.5,565.2922973632812,187867.4930267556,2.40625,8.319508015381176e-06,8.319508015381176e-06,0.0,-1.3564072657616844e-05,-5.244564642235668e-06,8.319508015381176e-06,-7.888884156694447e-06,0.0,True
cyclonic,0.5,565.2922973632812,192747.1681703077,2.46875,1.0260730012570457e-05,1.026073001257042e-05,-3.7269449679189215e-20,-1.1609821062281936e-05,-1.3490910497115157e-06,1.0260730012570457e-05,-6.752288619514459e-06,0.0,True
cyclonic,0.5,628.0260009765625,2439.837571776047,0.03125,1.670533067248212e-06,1.670533067248212e-06,0.0,1.6186379714414192e-08,1.6867194469626262e-06,1.670533067248212e-06,1.571978386412816e-08,1.0,False
cyclonic,0.5,628.0260009765625,7319.512715328141,0.09375,-1.7984001901045875e-05,-1.7984001901045875e-05,0.0,7.25077583336921e-08,-1.7911494142712183e-05,-1.7984001901045875e-05,7.041761713170883e-08,1.0,False
cyclonic,0.5,628.0260009765625,12199.187858880234,0.15625,-3.6557432377950144e-05,-3.6557432377950144e-05,0.0,1.6884459850210816e-07,-3.6388587779448036e-05,-3.6557432377950144e-05,1.6397740828451195e-07,1.0,False
cyclonic,0.5,628.0260009765625,17078.86300243233,0.21875,-5.488133410307161e-05,-5.488133410307164e-05,-2.710505431213761e-20,2.691088827216995e-07,-5.4612225220349936e-05,-5.488133410307161e-05,2.6135142922261735e-07,1.0,False
cyclonic,0.5,628.0260009765625,21958.53814598442,0.28125,-7.252232150575717e-05,-7.252232150575719e-05,-2.710505431213761e-20,3.201238476485098e-07,-7.220219765810868e-05,-7.252232150575717e-05,3.108958138617219e-07,1.0,False
cyclonic,0.5,628.0260009765625,26838.213289536514,0.34375,-8.848556831629214e-05,-8.848556831629222e-05,-8.131516293641283e-20,3.1410274886140683e-07,-8.817146556743082e-05,-8.848556831629214e-05,3.050482819720842e-07,1.0,False
cyclonic,0.5,628.0260009765625,31717.88843308861,0.40625,-0.0001025919506591151,-0.00010259195065911518,-8.131516293641283e-20,3.38942433214727e-07,-0.00010225300822590045,-0.0001025919506591151,3.2917192642975347e-07,1.0,False
cyclonic,0.5,628.0260009765625,36597.5635766407,0.46874999999999994,-0.00011505869977059955,-0.00011505869977059966,-1.0842021724855044e-19,3.5656744883475815e-07,-0.0001147021323217649,-0.00011505869977059955,3.46288875434851e-07,1.0,False
cyclonic,0.5,628.0260009765625,41477.2387201928,0.53125,-0.00012586367210432707,-0.00012586367210432723,-1.6263032587282567e-19,3.8223647568571657e-07,-0.00012548143562864152,-0.00012586367210432707,3.71217955390898e-07,0.0,True
cyclonic,0.5,628.0260009765625,46356.91386374489,0.59375,-0.0001350364812858324,-0.00013503648128583267,-2.710505431213761e-19,4.015284806125562e-07,-0.0001346349528052201,-0.0001350364812858324,3.899538403204695e-07,0.0,True
cyclonic,0.5,628.0260009765625,51236.589007296985,0.65625,-0.00014299829705402816,-0.00014299829705402832,-1.6263032587282567e-19,3.2588674197948756e-07,-0.00014267241031204884,-0.00014299829705402816,3.164925844128358e-07,0.0,True
cyclonic,0.5,628.0260009765625,56116.26415084908,0.71875,-0.00014865076175803041,-0.0001486507617580306,-1.8973538018496328e-19,7.096626574562646e-08,-0.00014857979549228497,-0.00014865076175803041,6.89205603012078e-08,0.0,True
cyclonic,0.5,628.0260009765625,60995.93929440117,0.78125,-0.0001514441614166063,-0.0001514441614166065,-1.8973538018496328e-19,-3.405536737782458e-07,-0.00015178471509038474,-0.0001514441614166063,-3.307367206492464e-07,0.0,True
cyclonic,0.5,628.0260009765625,65875.61443795326,0.84375,-0.00015213190141671995,-0.00015213190141672022,-2.710505431213761e-19,-7.776888758261676e-07,-0.00015290959029254638,-0.00015213190141671995,-7.552708670634695e-07,0.0,True
cyclonic,0.5,628.0260009765625,70755.28958150536,0.9062500000000001,-0.00015158360827746787,-0.00015158360827746822,-3.5236570605778894e-19,-1.232060999249027e-06,-0.00015281566927671724,-0.00015158360827746787,-1.1965450556166827e-06,0.0,True
cyclonic,0.5,628.0260009765625,75634.96472505745,0.96875,-0.00014940702864425654,-0.00014940702864425686,-3.2526065174565133e-19,-1.6973055688611108e-06,-0.00015110433421311798,-0.00014940702864425654,-1.6483782763429007e-06,0.0,True
cyclonic,0.5,628.0260009765625,80514.63986860955,1.03125,-0.00014629692384560326,-0.00014629692384560356,-2.981555974335137e-19,-2.0520669113137013e-06,-0.00014834899075691726,-0.00014629692384560326,-1.992913109029205e-06,0.0,True
cyclonic,0.5,628.0260009765625,85394.31501216163,1.09375,-0.0001424430284407398,-0.00014244302844074023,-4.336808689942018e-19,-2.294951732015019e-06,-0.00014473798017275525,-0.0001424430284407398,-2.228796422819389e-06,0.0,True
cyclonic,0.5,628.0260009765625,90273.99015571373,1.15625,-0.00013846352632574887,-0.00013846352632574922,-3.5236570605778894e-19,-2.509411095530204e-06,-0.00014097293742127944,-0.00013846352632574887,-2.4370736844169932e-06,0.0,True
cyclonic,0.5,628.0260009765625,95153.66529926582,1.21875,-0.00013295467230161386,-0.00013295467230161424,-3.7947076036992655e-19,-2.774727735161537e-06,-0.00013572940003677577,-0.00013295467230161386,-2.694742187451508e-06,0.0,True
cyclonic,0.5,628.0260009765625,100033.34044281792,1.28125,-0.00012671393688165107,-0.00012671393688165137,-2.981555974335137e-19,-2.9529026594166764e-06,-0.00012966683954106803,-0.00012671393688165107,-2.867780961329028e-06,0.0,True
cyclonic,0.5,628.0260009765625,104913.01558637002,1.34375,-0.0001201191500050891,-0.00012011915000508947,-3.6591823321385775e-19,-3.123528669482322e-06,-0.00012324267867457178,-0.0001201191500050891,-3.0334884294073882e-06,0.0,True
cyclonic,0.5,628.0260009765625,109792.6907299221,1.40625,-0.00011208762950084106,-0.00011208762950084139,-3.2526065174565133e-19,-3.156688280938535e-06,-0.00011524431778177992,-0.00011208762950084106,-3.0656921670131445e-06,0.0,True
cyclonic,0.5,628.0260009765625,114672.3658734742,1.46875,-0.00010429535581266574,-0.00010429535581266601,-2.710505431213761e-19,-3.257702818081081e-06,-0.00010755305863074709,-0.00010429535581266574,-3.16379481374654e-06,0.0,True
cyclonic,0.5,628.0260009765625,119552.04101702629,1.53125,-9.506404515051597e-05,-9.506404515051632e-05,-3.5236570605778894e-19,-3.2236845024179295e-06,-9.828772965293425e-05,-9.506404515051597e-05,-3.130757125326923e-06,0.0,True
cyclonic,0.5,628.0260009765625,124431.71616057839,1.59375,-8.522067849235292e-05,-8.522067849235318e-05,-2.574980159653073e-19,-3.102708374994644e-06,-8.832338686734782e-05,-8.522067849235292e-05,-3.013268310078151e-06,0.0,True
cyclonic,0.5,628.0260009765625,129311.39130413048,1.65625,-7.571430887834997e-05,-7.571430887835021e-05,-2.439454888092385e-19,-3.0153090557767865e-06,-7.8729617934127e-05,-7.571430887834997e-05,-2.928388402883512e-06,0.0,True
cyclonic,0.5,628.0260009765625,134191.06644768256,1.7187499999999998,-6.773730851572155e-05,-6.77373085157219e-05,-3.5236570605778894e-19,-2.937330518006996e-06,-7.06746390337289e-05,-6.773730851572155e-05,-2.8526577094604323e-06,0.0,True
cyclonic,0.5,628.0260009765625,139070.74159123466,1.78125,-5.964460152984608e-05,-5.964460152984636e-05,-2.778268066994105e-19,-2.810161317269309e-06,-6.245476284711567e-05,-5.964460152984608e-05,-2.7291543452096745e-06,0.0,True
cyclonic,0.5,628.0260009765625,143950.41673478676,1.84375,-5.173127499877442e-05,-5.173127499877466e-05,-2.371692252312041e-19,-2.6623730243233943e-06,-5.439364802309805e-05,-5.173127499877442e-05,-2.5856262639618715e-06,0.0,True
cyclonic,0.5,628.0260009765625,148830.09187833886,1.90625,-4.4268516281927193e-05,-4.426851628192746e-05,-2.642742795433417e-19,-2.49253738484571e-06,-4.676105366677317e-05,-4.4268516281927193e-05,-2.4206863828939805e-06,0.0,True
cyclonic,0.5,628.0260009765625,153709.76702189096,1.9687500000000002,-3.7284936795007294e-05,-3.7284936795007585e-05,-2.913793338554793e-19,-2.335285784284164e-06,-3.962022257929175e-05,-3.7284936795007294e-05,-2.2679677875854576e-06,0.0,True
cyclonic,0.5,628.0260009765625,158589.44216544303,2.03125,-3.088535925700017e-05,-3.088535925700041e-05,-2.371692252312041e-19,-2.1287500656972206e-06,-3.301410932269763e-05,-3.088535925700017e-05,-2.0673857603692097e-06,0.0,True
cyclonic,0.5,628.0260009765625,163469.11730899513,2.09375,-2.4418578875400806e-05,-2.4418578875400992e-05,-1.8634724839594607e-19,-1.891849263433992e-06,-2.6310428138834983e-05,-2.4418578875400806e-05,-1.8373139670144414e-06,0.0,True
cyclonic,0.5,628.0260009765625,168348.79245254723,2.15625,-1.9610807022510793e-05,-1.961080702251096e-05,-1.6601845766184287e-19,-1.651833252932248e-06,-2.1262640275443207e-05,-1.9610807022510793e-05,-1.6042167658127529e-06,0.0,True
cyclonic,0.5,628.0260009765625,173228.46759609933,2.21875,-1.5209268460375298e-05,-1.5209268460375442e-05,-1.4399560103323106e-19,-1.5331975749410077e-06,-1.674246603531645e-05,-1.5209268460375298e-05,-1.4890009331496986e-06,0.0,True
cyclonic,0.5,628.0260009765625,178108.14273965143,2.28125,-1.1029656095377186e-05,-1.1029656095377365e-05,-1.7957098481791167e-19,-1.3185705463028287e-06,-1.2348226641680193e-05,-1.1029656095377186e-05,-1.2805608396192272e-06,0.0,True
cyclonic,0.5,628.0260009765625,182987.8178832035,2.34375,-7.82565383697103e-06,-7.825653836971184e-06,-1.5415999640028266e-19,-1.1604511622734866e-06,-8.98610499924467e-06,-7.82565383697103e-06,-1.126999475958836e-06,0.0,True
cyclonic,0.5,628.0260009765625,187867.4930267556,2.40625,-4.9106332113485154e-06,-4.910633211348633e-06,-1.1773757966834775e-19,-9.458829558424126e-07,-5.856516167191045e-06,-4.9106332113485154e-06,-9.186165090001128e-07,0.0,True
cyclonic,0.5,628.0260009765625,192747.1681703077,2.46875,-3.682587208988765e-06,-3.682587208988868e-06,-1.0291450309139749e-19,-8.508323373702741e-07,-4.533419546359142e-06,-3.682587208988765e-06,-8.263058623393811e-07,0.0,True
cyclonic,0.5,697.2586669921875,2439.837571776047,0.03125,2.3835305013959376e-06,2.3835305013959376e-06,0.0,8.316313085344275e-08,2.4666936322493803e-06,2.3835305013959376e-06,4.456125767326357e-08,1.0,False
cyclonic,0.5,697.2586669921875,7319.512715328141,0.09375,-2.913474413231082e-06,-2.913474413231082e-06,0.0,9.598018160093488e-07,-1.953672597221733e-06,-2.913474413231082e-06,5.14290113894724e-07,0.0,True
cyclonic,0.5,697.2586669921875,12199.187858880234,0.15625,-6.851701382590888e-06,-6.851701382590894e-06,-5.929230630780102e-21,2.7758981162493766e-06,-4.075803266341517e-06,-6.851701382590888e-06,1.4874080612826598e-06,0.0,True
cyclonic,0.5,697.2586669921875,17078.86300243233,0.21875,-1.0685828379914221e-05,-1.0685828379914218e-05,3.3881317890172014e-21,4.472520470074017e-06,-6.213307909840201e-06,-1.0685828379914221e-05,2.3965083453524597e-06,0.0,True
cyclonic,0.5,697.2586669921875,21958.53814598442,0.28125,-1.3731144220636689e-05,-1.3731144220636724e-05,-3.5575383784680614e-20,5.724944860299314e-06,-8.00619936033741e-06,-1.3731144220636689e-05,3.0675942628302657e-06,0.0,True
cyclonic,0.5,697.2586669921875,26838.213289536514,0.34375,-1.551939050642437e-05,-1.551939050642439e-05,-2.0328790734103208e-20,6.65415651867461e-06,-8.86523398774978e-06,-1.551939050642437e-05,3.565493268278159e-06,0.0,True
cyclonic,0.5,697.2586669921875,31717.88843308861,0.40625,-1.6009477985674192e-05,-1.6009477985674257e-05,-6.437450399132683e-20,7.706823416378466e-06,-8.30265456929579e-06,-1.6009477985674192e-05,4.129543231180134e-06,0.0,True
cyclonic,0.5,697.2586669921875,36597.5635766407,0.46874999999999994,-1.548320498547085e-05,-1.5483204985470893e-05,-4.404571325722362e-20,9.056451872488369e-06,-6.426753112982524e-06,-1.548320498547085e-05,4.852713953334261e-06,0.0,True
cyclonic,0.5,697.2586669921875,41477.2387201928,0.53125,-1.4117628186434783e-05,-1.411762818643484e-05,-5.759824041329242e-20,1.0495444944958592e-05,-3.622183241476248e-06,-1.4117628186434783e-05,5.623768871954274e-06,0.0,True
cyclonic,0.5,697.2586669921875,46356.91386374489,0.59375,-1.1783626238856352e-05,-1.1783626238856421e-05,-6.945670167485263e-20,1.1639066894948602e-05,-1.4455934390781928e-07,-1.1783626238856352e-05,6.236555233787058e-06,0.0,True
cyclonic,0.5,697.2586669921875,51236.589007296985,0.65625,-8.513517120192141e-06,-8.513517120192217e-06,-7.623296525288703e-20,1.2587535861812373e-05,4.074018741620156e-06,-8.513517120192141e-06,6.744772872947296e-06,0.0,True
cyclonic,0.5,697.2586669921875,56116.26415084908,0.71875,-4.153464706849574e-06,-4.153464706849679e-06,-1.0503208545953324e-19,1.2641007584852605e-05,8.487542878002926e-06,-4.153464706849574e-06,6.7734245988284235e-06,0.0,True
cyclonic,0.5,697.2586669921875,60995.93929440117,0.78125,1.4908710128500531e-06,1.4908710128499453e-06,-1.0778494253810972e-19,1.1818900429310773e-05,1.3309771442160719e-05,1.4908710128500531e-06,6.332915344099989e-06,0.0,True
cyclonic,0.5,697.2586669921875,65875.61443795326,0.84375,7.628144939243641e-06,7.628144939243525e-06,-1.1604351377383915e-19,1.0196287695368243e-05,1.7824432634611767e-05,7.628144939243641e-06,5.4634715966230564e-06,0.0,True
cyclonic,0.5,697.2586669921875,70755.28958150536,0.9062500000000001,1.3884687326070412e-05,1.388468732607029e-05,-1.2197274440461925e-19,7.852072770080433e-06,2.1736760096150724e-05,1.3884687326070412e-05,4.207372117740391e-06,0.0,True
cyclonic,0.5,697.2586669921875,75634.96472505745,0.96875,2.0214262502610787e-05,2.021426250261063e-05,-1.5585406229479126e-19,4.974072474930064e-06,2.5188334977540694e-05,2.0214262502610787e-05,2.665254698400651e-06,0.0,True
cyclonic,0.5,697.2586669921875,80514.63986860955,1.03125,2.570565225491426e-05,2.5705652254914073e-05,-1.8634724839594607e-19,1.8056725947619123e-06,2.7511324849675986e-05,2.570565225491426e-05,9.67532618637638e-07,0.0,True
cyclonic,0.5,697.2586669921875,85394.31501216163,1.09375,3.026632484255404e-05,3.0266324842553845e-05,-1.9651164376299768e-19,-1.2348848151728113e-06,2.9031440027381032e-05,3.026632484255404e-05,-6.616876959898399e-07,0.0,True
cyclonic,0.5,697.2586669921875,90273.99015571373,1.15625,3.387260891294444e-05,3.387260891294432e-05,-1.1519648082658485e-19,-4.501053754286893e-06,2.937155515865743e-05,3.387260891294444e-05,-2.4117973203709106e-06,0.0,True
cyclonic,0.5,697.2586669921875,95153.66529926582,1.21875,3.6634063980123596e-05,3.663406398012343e-05,-1.6940658945086007e-19,-8.00906259245779e-06,2.8625001387665635e-05,3.6634063980123596e-05,-4.2914918935983445e-06,0.0,True
cyclonic,0.5,697.2586669921875,100033.34044281792,1.28125,3.832921607166792e-05,3.8329216071667765e-05,-1.5585406229479126e-19,-1.152536198033733e-05,2.6803854091330437e-05,3.832921607166792e-05,-6.175628787816205e-06,0.0,True
cyclonic,0.5,697.2586669921875,104913.01558637002,1.34375,3.957923378996897e-05,3.957923378996887e-05,-9.486769009248164e-20,-1.4754176243989519e-05,2.4825057545979355e-05,3.957923378996897e-05,-7.905722675638583e-06,0.0,True
cyclonic,0.5,697.2586669921875,109792.6907299221,1.40625,3.883696624033711e-05,3.883696624033701e-05,-1.0164395367051604e-19,-1.7593170793123394e-05,2.1243795447213614e-05,3.883696624033711e-05,-9.426939666132733e-06,0.0,True
cyclonic,0.5,697.2586669921875,114672.3658734742,1.46875,3.756252122215884e-05,3.756252122215874e-05,-1.0164395367051604e-19,-2.0359385982919156e-05,1.7203135239239584e-05,3.756252122215884e-05,-1.0909159329909157e-05,0.0,True
cyclonic,0.5,697.2586669921875,119552.04101702629,1.53125,3.586584483842832e-05,3.586584483842817e-05,-1.4907779871675686e-19,-2.24223847424829e-05,1.344346009594527e-05,3.586584483842832e-05,-1.201457489520996e-05,0.0,True
cyclonic,0.5,697.2586669921875,124431.71616057839,1.59375,3.318879632847353e-05,3.318879632847344e-05,-8.809142651444724e-20,-2.366800635633174e-05,9.520789972141701e-06,3.318879632847353e-05,-1.2682015684517458e-05,0.0,True
cyclonic,0.5,697.2586669921875,129311.39130413048,1.65625,2.877667637720715e-05,2.8776676377207058e-05,-9.147955830346444e-20,-2.4627043433491436e-05,4.1496329437156215e-06,2.877667637720715e-05,-1.319589602878732e-05,0.0,True
cyclonic,0.5,697.2586669921875,134191.06644768256,1.7187499999999998,2.513163902926234e-05,2.5131639029262232e-05,-1.0842021724855044e-19,-2.5272245401191705e-05,-1.406063719294733e-07,2.513163902926234e-05,-1.3541614267614282e-05,0.0,True
cyclonic,0.5,697.2586669921875,139070.74159123466,1.78125,2.127463333299173e-05,2.127463333299162e-05,-1.0842021724855044e-19,-2.574042271996154e-05,-4.4657893869699196e-06,2.127463333299173e-05,-1.3792477479765905e-05,0.0,True
cyclonic,0.5,697.2586669921875,143950.41673478676,1.84375,1.7173771873955475e-05,1.7173771873955373e-05,-1.0164395367051604e-19,-2.5551799341766805e-05,-8.378027467811432e-06,1.7173771873955475e-05,-1.369140751194868e-05,0.0,True
cyclonic,0.5,697.2586669921875,148830.09187833886,1.90625,1.3876152113920012e-05,1.3876152113919916e-05,-9.656175598699024e-20,-2.4868930430923953e-05,-1.0992778317004038e-05,1.3876152113920012e-05,-1.3325506214332136e-05,0.0,True
cyclonic,0.5,697.2586669921875,153709.76702189096,1.9687500000000002,1.0197839544752256e-05,1.0197839544752148e-05,-1.0842021724855044e-19,-2.346579930168297e-05,-1.3267959756930822e-05,1.0197839544752256e-05,-1.2573667182325606e-05,0.0,True
cyclonic,0.5,697.2586669921875,158589.44216544303,2.03125,5.632358831868726e-06,5.63235883186867e-06,-5.590417451878382e-20,-2.223626398664834e-05,-1.6603905154779668e-05,5.632358831868726e-06,-1.1914845906246059e-05,0.0,True
cyclonic,0.5,697.2586669921875,163469.11730899513,2.09375,3.1505783123751742e-06,3.1505783123751243e-06,-4.997494388800372e-20,-2.1008286709568026e-05,-1.78577083971929e-05,3.1505783123751742e-06,-1.1256859472843005e-05,0.0,True
cyclonic,0.5,697.2586669921875,168348.79245254723,2.15625,6.537509305538366e-07,6.537509305537769e-07,-5.971582278142817e-20,-1.912936450476245e-05,-1.8475613574208672e-05,6.537509305538366e-07,-1.0250077553293714e-05,0.0,True
cyclonic,0.5,697.2586669921875,173228.46759609933,2.21875,-1.4013763477818998e-06,-1.4013763477819418e-06,-4.1928130889087867e-20,-1.7021623689509145e-05,-1.8423000037291086e-05,-1.4013763477818998e-06,-9.120687875282706e-06,0.0,True
cyclonic,0.5,697.2586669921875,178108.14273965143,2.28125,-3.953819001572059e-06,-3.9538190015720945e-06,-3.5575383784680614e-20,-1.533236804796154e-05,-1.9286187049533636e-05,-3.953819001572059e-06,-8.215534892867051e-06,0.0,True
cyclonic,0.5,697.2586669921875,182987.8178832035,2.34375,-5.503217292825343e-06,-5.50321729282536e-06,-1.6940658945086007e-20,-1.3347441782545524e-05,-1.8850659075370882e-05,-5.503217292825343e-06,-7.1519528719892245e-06,0.0,True
cyclonic,0.5,697.2586669921875,187867.4930267556,2.40625,-8.001295281810574e-06,-8.001295281810591e-06,-1.6940658945086007e-20,-1.1438314627931558e-05,-1.943960990974215e-05,-8.001295281810574e-06,-6.1289862497043965e-06,0.0,True
cyclonic,0.5,697.2586669921875,192747.1681703077,2.46875,-9.567737335575934e-06,-9.567737335575942e-06,-8.470329472543003e-21,-9.777243044941347e-06,-1.934498038051729e-05,-9.567737335575934e-06,-5.2389351169036595e-06,0.0,True
cyclonic,0.5,773.3682861328125,2439.837571776047,0.03125,2.5265706322407973e-06,2.5265706322407973e-06,0.0,1.8596021632424024e-07,2.7125308485650374e-06,2.5265706322407973e-06,1.5708874605173533e-07,1.0,False
cyclonic,0.5,773.3682861328125,7319.512715328141,0.09375,3.838723957032282e-06,3.838723957032282e-06,0.0,9.239964656605824e-07,4.762720422692864e-06,3.838723957032282e-06,7.805403167189999e-07,0.0,True
cyclonic,0.5,773.3682861328125,12199.187858880234,0.15625,6.6823988410414835e-06,6.682398841041482e-06,-1.6940658945086007e-21,2.204119521139984e-06,8.886518362181466e-06,6.6823988410414835e-06,1.86191637420083e-06,0.0,True
cyclonic,0.5,773.3682861328125,17078.86300243233,0.21875,9.580178293677289e-06,9.580178293677304e-06,1.5246593050577406e-20,3.2632102389475084e-06,1.2843388532624812e-05,9.580178293677289e-06,2.756576727388048e-06,0.0,True
cyclonic,0.5,773.3682861328125,21958.53814598442,0.28125,1.283445514791981e-05,1.2834455147919833e-05,2.202285662861181e-20,3.990613040800714e-06,1.682506818872055e-05,1.283445514791981e-05,3.3710457588630573e-06,0.0,True
cyclonic,0.5,773.3682861328125,26838.213289536514,0.34375,1.6738748790898353e-05,1.673874879089839e-05,3.7269449679189215e-20,4.521811581841993e-06,2.1260560372740384e-05,1.6738748790898353e-05,3.819772450873301e-06,0.0,True
cyclonic,0.5,773.3682861328125,31717.88843308861,0.40625,2.137790410799551e-05,2.1377904107995564e-05,5.421010862427522e-20,5.2172298323686495e-06,2.6595133940364214e-05,2.137790410799551e-05,4.407222729841836e-06,0.0,True
cyclonic,0.5,773.3682861328125,36597.5635766407,0.46874999999999994,2.651674466551406e-05,2.6516744665514105e-05,4.404571325722362e-20,6.266461414598216e-06,3.278320608011232e-05,2.651674466551406e-05,5.2935546390440515e-06,0.0,True
cyclonic,0.5,773.3682861328125,41477.2387201928,0.53125,3.206122623803289e-05,3.206122623803296e-05,6.776263578034403e-20,7.296255538738576e-06,3.9357481776771536e-05,3.206122623803289e-05,6.163466875382783e-06,0.0,True
cyclonic,0.5,773.3682861328125,46356.91386374489,0.59375,3.794859942016791e-05,3.794859942016806e-05,1.4907779871675686e-19,8.081306386378358e-06,4.602990580654642e-05,3.794859942016791e-05,6.826633738060335e-06,0.0,True
cyclonic,0.5,773.3682861328125,51236.589007296985,0.65625,4.384233410455522e-05,4.384233410455528e-05,6.098637220230962e-20,8.5072256228509e-06,5.234955972740618e-05,4.384233410455522e-05,7.1864263867208675e-06,0.0,True
cyclonic,0.5,773.3682861328125,56116.26415084908,0.71875,4.974682533545882e-05,4.9746825335458865e-05,4.743384504624082e-20,8.39899945176008e-06,5.8145824787218944e-05,4.974682533545882e-05,7.095002996047918e-06,0.0,True
cyclonic,0.5,773.3682861328125,60995.93929440117,0.78125,5.572163107132393e-05,5.572163107132406e-05,1.2874900798265365e-19,7.899709022155336e-06,6.36213400934794e-05,5.572163107132393e-05,6.673230484418409e-06,0.0,True
cyclonic,0.5,773.3682861328125,65875.61443795326,0.84375,6.177374282125644e-05,6.177374282125657e-05,1.2197274440461925e-19,6.8240581483226355e-06,6.85978009695792e-05,6.177374282125644e-05,5.7645810415439645e-06,0.0,True
cyclonic,0.5,773.3682861328125,70755.28958150536,0.9062500000000001,6.786136892223854e-05,6.786136892223866e-05,1.2197274440461925e-19,5.334410674588262e-06,7.319577959682692e-05,6.786136892223854e-05,4.506210523733565e-06,0.0,True
cyclonic,0.5,773.3682861328125,75634.96472505745,0.96875,7.358923114865831e-05,7.358923114865842e-05,1.0842021724855044e-19,3.379248759092916e-06,7.696847990775133e-05,7.358923114865831e-05,2.8545995517515032e-06,0.0,True
cyclonic,0.5,773.3682861328125,80514.63986860955,1.03125,7.90187132776807e-05,7.90187132776808e-05,9.486769009248164e-20,9.578849801587983e-07,7.99765982578396e-05,7.90187132776807e-05,8.091674303743138e-07,0.0,True
cyclonic,0.5,773.3682861328125,85394.31501216163,1.09375,8.352160222204468e-05,8.352160222204482e-05,1.3552527156068805e-19,-1.4296927383901222e-06,8.20919094836547e-05,8.352160222204468e-05,-1.2077241248277707e-06,0.0,True
cyclonic,0.5,773.3682861328125,90273.99015571373,1.15625,8.685218406405268e-05,8.685218406405276e-05,8.131516293641283e-20,-4.069721644134622e-06,8.278246241991815e-05,8.685218406405268e-05,-3.4378722637212782e-06,0.0,True
cyclonic,0.5,773.3682861328125,95153.66529926582,1.21875,8.926303778279771e-05,8.926303778279782e-05,1.0842021724855044e-19,-6.728283009262129e-06,8.25347547735357e-05,8.926303778279771e-05,-5.683675583401708e-06,0.0,True
cyclonic,0.5,773.3682861328125,100033.34044281792,1.28125,9.058144732828617e-05,9.058144732828628e-05,1.0842021724855044e-19,-9.050412894114569e-06,8.15310344341717e-05,9.058144732828617e-05,-7.645280484660262e-06,0.0,True
cyclonic,0.5,773.3682861328125,104913.01558637002,1.34375,9.073957768674708e-05,9.073957768674714e-05,5.421010862427522e-20,-1.1109656651239389e-05,7.962992103550776e-05,9.073957768674708e-05,-9.384813950558018e-06,0.0,True
cyclonic,0.5,773.3682861328125,109792.6907299221,1.40625,8.91362690486369e-05,8.913626904863695e-05,5.421010862427522e-20,-1.3424733009458633e-05,7.571153603917832e-05,8.91362690486369e-05,-1.1340460428687403e-05,0.0,True
cyclonic,0.5,773.3682861328125,114672.3658734742,1.46875,8.715288347687206e-05,8.715288347687207e-05,1.3552527156068805e-20,-1.548971598864441e-05,7.166316748822765e-05,8.715288347687206e-05,-1.3084842067031337e-05,0.0,True
cyclonic,0.5,773.3682861328125,119552.04101702629,1.53125,8.350480531242497e-05,8.350480531242507e-05,9.486769009248164e-20,-1.7115257302607234e-05,6.638954800981784e-05,8.350480531242497e-05,-1.4458008068411302e-05,0.0,True
cyclonic,0.5,773.3682861328125,124431.71616057839,1.59375,7.912585452783784e-05,7.912585452783788e-05,4.0657581468206416e-20,-1.837448784048299e-05,6.075136668735489e-05,7.912585452783784e-05,-1.5521735300477172e-05,0.0,True
cyclonic,0.5,773.3682861328125,129311.39130413048,1.65625,7.37386784959078e-05,7.373867849590785e-05,4.0657581468206416e-20,-1.9001856054728647e-05,5.47368224411792e-05,7.37386784959078e-05,-1.6051700730914885e-05,0.0,True
cyclonic,0.5,773.3682861328125,134191.06644768256,1.7187499999999998,6.922810361287016e-05,6.922810361287033e-05,1.6263032587282567e-19,-1.9448728804950533e-05,4.9779374807919793e-05,6.922810361287016e-05,-1.6429193731109335e-05,0.0,True
cyclonic,0.5,773.3682861328125,139070.74159123466,1.78125,6.369385893785559e-05,6.36938589378557e-05,1.0842021724855044e-19,-1.9787182203935213e-05,4.3906676733920485e-05,6.369385893785559e-05,-1.6715100152893386e-05,0.0,True
cyclonic,0.5,773.3682861328125,143950.41673478676,1.84375,5.7842058502544835e-05,5.784205850254493e-05,9.486769009248164e-20,-1.984450501541699e-05,3.799755348712794e-05,5.7842058502544835e-05,-1.6763523244422446e-05,0.0,True
cyclonic,0.5,773.3682861328125,148830.09187833886,1.90625,5.1733343575923246e-05,5.1733343575923294e-05,4.743384504624082e-20,-1.932930509465019e-05,3.24040384812731e-05,5.1733343575923246e-05,-1.632831128823663e-05,0.0,True
cyclonic,0.5,773.3682861328125,153709.76702189096,1.9687500000000002,4.60011609728077e-05,4.600116097280779e-05,9.486769009248164e-20,-1.849089466835631e-05,2.7510266304451482e-05,4.60011609728077e-05,-1.562006925052268e-05,0.0,True
cyclonic,0.5,773.3682861328125,158589.44216544303,2.03125,4.090532156615014e-05,4.090532156615022e-05,8.131516293641283e-20,-1.7638172571522108e-05,2.3267148994628114e-05,4.090532156615014e-05,-1.4899737517369981e-05,0.0,True
cyclonic,0.5,773.3682861328125,163469.11730899513,2.09375,3.625155550090003e-05,3.6251555500900056e-05,2.710505431213761e-20,-1.6617807938024822e-05,1.9633747562875233e-05,3.625155550090003e-05,-1.4037790785106832e-05,0.0,True
cyclonic,0.5,773.3682861328125,168348.79245254723,2.15625,3.181363039330588e-05,3.181363039330593e-05,4.743384504624082e-20,-1.5151280415692908e-05,1.6662349977613022e-05,3.181363039330588e-05,-1.2798950703678895e-05,0.0,True
cyclonic,0.5,773.3682861328125,173228.46759609933,2.21875,2.792838288691085e-05,2.792838288691088e-05,3.049318610115481e-20,-1.3420812079188566e-05,1.4507570807722315e-05,2.792838288691085e-05,-1.1337148247019432e-05,0.0,True
cyclonic,0.5,773.3682861328125,178108.14273965143,2.28125,2.4499661844587948e-05,2.4499661844588006e-05,5.759824041329242e-20,-1.186453742164043e-05,1.2635124422947575e-05,2.4499661844587948e-05,-1.0022494826526164e-05,0.0,True
cyclonic,0.5,773.3682861328125,182987.8178832035,2.34375,2.0976603129777445e-05,2.097660312977748e-05,3.3881317890172014e-20,-1.052548653482893e-05,1.0451116594948549e-05,2.0976603129777445e-05,-8.891339846893764e-06,0.0,True
cyclonic,0.5,773.3682861328125,187867.4930267556,2.40625,1.7916584597334763e-05,1.7916584597334777e-05,1.3552527156068805e-20,-9.044448868313775e-06,8.872135729021002e-06,1.7916584597334763e-05,-7.640242410641066e-06,0.0,True
cyclonic,0.5,773.3682861328125,192747.1681703077,2.46875,1.5608392530373975e-05,1.560839253037401e-05,3.3881317890172014e-20,-7.638027219149588e-06,7.970365311224421e-06,1.5608392530373975e-05,-6.452176394940176e-06,0.0,True
cyclonic,0.5,856.678955078125,2439.837571776047,0.03125,4.4817888543733207e-07,4.4817888543733207e-07,0.0,2.2290813837079007e-08,4.7046969927441106e-07,4.4817888543733207e-07,3.777539595138295e-08,1.0,False
cyclonic,0.5,856.678955078125,7319.512715328141,0.09375,1.1371607876532681e-05,1.1371607876532681e-05,0.0,4.778037224239736e-08,1.141938824877508e-05,1.1371607876532681e-05,8.097158288400765e-08,1.0,False
cyclonic,0.5,856.678955078125,12199.187858880234,0.15625,2.264146962772694e-05,2.2641469627726947e-05,6.776263578034403e-21,7.224086882107686e-08,2.2713710496548023e-05,2.264146962772694e-05,1.2242385780678578e-07,1.0,False
cyclonic,0.5,856.678955078125,17078.86300243233,0.21875,3.319120957466431e-05,3.319120957466431e-05,0.0,2.7305977868372846e-07,3.346426935334804e-05,3.319120957466431e-05,4.627440403731133e-07,1.0,False
cyclonic,0.5,856.678955078125,21958.53814598442,0.28125,4.2898286851795235e-05,4.2898286851795275e-05,4.0657581468206416e-20,3.7237592644318156e-07,4.327066277823846e-05,4.2898286851795235e-05,6.310513454989013e-07,0.0,True
cyclonic,0.5,856.678955078125,26838.213289536514,0.34375,5.211501181356297e-05,5.2115011813563e-05,2.710505431213761e-20,4.295419383846922e-07,5.254455375194769e-05,5.211501181356297e-05,7.279284156604199e-07,0.0,True
cyclonic,0.5,856.678955078125,31717.88843308861,0.40625,6.0891200731345415e-05,6.0891200731345456e-05,4.0657581468206416e-20,4.4094007196472026e-07,6.133214080331018e-05,6.0891200731345415e-05,7.472443999147092e-07,0.0,True
cyclonic,0.5,856.678955078125,36597.5635766407,0.46874999999999994,6.936980214095275e-05,6.93698021409528e-05,5.421010862427522e-20,4.3060418599419136e-07,6.980040632694699e-05,6.936980214095275e-05,7.297285663566001e-07,0.0,True
cyclonic,0.5,856.678955078125,41477.2387201928,0.53125,7.721625384069618e-05,7.721625384069623e-05,4.0657581468206416e-20,4.6624036136099153e-07,7.768249420205721e-05,7.721625384069618e-05,7.901198398431942e-07,0.0,True
cyclonic,0.5,856.678955078125,46356.91386374489,0.59375,8.412955758468451e-05,8.41295575846846e-05,8.131516293641283e-20,4.6642359809461913e-07,8.459598118277922e-05,8.412955758468451e-05,7.904303641791925e-07,0.0,True
cyclonic,0.5,856.678955078125,51236.589007296985,0.65625,9.008962820152205e-05,9.00896282015221e-05,5.421010862427522e-20,4.084398285902608e-07,9.049806803011236e-05,9.008962820152205e-05,6.921674713216259e-07,0.0,True
cyclonic,0.5,856.678955078125,56116.26415084908,0.71875,9.490789811038737e-05,9.490789811038746e-05,8.131516293641283e-20,3.2090826460234126e-07,9.52288063749898e-05,9.490789811038737e-05,5.438310529183056e-07,0.0,True
cyclonic,0.5,856.678955078125,60995.93929440117,0.78125,9.872397073089963e-05,9.872397073089971e-05,8.131516293641283e-20,1.3211223094119866e-07,9.88560829618409e-05,9.872397073089963e-05,2.23885582208886e-07,0.0,True
cyclonic,0.5,856.678955078125,65875.61443795326,0.84375,0.00010166399593036725,0.00010166399593036736,1.0842021724855044e-19,-1.0718739703752755e-07,0.00010155680853332983,0.00010166399593036725,-1.8164641244975212e-07,0.0,True
cyclonic,0.5,856.678955078125,70755.28958150536,0.9062500000000001,0.0001036245511351211,0.0001036245511351212,1.0842021724855044e-19,-4.280562212800468e-07,0.00010319649491384116,0.0001036245511351211,-7.254106272875986e-07,0.0,True
cyclonic,0.5,856.678955078125,75634.96472505745,0.96875,0.00010484310561243312,0.0001048431056124332,8.131516293641283e-20,-8.960556209139365e-07,0.00010394704999151927,0.00010484310561243312,-1.5185114425109664e-06,0.0,True
cyclonic,0.5,856.678955078125,80514.63986860955,1.03125,0.00010528603430296281,0.00010528603430296292,1.0842021724855044e-19,-1.4365497037814852e-06,0.00010384948459918144,0.00010528603430296281,-2.4344662451902004e-06,0.0,True
cyclonic,0.5,856.678955078125,85394.31501216163,1.09375,0.0001046906962887358,0.00010469069628873591,1.0842021724855044e-19,-1.9621427371322847e-06,0.00010272855355160363,0.0001046906962887358,-3.3251688049634338e-06,0.0,True
cyclonic,0.5,856.678955078125,90273.99015571373,1.15625,0.00010305105588343018,0.00010305105588343029,1.0842021724855044e-19,-2.4917334862694187e-06,0.00010055932239716087,0.00010305105588343018,-4.222646141908717e-06,0.0,True
cyclonic,0.5,856.678955078125,95153.66529926582,1.21875,0.00010064868626477879,0.0001006486862647789,1.0842021724855044e-19,-2.9743915374473003e-06,9.76742947273316e-05,0.00010064868626477879,-5.0405884173961585e-06,0.0,True
cyclonic,0.5,856.678955078125,100033.34044281792,1.28125,9.764737337763531e-05,9.764737337763539e-05,8.131516293641283e-20,-3.422735974519763e-06,9.422463740311562e-05,9.764737337763531e-05,-5.800380713756367e-06,0.0,True
cyclonic,0.5,856.678955078125,104913.01558637002,1.34375,9.421802633864907e-05,9.421802633864918e-05,1.0842021724855044e-19,-3.8145956789117743e-06,9.040343065973741e-05,9.421802633864907e-05,-6.464450478054387e-06,0.0,True
cyclonic,0.5,856.678955078125,109792.6907299221,1.40625,9.02289782119414e-05,9.022897821194144e-05,4.0657581468206416e-20,-4.213900704350256e-06,8.601507750759119e-05,9.02289782119414e-05,-7.141137545272401e-06,0.0,True
cyclonic,0.5,856.678955078125,114672.3658734742,1.46875,8.561317090185795e-05,8.561317090185804e-05,8.131516293641283e-20,-4.586425452094268e-06,8.102674544976377e-05,8.561317090185795e-05,-7.772441092579902e-06,0.0,True
cyclonic,0.5,856.678955078125,119552.04101702629,1.53125,8.116415746433042e-05,8.11641574643305e-05,8.131516293641283e-20,-4.836176448004308e-06,7.632798101632619e-05,8.116415746433042e-05,-8.19568462369138e-06,0.0,True
cyclonic,0.5,856.678955078125,124431.71616057839,1.59375,7.695169877632369e-05,7.695169877632374e-05,5.421010862427522e-20,-4.969771986461738e-06,7.1981926789862e-05,7.695169877632369e-05,-8.422083910835083e-06,0.0,True
cyclonic,0.5,856.678955078125,129311.39130413048,1.65625,7.186585245598429e-05,7.186585245598437e-05,8.131516293641283e-20,-5.0091538096728685e-06,6.685669864631151e-05,7.186585245598429e-05,-8.488822791522032e-06,0.0,True
cyclonic,0.5,856.678955078125,134191.06644768256,1.7187499999999998,6.713387890795409e-05,6.713387890795409e-05,0.0,-5.069631521807144e-06,6.206424738614695e-05,6.713387890795409e-05,-8.591312074273378e-06,0.0,True
cyclonic,0.5,856.678955078125,139070.74159123466,1.78125,6.278045126341488e-05,6.278045126341493e-05,5.421010862427522e-20,-5.022999139464506e-06,5.775745212395043e-05,6.278045126341488e-05,-8.512285946289697e-06,0.0,True
cyclonic,0.5,856.678955078125,143950.41673478676,1.84375,5.839990691308782e-05,5.8399906913087876e-05,5.421010862427522e-20,-4.985230157986624e-06,5.341467675510125e-05,5.839990691308782e-05,-8.448280287257447e-06,0.0,True
cyclonic,0.5,856.678955078125,148830.09187833886,1.90625,5.459658541654676e-05,5.45965854165468e-05,4.0657581468206416e-20,-4.849055927875436e-06,4.974752948867136e-05,5.459658541654676e-05,-8.217510989266713e-06,0.0,True
cyclonic,0.5,856.678955078125,153709.76702189096,1.9687500000000002,5.068591683775754e-05,5.068591683775761e-05,6.776263578034403e-20,-4.615155578857736e-06,4.6070761258899875e-05,5.068591683775754e-05,-7.821128947682712e-06,0.0,True
cyclonic,0.5,856.678955078125,158589.44216544303,2.03125,4.725940557365839e-05,4.725940557365843e-05,4.0657581468206416e-20,-4.38825558566611e-06,4.287114998799232e-05,4.725940557365839e-05,-7.436610143352553e-06,0.0,True
cyclonic,0.5,856.678955078125,163469.11730899513,2.09375,4.420581157850483e-05,4.4205811578504854e-05,2.710505431213761e-20,-4.102998683691942e-06,4.0102812894812915e-05,4.420581157850483e-05,-6.953196101196115e-06,0.0,True
cyclonic,0.5,856.678955078125,168348.79245254723,2.15625,4.157337212098056e-05,4.157337212098061e-05,5.421010862427522e-20,-3.864936350475229e-06,3.7708435770505386e-05,4.157337212098056e-05,-6.5497609029974535e-06,0.0,True
cyclonic,0.5,856.678955078125,173228.46759609933,2.21875,3.92445662063762e-05,3.924456620637624e-05,4.0657581468206416e-20,-3.4814891832125878e-06,3.576307702316365e-05,3.92445662063762e-05,-5.899947545995298e-06,0.0,True
cyclonic,0.5,856.678955078125,178108.14273965143,2.28125,3.7174341231527586e-05,3.7174341231527626e-05,4.0657581468206416e-20,-3.1348133662895235e-06,3.40395278652381e-05,3.7174341231527586e-05,-5.312449200409816e-06,0.0,True
cyclonic,0.5,856.678955078125,182987.8178832035,2.34375,3.517690738794801e-05,3.517690738794806e-05,4.743384504624082e-20,-2.7802322165178057e-06,3.239667517143025e-05,3.517690738794801e-05,-4.711553987367273e-06,0.0,True
cyclonic,0.5,856.678955078125,187867.4930267556,2.40625,3.338153604549807e-05,3.338153604549808e-05,1.3552527156068805e-20,-2.4779982547782463e-06,3.090353779071983e-05,3.338153604549807e-05,-4.19936956655103e-06,0.0,True
cyclonic,0.5,856.678955078125,192747.1681703077,2.46875,3.204720945939764e-05,3.2047209459397655e-05,1.3552527156068805e-20,-2.1458903068602105e-06,2.9901319152537444e-05,3.204720945939764e-05,-3.636558835507348e-06,0.0,True
cyclonic,0.5,947.4478759765625,2439.837571776047,0.03125,-7.084229802159672e-07,-7.084229802159672e-07,0.0,-7.786556086488597e-09,-7.162095363024559e-07,-7.084229802159672e-07,-2.6318801599462474e-09,1.0,False
cyclonic,0.5,947.4478759765625,7319.512715328141,0.09375,2.4137422652802374e-05,2.4137422652802374e-05,0.0,-8.803018473090153e-08,2.4049392468071473e-05,2.4137422652802374e-05,-2.9754476060563874e-08,1.0,False
cyclonic,0.5,947.4478759765625,12199.187858880234,0.15625,4.779927719293105e-05,4.779927719293105e-05,0.0,-1.33462673390871e-07,4.766581451954018e-05,4.779927719293105e-05,-4.51107984440425e-08,1.0,False
cyclonic,0.5,947.4478759765625,17078.86300243233,0.21875,6.996783101996239e-05,6.996783101996239e-05,0.0,-7.527525612033323e-08,6.989255576384205e-05,6.996783101996239e-05,-2.544327054443898e-08,0.0,True
cyclonic,0.5,947.4478759765625,21958.53814598442,0.28125,9.05996606201296e-05,9.05996606201296e-05,0.0,-1.711639346169385e-07,9.042849668551266e-05,9.05996606201296e-05,-5.78539419241255e-08,0.0,True
cyclonic,0.5,947.4478759765625,26838.213289536514,0.34375,0.00010994331754349664,0.00010994331754349664,0.0,-3.2936279244388253e-07,0.00010961395475105276,0.00010994331754349664,-1.1132564759428294e-07,0.0,True
cyclonic,0.5,947.4478759765625,31717.88843308861,0.40625,0.00012772548364563998,0.00012772548364563998,0.0,-4.948896129503796e-07,0.0001272305940326896,0.00012772548364563998,-1.672742274274106e-07,0.0,True
cyclonic,0.5,947.4478759765625,36597.5635766407,0.46874999999999994,0.00014372045016755987,0.00014372045016755987,0.0,-7.253174064553709e-07,0.0001429951327611045,0.00014372045016755987,-2.4515953786373016e-07,0.0,True
cyclonic,0.5,947.4478759765625,41477.2387201928,0.53125,0.00015769297375245114,0.00015769297375245114,0.0,-9.796455632115078e-07,0.00015671332818923965,0.00015769297375245114,-3.311232453677018e-07,0.0,True
cyclonic,0.5,947.4478759765625,46356.91386374489,0.59375,0.00016950094114805928,0.00016950094114805928,0.0,-1.252943611797657e-06,0.00016824799753626163,0.00016950094114805928,-4.234988352737497e-07,0.0,True
cyclonic,0.5,947.4478759765625,51236.589007296985,0.65625,0.00017896639330610372,0.00017896639330610372,0.0,-1.4795620094226065e-06,0.0001774868312966811,0.00017896639330610372,-5.000965580619868e-07,0.0,True
cyclonic,0.5,947.4478759765625,56116.26415084908,0.71875,0.00018602804516717488,0.00018602804516717488,0.0,-1.7890565307504435e-06,0.00018423898863642444,0.00018602804516717488,-6.047066682631096e-07,0.0,True
cyclonic,0.5,947.4478759765625,60995.93929440117,0.78125,0.00019098600719141457,0.00019098600719141457,0.0,-2.1782467341815747e-06,0.000188807760457233,0.00019098600719141457,-7.362541667307864e-07,0.0,True
cyclonic,0.5,947.4478759765625,65875.61443795326,0.84375,0.00019387799498887348,0.00019387799498887348,0.0,-2.5535384506831373e-06,0.00019132445653819035,0.00019387799498887348,-8.63103933416029e-07,0.0,True
cyclonic,0.5,947.4478759765625,70755.28958150536,0.9062500000000001,0.0001947813805306093,0.0001947813805306093,0.0,-2.987542531734263e-06,0.00019179383799887504,0.0001947813805306093,-1.0097986618128632e-06,0.0,True
cyclonic,0.5,947.4478759765625,75634.96472505745,0.96875,0.00019387490040739127,0.00019387490040739127,0.0,-3.479445994004867e-06,0.00019039545441338642,0.00019387490040739127,-1.1760635610287493e-06,0.0,True
cyclonic,0.5,947.4478759765625,80514.63986860955,1.03125,0.00019115581083414674,0.00019115581083414674,0.0,-4.037211269001432e-06,0.00018711859956514531,0.00019115581083414674,-1.3645899576622596e-06,0.0,True
cyclonic,0.5,947.4478759765625,85394.31501216163,1.09375,0.0001869520590181207,0.0001869520590181207,0.0,-4.544017277081064e-06,0.00018240804174103964,0.0001869520590181207,-1.5358919636827225e-06,0.0,True
cyclonic,0.5,947.4478759765625,90273.99015571373,1.15625,0.00018130386525067973,0.00018130386525067973,0.0,-5.0421307179847596e-06,0.00017626173453269496,0.00018130386525067973,-1.704255854978879e-06,0.0,True
cyclonic,0.5,947.4478759765625,95153.66529926582,1.21875,0.00017478106768063835,0.00017478106768063835,0.0,-5.506014069294024e-06,0.00016927505361134432,0.00017478106768063835,-1.8610498695957824e-06,0.0,True
cyclonic,0.5,947.4478759765625,100033.34044281792,1.28125,0.0001677971431439438,0.0001677971431439438,0.0,-5.888270847295797e-06,0.000161908872296648,0.0001677971431439438,-1.990253848717383e-06,0.0,True
cyclonic,0.5,947.4478759765625,104913.01558637002,1.34375,0.0001597976565441486,0.0001597976565441486,0.0,-6.2113111887389554e-06,0.00015358634535540965,0.0001597976565441486,-2.0994424882215408e-06,0.0,True
cyclonic,0.5,947.4478759765625,109792.6907299221,1.40625,0.00015174957334002553,0.00015174957334002556,2.710505431213761e-20,-6.541761261757841e-06,0.00014520781207826773,0.00015174957334002553,-2.2111356400297355e-06,0.0,True
cyclonic,0.5,947.4478759765625,114672.3658734742,1.46875,0.00014338386204272794,0.00014338386204272794,0.0,-6.7726734274794256e-06,0.0001366111886152485,0.00014338386204272794,-2.2891846697808227e-06,0.0,True
cyclonic,0.5,947.4478759765625,119552.04101702629,1.53125,0.0001351700328147998,0.0001351700328147998,0.0,-6.9110197184134174e-06,0.0001282590130963864,0.0001351700328147998,-2.3359461461340386e-06,0.0,True
cyclonic,0.5,947.4478759765625,124431.71616057839,1.59375,0.00012676222420907523,0.00012676222420907523,0.0,-6.9555942070609955e-06,0.00011980663000201423,0.00012676222420907523,-2.3510124618464335e-06,0.0,True
cyclonic,0.5,947.4478759765625,129311.39130413048,1.65625,0.00011809116182652893,0.00011809116182652891,-2.710505431213761e-20,-6.954821870698978e-06,0.00011113633995582993,0.00011809116182652893,-2.3507514097554422e-06,0.0,True
cyclonic,0.5,947.4478759765625,134191.06644768256,1.7187499999999998,0.00011025744811007183,0.00011025744811007185,1.3552527156068805e-20,-6.891274886437614e-06,0.00010336617322363423,0.00011025744811007183,-2.329272331553962e-06,0.0,True
cyclonic,0.5,947.4478759765625,139070.74159123466,1.78125,0.00010262022615143097,0.00010262022615143097,0.0,-6.788988020826391e-06,9.583123813060459e-05,0.00010262022615143097,-2.2946990530422463e-06,0.0,True
cyclonic,0.5,947.4478759765625,143950.41673478676,1.84375,9.54765843979415e-05,9.54765843979415e-05,0.0,-6.617446407304121e-06,8.885913799063739e-05,9.54765843979415e-05,-2.236717454474191e-06,0.0,True
cyclonic,0.5,947.4478759765625,148830.09187833886,1.90625,8.850912438166346e-05,8.850912438166347e-05,1.3552527156068805e-20,-6.379820982265783e-06,8.212930339939769e-05,8.850912438166346e-05,-2.1563993222074232e-06,0.0,True
cyclonic,0.5,947.4478759765625,153709.76702189096,1.9687500000000002,8.193522385658295e-05,8.193522385658295e-05,0.0,-6.153649805732853e-06,7.57815740508501e-05,8.193522385658295e-05,-2.0799527615383725e-06,0.0,True
cyclonic,0.5,947.4478759765625,158589.44216544303,2.03125,7.610006869171252e-05,7.610006869171252e-05,0.0,-5.921969613716671e-06,7.017809907799585e-05,7.610006869171252e-05,-2.0016441365124787e-06,0.0,True
cyclonic,0.5,947.4478759765625,163469.11730899513,2.09375,7.053192009941133e-05,7.053192009941131e-05,-1.3552527156068805e-20,-5.665822238863375e-06,6.486609786054794e-05,7.053192009941133e-05,-1.9150655276370476e-06,0.0,True
cyclonic,0.5,947.4478759765625,168348.79245254723,2.15625,6.566564949658778e-05,6.566564949658778e-05,0.0,-5.372609455548549e-06,6.029304004103923e-05,6.566564949658778e-05,-1.8159586954923485e-06,0.0,True
cyclonic,0.5,947.4478759765625,173228.46759609933,2.21875,6.104766276420485e-05,6.104766276420483e-05,-1.3552527156068805e-20,-4.921690593366596e-06,5.612597217083824e-05,6.104766276420485e-05,-1.6635467184976e-06,0.0,True
cyclonic,0.5,947.4478759765625,178108.14273965143,2.28125,5.6735328566578565e-05,5.6735328566578565e-05,0.0,-4.474103547581762e-06,5.22612250189968e-05,5.6735328566578565e-05,-1.5122609058012606e-06,0.0,True
cyclonic,0.5,947.4478759765625,182987.8178832035,2.34375,5.271800619582316e-05,5.271800619582316e-05,0.0,-4.142145722354058e-06,4.85758604734691e-05,5.271800619582316e-05,-1.4000581290599852e-06,0.0,True
cyclonic,0.5,947.4478759765625,187867.4930267556,2.40625,4.9579646767686446e-05,4.957964676768646e-05,1.3552527156068805e-20,-3.746260647592456e-06,4.5833386120094e-05,4.9579646767686446e-05,-1.2662477432731464e-06,0.0,True
cyclonic,0.5,947.4478759765625,192747.1681703077,2.46875,4.657020049477735e-05,4.657020049477735e-05,0.0,-3.283596971131241e-06,4.328660352364611e-05,4.657020049477735e-05,-1.1098659825459619e-06,0.0,True
cyclonic,0.5,1045.854248046875,2439.837571776047,0.03125,-3.976664355557942e-07,-3.976664355557942e-07,0.0,-1.440316740328718e-09,-3.9910675229612293e-07,-3.976664355557942e-07,-1.0705689479395452e-09,1.0,False
cyclonic,0.5,1045.854248046875,7319.512715328141,0.09375,6.525738205923162e-06,6.525738205923162e-06,0.0,-5.738895071728855e-09,6.519999310851433e-06,6.525738205923162e-06,-4.265647053351617e-09,1.0,False
cyclonic,0.5,1045.854248046875,12199.187858880234,0.15625,1.2680898098258687e-05,1.2680898098258687e-05,0.0,-1.564544109501603e-08,1.266525265716367e-05,1.2680898098258687e-05,-1.162905557101194e-08,1.0,False
cyclonic,0.5,1045.854248046875,17078.86300243233,0.21875,1.846966850584282e-05,1.846966850584282e-05,0.0,-4.072118427511026e-08,1.842894732156771e-05,1.846966850584282e-05,-3.026753365256844e-08,1.0,False
cyclonic,0.5,1045.854248046875,21958.53814598442,0.28125,2.373851233845178e-05,2.373851233845178e-05,0.0,-6.241123077258388e-08,2.3676101107679197e-05,2.373851233845178e-05,-4.6389466842250436e-08,1.0,False
cyclonic,0.5,1045.854248046875,26838.213289536514,0.34375,2.8457813627349504e-05,2.8457813627349504e-05,0.0,-9.426203500543923e-08,2.8363551592344065e-05,2.8457813627349504e-05,-7.006376085261806e-08,1.0,False
cyclonic,0.5,1045.854248046875,31717.88843308861,0.40625,3.272064718136434e-05,3.272064718136434e-05,0.0,-1.3104099942675138e-07,3.258960618193759e-05,3.272064718136434e-05,-9.740109308264119e-08,1.0,False
cyclonic,0.5,1045.854248046875,36597.5635766407,0.46874999999999994,3.6461843083512076e-05,3.6461843083512076e-05,0.0,-1.6853145385391487e-07,3.629331162965816e-05,3.6461843083512076e-05,-1.2526726670269074e-07,1.0,False
cyclonic,0.5,1045.854248046875,41477.2387201928,0.53125,3.944840110711968e-05,3.944840110711968e-05,0.0,-2.0508718805833485e-07,3.924331391906134e-05,3.944840110711968e-05,-1.524386747774534e-07,1.0,False
cyclonic,0.5,1045.854248046875,46356.91386374489,0.59375,4.166374407020287e-05,4.166374407020287e-05,0.0,-2.4886942962969565e-07,4.141487464057317e-05,4.166374407020287e-05,-1.8498145303245675e-07,1.0,False
cyclonic,0.5,1045.854248046875,51236.589007296985,0.65625,4.317940912266096e-05,4.317940912266096e-05,0.0,-2.9403799153873214e-07,4.288537113112223e-05,4.317940912266096e-05,-2.1855466540230207e-07,1.0,False
cyclonic,0.5,1045.854248046875,56116.26415084908,0.71875,4.3985850193370464e-05,4.3985850193370464e-05,0.0,-3.381680532992612e-07,4.3647682140071206e-05,4.3985850193370464e-05,-2.513559739399605e-07,1.0,False
cyclonic,0.5,1045.854248046875,60995.93929440117,0.78125,4.421111644113303e-05,4.421111644113303e-05,0.0,-3.826182749179729e-07,4.3828498166215054e-05,4.421111644113303e-05,-2.8439525319124746e-07,1.0,False
cyclonic,0.5,1045.854248046875,65875.61443795326,0.84375,4.408043128556866e-05,4.408043128556866e-05,0.0,-4.241073594376005e-07,4.365632392613106e-05,4.408043128556866e-05,-3.15233557240269e-07,1.0,False
cyclonic,0.5,1045.854248046875,70755.28958150536,0.9062500000000001,4.393486613774923e-05,4.393486613774923e-05,0.0,-4.646219616199901e-07,4.347024417612924e-05,4.393486613774923e-05,-3.4534754107461024e-07,1.0,False
cyclonic,0.5,1045.854248046875,75634.96472505745,0.96875,4.3551733547079555e-05,4.3551733547079555e-05,0.0,-5.049067742390658e-07,4.304682677284049e-05,4.3551733547079555e-05,-3.7529072527567884e-07,1.0,False
cyclonic,0.5,1045.854248046875,80514.63986860955,1.03125,4.258323930708445e-05,4.258323930708445e-05,0.0,-5.392680275037287e-07,4.204397127958072e-05,4.258323930708445e-05,-4.0083100383207393e-07,1.0,False
cyclonic,0.5,1045.854248046875,85394.31501216163,1.09375,4.1209552661188573e-05,4.1209552661188573e-05,0.0,-5.739576918879245e-07,4.063559496930065e-05,4.1209552661188573e-05,-4.266153861587618e-07,1.0,False
cyclonic,0.5,1045.854248046875,90273.99015571373,1.15625,3.993761911610351e-05,3.993761911610351e-05,0.0,-6.047828948746122e-07,3.93328362212289e-05,3.993761911610351e-05,-4.495273639255061e-07,1.0,False
cyclonic,0.5,1045.854248046875,95153.66529926582,1.21875,3.906461592631031e-05,3.906461592631031e-05,0.0,-6.290030819329049e-07,3.8435612844377405e-05,3.906461592631031e-05,-4.67529918122007e-07,1.0,False
cyclonic,0.5,1045.854248046875,100033.34044281792,1.28125,3.841286411855238e-05,3.841286411855238e-05,0.0,-6.495056389614441e-07,3.776335847959093e-05,3.841286411855238e-05,-4.827692056297703e-07,1.0,False
cyclonic,0.5,1045.854248046875,104913.01558637002,1.34375,3.797251572184261e-05,3.797251572184261e-05,0.0,-6.807792198473772e-07,3.7291736501995234e-05,3.797251572184261e-05,-5.060144569345038e-07,1.0,False
cyclonic,0.5,1045.854248046875,109792.6907299221,1.40625,3.808334907865804e-05,3.808334907865804e-05,0.0,-7.06892852091142e-07,3.73764562265669e-05,3.808334907865804e-05,-5.254243846367307e-07,1.0,False
cyclonic,0.5,1045.854248046875,114672.3658734742,1.46875,3.8203981315376594e-05,3.8203981315376594e-05,0.0,-7.259643999476165e-07,3.747801691542898e-05,3.8203981315376594e-05,-5.396000213925909e-07,1.0,False
cyclonic,0.5,1045.854248046875,119552.04101702629,1.53125,3.8605448071324524e-05,3.8605448071324524e-05,0.0,-7.331001862224441e-07,3.787234788510208e-05,3.8605448071324524e-05,-5.449039597493861e-07,1.0,False
cyclonic,0.5,1045.854248046875,124431.71616057839,1.59375,3.915634527094263e-05,3.915634527094263e-05,0.0,-7.417069782488269e-07,3.84146382926938e-05,3.915634527094263e-05,-5.513012778023001e-07,0.0,True
cyclonic,0.5,1045.854248046875,129311.39130413048,1.65625,3.961181893915605e-05,3.961181893915604e-05,-6.776263578034403e-21,-7.370739952158772e-07,3.887474494394017e-05,3.961181893915605e-05,-5.478576409740044e-07,0.0,True
cyclonic,0.5,1045.854248046875,134191.06644768256,1.7187499999999998,4.0219405497844635e-05,4.021940549784465e-05,1.3552527156068805e-20,-7.323015969202276e-07,3.948710390092442e-05,4.0219405497844635e-05,-5.443103785702112e-07,0.0,True
cyclonic,0.5,1045.854248046875,139070.74159123466,1.78125,4.103651051643964e-05,4.1036510516439633e-05,-6.776263578034403e-21,-7.283867140595624e-07,4.030812380238007e-05,4.103651051643964e-05,-5.414004963838163e-07,0.0,True
cyclonic,0.5,1045.854248046875,143950.41673478676,1.84375,4.131908693724852e-05,4.131908693724852e-05,0.0,-7.228877942037454e-07,4.0596199143044776e-05,4.131908693724852e-05,-5.373132198285897e-07,0.0,True
cyclonic,0.5,1045.854248046875,148830.09187833886,1.90625,4.163057267051157e-05,4.163057267051154e-05,-2.710505431213761e-20,-7.192142039078602e-07,4.0911358466603686e-05,4.163057267051157e-05,-5.345826873088266e-07,0.0,True
cyclonic,0.5,1045.854248046875,153709.76702189096,1.9687500000000002,4.182614401498879e-05,4.182614401498879e-05,0.0,-7.089846296191657e-07,4.111715938536963e-05,4.182614401498879e-05,-5.269791760272611e-07,0.0,True
cyclonic,0.5,1045.854248046875,158589.44216544303,2.03125,4.157713639386734e-05,4.157713639386734e-05,0.0,-6.900166708615307e-07,4.088711972300581e-05,4.157713639386734e-05,-5.12880535719097e-07,0.0,True
cyclonic,0.5,1045.854248046875,163469.11730899513,2.09375,4.1078692252321704e-05,4.1078692252321704e-05,0.0,-6.579352059448752e-07,4.042075704637683e-05,4.1078692252321704e-05,-4.890347945827794e-07,0.0,True
cyclonic,0.5,1045.854248046875,168348.79245254723,2.15625,4.023711871563838e-05,4.023711871563838e-05,0.0,-6.433639962714152e-07,3.9593754719366964e-05,4.023711871563838e-05,-4.782042014406332e-07,0.0,True
cyclonic,0.5,1045.854248046875,173228.46759609933,2.21875,3.924422277746921e-05,3.924422277746921e-05,0.0,-6.090384357821624e-07,3.863518434168704e-05,3.924422277746921e-05,-4.526904528661164e-07,0.0,True
cyclonic,0.5,1045.854248046875,178108.14273965143,2.28125,3.764292566463931e-05,3.764292566463931e-05,0.0,-5.742823291411839e-07,3.7068643335498126e-05,3.764292566463931e-05,-4.268566848626875e-07,0.0,True
cyclonic,0.5,1045.854248046875,182987.8178832035,2.34375,3.623817161308828e-05,3.623817161308828e-05,0.0,-5.462592952556865e-07,3.569191231783259e-05,3.623817161308828e-05,-4.06027523425583e-07,0.0,True
cyclonic,0.5,1045.854248046875,187867.4930267556,2.40625,3.460615323610712e-05,3.460615323610712e-05,0.0,-5.050307590823289e-07,3.410112247702479e-05,3.460615323610712e-05,-3.7538288161844436e-07,0.0,True
cyclonic,0.5,1045.854248046875,192747.1681703077,2.46875,3.2776922186460956e-05,3.277692218646096e-05,6.776263578034403e-21,-4.655466776879058e-07,3.231137550877306e-05,3.2776922186460956e-05,-3.460348706600078e-07,0.0,True
cyclonic,0.5,1151.9912109375,2439.837571776047,0.03125,-3.9653305993261e-07,-3.9653305993261e-07,0.0,-3.4245216269622074e-09,-3.999575815595722e-07,-3.9653305993261e-07,-2.984487990652946e-09,1.0,False
cyclonic,0.5,1151.9912109375,7319.512715328141,0.09375,-5.140582310018806e-06,-5.140582310018806e-06,0.0,-2.6115169550651272e-08,-5.166697479569457e-06,-5.140582310018806e-06,-2.2759502899364916e-08,1.0,False
cyclonic,0.5,1151.9912109375,12199.187858880234,0.15625,-9.941282514911398e-06,-9.941282514911398e-06,0.0,-4.684598906863002e-08,-9.988128503980028e-06,-9.941282514911398e-06,-4.082651739875504e-08,1.0,False
cyclonic,0.5,1151.9912109375,17078.86300243233,0.21875,-1.454615213182361e-05,-1.454615213182361e-05,0.0,-1.2461892372874633e-07,-1.4670771055552357e-05,-1.454615213182361e-05,-1.086060249549253e-07,1.0,False
cyclonic,0.5,1151.9912109375,21958.53814598442,0.28125,-1.8800343335808964e-05,-1.8800343335808964e-05,0.0,-2.665909533641647e-07,-1.906693428917313e-05,-1.8800343335808964e-05,-2.323353698419641e-07,1.0,False
cyclonic,0.5,1151.9912109375,26838.213289536514,0.34375,-2.265198679557951e-05,-2.265198679557951e-05,0.0,-4.486827768675033e-07,-2.3100669572447013e-05,-2.265198679557951e-05,-3.9102931884875993e-07,0.0,True
cyclonic,0.5,1151.9912109375,31717.88843308861,0.40625,-2.6121841371398774e-05,-2.6121841371398774e-05,0.0,-6.488800658708631e-07,-2.6770721437269638e-05,-2.6121841371398774e-05,-5.655022729944218e-07,0.0,True
cyclonic,0.5,1151.9912109375,36597.5635766407,0.46874999999999994,-2.92740743083403e-05,-2.9274074308340305e-05,-3.3881317890172014e-21,-8.332487975307874e-07,-3.0107323105871094e-05,-2.92740743083403e-05,-7.261805590238392e-07,0.0,True
cyclonic,0.5,1151.9912109375,41477.2387201928,0.53125,-3.205083734409694e-05,-3.205083734409694e-05,0.0,-1.0172791171038496e-06,-3.3068116461200786e-05,-3.205083734409694e-05,-8.865639172007999e-07,0.0,True
cyclonic,0.5,1151.9912109375,46356.91386374489,0.59375,-3.450589185580967e-05,-3.450589185580967e-05,0.0,-1.1933793633728168e-06,-3.569927121918249e-05,-3.450589185580967e-05,-1.0400361762173026e-06,0.0,True
cyclonic,0.5,1151.9912109375,51236.589007296985,0.65625,-3.664597601009766e-05,-3.6645976010097665e-05,-6.776263578034403e-21,-1.4102808717944907e-06,-3.805625688189216e-05,-3.664597601009766e-05,-1.2290669424248535e-06,0.0,True
cyclonic,0.5,1151.9912109375,56116.26415084908,0.71875,-3.8299367225101734e-05,-3.8299367225101734e-05,0.0,-1.6435571525551425e-06,-3.9942924377656876e-05,-3.8299367225101734e-05,-1.4323684058914275e-06,0.0,True
cyclonic,0.5,1151.9912109375,60995.93929440117,0.78125,-3.9451828627626806e-05,-3.9451828627626806e-05,0.0,-1.8722023830947996e-06,-4.1324031010721605e-05,-3.9451828627626806e-05,-1.6316338855698283e-06,0.0,True
cyclonic,0.5,1151.9912109375,65875.61443795326,0.84375,-4.00004807295622e-05,-4.00004807295622e-05,0.0,-2.073706809327496e-06,-4.2074187538889695e-05,-4.00004807295622e-05,-1.807246016449658e-06,0.0,True
cyclonic,0.5,1151.9912109375,70755.28958150536,0.9062500000000001,-3.9932538036378135e-05,-3.993253803637815e-05,-1.3552527156068805e-20,-2.2374215974370337e-06,-4.2169959633815184e-05,-3.9932538036378135e-05,-1.949924285775886e-06,0.0,True
cyclonic,0.5,1151.9912109375,75634.96472505745,0.96875,-3.9442468339544636e-05,-3.944246833954464e-05,-6.776263578034403e-21,-2.343421160388784e-06,-4.178588949993343e-05,-3.9442468339544636e-05,-2.0423034432480458e-06,0.0,True
cyclonic,0.5,1151.9912109375,80514.63986860955,1.03125,-3.877053921534771e-05,-3.8770539215347716e-05,-6.776263578034403e-21,-2.4811555436722234e-06,-4.125169475901994e-05,-3.877053921534771e-05,-2.1623396578168123e-06,0.0,True
cyclonic,0.5,1151.9912109375,85394.31501216163,1.09375,-3.778339118008724e-05,-3.778339118008726e-05,-2.0328790734103208e-20,-2.6275961982453507e-06,-4.0410987378332607e-05,-3.778339118008724e-05,-2.289963432032702e-06,0.0,True
cyclonic,0.5,1151.9912109375,90273.99015571373,1.15625,-3.623961032287803e-05,-3.6239610322878035e-05,-6.776263578034403e-21,-2.7607988365641548e-06,-3.900040915944219e-05,-3.623961032287803e-05,-2.406050207848571e-06,0.0,True
cyclonic,0.5,1151.9912109375,95153.66529926582,1.21875,-3.413706703809576e-05,-3.413706703809577e-05,-1.3552527156068805e-20,-2.8777772633577926e-06,-3.701484430145357e-05,-3.413706703809576e-05,-2.5079975009193355e-06,0.0,True
cyclonic,0.5,1151.9912109375,100033.34044281792,1.28125,-3.1766094338777005e-05,-3.1766094338777005e-05,0.0,-2.9979685011026912e-06,-3.47640628398797e-05,-3.1766094338777005e-05,-2.6127447750516244e-06,0.0,True
cyclonic,0.5,1151.9912109375,104913.01558637002,1.34375,-2.871642198564127e-05,-2.871642198564129e-05,-2.0328790734103208e-20,-3.1354664187237865e-06,-3.185188840436508e-05,-2.871642198564127e-05,-2.7325749085946755e-06,0.0,True
cyclonic,0.5,1151.9912109375,109792.6907299221,1.40625,-2.5139373646844216e-05,-2.5139373646844237e-05,-2.0328790734103208e-20,-3.257838991667069e-06,-2.8397212638511304e-05,-2.5139373646844216e-05,-2.8392232274311092e-06,0.0,True
cyclonic,0.5,1151.9912109375,114672.3658734742,1.46875,-2.14502471384593e-05,-2.1450247138459314e-05,-1.3552527156068805e-20,-3.335380004659155e-06,-2.478562714311847e-05,-2.14502471384593e-05,-2.9068006140756872e-06,0.0,True
cyclonic,0.5,1151.9912109375,119552.04101702629,1.53125,-1.7423384378344596e-05,-1.7423384378344596e-05,0.0,-3.3577840097567953e-06,-2.0781168388101392e-05,-1.7423384378344596e-05,-2.9263258183056714e-06,0.0,True
cyclonic,0.5,1151.9912109375,124431.71616057839,1.59375,-1.3207608712744244e-05,-1.3207608712744278e-05,-3.3881317890172014e-20,-3.3592403586466063e-06,-1.6566849071390884e-05,-1.3207608712744244e-05,-2.927595033759772e-06,0.0,True
cyclonic,0.5,1151.9912109375,129311.39130413048,1.65625,-8.347221768315073e-06,-8.347221768315095e-06,-2.202285662861181e-20,-3.325061032947658e-06,-1.1672282801262754e-05,-8.347221768315073e-06,-2.8978075778202352e-06,0.0,True
cyclonic,0.5,1151.9912109375,134191.06644768256,1.7187499999999998,-4.038525787324411e-06,-4.038525787324436e-06,-2.456395547037471e-20,-3.2987197225564206e-06,-7.337245509880856e-06,-4.038525787324411e-06,-2.8748509920297557e-06,0.0,True
cyclonic,0.5,1151.9912109375,139070.74159123466,1.78125,6.459695086094673e-07,6.459695086094419e-07,-2.541098841762901e-20,-3.309431363807081e-06,-2.6634618551976393e-06,6.459695086094673e-07,-2.8841862417829124e-06,0.0,True
cyclonic,0.5,1151.9912109375,143950.41673478676,1.84375,5.42478825467452e-06,5.424788254674502e-06,-1.8634724839594607e-20,-3.2580218751732295e-06,2.1667663795012723e-06,5.42478825467452e-06,-2.8393826113355724e-06,0.0,True
cyclonic,0.5,1151.9912109375,148830.09187833886,1.90625,9.935557199773072e-06,9.935557199773037e-06,-3.5575383784680614e-20,-3.2039361956965004e-06,6.731621004076537e-06,9.935557199773072e-06,-2.7922466669765958e-06,0.0,True
cyclonic,0.5,1151.9912109375,153709.76702189096,1.9687500000000002,1.399336943000096e-05,1.3993369430000944e-05,-1.6940658945086007e-20,-3.1465850645457223e-06,1.0846784365455222e-05,1.399336943000096e-05,-2.742264864898828e-06,0.0,True
cyclonic,0.5,1151.9912109375,158589.44216544303,2.03125,1.7382799374324232e-05,1.7382799374324232e-05,0.0,-3.038722382492813e-06,1.4344076991831418e-05,1.7382799374324232e-05,-2.6482619896674384e-06,0.0,True
cyclonic,0.5,1151.9912109375,163469.11730899513,2.09375,2.048257911843895e-05,2.0482579118438908e-05,-4.0657581468206416e-20,-2.9162460422474523e-06,1.7566333076191456e-05,2.048257911843895e-05,-2.5415232371002214e-06,0.0,True
cyclonic,0.5,1151.9912109375,168348.79245254723,2.15625,2.3229734739834746e-05,2.322973473983472e-05,-2.710505431213761e-20,-2.8620238694855205e-06,2.03677108703492e-05,2.3229734739834746e-05,-2.4942683381499567e-06,0.0,True
cyclonic,0.5,1151.9912109375,173228.46759609933,2.21875,2.5707274726658933e-05,2.5707274726658906e-05,-2.710505431213761e-20,-2.781928719907253e-06,2.2925346006751654e-05,2.5707274726658933e-05,-2.424465008498352e-06,0.0,True
cyclonic,0.5,1151.9912109375,178108.14273965143,2.28125,2.734557968495429e-05,2.7345579684954237e-05,-5.421010862427522e-20,-2.7016577112027783e-06,2.464392197375146e-05,2.734557968495429e-05,-2.3545084167250904e-06,0.0,True
cyclonic,0.5,1151.9912109375,182987.8178832035,2.34375,2.8275309627768804e-05,2.827530962776879e-05,-1.3552527156068805e-20,-2.5456542977208015e-06,2.572965533004799e-05,2.8275309627768804e-05,-2.2185506495519748e-06,0.0,True
cyclonic,0.5,1151.9912109375,187867.4930267556,2.40625,2.8592640593279665e-05,2.8592640593279624e-05,-4.0657581468206416e-20,-2.448430090950231e-06,2.6144210502329393e-05,2.8592640593279665e-05,-2.133819259560748e-06,0.0,True
cyclonic,0.5,1151.9912109375,192747.1681703077,2.46875,2.863826160703896e-05,2.8638261607038898e-05,-6.098637220230962e-20,-2.3458416283037573e-06,2.629241997873514e-05,2.863826160703896e-05,-2.0444128933292264e-06,0.0,True
cyclonic,0.5,1265.8614501953125,2439.837571776047,0.03125,1.2436229523531133e-07,1.2436229523531133e-07,0.0,2.275406176955681e-08,1.4711635700486814e-07,1.2436229523531133e-07,1.3657390685571225e-08,1.0,False
cyclonic,0.5,1265.8614501953125,7319.512715328141,0.09375,6.986518404158137e-07,6.986518404158137e-07,0.0,3.136459480979406e-08,7.300164352256078e-07,6.986518404158137e-07,1.8825585047198382e-08,1.0,False
cyclonic,0.5,1265.8614501953125,12199.187858880234,0.15625,1.357541053368127e-06,1.357541053368126e-06,-8.470329472543003e-22,1.438218487093219e-08,1.3719232382390583e-06,1.357541053368127e-06,8.63244196503113e-09,0.0,True
cyclonic,0.5,1265.8614501953125,17078.86300243233,0.21875,2.207589623831577e-06,2.2075896238315754e-06,-1.6940658945086007e-21,-3.537346760686255e-07,1.85385494776295e-06,2.207589623831577e-06,-2.1231781468427022e-07,0.0,True
cyclonic,0.5,1265.8614501953125,21958.53814598442,0.28125,3.250004851340832e-06,3.2500048513408284e-06,-3.3881317890172014e-21,-9.353639173022806e-07,2.314640934038548e-06,3.250004851340832e-06,-5.614219817612984e-07,0.0,True
cyclonic,0.5,1265.8614501953125,26838.213289536514,0.34375,4.217498950875387e-06,4.2174989508753845e-06,-2.541098841762901e-21,-1.6142279088057326e-06,2.603271042069652e-06,4.217498950875387e-06,-9.688881672813502e-07,0.0,True
cyclonic,0.5,1265.8614501953125,31717.88843308861,0.40625,4.931420777160926e-06,4.931420777160921e-06,-5.082197683525802e-21,-2.340178489232022e-06,2.591242287928899e-06,4.931420777160926e-06,-1.404616557039173e-06,0.0,True
cyclonic,0.5,1265.8614501953125,36597.5635766407,0.46874999999999994,5.358442409364023e-06,5.358442409364018e-06,-5.082197683525802e-21,-3.0999547093257027e-06,2.258487700038315e-06,5.358442409364023e-06,-1.8606476945352041e-06,0.0,True
cyclonic,0.5,1265.8614501953125,41477.2387201928,0.53125,5.414074915949397e-06,5.41407491594939e-06,-6.776263578034403e-21,-3.7676690171518142e-06,1.646405898797576e-06,5.414074915949397e-06,-2.2614216425310655e-06,0.0,True
cyclonic,0.5,1265.8614501953125,46356.91386374489,0.59375,5.166614541058981e-06,5.166614541058974e-06,-7.623296525288703e-21,-4.4338268836426e-06,7.327876574163739e-07,5.166614541058981e-06,-2.6612613868840345e-06,0.0,True
cyclonic,0.5,1265.8614501953125,51236.589007296985,0.65625,4.9372978953831696e-06,4.937297895383162e-06,-7.623296525288703e-21,-5.134279988258986e-06,-1.9698209287582426e-07,4.9372978953831696e-06,-3.0816857402830543e-06,0.0,True
cyclonic,0.5,1265.8614501953125,56116.26415084908,0.71875,4.607093939616418e-06,4.607093939616401e-06,-1.6940658945086007e-20,-5.803546351619216e-06,-1.1964524120028156e-06,4.607093939616418e-06,-3.4833912594862817e-06,0.0,True
cyclonic,0.5,1265.8614501953125,60995.93929440117,0.78125,4.003633365177378e-06,4.003633365177366e-06,-1.1858461261560205e-20,-6.481595895853422e-06,-2.477962530676056e-06,4.003633365177378e-06,-3.890368599337303e-06,0.0,True
cyclonic,0.5,1265.8614501953125,65875.61443795326,0.84375,2.885709797619459e-06,2.885709797619442e-06,-1.6940658945086007e-20,-7.081566103470878e-06,-4.195856305851436e-06,2.885709797619459e-06,-4.250481339125057e-06,0.0,True
cyclonic,0.5,1265.8614501953125,70755.28958150536,0.9062500000000001,1.0867111985934595e-06,1.086711198593448e-06,-1.1434944787933055e-20,-7.634764855709992e-06,-6.548053657116543e-06,1.0867111985934595e-06,-4.582521023407203e-06,0.0,True
cyclonic,0.5,1265.8614501953125,75634.96472505745,0.96875,-1.1354517702964174e-06,-1.1354517702964456e-06,-2.8163845496205486e-20,-7.940014443371588e-06,-9.075466213668034e-06,-1.1354517702964174e-06,-4.76573722970588e-06,0.0,True
cyclonic,0.5,1265.8614501953125,80514.63986860955,1.03125,-3.3216528816613146e-06,-3.321652881661334e-06,-1.9481757786848908e-20,-8.318849505366261e-06,-1.1640502387027596e-05,-3.3216528816613146e-06,-4.9931207403710444e-06,0.0,True
cyclonic,0.5,1265.8614501953125,85394.31501216163,1.09375,-5.1138997941663845e-06,-5.1138997941664125e-06,-2.795208725939191e-20,-8.745159152156703e-06,-1.3859058946323114e-05,-5.1138997941663845e-06,-5.248999337265543e-06,0.0,True
cyclonic,0.5,1265.8614501953125,90273.99015571373,1.15625,-6.932348620469584e-06,-6.932348620469604e-06,-1.9481757786848908e-20,-9.163240741448266e-06,-1.609558936191787e-05,-6.932348620469584e-06,-5.499939308389239e-06,0.0,True
cyclonic,0.5,1265.8614501953125,95153.66529926582,1.21875,-8.821367410462515e-06,-8.821367410462544e-06,-2.879912020664621e-20,-9.691992382850642e-06,-1.8513359793313185e-05,-8.821367410462515e-06,-5.817305403963919e-06,0.0,True
cyclonic,0.5,1265.8614501953125,100033.34044281792,1.28125,-1.0488604382875576e-05,-1.0488604382875596e-05,-2.0328790734103208e-20,-1.0205241710682736e-05,-2.0693846093558334e-05,-1.0488604382875576e-05,-6.125366736498758e-06,0.0,True
cyclonic,0.5,1265.8614501953125,104913.01558637002,1.34375,-1.2094931098303901e-05,-1.2094931098303945e-05,-4.404571325722362e-20,-1.0629856946265238e-05,-2.2724788044569183e-05,-1.2094931098303901e-05,-6.3802283177903635e-06,0.0,True
cyclonic,0.5,1265.8614501953125,109792.6907299221,1.40625,-1.3293717918477167e-05,-1.3293717918477203e-05,-3.5575383784680614e-20,-1.0978130177629871e-05,-2.4271848096107074e-05,-1.3293717918477167e-05,-6.589268076680222e-06,0.0,True
cyclonic,0.5,1265.8614501953125,114672.3658734742,1.46875,-1.3968444359888724e-05,-1.396844435988876e-05,-3.5575383784680614e-20,-1.1221011813230568e-05,-2.5189456173119328e-05,-1.3968444359888724e-05,-6.735049934062157e-06,0.0,True
cyclonic,0.5,1265.8614501953125,119552.04101702629,1.53125,-1.4284499839709108e-05,-1.428449983970913e-05,-2.202285662861181e-20,-1.1384572203747588e-05,-2.566907204345672e-05,-1.4284499839709108e-05,-6.833221775933669e-06,0.0,True
cyclonic,0.5,1265.8614501953125,124431.71616057839,1.59375,-1.4193713834515821e-05,-1.4193713834515847e-05,-2.541098841762901e-20,-1.1501502844063669e-05,-2.5695216678579515e-05,-1.4193713834515821e-05,-6.9034056162556344e-06,0.0,True
cyclonic,0.5,1265.8614501953125,129311.39130413048,1.65625,-1.3408487313209011e-05,-1.3408487313209052e-05,-4.0657581468206416e-20,-1.1603669425446808e-05,-2.5012156738655858e-05,-1.3408487313209011e-05,-6.964727807040297e-06,0.0,True
cyclonic,0.5,1265.8614501953125,134191.06644768256,1.7187499999999998,-1.2389805362498698e-05,-1.2389805362498758e-05,-5.929230630780102e-20,-1.1674592870608659e-05,-2.406439823310742e-05,-1.2389805362498698e-05,-7.007297314372743e-06,0.0,True
cyclonic,0.5,1265.8614501953125,139070.74159123466,1.78125,-1.0846975902289273e-05,-1.0846975902289343e-05,-6.945670167485263e-20,-1.1682060043968176e-05,-2.252903594625752e-05,-1.0846975902289273e-05,-7.01177924401329e-06,0.0,True
cyclonic,0.5,1265.8614501953125,143950.41673478676,1.84375,-8.430315273895827e-06,-8.430315273895885e-06,-5.759824041329242e-20,-1.1574358187736678e-05,-2.0004673461632564e-05,-8.430315273895827e-06,-6.947134683274566e-06,0.0,True
cyclonic,0.5,1265.8614501953125,148830.09187833886,1.90625,-5.658049710545238e-06,-5.658049710545276e-06,-3.8116482626443515e-20,-1.1335471031462133e-05,-1.6993520742007408e-05,-5.658049710545238e-06,-6.803750383097811e-06,0.0,True
cyclonic,0.5,1265.8614501953125,153709.76702189096,1.9687500000000002,-2.833633653102281e-06,-2.8336336531023265e-06,-4.531626267810507e-20,-1.0996726879218531e-05,-1.3830360532320857e-05,-2.833633653102281e-06,-6.600430146188144e-06,0.0,True
cyclonic,0.5,1265.8614501953125,158589.44216544303,2.03125,4.538915686809786e-07,4.5389156868093e-07,-4.859851534871548e-20,-1.0738368563560716e-05,-1.0284476994879786e-05,4.538915686809786e-07,-6.4453589114547575e-06,0.0,True
cyclonic,0.5,1265.8614501953125,163469.11730899513,2.09375,3.52240397803918e-06,3.5224039780391123e-06,-6.776263578034403e-20,-1.0389996259826118e-05,-6.867592281787006e-06,3.52240397803918e-06,-6.236259687574582e-06,0.0,True
cyclonic,0.5,1265.8614501953125,168348.79245254723,2.15625,7.0518193125446826e-06,7.051819312544603e-06,-7.962109704190423e-20,-1.004584425505415e-05,-2.9940249425095468e-06,7.0518193125446826e-06,-6.029693561843049e-06,0.0,True
cyclonic,0.5,1265.8614501953125,173228.46759609933,2.21875,1.0802013297435507e-05,1.0802013297435414e-05,-9.317362419797304e-20,-9.556919258472058e-06,1.245094038963356e-06,1.0802013297435507e-05,-5.73623212353417e-06,0.0,True
cyclonic,0.5,1265.8614501953125,178108.14273965143,2.28125,1.4489921933809398e-05,1.448992193380931e-05,-8.809142651444724e-20,-9.087459702181852e-06,5.4024622316274586e-06,1.4489921933809398e-05,-5.45445418708203e-06,0.0,True
cyclonic,0.5,1265.8614501953125,182987.8178832035,2.34375,1.794689647403981e-05,1.7946896474039717e-05,-9.147955830346444e-20,-8.688341235062217e-06,9.2585552389775e-06,1.794689647403981e-05,-5.214896217587016e-06,0.0,True
cyclonic,0.5,1265.8614501953125,187867.4930267556,2.40625,2.1176621002040313e-05,2.1176621002040262e-05,-5.082197683525802e-20,-8.250900047494499e-06,1.2925720954545764e-05,2.1176621002040313e-05,-4.952336272858126e-06,0.0,True
cyclonic,0.5,1265.8614501953125,192747.1681703077,2.46875,2.4261166770573097e-05,2.4261166770573036e-05,-6.098637220230962e-20,-7.788604552301363e-06,1.6472562218271674e-05,2.4261166770573097e-05,-4.674858332700664e-06,0.0,True
cyclonic,0.5,1387.376953125,2439.837571776047,0.03125,-4.4488670712155794e-07,-4.4488670712155794e-07,0.0,-3.319256460176107e-08,-4.78079271723319e-07,-4.4488670712155794e-07,-2.402163727070791e-10,1.0,False
cyclonic,0.5,1387.376953125,7319.512715328141,0.09375,-6.538512685208778e-06,-6.538512685208777e-06,8.470329472543003e-22,-1.8337644425408372e-07,-6.721889129462861e-06,-6.538512685208778e-06,-1.3271051757266373e-09,0.0,True
cyclonic,0.5,1387.376953125,12199.187858880234,0.15625,-1.2838515635073923e-05,-1.2838515635073927e-05,-3.3881317890172014e-21,-5.542458189727687e-07,-1.3392761454046695e-05,-1.2838515635073923e-05,-4.0111067589709255e-09,0.0,True
cyclonic,0.5,1387.376953125,17078.86300243233,0.21875,-1.8977369771535584e-05,-1.8977369771535587e-05,-3.3881317890172014e-21,-1.3585756534748938e-06,-2.033594542501048e-05,-1.8977369771535584e-05,-9.832084969673409e-09,0.0,True
cyclonic,0.5,1387.376953125,21958.53814598442,0.28125,-2.4851827963325067e-05,-2.4851827963325077e-05,-1.0164395367051604e-20,-2.509665508490623e-06,-2.73614934718157e-05,-2.4851827963325067e-05,-1.8162584072388887e-08,0.0,True
cyclonic,0.5,1387.376953125,26838.213289536514,0.34375,-3.036289421989772e-05,-3.0362894219897726e-05,-6.776263578034403e-21,-3.970943369977988e-06,-3.433383758987571e-05,-3.036289421989772e-05,-2.8737930437310276e-08,0.0,True
cyclonic,0.5,1387.376953125,31717.88843308861,0.40625,-3.539064345541356e-05,-3.5390643455413584e-05,-2.0328790734103208e-20,-5.6247725133434274e-06,-4.101541596875701e-05,-3.539064345541356e-05,-4.0706780770599193e-08,0.0,True
cyclonic,0.5,1387.376953125,36597.5635766407,0.46874999999999994,-4.013900380912401e-05,-4.0139003809124026e-05,-1.3552527156068805e-20,-7.251485002350307e-06,-4.7390488811474335e-05,-4.013900380912401e-05,-5.247938641993201e-08,0.0,True
cyclonic,0.5,1387.376953125,41477.2387201928,0.53125,-4.4757908000600996e-05,-4.475790800060102e-05,-2.710505431213761e-20,-8.886093510762321e-06,-5.3644001511363344e-05,-4.4757908000600996e-05,-6.430913598577392e-08,0.0,True
cyclonic,0.5,1387.376953125,46356.91386374489,0.59375,-4.925349772313754e-05,-4.9253497723137564e-05,-2.710505431213761e-20,-1.0462734567406e-05,-5.9716232290543567e-05,-4.925349772313754e-05,-7.571937198989116e-08,0.0,True
cyclonic,0.5,1387.376953125,51236.589007296985,0.65625,-5.3618549774642085e-05,-5.361854977464209e-05,-6.776263578034403e-21,-1.2085591260810396e-05,-6.570414103545249e-05,-5.3618549774642085e-05,-8.74640730393643e-08,0.0,True
cyclonic,0.5,1387.376953125,56116.26415084908,0.71875,-5.7739023134538404e-05,-5.773902313453846e-05,-5.421010862427522e-20,-1.3510178514628231e-05,-7.124920164916669e-05,-5.7739023134538404e-05,-9.77738875060266e-08,0.0,True
cyclonic,0.5,1387.376953125,60995.93929440117,0.78125,-6.174225756181036e-05,-6.174225756181037e-05,-1.3552527156068805e-20,-1.4473867583658896e-05,-7.621612514546927e-05,-6.174225756181036e-05,-1.0474815705577167e-07,0.0,True
cyclonic,0.5,1387.376953125,65875.61443795326,0.84375,-6.56399534022089e-05,-6.563995340220896e-05,-5.421010862427522e-20,-1.5397034855911135e-05,-8.10369882581201e-05,-6.56399534022089e-05,-1.1142916818591362e-07,0.0,True
cyclonic,0.5,1387.376953125,70755.28958150536,0.9062500000000001,-6.922379454099671e-05,-6.922379454099675e-05,-4.0657581468206416e-20,-1.6078863149740546e-05,-8.53026576907373e-05,-6.922379454099671e-05,-1.1636359616753659e-07,0.0,True
cyclonic,0.5,1387.376953125,75634.96472505745,0.96875,-7.274756724305256e-05,-7.274756724305265e-05,-8.131516293641283e-20,-1.6457692917154534e-05,-8.920526016020718e-05,-7.274756724305256e-05,-1.1910520754024824e-07,0.0,True
cyclonic,0.5,1387.376953125,80514.63986860955,1.03125,-7.562965638613025e-05,-7.562965638613032e-05,-6.776263578034403e-20,-1.7116255836891928e-05,-9.274591222302225e-05,-7.562965638613025e-05,-1.2387126276004606e-07,0.0,True
cyclonic,0.5,1387.376953125,85394.31501216163,1.09375,-7.764572865624425e-05,-7.764572865624433e-05,-8.131516293641283e-20,-1.8060330494717195e-05,-9.570605915096152e-05,-7.764572865624425e-05,-1.3070358176245996e-07,0.0,True
cyclonic,0.5,1387.376953125,90273.99015571373,1.15625,-7.89723324892958e-05,-7.897233248929586e-05,-6.776263578034403e-20,-1.9011668207000404e-05,-9.798400069629627e-05,-7.89723324892958e-05,-1.3758846388006526e-07,0.0,True
cyclonic,0.5,1387.376953125,95153.66529926582,1.21875,-8.024417957404656e-05,-8.024417957404667e-05,-1.0842021724855044e-19,-1.992261388180857e-05,-0.00010016679345585525,-8.024417957404656e-05,-1.4418102665311503e-07,0.0,True
cyclonic,0.5,1387.376953125,100033.34044281792,1.28125,-8.120338786456534e-05,-8.120338786456543e-05,-9.486769009248164e-20,-2.089733843748817e-05,-0.0001021007263020536,-8.120338786456534e-05,-1.5123516061242503e-07,0.0,True
cyclonic,0.5,1387.376953125,104913.01558637002,1.34375,-8.174442872765109e-05,-8.174442872765121e-05,-1.2197274440461925e-19,-2.178018198193123e-05,-0.00010352461070958244,-8.174442872765109e-05,-1.5762434675873203e-07,0.0,True
cyclonic,0.5,1387.376953125,109792.6907299221,1.40625,-8.196351367795547e-05,-8.196351367795557e-05,-1.0842021724855044e-19,-2.2645804408252632e-05,-0.0001046093180862082,-8.196351367795547e-05,-1.6388890274829229e-07,0.0,True
cyclonic,0.5,1387.376953125,114672.3658734742,1.46875,-8.160731155868172e-05,-8.160731155868184e-05,-1.2197274440461925e-19,-2.335239007805612e-05,-0.00010495970163673796,-8.160731155868172e-05,-1.690025011894923e-07,0.0,True
cyclonic,0.5,1387.376953125,119552.04101702629,1.53125,-8.03421640218767e-05,-8.034216402187681e-05,-1.0842021724855044e-19,-2.41075439638097e-05,-0.0001044497079856865,-8.03421640218767e-05,-1.744675904179925e-07,0.0,True
cyclonic,0.5,1387.376953125,124431.71616057839,1.59375,-7.891621132333867e-05,-7.891621132333873e-05,-5.421010862427522e-20,-2.478195125230854e-05,-0.00010369816257564726,-7.891621132333867e-05,-1.793483121854757e-07,0.0,True
cyclonic,0.5,1387.376953125,129311.39130413048,1.65625,-7.723141161025893e-05,-7.723141161025903e-05,-9.486769009248164e-20,-2.5389704118788432e-05,-0.00010262111572904746,-7.723141161025893e-05,-1.837466523209765e-07,0.0,True
cyclonic,0.5,1387.376953125,134191.06644768256,1.7187499999999998,-7.533913078894363e-05,-7.53391307889437e-05,-6.776263578034403e-20,-2.5723902955714266e-05,-0.00010106303374465796,-7.533913078894363e-05,-1.8616526725273712e-07,0.0,True
cyclonic,0.5,1387.376953125,139070.74159123466,1.78125,-7.308625234938629e-05,-7.308625234938642e-05,-1.3552527156068805e-19,-2.607519827091552e-05,-9.916145062030195e-05,-7.308625234938629e-05,-1.8870761031598324e-07,0.0,True
cyclonic,0.5,1387.376953125,143950.41673478676,1.84375,-7.0268137019197e-05,-7.02681370191971e-05,-9.486769009248164e-20,-2.6034796606802564e-05,-9.630293362599966e-05,-7.0268137019197e-05,-1.884152213029321e-07,0.0,True
cyclonic,0.5,1387.376953125,148830.09187833886,1.90625,-6.737549774213581e-05,-6.737549774213588e-05,-6.776263578034403e-20,-2.5830952425648055e-05,-9.320645016778394e-05,-6.737549774213581e-05,-1.8693999001598954e-07,0.0,True
cyclonic,0.5,1387.376953125,153709.76702189096,1.9687500000000002,-6.403267061447109e-05,-6.403267061447115e-05,-6.776263578034403e-20,-2.5426047162082027e-05,-8.945871777655318e-05,-6.403267061447109e-05,-1.840096688771802e-07,0.0,True
cyclonic,0.5,1387.376953125,158589.44216544303,2.03125,-6.061662126033907e-05,-6.061662126033914e-05,-7.453889935837843e-20,-2.481616012614955e-05,-8.54327813864887e-05,-6.061662126033907e-05,-1.795958836427305e-07,0.0,True
cyclonic,0.5,1387.376953125,163469.11730899513,2.09375,-5.707572301634e-05,-5.7075723016340034e-05,-3.3881317890172014e-20,-2.406229936745671e-05,-8.113802238379674e-05,-5.707572301634e-05,-1.7414015284421928e-07,0.0,True
cyclonic,0.5,1387.376953125,168348.79245254723,2.15625,-5.3714312964758094e-05,-5.371431296475816e-05,-6.776263578034403e-20,-2.3102859870009664e-05,-7.681717283476783e-05,-5.3714312964758094e-05,-1.6719663767225801e-07,0.0,True
cyclonic,0.5,1387.376953125,173228.46759609933,2.21875,-5.0106179853414935e-05,-5.0106179853414996e-05,-6.098637220230962e-20,-2.219418952669465e-05,-7.230036938010964e-05,-5.0106179853414935e-05,-1.6062054159542615e-07,0.0,True
cyclonic,0.5,1387.376953125,178108.14273965143,2.28125,-4.5820710776464526e-05,-4.5820710776464566e-05,-4.0657581468206416e-20,-2.104271705028206e-05,-6.686342782674662e-05,-4.5820710776464526e-05,-1.5228727344111202e-07,0.0,True
cyclonic,0.5,1387.376953125,182987.8178832035,2.34375,-4.162749333010334e-05,-4.16274933301034e-05,-6.098637220230962e-20,-1.9821373579016543e-05,-6.144886690911994e-05,-4.162749333010334e-05,-1.4344834514446243e-07,0.0,True
cyclonic,0.5,1387.376953125,187867.4930267556,2.40625,-3.757144791656441e-05,-3.7571447916564424e-05,-1.3552527156068805e-20,-1.864365640924878e-05,-5.621510432581321e-05,-3.757144791656441e-05,-1.3492514273480445e-07,0.0,True
cyclonic,0.5,1387.376953125,192747.1681703077,2.46875,-3.423021991173684e-05,-3.4230219911736834e-05,6.776263578034403e-21,-1.7703234630799263e-05,-5.1933454542536096e-05,-3.423021991173684e-05,-1.2811925981661925e-07,0.0,True
cyclonic,0.5,1516.3636474609375,2439.837571776047,0.03125,-1.2637935579957543e-06,-1.2637935579957543e-06,0.0,-2.65115678771374e-08,-1.2903051258728916e-06,-1.2637935579957543e-06,-8.152388739914345e-09,1.0,False
cyclonic,0.5,1516.3636474609375,7319.512715328141,0.09375,-2.9826883159478645e-06,-2.9826883159478645e-06,0.0,-2.055646784539039e-07,-3.1882529944017685e-06,-2.9826883159478645e-06,-6.321177146964985e-08,1.0,False
cyclonic,0.5,1516.3636474609375,12199.187858880234,0.15625,-5.439506714250778e-06,-5.439506714250777e-06,8.470329472543003e-22,-5.719221678094376e-07,-6.011428882060215e-06,-5.439506714250778e-06,-1.7586782730333569e-07,0.0,True
cyclonic,0.5,1516.3636474609375,17078.86300243233,0.21875,-7.632660009856155e-06,-7.632660009856153e-06,1.6940658945086007e-21,-1.1189736233863323e-06,-8.751633633242485e-06,-7.632660009856155e-06,-3.4408783402895734e-07,0.0,True
cyclonic,0.5,1516.3636474609375,21958.53814598442,0.28125,-9.429651300366726e-06,-9.429651300366721e-06,5.082197683525802e-21,-1.7073181971423259e-06,-1.1136969497509047e-05,-9.429651300366726e-06,-5.25005601718371e-07,0.0,True
cyclonic,0.5,1516.3636474609375,26838.213289536514,0.34375,-1.081993850241891e-05,-1.0819938502418904e-05,6.776263578034403e-21,-2.3537815778949655e-06,-1.3173720080313869e-05,-1.081993850241891e-05,-7.237950814820188e-07,0.0,True
cyclonic,0.5,1516.3636474609375,31717.88843308861,0.40625,-1.1519570349203971e-05,-1.1519570349203964e-05,6.776263578034403e-21,-3.048689574153636e-06,-1.45682599233576e-05,-1.1519570349203971e-05,-9.374814296538691e-07,0.0,True
cyclonic,0.5,1516.3636474609375,36597.5635766407,0.46874999999999994,-1.1137120376960065e-05,-1.1137120376960057e-05,8.470329472543003e-21,-3.67928588345698e-06,-1.4816406260417036e-05,-1.1137120376960065e-05,-1.1313917360989821e-06,0.0,True
cyclonic,0.5,1516.3636474609375,41477.2387201928,0.53125,-9.826686287220013e-06,-9.826686287219998e-06,1.5246593050577406e-20,-4.313949908377691e-06,-1.4140636195597688e-05,-9.826686287220013e-06,-1.326552877619179e-06,0.0,True
cyclonic,0.5,1516.3636474609375,46356.91386374489,0.59375,-8.16276524299768e-06,-8.162765242997662e-06,1.6940658945086007e-20,-5.04026909313719e-06,-1.3203034336134852e-05,-8.16276524299768e-06,-1.5498982629565497e-06,0.0,True
cyclonic,0.5,1516.3636474609375,51236.589007296985,0.65625,-7.4444995987228216e-06,-7.44449959872281e-06,1.1858461261560205e-20,-5.90915498237913e-06,-1.335365458110194e-05,-7.4444995987228216e-06,-1.817083348823727e-06,0.0,True
cyclonic,0.5,1516.3636474609375,56116.26415084908,0.71875,-6.619116346554683e-06,-6.619116346554655e-06,2.879912020664621e-20,-6.777849989360389e-06,-1.3396966335915043e-05,-6.619116346554683e-06,-2.0842097378081003e-06,0.0,True
cyclonic,0.5,1516.3636474609375,60995.93929440117,0.78125,-6.018932744009771e-06,-6.018932744009757e-06,1.3552527156068805e-20,-7.341174217478654e-06,-1.336010696148841e-05,-6.018932744009771e-06,-2.257433672187049e-06,0.0,True
cyclonic,0.5,1516.3636474609375,65875.61443795326,0.84375,-5.792548767349126e-06,-5.792548767349094e-06,3.218725199566341e-20,-7.459397330042772e-06,-1.3251946097391865e-05,-5.792548767349126e-06,-2.2937876432585404e-06,0.0,True
cyclonic,0.5,1516.3636474609375,70755.28958150536,0.9062500000000001,-5.919034652580376e-06,-5.919034652580354e-06,2.202285662861181e-20,-7.5046351825055584e-06,-1.3423669835085914e-05,-5.919034652580376e-06,-2.3076984221587034e-06,0.0,True
cyclonic,0.5,1516.3636474609375,75634.96472505745,0.96875,-5.75122794063503e-06,-5.75122794063499e-06,3.9810548520952116e-20,-7.75445095129899e-06,-1.3505678891933979e-05,-5.75122794063503e-06,-2.384517540137799e-06,0.0,True
cyclonic,0.5,1516.3636474609375,80514.63986860955,1.03125,-5.517952625910294e-06,-5.5179526259102605e-06,3.3881317890172014e-20,-8.076533531737752e-06,-1.3594486157648012e-05,-5.517952625910294e-06,-2.4835589251762098e-06,0.0,True
cyclonic,0.5,1516.3636474609375,85394.31501216163,1.09375,-5.118503027905216e-06,-5.118503027905184e-06,3.218725199566341e-20,-8.586741544566742e-06,-1.3705244572471926e-05,-5.118503027905216e-06,-2.640449459831765e-06,0.0,True
cyclonic,0.5,1516.3636474609375,90273.99015571373,1.15625,-4.74977502060598e-06,-4.749775020605945e-06,3.5575383784680614e-20,-9.141458315803092e-06,-1.3891233336409037e-05,-4.74977502060598e-06,-2.8110265747208732e-06,0.0,True
cyclonic,0.5,1516.3636474609375,95153.66529926582,1.21875,-4.8531197423482415e-06,-4.853119742348204e-06,3.7269449679189215e-20,-9.493362750838643e-06,-1.4346482493186848e-05,-4.8531197423482415e-06,-2.9192382718564375e-06,0.0,True
cyclonic,0.5,1516.3636474609375,100033.34044281792,1.28125,-5.446517761666557e-06,-5.446517761666522e-06,3.4728350837426314e-20,-9.8916790626957e-06,-1.5338196824362223e-05,-5.446517761666557e-06,-3.041721763996786e-06,0.0,True
cyclonic,0.5,1516.3636474609375,104913.01558637002,1.34375,-5.695811746956888e-06,-5.695811746956844e-06,4.404571325722362e-20,-1.0229571131388271e-05,-1.5925382878345115e-05,-5.695811746956888e-06,-3.1456246153438454e-06,0.0,True
cyclonic,0.5,1516.3636474609375,109792.6907299221,1.40625,-5.823288570737746e-06,-5.823288570737704e-06,4.1504614415460717e-20,-1.0715649593509124e-05,-1.6538938164246826e-05,-5.823288570737746e-06,-3.2950952388721584e-06,0.0,True
cyclonic,0.5,1516.3636474609375,114672.3658734742,1.46875,-5.739081760791312e-06,-5.739081760791267e-06,4.489274620447792e-20,-1.1221053607363482e-05,-1.696013536815475e-05,-5.739081760791312e-06,-3.4505085290535716e-06,0.0,True
cyclonic,0.5,1516.3636474609375,119552.04101702629,1.53125,-6.486136600902226e-06,-6.4861366009021784e-06,4.743384504624082e-20,-1.1822328516843675e-05,-1.8308465117745854e-05,-6.486136600902226e-06,-3.635402414785109e-06,0.0,True
cyclonic,0.5,1516.3636474609375,124431.71616057839,1.59375,-7.5038279883409786e-06,-7.503827988340948e-06,3.049318610115481e-20,-1.232808010093134e-05,-1.983190808927229e-05,-7.5038279883409786e-06,-3.790922583883283e-06,0.0,True
cyclonic,0.5,1516.3636474609375,129311.39130413048,1.65625,-8.697880570678859e-06,-8.697880570678803e-06,5.590417451878382e-20,-1.2686620186611122e-05,-2.1384500757289927e-05,-8.697880570678859e-06,-3.901174764020258e-06,0.0,True
cyclonic,0.5,1516.3636474609375,134191.06644768256,1.7187499999999998,-1.0335393488256916e-05,-1.0335393488256852e-05,6.437450399132683e-20,-1.2962243605876394e-05,-2.3297637094133245e-05,-1.0335393488256916e-05,-3.9859298139700804e-06,0.0,True
cyclonic,0.5,1516.3636474609375,139070.74159123466,1.78125,-1.1971439077481155e-05,-1.197143907748107e-05,8.470329472543003e-20,-1.3249303926970716e-05,-2.5220743004451787e-05,-1.1971439077481155e-05,-4.074201746441629e-06,0.0,True
cyclonic,0.5,1516.3636474609375,143950.41673478676,1.84375,-1.3738025832096314e-05,-1.3738025832096236e-05,7.792703114739563e-20,-1.3470068825541835e-05,-2.7208094657638072e-05,-1.3738025832096314e-05,-4.1420876323922505e-06,0.0,True
cyclonic,0.5,1516.3636474609375,148830.09187833886,1.90625,-1.5771691425104043e-05,-1.577169142510397e-05,7.115076756936123e-20,-1.3502256767396215e-05,-2.9273948192500186e-05,-1.5771691425104043e-05,-4.1519855236052765e-06,0.0,True
cyclonic,0.5,1516.3636474609375,153709.76702189096,1.9687500000000002,-1.7510500994360926e-05,-1.7510500994360855e-05,7.115076756936123e-20,-1.3346405668420902e-05,-3.0856906662781755e-05,-1.7510500994360926e-05,-4.1040608308719855e-06,0.0,True
cyclonic,0.5,1516.3636474609375,158589.44216544303,2.03125,-1.9617260981100458e-05,-1.9617260981100367e-05,9.147955830346444e-20,-1.3081921210986066e-05,-3.269918219208643e-05,-1.9617260981100458e-05,-4.022731045977086e-06,0.0,True
cyclonic,0.5,1516.3636474609375,163469.11730899513,2.09375,-2.135571146316887e-05,-2.1355711463168786e-05,8.470329472543003e-20,-1.2790830652670983e-05,-3.414654211583977e-05,-2.135571146316887e-05,-3.933219803152789e-06,0.0,True
cyclonic,0.5,1516.3636474609375,168348.79245254723,2.15625,-2.317624572991266e-05,-2.3176245729912566e-05,9.486769009248164e-20,-1.2371556401126887e-05,-3.554780213103945e-05,-2.317624572991266e-05,-3.8042916800382097e-06,0.0,True
cyclonic,0.5,1516.3636474609375,173228.46759609933,2.21875,-2.475073865882319e-05,-2.475073865882305e-05,1.3891340334970526e-19,-1.1949345556167751e-05,-3.67000842149908e-05,-2.475073865882319e-05,-3.6744605454079997e-06,0.0,True
cyclonic,0.5,1516.3636474609375,178108.14273965143,2.28125,-2.6156296769073503e-05,-2.6156296769073364e-05,1.3891340334970526e-19,-1.1544001178374093e-05,-3.770029794744746e-05,-2.6156296769073503e-05,-3.549815901355759e-06,0.0,True
cyclonic,0.5,1516.3636474609375,182987.8178832035,2.34375,-2.7384180137957354e-05,-2.7384180137957228e-05,1.2536087619363645e-19,-1.104568920360133e-05,-3.842986934155856e-05,-2.7384180137957354e-05,-3.396583435025269e-06,0.0,True
cyclonic,0.5,1516.3636474609375,187867.4930267556,2.40625,-2.8165259333018915e-05,-2.816525933301881e-05,1.0503208545953324e-19,-1.057739828558268e-05,-3.874265761860149e-05,-2.8165259333018915e-05,-3.2525825360685675e-06,0.0,True
cyclonic,0.5,1516.3636474609375,192747.1681703077,2.46875,-2.939650505993821e-05,-2.9396505059938077e-05,1.3213713977167085e-19,-9.977353233386922e-06,-3.9373858293325e-05,-2.939650505993821e-05,-3.0680668352381945e-06,0.0,True
cyclonic,0.5,1652.5684814453125,2439.837571776047,0.03125,-1.2635388626075223e-06,-1.2635388626075223e-06,0.0,-1.857079152413529e-08,-1.2821096541316576e-06,-1.2635388626075223e-06,-4.0690133337577834e-09,1.0,False
cyclonic,0.5,1652.5684814453125,7319.512715328141,0.09375,1.3066056688817396e-05,1.3066056688817396e-05,0.0,-3.046107412910009e-07,1.2761445947526396e-05,1.3066056688817396e-05,-6.674272156402543e-08,0.0,True
cyclonic,0.5,1652.5684814453125,12199.187858880234,0.15625,2.6375518187269543e-05,2.6375518187269543e-05,0.0,-7.840842424880573e-07,2.5591433944781485e-05,2.6375518187269543e-05,-1.7179931363328536e-07,0.0,True
cyclonic,0.5,1652.5684814453125,17078.86300243233,0.21875,3.9538161425267474e-05,3.9538161425267474e-05,0.0,-1.5129517263399272e-06,3.802520969892755e-05,3.9538161425267474e-05,-3.315001807977957e-07,0.0,True
cyclonic,0.5,1652.5684814453125,21958.53814598442,0.28125,5.2399874212601375e-05,5.239987421260136e-05,-1.3552527156068805e-20,-2.399718642620631e-06,5.000015556998073e-05,5.2399874212601375e-05,-5.257981137422273e-07,0.0,True
cyclonic,0.5,1652.5684814453125,26838.213289536514,0.34375,6.499982707720797e-05,6.499982707720796e-05,-1.3552527156068805e-20,-3.553310368526647e-06,6.144651670868132e-05,6.499982707720797e-05,-7.785595594955632e-07,0.0,True
cyclonic,0.5,1652.5684814453125,31717.88843308861,0.40625,7.747871519610556e-05,7.747871519610556e-05,0.0,-4.699914391131193e-06,7.277880080497438e-05,7.747871519610556e-05,-1.0297899419192037e-06,0.0,True
cyclonic,0.5,1652.5684814453125,36597.5635766407,0.46874999999999994,9.085334435750931e-05,9.085334435750928e-05,-2.710505431213761e-20,-5.4854526849300355e-06,8.536789167257925e-05,9.085334435750931e-05,-1.2019078501672562e-06,0.0,True
cyclonic,0.5,1652.5684814453125,41477.2387201928,0.53125,0.00010427618697240993,0.0001042761869724099,-2.710505431213761e-20,-6.121510975156773e-06,9.815467599725312e-05,0.00010427618697240993,-1.3412734588229853e-06,0.0,True
cyclonic,0.5,1652.5684814453125,46356.91386374489,0.59375,0.00011639794001559826,0.00011639794001559824,-1.3552527156068805e-20,-6.754706603969048e-06,0.0001096432334116292,0.00011639794001559826,-1.480011834791818e-06,0.0,True
cyclonic,0.5,1652.5684814453125,51236.589007296985,0.65625,0.00012745594719716367,0.00012745594719716364,-2.710505431213761e-20,-7.68035723341192e-06,0.00011977558996375173,0.00012745594719716367,-1.6828295094563185e-06,0.0,True
cyclonic,0.5,1652.5684814453125,56116.26415084908,0.71875,0.00013700303625852785,0.00013700303625852783,-2.710505431213761e-20,-8.499431515262002e-06,0.00012850360474326583,0.00013700303625852785,-1.8622954288197768e-06,0.0,True
cyclonic,0.5,1652.5684814453125,60995.93929440117,0.78125,0.00014504161267893663,0.0001450416126789366,-2.710505431213761e-20,-9.395078298694355e-06,0.00013564653438024224,0.00014504161267893663,-2.0585390137734455e-06,0.0,True
cyclonic,0.5,1652.5684814453125,65875.61443795326,0.84375,0.00015119188686085164,0.00015119188686085156,-8.131516293641283e-20,-1.0178440198142923e-05,0.00014101344666270864,0.00015119188686085164,-2.230180056099048e-06,0.0,True
cyclonic,0.5,1652.5684814453125,70755.28958150536,0.9062500000000001,0.00015630522967767114,0.0001563052296776711,-5.421010862427522e-20,-1.0812992812657058e-05,0.00014549223686501403,0.00015630522967767114,-2.3692157588084996e-06,0.0,True
cyclonic,0.5,1652.5684814453125,75634.96472505745,0.96875,0.00015895005800422427,0.0001589500580042242,-8.131516293641283e-20,-1.138615908264422e-05,0.00014756389892157996,0.00015895005800422427,-2.494801207980493e-06,0.0,True
cyclonic,0.5,1652.5684814453125,80514.63986860955,1.03125,0.00015921274418753144,0.00015921274418753136,-8.131516293641283e-20,-1.224031908342735e-05,0.000146972425104104,0.00015921274418753144,-2.681954697255956e-06,0.0,True
cyclonic,0.5,1652.5684814453125,85394.31501216163,1.09375,0.00015800731431901056,0.00015800731431901048,-8.131516293641283e-20,-1.2988023436836004e-05,0.00014501929088217447,0.00015800731431901056,-2.8457828776420484e-06,0.0,True
cyclonic,0.5,1652.5684814453125,90273.99015571373,1.15625,0.00015496396134777988,0.00015496396134777982,-5.421010862427522e-20,-1.3667463607851561e-05,0.00014129649773992828,0.00015496396134777988,-2.9946538135824973e-06,0.0,True
cyclonic,0.5,1652.5684814453125,95153.66529926582,1.21875,0.00015005271152934306,0.00015005271152934303,-2.710505431213761e-20,-1.4417269314666713e-05,0.00013563544221467633,0.00015005271152934306,-3.1589424178023752e-06,0.0,True
cyclonic,0.5,1652.5684814453125,100033.34044281792,1.28125,0.00014429194465990968,0.00014429194465990965,-2.710505431213761e-20,-1.5057529678542753e-05,0.0001292344149813669,0.00014429194465990968,-3.2992287353942975e-06,0.0,True
cyclonic,0.5,1652.5684814453125,104913.01558637002,1.34375,0.00013668805781875439,0.00013668805781875436,-2.710505431213761e-20,-1.556307479725416e-05,0.0001211249830215002,0.00013668805781875439,-3.409997833533138e-06,0.0,True
cyclonic,0.5,1652.5684814453125,109792.6907299221,1.40625,0.00012666504316875563,0.0001266650431687556,-2.710505431213761e-20,-1.6214169535678157e-05,0.00011045087363307745,0.00012666504316875563,-3.552658051798128e-06,0.0,True
cyclonic,0.5,1652.5684814453125,114672.3658734742,1.46875,0.00011559126316908736,0.00011559126316908734,-2.710505431213761e-20,-1.7180033844079294e-05,9.841122932500804e-05,0.00011559126316908736,-3.7642868746394833e-06,0.0,True
cyclonic,0.5,1652.5684814453125,119552.04101702629,1.53125,0.00010373699625731442,0.00010373699625731438,-4.0657581468206416e-20,-1.786374755643043e-05,8.587324870088395e-05,0.00010373699625731442,-3.9140941786746475e-06,0.0,True
cyclonic,0.5,1652.5684814453125,124431.71616057839,1.59375,9.10124894258782e-05,9.101248942587816e-05,-4.0657581468206416e-20,-1.8554152031543247e-05,7.245833739433491e-05,9.10124894258782e-05,-4.06536748392225e-06,0.0,True
cyclonic,0.5,1652.5684814453125,129311.39130413048,1.65625,7.789814653106038e-05,7.789814653106033e-05,-4.0657581468206416e-20,-1.8988644847964528e-05,5.890950168309581e-05,7.789814653106038e-05,-4.16056843758879e-06,0.0,True
cyclonic,0.5,1652.5684814453125,134191.06644768256,1.7187499999999998,6.464843968485285e-05,6.464843968485281e-05,-4.0657581468206416e-20,-1.9365667899700812e-05,4.5282771785152e-05,6.464843968485285e-05,-4.243177292610139e-06,0.0,True
cyclonic,0.5,1652.5684814453125,139070.74159123466,1.78125,5.163270332449061e-05,5.163270332449059e-05,-2.0328790734103208e-20,-1.990497963709273e-05,3.172772368739786e-05,5.163270332449061e-05,-4.361344934934257e-06,0.0,True
cyclonic,0.5,1652.5684814453125,143950.41673478676,1.84375,3.872764295174892e-05,3.872764295174889e-05,-2.710505431213761e-20,-2.0295126207528337e-05,1.8432516744220556e-05,3.872764295174892e-05,-4.446829260960919e-06,0.0,True
cyclonic,0.5,1652.5684814453125,148830.09187833886,1.90625,2.6543769737758277e-05,2.6543769737758247e-05,-3.049318610115481e-20,-2.03159061809428e-05,6.227863556815445e-06,2.6543769737758277e-05,-4.451382324237124e-06,0.0,True
cyclonic,0.5,1652.5684814453125,153709.76702189096,1.9687500000000002,1.560499228454959e-05,1.5604992284549587e-05,-3.3881317890172014e-21,-2.0171500436877597e-05,-4.5665081523280094e-06,1.560499228454959e-05,-4.419741836683921e-06,0.0,True
cyclonic,0.5,1652.5684814453125,158589.44216544303,2.03125,6.677454057458374e-06,6.677454057458372e-06,-1.6940658945086007e-21,-1.977911177732406e-05,-1.3101657719865686e-05,6.677454057458374e-06,-4.333766250470288e-06,0.0,True
cyclonic,0.5,1652.5684814453125,163469.11730899513,2.09375,-1.6214013902071246e-06,-1.6214013902071182e-06,6.3527471044072525e-21,-1.9272682767779652e-05,-2.089408415798677e-05,-1.6214013902071246e-06,-4.222803484572033e-06,0.0,True
cyclonic,0.5,1652.5684814453125,168348.79245254723,2.15625,-8.044301762665785e-06,-8.044301762665782e-06,3.3881317890172014e-21,-1.8663533429391462e-05,-2.6707835192057244e-05,-8.044301762665785e-06,-4.0893338488308766e-06,0.0,True
cyclonic,0.5,1652.5684814453125,173228.46759609933,2.21875,-1.3031595918471498e-05,-1.3031595918471495e-05,3.3881317890172014e-21,-1.807429442592769e-05,-3.110589034439918e-05,-1.3031595918471498e-05,-3.960226731412204e-06,0.0,True
cyclonic,0.5,1652.5684814453125,178108.14273965143,2.28125,-1.726345672721998e-05,-1.726345672721996e-05,2.0328790734103208e-20,-1.7502113183852078e-05,-3.476556991107204e-05,-1.726345672721998e-05,-3.834857109966294e-06,0.0,True
cyclonic,0.5,1652.5684814453125,182987.8178832035,2.34375,-1.9845368406141233e-05,-1.984536840614121e-05,2.371692252312041e-20,-1.684533685530483e-05,-3.6690705261446034e-05,-1.9845368406141233e-05,-3.6909520085234146e-06,0.0,True
cyclonic,0.5,1652.5684814453125,187867.4930267556,2.40625,-2.1731904986967522e-05,-2.1731904986967515e-05,6.776263578034403e-21,-1.6111436651608038e-05,-3.784334163857555e-05,-2.1731904986967522e-05,-3.530148431001759e-06,0.0,True
cyclonic,0.5,1652.5684814453125,192747.1681703077,2.46875,-2.2092757565730895e-05,-2.2092757565730885e-05,1.0164395367051604e-20,-1.5377637142046478e-05,-3.747039470777736e-05,-2.2092757565730895e-05,-3.369366916394242e-06,0.0,True
cyclonic,0.5,1795.6707763671875,2439.837571776047,0.03125,-1.6702188946932626e-06,-1.6702188946932626e-06,0.0,-1.7529354079150237e-08,-1.6877482487724128e-06,-1.6702188946932626e-06,-1.2388253930976567e-08,1.0,False
cyclonic,0.5,1795.6707763671875,7319.512715328141,0.09375,1.5682288174260395e-06,1.5682288174260395e-06,0.0,-1.449657337819693e-07,1.42326308364407e-06,1.5682288174260395e-06,-1.0244942929856325e-07,1.0,False
cyclonic,0.5,1795.6707763671875,12199.187858880234,0.15625,3.3515929956447406e-06,3.3515929956447406e-06,0.0,-3.2137219613313515e-07,3.0302207995116053e-06,3.3515929956447406e-06,-2.2711848674380136e-07,1.0,False
cyclonic,0.5,1795.6707763671875,17078.86300243233,0.21875,5.304216055386357e-06,5.304216055386357e-06,0.0,-5.535717135478013e-07,4.7506443418385555e-06,5.304216055386357e-06,-3.9121732184032794e-07,1.0,False
cyclonic,0.5,1795.6707763671875,21958.53814598442,0.28125,7.618796213856602e-06,7.6187962138566005e-06,-1.6940658945086007e-21,-7.834751707015156e-07,6.835321043155085e-06,7.618796213856602e-06,-5.536934971728345e-07,0.0,True
cyclonic,0.5,1795.6707763671875,26838.213289536514,0.34375,1.0645008643197627e-05,1.0645008643197625e-05,-1.6940658945086007e-21,-1.1082598332252313e-06,9.536748809972394e-06,1.0645008643197627e-05,-7.832236244132881e-07,0.0,True
cyclonic,0.5,1795.6707763671875,31717.88843308861,0.40625,1.5605433142283475e-05,1.5605433142283475e-05,0.0,-1.4418455247548225e-06,1.4163587617528652e-05,1.5605433142283475e-05,-1.018973569091759e-06,0.0,True
cyclonic,0.5,1795.6707763671875,36597.5635766407,0.46874999999999994,2.1030900215227615e-05,2.103090021522761e-05,-3.3881317890172014e-21,-1.538007698403833e-06,1.949289251682378e-05,2.1030900215227615e-05,-1.0869328002385322e-06,0.0,True
cyclonic,0.5,1795.6707763671875,41477.2387201928,0.53125,2.552803820234953e-05,2.5528038202349524e-05,-6.776263578034403e-21,-1.6012507823133412e-06,2.3926787420036182e-05,2.552803820234953e-05,-1.1316276235224616e-06,0.0,True
cyclonic,0.5,1795.6707763671875,46356.91386374489,0.59375,2.9308433075228922e-05,2.9308433075228922e-05,0.0,-1.7495594301437889e-06,2.755887364508513e-05,2.9308433075228922e-05,-1.2364395396482626e-06,0.0,True
cyclonic,0.5,1795.6707763671875,51236.589007296985,0.65625,3.3428479415564755e-05,3.342847941556475e-05,-6.776263578034403e-21,-1.90298090969204e-06,3.152549850587271e-05,3.3428479415564755e-05,-1.344864769609845e-06,0.0,True
cyclonic,0.5,1795.6707763671875,56116.26415084908,0.71875,3.752434734507288e-05,3.752434734507288e-05,0.0,-2.13513179556373e-06,3.5389215549509146e-05,3.752434734507288e-05,-1.5089292360752898e-06,0.0,True
cyclonic,0.5,1795.6707763671875,60995.93929440117,0.78125,4.186090669468559e-05,4.186090669468559e-05,0.0,-2.3426081444844335e-06,3.951829855020115e-05,4.186090669468559e-05,-1.6555558421382423e-06,0.0,True
cyclonic,0.5,1795.6707763671875,65875.61443795326,0.84375,4.552921658716524e-05,4.5529216587165226e-05,-1.3552527156068805e-20,-2.542766062966633e-06,4.298645052419859e-05,4.552921658716524e-05,-1.7970104051105592e-06,0.0,True
cyclonic,0.5,1795.6707763671875,70755.28958150536,0.9062500000000001,4.822459848347276e-05,4.822459848347275e-05,-6.776263578034403e-21,-2.6339486426975858e-06,4.559064984077517e-05,4.822459848347276e-05,-1.8614504835463137e-06,0.0,True
cyclonic,0.5,1795.6707763671875,75634.96472505745,0.96875,4.928876146913405e-05,4.928876146913404e-05,-1.3552527156068805e-20,-2.7874583796088184e-06,4.650130308952522e-05,4.928876146913405e-05,-1.969938086292367e-06,0.0,True
cyclonic,0.5,1795.6707763671875,80514.63986860955,1.03125,4.825443589967213e-05,4.8254435899672114e-05,-1.3552527156068805e-20,-3.0417572140314455e-06,4.5212678685640667e-05,4.825443589967213e-05,-2.1496548357489784e-06,0.0,True
cyclonic,0.5,1795.6707763671875,85394.31501216163,1.09375,4.573926479216592e-05,4.5739264792165906e-05,-1.3552527156068805e-20,-3.3401545956287364e-06,4.239911019653717e-05,4.573926479216592e-05,-2.3605366810739346e-06,0.0,True
cyclonic,0.5,1795.6707763671875,90273.99015571373,1.15625,4.170793475511673e-05,4.1707934755116714e-05,-1.3552527156068805e-20,-3.6616353879722684e-06,3.8046299367144445e-05,4.170793475511673e-05,-2.587731914366654e-06,0.0,True
cyclonic,0.5,1795.6707763671875,95153.66529926582,1.21875,3.5313160068367244e-05,3.531316006836723e-05,-1.3552527156068805e-20,-3.953496466674008e-06,3.1359663601693225e-05,3.5313160068367244e-05,-2.7939944577096747e-06,0.0,True
cyclonic,0.5,1795.6707763671875,100033.34044281792,1.28125,2.789578809000098e-05,2.789578809000097e-05,-1.0164395367051604e-20,-4.267230086841552e-06,2.3628558003159417e-05,2.789578809000098e-05,-3.015714649781264e-06,0.0,True
cyclonic,0.5,1795.6707763671875,104913.01558637002,1.34375,1.821351072728028e-05,1.8213510727280268e-05,-1.3552527156068805e-20,-4.595901200550199e-06,1.3617609526730069e-05,1.821351072728028e-05,-3.247991389586669e-06,0.0,True
cyclonic,0.5,1795.6707763671875,109792.6907299221,1.40625,5.867032770274731e-06,5.867032770274717e-06,-1.3552527156068805e-20,-4.915921525005939e-06,9.511112452687781e-07,5.867032770274731e-06,-3.4741544886107605e-06,0.0,True
cyclonic,0.5,1795.6707763671875,114672.3658734742,1.46875,-8.86077706641081e-06,-8.860777066410824e-06,-1.3552527156068805e-20,-5.227675270205858e-06,-1.4088452336616681e-05,-8.86077706641081e-06,-3.6944754737441034e-06,0.0,True
cyclonic,0.5,1795.6707763671875,119552.04101702629,1.53125,-2.3874549607467765e-05,-2.3874549607467778e-05,-1.3552527156068805e-20,-5.5950950259767095e-06,-2.946964463344449e-05,-2.3874549607467765e-05,-3.954136452305805e-06,0.0,True
cyclonic,0.5,1795.6707763671875,124431.71616057839,1.59375,-3.9459974627979e-05,-3.945997462797901e-05,-1.3552527156068805e-20,-5.9253542642309225e-06,-4.5385328892209935e-05,-3.9459974627979e-05,-4.1875355432289776e-06,0.0,True
cyclonic,0.5,1795.6707763671875,129311.39130413048,1.65625,-5.525311146988695e-05,-5.525311146988696e-05,-6.776263578034403e-21,-6.215859211104e-06,-6.146897068099096e-05,-5.525311146988695e-05,-4.392839688140345e-06,0.0,True
cyclonic,0.5,1795.6707763671875,134191.06644768256,1.7187499999999998,-7.10723768053608e-05,-7.107237680536083e-05,-2.710505431213761e-20,-6.4643395087501974e-06,-7.753671631411102e-05,-7.10723768053608e-05,-4.568444391553066e-06,0.0,True
cyclonic,0.5,1795.6707763671875,139070.74159123466,1.78125,-8.563266000576447e-05,-8.563266000576449e-05,-1.3552527156068805e-20,-6.681094843327578e-06,-9.231375484909207e-05,-8.563266000576447e-05,-4.721628594092064e-06,0.0,True
cyclonic,0.5,1795.6707763671875,143950.41673478676,1.84375,-9.94575949959081e-05,-9.945759499590814e-05,-4.0657581468206416e-20,-6.872396488757952e-06,-0.00010632999148466609,-9.94575949959081e-05,-4.856824297841578e-06,0.0,True
cyclonic,0.5,1795.6707763671875,148830.09187833886,1.90625,-0.00011251781551125708,-0.0001125178155112571,-1.3552527156068805e-20,-6.999299843613997e-06,-0.0001195171153548711,-0.00011251781551125708,-4.94650877666213e-06,0.0,True
cyclonic,0.5,1795.6707763671875,153709.76702189096,1.9687500000000002,-0.00012403967795843272,-0.00012403967795843272,0.0,-7.072668952575655e-06,-0.00013111234691100837,-0.00012403967795843272,-4.9983598116975624e-06,0.0,True
cyclonic,0.5,1795.6707763671875,158589.44216544303,2.03125,-0.00013273773834683402,-0.00013273773834683404,-2.710505431213761e-20,-7.092677186789633e-06,-0.00013983041553362367,-0.00013273773834683402,-5.012499926902835e-06,0.0,True
cyclonic,0.5,1795.6707763671875,163469.11730899513,2.09375,-0.00013983843747330927,-0.0001398384374733093,-2.710505431213761e-20,-7.019878842886096e-06,-0.0001468583163161954,-0.00013983843747330927,-4.961052259980285e-06,0.0,True
cyclonic,0.5,1795.6707763671875,168348.79245254723,2.15625,-0.00014455050878684286,-0.0001445505087868429,-2.710505431213761e-20,-6.926559733648554e-06,-0.00015147706852049143,-0.00014455050878684286,-4.89510226452539e-06,0.0,True
cyclonic,0.5,1795.6707763671875,173228.46759609933,2.21875,-0.0001479917138690005,-0.00014799171386900052,-2.710505431213761e-20,-6.796442152606758e-06,-0.00015478815602160728,-0.0001479917138690005,-4.80314624449454e-06,0.0,True
cyclonic,0.5,1795.6707763671875,178108.14273965143,2.28125,-0.0001498609387637331,-0.00014986093876373318,-8.131516293641283e-20,-6.661645006395032e-06,-0.00015652258377012822,-0.0001498609387637331,-4.707883106508865e-06,0.0,True
cyclonic,0.5,1795.6707763671875,182987.8178832035,2.34375,-0.0001502659762706961,-0.00015026597627069613,-2.710505431213761e-20,-6.541657664274797e-06,-0.00015680763393497094,-0.0001502659762706961,-4.6230862762333885e-06,0.0,True
cyclonic,0.5,1795.6707763671875,187867.4930267556,2.40625,-0.0001484827433033726,-0.0001484827433033726,0.0,-6.329657332263803e-06,-0.0001548124006356364,-0.0001484827433033726,-4.47326250437363e-06,0.0,True
cyclonic,0.5,1795.6707763671875,192747.1681703077,2.46875,-0.00014565661918029997,-0.0001456566191803,-2.710505431213761e-20,-6.0156109878389885e-06,-0.000151672230168139,-0.00014565661918029997,-4.251321305441666e-06,0.0,True
cyclonic,0.5,1945.2955322265625,2439.837571776047,0.03125,-6.257757253463025e-07,-6.257757253463025e-07,0.0,-5.5167027984948666e-09,-6.312924281447974e-07,-6.257757253463025e-07,-4.428491420938412e-09,1.0,False
cyclonic,0.5,1945.2955322265625,7319.512715328141,0.09375,-1.249259829917735e-05,-1.249259829917735e-05,0.0,-4.3663668957741245e-08,-1.2536261968135091e-05,-1.249259829917735e-05,-3.50506798080201e-08,1.0,False
cyclonic,0.5,1945.2955322265625,12199.187858880234,0.15625,-2.5310938232706757e-05,-2.5310938232706757e-05,0.0,-1.9366472590621312e-07,-2.550460295861297e-05,-2.5310938232706757e-05,-1.5546289306142186e-07,1.0,False
cyclonic,0.5,1945.2955322265625,17078.86300243233,0.21875,-3.7814927215708795e-05,-3.7814927215708795e-05,0.0,-4.079605929752212e-07,-3.822288780868402e-05,-3.7814927215708795e-05,-3.274872785542529e-07,1.0,False
cyclonic,0.5,1945.2955322265625,21958.53814598442,0.28125,-4.907873047284271e-05,-4.907873047284271e-05,0.0,-6.795649138679481e-07,-4.9758295386710657e-05,-4.907873047284271e-05,-5.455155916421733e-07,1.0,False
cyclonic,0.5,1945.2955322265625,26838.213289536514,0.34375,-5.767898606834847e-05,-5.767898606834847e-05,0.0,-1.0017279558760751e-06,-5.868071402422454e-05,-5.767898606834847e-05,-8.041295354757363e-07,0.0,True
cyclonic,0.5,1945.2955322265625,31717.88843308861,0.40625,-6.243317003508283e-05,-6.243317003508283e-05,0.0,-1.0891192049032864e-06,-6.352228923998612e-05,-6.243317003508283e-05,-8.742821992530359e-07,0.0,True
cyclonic,0.5,1945.2955322265625,36597.5635766407,0.46874999999999994,-6.770465704849854e-05,-6.770465704849854e-05,0.0,-1.0644375715284149e-06,-6.876909462002695e-05,-6.770465704849854e-05,-8.544692048526149e-07,0.0,True
cyclonic,0.5,1945.2955322265625,41477.2387201928,0.53125,-7.340065992295092e-05,-7.340065992295092e-05,0.0,-1.0267013910759561e-06,-7.442736131402687e-05,-7.340065992295092e-05,-8.241767715828198e-07,0.0,True
cyclonic,0.5,1945.2955322265625,46356.91386374489,0.59375,-7.841015734451917e-05,-7.841015734451917e-05,0.0,-1.0314492007572067e-06,-7.944160654527638e-05,-7.841015734451917e-05,-8.279880398728938e-07,0.0,True
cyclonic,0.5,1945.2955322265625,51236.589007296985,0.65625,-8.289139342344828e-05,-8.289139342344828e-05,0.0,-1.1177111108178541e-06,-8.400910453426613e-05,-8.289139342344828e-05,-8.972341353416515e-07,0.0,True
cyclonic,0.5,1945.2955322265625,56116.26415084908,0.71875,-8.51628528403176e-05,-8.51628528403176e-05,0.0,-1.1911010326933126e-06,-8.635395387301091e-05,-8.51628528403176e-05,-9.561473397102972e-07,0.0,True
cyclonic,0.5,1945.2955322265625,60995.93929440117,0.78125,-8.664168982105763e-05,-8.664168982105763e-05,0.0,-1.23676957011301e-06,-8.787845939117064e-05,-8.664168982105763e-05,-9.92807412503255e-07,0.0,True
cyclonic,0.5,1945.2955322265625,65875.61443795326,0.84375,-8.720274246455663e-05,-8.720274246455663e-05,0.0,-1.2321469238029304e-06,-8.843488938835956e-05,-8.720274246455663e-05,-9.890966181621486e-07,0.0,True
cyclonic,0.5,1945.2955322265625,70755.28958150536,0.9062500000000001,-8.836445726194109e-05,-8.836445726194109e-05,0.0,-1.1420869565017041e-06,-8.950654421844279e-05,-8.836445726194109e-05,-9.168016609873145e-07,0.0,True
cyclonic,0.5,1945.2955322265625,75634.96472505745,0.96875,-8.843388712429667e-05,-8.843388712429667e-05,0.0,-1.038641171472614e-06,-8.947252829576929e-05,-8.843388712429667e-05,-8.337613399356615e-07,0.0,True
cyclonic,0.5,1945.2955322265625,80514.63986860955,1.03125,-8.945281451695418e-05,-8.945281451695418e-05,0.0,-1.0580552054086065e-06,-9.051086972236279e-05,-8.945281451695418e-05,-8.493458087518549e-07,0.0,True
cyclonic,0.5,1945.2955322265625,85394.31501216163,1.09375,-9.066902163924015e-05,-9.066902163924015e-05,0.0,-1.1208098313337061e-06,-9.178983147057385e-05,-9.066902163924015e-05,-8.997216097845525e-07,0.0,True
cyclonic,0.5,1945.2955322265625,90273.99015571373,1.15625,-9.380868985808314e-05,-9.380868985808314e-05,0.0,-1.2285587937127339e-06,-9.503724865179588e-05,-9.380868985808314e-05,-9.862162738873073e-07,0.0,True
cyclonic,0.5,1945.2955322265625,95153.66529926582,1.21875,-9.866762316689077e-05,-9.866762316689082e-05,-5.421010862427522e-20,-1.339457667309684e-06,-0.0001000070808342005,-9.866762316689077e-05,-1.0752395053816374e-06,0.0,True
cyclonic,0.5,1945.2955322265625,100033.34044281792,1.28125,-0.00010453424800763636,-0.00010453424800763636,0.0,-1.4438973444524562e-06,-0.00010597814535208881,-0.00010453424800763636,-1.1590776658057465e-06,0.0,True
cyclonic,0.5,1945.2955322265625,104913.01558637002,1.34375,-0.00011130454689072406,-0.00011130454689072412,-5.421010862427522e-20,-1.5698539196576622e-06,-0.00011287440081038178,-0.00011130454689072406,-1.2601883533090182e-06,0.0,True
cyclonic,0.5,1945.2955322265625,109792.6907299221,1.40625,-0.00011963520772944366,-0.00011963520772944366,0.0,-1.6865198698747248e-06,-0.00012132172759931839,-0.00011963520772944366,-1.3538410619147543e-06,0.0,True
cyclonic,0.5,1945.2955322265625,114672.3658734742,1.46875,-0.00012964894904282838,-0.00012964894904282838,0.0,-1.8477403776590348e-06,-0.0001314966894204874,-0.00012964894904282838,-1.4832596044175231e-06,0.0,True
cyclonic,0.5,1945.2955322265625,119552.04101702629,1.53125,-0.00014134421432747475,-0.00014134421432747475,0.0,-2.0857643365822346e-06,-0.00014342997866405698,-0.00014134421432747475,-1.6743315360714773e-06,0.0,True
cyclonic,0.5,1945.2955322265625,124431.71616057839,1.59375,-0.0001532133819958586,-0.0001532133819958586,0.0,-2.320924360335424e-06,-0.00015553430635619403,-0.0001532133819958586,-1.8631044654420428e-06,0.0,True
cyclonic,0.5,1945.2955322265625,129311.39130413048,1.65625,-0.00016470302873343958,-0.00016470302873343958,0.0,-2.548708117277489e-06,-0.00016725173685071707,-0.00016470302873343958,-2.0459561524537612e-06,0.0,True
cyclonic,0.5,1945.2955322265625,134191.06644768256,1.7187499999999998,-0.00017706608882657633,-0.00017706608882657633,0.0,-2.780334642386005e-06,-0.00017984642346896234,-0.00017706608882657633,-2.231892592528927e-06,0.0,True
cyclonic,0.5,1945.2955322265625,139070.74159123466,1.78125,-0.00018697585629221086,-0.00018697585629221086,0.0,-3.01432379025066e-06,-0.00018999018008246152,-0.00018697585629221086,-2.4197256101411913e-06,0.0,True
cyclonic,0.5,1945.2955322265625,143950.41673478676,1.84375,-0.00019592527912430953,-0.00019592527912430953,0.0,-3.264185076559527e-06,-0.00019918946420086905,-0.00019592527912430953,-2.6202998667687814e-06,0.0,True
cyclonic,0.5,1945.2955322265625,148830.09187833886,1.90625,-0.00020518344473941097,-0.00020518344473941097,0.0,-3.4696311193432437e-06,-0.0002086530758587542,-0.00020518344473941097,-2.7852201227923e-06,0.0,True
cyclonic,0.5,1945.2955322265625,153709.76702189096,1.9687500000000002,-0.0002130358132379931,-0.0002130358132379931,0.0,-3.696528429335939e-06,-0.00021673234166732903,-0.0002130358132379931,-2.9673602212240662e-06,0.0,True
cyclonic,0.5,1945.2955322265625,158589.44216544303,2.03125,-0.00021966761251853058,-0.0002196676125185306,-2.710505431213761e-20,-3.875187162567941e-06,-0.00022354279968109854,-0.00021966761251853058,-3.1107771672320165e-06,0.0,True
cyclonic,0.5,1945.2955322265625,163469.11730899513,2.09375,-0.00022398296728887824,-0.00022398296728887824,0.0,-4.026658325240184e-06,-0.00022800962561411842,-0.00022398296728887824,-3.2323694967293763e-06,0.0,True
cyclonic,0.5,1945.2955322265625,168348.79245254723,2.15625,-0.0002267473031532141,-0.0002267473031532141,0.0,-4.114047134926012e-06,-0.0002308613502881401,-0.0002267473031532141,-3.3025202023438415e-06,0.0,True
cyclonic,0.5,1945.2955322265625,173228.46759609933,2.21875,-0.0002293092088164643,-0.0002293092088164643,0.0,-4.1612507141305574e-06,-0.00023347045953059486,-0.0002293092088164643,-3.3404125183123486e-06,0.0,True
cyclonic,0.5,1945.2955322265625,178108.14273965143,2.28125,-0.00022958777123299715,-0.00022958777123299715,0.0,-4.176117674994722e-06,-0.00023376388890799187,-0.00022958777123299715,-3.352346858632502e-06,0.0,True
cyclonic,0.5,1945.2955322265625,182987.8178832035,2.34375,-0.0002300141914883563,-0.0002300141914883563,0.0,-4.1713838462592315e-06,-0.00023418557533461552,-0.0002300141914883563,-3.3485468134408282e-06,0.0,True
cyclonic,0.5,1945.2955322265625,187867.4930267556,2.40625,-0.0002282359499331078,-0.0002282359499331078,0.0,-4.127380902353468e-06,-0.00023236333083546126,-0.0002282359499331078,-3.3132237832359252e-06,0.0,True
cyclonic,0.5,1945.2955322265625,192747.1681703077,2.46875,-0.00022610856637506987,-0.00022610856637506985,2.710505431213761e-20,-4.059894165541282e-06,-0.00023016846054061112,-0.00022610856637506987,-3.2590493160013597e-06,0.0,True
