polarity,tau,depth_m,radius_m,radius_over_R,divF_tilted,divF_jacobian,divF_jacobian_correction,divF_christoffel_qg_approx,divF_curved_total,divF_curved_tube_qg_approx,divF_scale_upper_bound,metric_valid_fraction,metric_invalid_or_large_curvature
anticyclonic,0.5,0.5057600140571594,2604.3822167148437,0.03125,6.877122153026902e-07,6.877122153026902e-07,0.0,1.0560161204217613e-09,6.88768231423112e-07,6.877122153026902e-07,6.466336454682486e-09,1.0,False
anticyclonic,0.5,0.5057600140571594,7813.146650144531,0.09375,0.007511821420922612,0.007511821420922612,0.0,5.6780709263937666e-09,0.007511827098993539,0.007511821420922612,3.476870884219899e-08,1.0,False
anticyclonic,0.5,0.5057600140571594,13021.911083574218,0.15625,0.015268878029324704,0.015268878029324704,0.0,1.8462460195965765e-08,0.0152688964917849,0.015268878029324704,1.1305175849078602e-07,1.0,False
anticyclonic,0.5,0.5057600140571594,18230.675517003907,0.21875,0.023360636588964992,0.023360636588964992,0.0,3.8744733628736124e-08,0.02336067533369862,0.023360636588964992,2.3724683614715775e-07,1.0,False
anticyclonic,0.5,0.5057600140571594,23439.439950433592,0.28125,0.03133974747203647,0.03133974747203647,0.0,6.479936435463734e-08,0.03133981227140082,0.03133974747203647,3.9678796929661875e-07,1.0,False
anticyclonic,0.5,0.5057600140571594,28648.20438386328,0.34375,0.0390588270973954,0.0390588270973954,0.0,9.792043922323161e-08,0.039058925017834624,0.0390588270973954,5.995992803166826e-07,1.0,False
anticyclonic,0.5,0.5057600140571594,33856.96881729297,0.40625,0.04620755712434211,0.04620755712434211,0.0,1.2408595645319454e-07,0.046207681210298564,0.04620755712434211,7.598194082557878e-07,1.0,False
anticyclonic,0.5,0.5057600140571594,39065.73325072265,0.46874999999999994,0.052674366093020994,0.052674366093020994,0.0,1.3776467600319978e-07,0.052674503857696994,0.052674366093020994,8.43578738410947e-07,1.0,False
anticyclonic,0.5,0.5057600140571594,44274.497684152346,0.53125,0.05819581217774435,0.058195812177744374,2.7755575615628914e-17,1.3709948403225415e-07,0.058195949277228404,0.05819581217774435,8.395055476632813e-07,1.0,False
anticyclonic,0.5,0.5057600140571594,49483.26211758203,0.59375,0.06167311496891838,0.06167311496891838,0.0,1.2853576054345375e-07,0.06167324350467892,0.06167311496891838,7.870670324620796e-07,1.0,False
anticyclonic,0.5,0.5057600140571594,54692.02655101172,0.65625,0.06338673691491635,0.0633867369149164,5.551115123125783e-17,1.2405266109276154e-07,0.0633868609675775,0.06338673691491635,7.596155297365339e-07,1.0,False
anticyclonic,0.5,0.5057600140571594,59900.7909844414,0.71875,0.06362924978921254,0.06362924978921254,0.0,1.2295169433538164e-07,0.06362937274090688,0.06362924978921254,7.52873945644242e-07,1.0,False
anticyclonic,0.5,0.5057600140571594,65109.555417871095,0.78125,0.0624591367200469,0.06245913672004693,2.7755575615628914e-17,1.1368008360514675e-07,0.062459250400130534,0.0624591367200469,6.961008024136268e-07,1.0,False
anticyclonic,0.5,0.5057600140571594,70318.31985130078,0.84375,0.059358944355381436,0.059358944355381464,2.7755575615628914e-17,1.0807164585808155e-07,0.059359052427027326,0.059358944355381436,6.617584805907547e-07,1.0,False
anticyclonic,0.5,0.5057600140571594,75527.08428473047,0.9062500000000001,0.05290054958495001,0.05290054958495001,0.0,1.3462553793214522e-07,0.05290068421048794,0.05290054958495001,8.243567563288604e-07,1.0,False
anticyclonic,0.5,0.5057600140571594,80735.84871816015,0.96875,0.04427487532739211,0.04427487532739217,5.551115123125783e-17,1.683570116157813e-07,0.044275043684403784,0.04427487532739211,1.0309057414556636e-06,1.0,False
anticyclonic,0.5,0.5057600140571594,85944.61315158985,1.03125,0.03238902753817922,0.032389027538179245,2.7755575615628914e-17,2.111268267847792e-07,0.03238923866500603,0.03238902753817922,1.2927994849686569e-06,1.0,False
anticyclonic,0.5,0.5057600140571594,91153.37758501952,1.09375,0.019055927420963025,0.01905592742096304,1.3877787807814457e-17,2.562441524401908e-07,0.01905618366511548,0.019055927420963025,1.5690678126783231e-06,1.0,False
anticyclonic,0.5,0.5057600140571594,96362.14201844922,1.15625,-0.00043632271242727267,-0.0004363227124272731,-4.336808689942018e-19,3.3649980863821854e-07,-0.0004359862126186349,-0.00043632271242727267,2.0604997760090574e-06,1.0,False
anticyclonic,0.5,0.5057600140571594,101570.90645187891,1.21875,-0.015007581690911959,-0.01500758169091197,-1.214306433183765e-17,2.4010208262779067e-07,-0.015007341588829343,-0.015007581690911959,1.4702245730123754e-06,1.0,False
anticyclonic,0.5,0.5057600140571594,106779.67088530859,1.28125,-0.025275388889694328,-0.025275388889694342,-1.3877787807814457e-17,6.48839551948985e-08,-0.025275324005739147,-0.025275388889694328,3.973059470277679e-07,1.0,False
anticyclonic,0.5,0.5057600140571594,111988.43531873828,1.34375,-0.034902368340896384,-0.03490236834089641,-2.7755575615628914e-17,-1.5733849555488226e-07,-0.03490252567939196,-0.034902368340896384,-9.634357183156385e-07,1.0,False
anticyclonic,0.5,0.5057600140571594,117197.19975216797,1.40625,-0.0448119693410713,-0.044811969341071324,-2.0816681711721685e-17,-4.368423440920652e-07,-0.044812406183415414,-0.0448119693410713,-2.67493035373673e-06,1.0,False
anticyclonic,0.5,0.5057600140571594,122405.96418559765,1.46875,-0.05474211153611636,-0.05474211153611644,-7.632783294297951e-17,-7.154230340487543e-07,-0.05474282695915049,-0.05474211153611636,-4.380772183422133e-06,1.0,False
anticyclonic,0.5,0.5057600140571594,127614.72861902734,1.53125,-0.06560536030075104,-0.06560536030075113,-9.71445146547012e-17,-9.875929207533486e-07,-0.06560634789367188,-0.06560536030075104,-6.0473585415563424e-06,1.0,False
anticyclonic,0.5,0.5057600140571594,132823.49305245702,1.59375,-0.07547021503870856,-0.07547021503870861,-5.551115123125783e-17,-1.2382587288697547e-06,-0.07547145329743749,-0.07547021503870856,-7.582268304409391e-06,1.0,False
anticyclonic,0.5,0.5057600140571594,138032.25748588672,1.65625,-0.08670902029994595,-0.08670902029994611,-1.5265566588595902e-16,-1.4201507016249892e-06,-0.08671044045064773,-0.08670902029994595,-8.696053095660053e-06,1.0,False
anticyclonic,0.5,0.5057600140571594,143241.0219193164,1.71875,-0.09699711135899486,-0.09699711135899501,-1.5265566588595902e-16,-1.5779403581104845e-06,-0.09699868929935312,-0.09699711135899486,-9.662251421776968e-06,1.0,False
anticyclonic,0.5,0.5057600140571594,148449.7863527461,1.7812500000000002,-0.10760571876433471,-0.10760571876433486,-1.5265566588595902e-16,-1.7021522741986488e-06,-0.10760742091660906,-0.10760571876433471,-1.0422842122595125e-05,1.0,False
anticyclonic,0.5,0.5057600140571594,153658.55078617577,1.8437499999999998,-0.11723830224822938,-0.11723830224822954,-1.5265566588595902e-16,-1.7267905321490883e-06,-0.11724002903876168,-0.11723830224822938,-1.0573710336142061e-05,1.0,False
anticyclonic,0.5,0.5057600140571594,158867.31521960546,1.90625,-0.12706684411401142,-0.12706684411401162,-1.942890293094024e-16,-1.6184398123840134e-06,-0.127068462553824,-0.12706684411401142,-9.910242993590356e-06,1.0,False
anticyclonic,0.5,0.5057600140571594,164076.07965303515,1.96875,-0.13571716638491915,-0.13571716638491937,-2.220446049250313e-16,-1.4438252868259523e-06,-0.1357186102102062,-0.13571716638491915,-8.84102042179645e-06,1.0,False
anticyclonic,0.5,0.5057600140571594,169284.84408646484,2.03125,-0.143148437225154,-0.1431484372251541,-1.1102230246251565e-16,-1.1358292590039969e-06,-0.14314957305441312,-0.143148437225154,-6.9550587360912305e-06,1.0,False
anticyclonic,0.5,0.5057600140571594,174493.60851989454,2.09375,-0.15045377766669044,-0.15045377766669066,-2.220446049250313e-16,-7.851499105690615e-07,-0.15045456281660122,-0.15045377766669044,-4.8077329416862505e-06,1.0,False
anticyclonic,0.5,0.5057600140571594,179702.37295332423,2.15625,-0.15762081734880629,-0.1576208173488065,-2.220446049250313e-16,-3.4404802927513616e-07,-0.1576211613968358,-0.15762081734880629,-2.1067200309167125e-06,1.0,False
anticyclonic,0.5,0.5057600140571594,184911.1373867539,2.21875,-0.16241199205542517,-0.1624119920554254,-2.220446049250313e-16,1.316436193962772e-07,-0.162411860411806,-0.16241199205542517,8.060974815313547e-07,1.0,False
anticyclonic,0.5,0.5057600140571594,190119.9018201836,2.28125,-0.16737051431367805,-0.16737051431367825,-1.942890293094024e-16,6.832881415630288e-07,-0.16736983102553668,-0.16737051431367805,4.183999593752992e-06,1.0,False
anticyclonic,0.5,0.5057600140571594,195328.66625361328,2.34375,-0.1705901009248395,-0.17059010092483973,-2.220446049250313e-16,1.2659087043073381e-06,-0.17058883501613542,-0.1705901009248395,7.751578261601816e-06,1.0,False
anticyclonic,0.5,0.5057600140571594,200537.43068704297,2.40625,-0.1773567221237377,-0.17735672212373793,-2.220446049250313e-16,1.866212442013975e-06,-0.1773548559112959,-0.1773567221237377,1.1427436866358953e-05,1.0,False
anticyclonic,0.5,0.5057600140571594,205746.19512047266,2.46875,-0.18239010540732586,-0.1823901054073261,-2.220446049250313e-16,2.361265727086705e-06,-0.182387744141599,-0.18239010540732586,1.4458812091007604e-05,1.0,False
anticyclonic,0.5,1.5558552742004395,2604.3822167148437,0.03125,1.565538312254254e-06,1.565538312254254e-06,0.0,4.6681622329966104e-08,1.6122199345842201e-06,1.565538312254254e-06,2.5432959051186883e-08,1.0,False
anticyclonic,0.5,1.5558552742004395,7813.146650144531,0.09375,0.010319911615888844,0.010319911615888844,0.0,1.8872113260149386e-07,0.010320100337021446,0.010319911615888844,1.0281855252631894e-07,1.0,False
anticyclonic,0.5,1.5558552742004395,13021.911083574218,0.15625,0.020820601259005037,0.020820601259005037,0.0,4.5741195741062825e-07,0.02082105867096245,0.020820601259005037,2.492059830337133e-07,1.0,False
anticyclonic,0.5,1.5558552742004395,18230.675517003907,0.21875,0.03156079745910463,0.03156079745910464,6.938893903907228e-18,8.05254474089654e-07,0.031561602713578725,0.03156079745910463,4.387166307234479e-07,0.0,True
anticyclonic,0.5,1.5558552742004395,23439.439950433592,0.28125,0.0422104164548032,0.04221041645480321,6.938893903907228e-18,1.2656907386854623e-06,0.0422116821455419,0.0422104164548032,6.895703088662817e-07,0.0,True
anticyclonic,0.5,1.5558552742004395,28648.20438386328,0.34375,0.05256221198845479,0.052562211988454795,6.938893903907228e-18,1.9637727883917016e-06,0.052564175761243184,0.05256221198845479,1.069897540406186e-06,0.0,True
anticyclonic,0.5,1.5558552742004395,33856.96881729297,0.40625,0.06218022792189722,0.06218022792189723,6.938893903907228e-18,2.6780597248777127e-06,0.06218290598162211,0.06218022792189722,1.459053475862717e-06,0.0,True
anticyclonic,0.5,1.5558552742004395,39065.73325072265,0.46874999999999994,0.0706388586140071,0.07063885861400711,1.3877787807814457e-17,3.2925748360641062e-06,0.07064215118884318,0.0706388586140071,1.7938519871198224e-06,0.0,True
anticyclonic,0.5,1.5558552742004395,44274.497684152346,0.53125,0.0776534671098688,0.07765346710986883,2.7755575615628914e-17,3.614317090636094e-06,0.07765708142695946,0.0776534671098688,1.969142758458614e-06,0.0,True
anticyclonic,0.5,1.5558552742004395,49483.26211758203,0.59375,0.08233124243937483,0.08233124243937484,1.3877787807814457e-17,3.894344186187758e-06,0.08233513678356102,0.08233124243937483,2.1217063862615943e-06,0.0,True
anticyclonic,0.5,1.5558552742004395,54692.02655101172,0.65625,0.08478783297234656,0.08478783297234661,5.551115123125783e-17,4.390570874247991e-06,0.08479222354322086,0.08478783297234656,2.3920593090528096e-06,0.0,True
anticyclonic,0.5,1.5558552742004395,59900.7909844414,0.71875,0.08533127130262604,0.08533127130262606,2.7755575615628914e-17,5.066907329423031e-06,0.08533633820995548,0.08533127130262604,2.760539162809944e-06,0.0,True
anticyclonic,0.5,1.5558552742004395,65109.555417871095,0.78125,0.08389159547917222,0.08389159547917226,4.163336342344337e-17,5.6849938415744635e-06,0.08389728047301383,0.08389159547917222,3.0972834353745115e-06,0.0,True
anticyclonic,0.5,1.5558552742004395,70318.31985130078,0.84375,0.07962972243589012,0.07962972243589014,2.7755575615628914e-17,6.2809734144827774e-06,0.07963600340930463,0.07962972243589012,3.4219834632780194e-06,0.0,True
anticyclonic,0.5,1.5558552742004395,75527.08428473047,0.9062500000000001,0.07144399758745318,0.0714439975874532,2.7755575615628914e-17,7.2621367206595326e-06,0.07145125972417386,0.07144399758745318,3.95653828256291e-06,0.0,True
anticyclonic,0.5,1.5558552742004395,80735.84871816015,0.96875,0.06034731940752872,0.060347319407528764,4.163336342344337e-17,8.421562146279419e-06,0.06035574096967505,0.06034731940752872,4.588213402254855e-06,0.0,True
anticyclonic,0.5,1.5558552742004395,85944.61315158985,1.03125,0.046206659489457104,0.046206659489457125,2.0816681711721685e-17,9.699033962318982e-06,0.046216358523419446,0.046206659489457104,5.284202246788295e-06,0.0,True
anticyclonic,0.5,1.5558552742004395,91153.37758501952,1.09375,0.02972031270643771,0.02972031270643772,1.0408340855860843e-17,1.1007779029967215e-05,0.029731320485467685,0.02972031270643771,5.997229302246341e-06,0.0,True
anticyclonic,0.5,1.5558552742004395,96362.14201844922,1.15625,0.005571354519890186,0.0055713545198901844,-1.734723475976807e-18,1.2268308163785605e-05,0.00558362282805397,0.005571354519890186,6.6839874790857035e-06,0.0,True
anticyclonic,0.5,1.5558552742004395,101570.90645187891,1.21875,-0.013858839537701027,-0.01385883953770105,-2.2551405187698492e-17,1.0906020994868538e-05,-0.013847933516706181,-0.013858839537701027,5.941789756433201e-06,0.0,True
anticyclonic,0.5,1.5558552742004395,106779.67088530859,1.28125,-0.028802661650992566,-0.0288026616509926,-3.469446951953614e-17,8.704232729564392e-06,-0.028793957418263037,-0.028802661650992566,4.742217248111919e-06,0.0,True
anticyclonic,0.5,1.5558552742004395,111988.43531873828,1.34375,-0.04298953017104576,-0.0429895301710458,-4.163336342344337e-17,5.880900363107841e-06,-0.04298364927068269,-0.04298953017104576,3.2040167126543903e-06,0.0,True
anticyclonic,0.5,1.5558552742004395,117197.19975216797,1.40625,-0.05719131770432197,-0.05719131770432202,-5.551115123125783e-17,2.164007965047173e-06,-0.05718915369635698,-0.05719131770432197,1.1789891442174084e-06,0.0,True
anticyclonic,0.5,1.5558552742004395,122405.96418559765,1.46875,-0.07165164932531741,-0.07165164932531749,-8.326672684688674e-17,-1.5695656643343247e-06,-0.07165321889098182,-0.07165164932531741,-8.551266489198042e-07,0.0,True
anticyclonic,0.5,1.5558552742004395,127614.72861902734,1.53125,-0.08695918160350623,-0.08695918160350635,-1.249000902703301e-16,-5.350996323115999e-06,-0.08696453259982947,-0.08695918160350623,-2.915315783305588e-06,0.0,True
anticyclonic,0.5,1.5558552742004395,132823.49305245702,1.59375,-0.10164479291139385,-0.10164479291139396,-1.1102230246251565e-16,-9.023772278322523e-06,-0.10165381668367228,-0.10164479291139385,-4.916307947045994e-06,0.0,True
anticyclonic,0.5,1.5558552742004395,138032.25748588672,1.65625,-0.11689690846887861,-0.11689690846887879,-1.8041124150158794e-16,-1.165049191864514e-05,-0.11690855896079744,-0.11689690846887861,-6.347390452685252e-06,0.0,True
anticyclonic,0.5,1.5558552742004395,143241.0219193164,1.71875,-0.13071347637278125,-0.13071347637278147,-2.220446049250313e-16,-1.3840300646698566e-05,-0.13072731667342816,-0.13071347637278125,-7.5404363009389765e-06,0.0,True
anticyclonic,0.5,1.5558552742004395,148449.7863527461,1.7812500000000002,-0.14374211096079015,-0.14374211096079031,-1.6653345369377348e-16,-1.5860962089573435e-05,-0.1437579719228799,-0.14374211096079015,-8.641327768885224e-06,0.0,True
anticyclonic,0.5,1.5558552742004395,153658.55078617577,1.8437499999999998,-0.15616306316447895,-0.15616306316447912,-1.6653345369377348e-16,-1.6770455781953036e-05,-0.15617983362026105,-0.15616306316447895,-9.136835737140962e-06,0.0,True
anticyclonic,0.5,1.5558552742004395,158867.31521960546,1.90625,-0.16818970128532018,-0.16818970128532054,-3.608224830031759e-16,-1.544009318108916e-05,-0.16820514137850162,-0.16818970128532018,-8.412031073930237e-06,0.0,True
anticyclonic,0.5,1.5558552742004395,164076.07965303515,1.96875,-0.17795748873237952,-0.1779574887323797,-1.942890293094024e-16,-1.3364488971264757e-05,-0.17797085322135098,-0.17795748873237952,-7.281205831786739e-06,0.0,True
anticyclonic,0.5,1.5558552742004395,169284.84408646484,2.03125,-0.18636040296944387,-0.186360402969444,-1.3877787807814457e-16,-9.49202782902502e-06,-0.18636989499727302,-0.18636040296944387,-5.171421708138714e-06,0.0,True
anticyclonic,0.5,1.5558552742004395,174493.60851989454,2.09375,-0.19376088047628084,-0.1937608804762811,-2.498001805406602e-16,-5.76085566665167e-06,-0.19376664133194774,-0.19376088047628084,-3.138614275958824e-06,0.0,True
anticyclonic,0.5,1.5558552742004395,179702.37295332423,2.15625,-0.2010446881656477,-0.20104468816564788,-1.942890293094024e-16,2.660990009479011e-07,-0.20104442206664694,-0.2010446881656477,1.4497535982860134e-07,0.0,True
anticyclonic,0.5,1.5558552742004395,184911.1373867539,2.21875,-0.2053371189335733,-0.20533711893357368,-3.885780586188048e-16,7.068865800905024e-06,-0.20533005006777277,-0.2053371189335733,3.851240926932099e-06,0.0,True
anticyclonic,0.5,1.5558552742004395,190119.9018201836,2.28125,-0.2092110426258041,-0.20921104262580442,-3.3306690738754696e-16,1.3937230595449012e-05,-0.20919710539520897,-0.2092110426258041,7.593245421409951e-06,0.0,True
anticyclonic,0.5,1.5558552742004395,195328.66625361328,2.34375,-0.2120109691702398,-0.2120109691702402,-4.163336342344337e-16,2.1309346132225738e-05,-0.21198965982410797,-0.2120109691702398,1.1609702074140794e-05,0.0,True
anticyclonic,0.5,1.5558552742004395,200537.43068704297,2.40625,-0.21502642441698297,-0.2150264244169835,-5.273559366969494e-16,2.842919798907255e-05,-0.21499799521899443,-0.21502642441698297,1.5488721090355722e-05,0.0,True
anticyclonic,0.5,1.5558552742004395,205746.19512047266,2.46875,-0.2194419796328671,-0.21944197963286746,-3.608224830031759e-16,3.522950423562301e-05,-0.21940675012863184,-0.2194419796328671,1.9193646105205217e-05,0.0,True
anticyclonic,0.5,2.6676816940307617,2604.3822167148437,0.03125,2.3033274324653947e-06,2.3033274324653947e-06,0.0,2.832933656778725e-07,2.5866207981432674e-06,2.3033274324653947e-06,4.176336657510439e-08,1.0,False
anticyclonic,0.5,2.6676816940307617,7813.146650144531,0.09375,0.009134977080890777,0.009134977080890777,0.0,1.133766816760301e-06,0.009136110847707537,0.009134977080890777,1.671409390959418e-07,0.0,True
anticyclonic,0.5,2.6676816940307617,13021.911083574218,0.15625,0.01833972331080735,0.01833972331080735,0.0,2.731494367296489e-06,0.018342454805174647,0.01833972331080735,4.0267939309581364e-07,0.0,True
anticyclonic,0.5,2.6676816940307617,18230.675517003907,0.21875,0.02766959321254916,0.02766959321254917,6.938893903907228e-18,4.535283433801916e-06,0.02767412849598297,0.02766959321254916,6.685956238849611e-07,0.0,True
anticyclonic,0.5,2.6676816940307617,23439.439950433592,0.28125,0.036982344849221166,0.03698234484922118,1.3877787807814457e-17,6.638093219588729e-06,0.03698898294244077,0.036982344849221166,9.785937620742978e-07,0.0,True
anticyclonic,0.5,2.6676816940307617,28648.20438386328,0.34375,0.04600984953955079,0.04600984953955082,2.7755575615628914e-17,9.692559869908518e-06,0.046019542099420725,0.04600984953955079,1.428886023961532e-06,0.0,True
anticyclonic,0.5,2.6676816940307617,33856.96881729297,0.40625,0.0544163129068968,0.05441631290689683,2.7755575615628914e-17,1.3632580522903617e-05,0.05442994548741974,0.0544163129068968,2.00972746530902e-06,0.0,True
anticyclonic,0.5,2.6676816940307617,39065.73325072265,0.46874999999999994,0.06177300327995052,0.06177300327995055,2.7755575615628914e-17,1.7653863618012337e-05,0.06179065714356856,0.06177300327995052,2.6025486900540427e-06,0.0,True
anticyclonic,0.5,2.6676816940307617,44274.497684152346,0.53125,0.06783605735752168,0.06783605735752171,2.7755575615628914e-17,2.0293738758890308e-05,0.0678563510962806,0.06783605735752168,2.991721493155811e-06,0.0,True
anticyclonic,0.5,2.6676816940307617,49483.26211758203,0.59375,0.07205812437235307,0.07205812437235312,5.551115123125783e-17,2.2501422158573785e-05,0.0720806257945117,0.07205812437235307,3.3171801952406065e-06,0.0,True
anticyclonic,0.5,2.6676816940307617,54692.02655101172,0.65625,0.07426801423123411,0.07426801423123414,2.7755575615628914e-17,2.563850138007327e-05,0.07429365273261421,0.07426801423123411,3.779651277784773e-06,0.0,True
anticyclonic,0.5,2.6676816940307617,59900.7909844414,0.71875,0.0747741721770053,0.07477417217700535,5.551115123125783e-17,3.0329466849245613e-05,0.0748045016438546,0.0747741721770053,4.471197689439775e-06,0.0,True
anticyclonic,0.5,2.6676816940307617,65109.555417871095,0.78125,0.07353593963286181,0.07353593963286188,6.938893903907228e-17,3.525712250000483e-05,0.07357119675536189,0.07353593963286181,5.197637183729055e-06,0.0,True
anticyclonic,0.5,2.6676816940307617,70318.31985130078,0.84375,0.06971340894108789,0.06971340894108793,4.163336342344337e-17,3.9647688340734084e-05,0.06975305662942867,0.06971340894108789,5.8448984079365e-06,0.0,True
anticyclonic,0.5,2.6676816940307617,75527.08428473047,0.9062500000000001,0.06273223933723993,0.06273223933724001,8.326672684688674e-17,4.5554550255438895e-05,0.06277779388749545,0.06273223933723993,6.7156933835338e-06,0.0,True
anticyclonic,0.5,2.6676816940307617,80735.84871816015,0.96875,0.053223354899166735,0.05322335489916676,2.7755575615628914e-17,5.2195660992142386e-05,0.0532755505601589,0.053223354899166735,7.694731990735725e-06,0.0,True
anticyclonic,0.5,2.6676816940307617,85944.61315158985,1.03125,0.0418274382789377,0.04182743827893772,2.0816681711721685e-17,5.959864802612644e-05,0.04188703692696385,0.0418274382789377,8.786087097168313e-06,0.0,True
anticyclonic,0.5,2.6676816940307617,91153.37758501952,1.09375,0.028217659927191597,0.02821765992719161,1.3877787807814457e-17,6.67911538828544e-05,0.028284451081074465,0.028217659927191597,9.846412876310191e-06,0.0,True
anticyclonic,0.5,2.6676816940307617,96362.14201844922,1.15625,0.007876645282575596,0.0078766452825756,3.469446951953614e-18,7.202597149451979e-05,0.00794867125407012,0.007876645282575596,1.061813446727179e-05,0.0,True
anticyclonic,0.5,2.6676816940307617,101570.90645187891,1.21875,-0.009049664223350054,-0.009049664223350067,-1.214306433183765e-17,6.642900870566666e-05,-0.0089832352146444,-0.009049664223350054,9.793025103701723e-06,0.0,True
anticyclonic,0.5,2.6676816940307617,106779.67088530859,1.28125,-0.023312572524837163,-0.023312572524837195,-3.122502256758253e-17,5.799027342736025e-05,-0.023254582251409833,-0.023312572524837163,8.54897904559912e-06,0.0,True
anticyclonic,0.5,2.6676816940307617,111988.43531873828,1.34375,-0.03722092027469403,-0.037220920274694085,-5.551115123125783e-17,4.752963327898508e-05,-0.0371733906414151,-0.03722092027469403,7.006861925837111e-06,0.0,True
anticyclonic,0.5,2.6676816940307617,117197.19975216797,1.40625,-0.05107781728084509,-0.05107781728084515,-6.245004513516506e-17,3.323381405952613e-05,-0.05104458346678562,-0.05107781728084509,4.899359206438553e-06,0.0,True
anticyclonic,0.5,2.6676816940307617,122405.96418559765,1.46875,-0.06537128560753358,-0.06537128560753368,-9.71445146547012e-17,1.8645651891086554e-05,-0.0653526399556426,-0.06537128560753358,2.7487590226334032e-06,0.0,True
anticyclonic,0.5,2.6676816940307617,127614.72861902734,1.53125,-0.08029329899050885,-0.08029329899050892,-6.938893903907228e-17,2.986701006467801e-06,-0.08029031228950245,-0.08029329899050885,4.4030218881010235e-07,0.0,True
anticyclonic,0.5,2.6676816940307617,132823.49305245702,1.59375,-0.09505387516727676,-0.0950538751672769,-1.3877787807814457e-16,-1.180995001517264e-05,-0.09506568511729208,-0.09505387516727676,-1.7410336120548245e-06,0.0,True
anticyclonic,0.5,2.6676816940307617,138032.25748588672,1.65625,-0.10973644305533327,-0.10973644305533344,-1.6653345369377348e-16,-2.248670675851134e-05,-0.10975892976209195,-0.10973644305533327,-3.3150108375303166e-06,0.0,True
anticyclonic,0.5,2.6676816940307617,143241.0219193164,1.71875,-0.12297575020693527,-0.12297575020693544,-1.6653345369377348e-16,-3.1407368345416606e-05,-0.12300715757528086,-0.12297575020693527,-4.630102911977286e-06,0.0,True
anticyclonic,0.5,2.6676816940307617,148449.7863527461,1.7812500000000002,-0.13503577706519554,-0.1350357770651957,-1.6653345369377348e-16,-4.0727419894394724e-05,-0.1350765044850901,-0.13503577706519554,-6.0040734192197196e-06,0.0,True
anticyclonic,0.5,2.6676816940307617,153658.55078617577,1.8437499999999998,-0.14643619276999867,-0.1464361927699988,-1.3877787807814457e-16,-4.536579729046277e-05,-0.14648155856728928,-0.14643619276999867,-6.687867249132194e-06,0.0,True
anticyclonic,0.5,2.6676816940307617,158867.31521960546,1.90625,-0.15697653807499062,-0.15697653807499098,-3.608224830031759e-16,-4.10706765561319e-05,-0.1570176087515471,-0.15697653807499062,-6.054676629637915e-06,0.0,True
anticyclonic,0.5,2.6676816940307617,164076.07965303515,1.96875,-0.16549480062444247,-0.16549480062444263,-1.6653345369377348e-16,-3.38870329373556e-05,-0.16552868765738,-0.16549480062444247,-4.995657329704843e-06,0.0,True
anticyclonic,0.5,2.6676816940307617,169284.84408646484,2.03125,-0.17284227293473323,-0.1728422729347334,-1.6653345369377348e-16,-1.9856223952646268e-05,-0.17286212915868604,-0.17284227293473323,-2.9272226610300265e-06,0.0,True
anticyclonic,0.5,2.6676816940307617,174493.60851989454,2.09375,-0.17874755715588717,-0.17874755715588742,-2.498001805406602e-16,-5.715754213558351e-06,-0.17875327291010099,-0.17874755715588717,-8.426217038399216e-07,0.0,True
anticyclonic,0.5,2.6676816940307617,179702.37295332423,2.15625,-0.1840145909401537,-0.18401459094015388,-1.6653345369377348e-16,1.6614082132309736e-05,-0.18399797685802158,-0.1840145909401537,2.449263154257973e-06,0.0,True
anticyclonic,0.5,2.6676816940307617,184911.1373867539,2.21875,-0.1871145272749696,-0.18711452727497005,-4.440892098500626e-16,4.249657273806979e-05,-0.18707203070223197,-0.1871145272749696,6.2648835464212305e-06,0.0,True
anticyclonic,0.5,2.6676816940307617,190119.9018201836,2.28125,-0.18958672264771462,-0.18958672264771498,-3.608224830031759e-16,6.883293071850415e-05,-0.18951788971699648,-0.18958672264771462,1.014741348127585e-05,0.0,True
anticyclonic,0.5,2.6676816940307617,195328.66625361328,2.34375,-0.19140803803078305,-0.19140803803078357,-5.273559366969494e-16,9.625308034747528e-05,-0.1913117849504361,-0.19140803803078305,1.418971697030662e-05,0.0,True
anticyclonic,0.5,2.6676816940307617,200537.43068704297,2.40625,-0.191167321306015,-0.19116732130601555,-5.551115123125783e-16,0.00012223865157766074,-0.1910450826544379,-0.191167321306015,1.8020533602220735e-05,0.0,True
anticyclonic,0.5,2.6676816940307617,205746.19512047266,2.46875,-0.19336278490134517,-0.1933627849013455,-3.3306690738754696e-16,0.0001493126487777643,-0.19321347225256774,-0.19336278490134517,2.2011806984199523e-05,0.0,True
anticyclonic,0.5,3.8562798500061035,2604.3822167148437,0.03125,2.427588231636774e-06,2.427588231636774e-06,0.0,1.2408693951910772e-07,2.551675171155882e-06,2.427588231636774e-06,5.068576116052611e-08,1.0,False
anticyclonic,0.5,3.8562798500061035,7813.146650144531,0.09375,0.0025965361029228404,0.0025965361029228404,0.0,6.21594927600101e-07,0.0025971576978504403,0.0025965361029228404,2.5390272466250756e-07,0.0,True
anticyclonic,0.5,3.8562798500061035,13021.911083574218,0.15625,0.005164027631362603,0.005164027631362603,0.0,1.5886721575794688e-06,0.0051656163035201826,0.005164027631362603,6.489245189986427e-07,0.0,True
anticyclonic,0.5,3.8562798500061035,18230.675517003907,0.21875,0.007795374709952134,0.007795374709952131,-3.469446951953614e-18,2.735862518567003e-06,0.007798110572470698,0.007795374709952134,1.1175170789248884e-06,0.0,True
anticyclonic,0.5,3.8562798500061035,23439.439950433592,0.28125,0.010471918308961197,0.010471918308961192,-5.204170427930421e-18,4.0002107244006624e-06,0.010475918519685592,0.010471918308961197,1.633965074443034e-06,0.0,True
anticyclonic,0.5,3.8562798500061035,28648.20438386328,0.34375,0.013002528172651136,0.013002528172651129,-6.938893903907228e-18,5.763395249846764e-06,0.013008291567900976,0.013002528172651136,2.3541726167116957e-06,0.0,True
anticyclonic,0.5,3.8562798500061035,33856.96881729297,0.40625,0.015317756373256632,0.015317756373256624,-8.673617379884035e-18,8.16996612819528e-06,0.015325926339384819,0.015317756373256632,3.3371840216876992e-06,0.0,True
anticyclonic,0.5,3.8562798500061035,39065.73325072265,0.46874999999999994,0.01738645220961729,0.017386452209617275,-1.3877787807814457e-17,1.0737486170814665e-05,0.01739718969578809,0.01738645220961729,4.385938291552101e-06,0.0,True
anticyclonic,0.5,3.8562798500061035,44274.497684152346,0.53125,0.01914976995793792,0.01914976995793791,-1.0408340855860843e-17,1.2477115978483181e-05,0.019162247073916394,0.01914976995793792,5.096524444139422e-06,0.0,True
anticyclonic,0.5,3.8562798500061035,49483.26211758203,0.59375,0.020299721066601627,0.02029972106660161,-1.734723475976807e-17,1.382817289451735e-05,0.020313549239496128,0.020299721066601627,5.648390324833819e-06,0.0,True
anticyclonic,0.5,3.8562798500061035,54692.02655101172,0.65625,0.02066888640681957,0.020668886406819555,-1.3877787807814457e-17,1.5760383170128776e-05,0.020684646789989682,0.02066888640681957,6.437639773011838e-06,0.0,True
anticyclonic,0.5,3.8562798500061035,59900.7909844414,0.71875,0.020452115542336297,0.020452115542336276,-2.0816681711721685e-17,1.8600224352581118e-05,0.02047071576668886,0.020452115542336297,7.5976289907767e-06,0.0,True
anticyclonic,0.5,3.8562798500061035,65109.555417871095,0.78125,0.019804462047709078,0.019804462047709057,-2.0816681711721685e-17,2.1778188994842204e-05,0.019826240236703898,0.019804462047709078,8.895731413630303e-06,0.0,True
anticyclonic,0.5,3.8562798500061035,70318.31985130078,0.84375,0.018385810348104107,0.018385810348104086,-2.0816681711721685e-17,2.4535286004620477e-05,0.018410345634108708,0.018385810348104107,1.0021922139871104e-05,0.0,True
anticyclonic,0.5,3.8562798500061035,75527.08428473047,0.9062500000000001,0.01579828211666237,0.015798282116662347,-2.42861286636753e-17,2.807127335196588e-05,0.015826353390014314,0.01579828211666237,1.146626600755585e-05,0.0,True
anticyclonic,0.5,3.8562798500061035,80735.84871816015,0.96875,0.012540482886800009,0.012540482886800002,-6.938893903907228e-18,3.204590896977108e-05,0.012572528795769772,0.012540482886800009,1.3089784424602252e-05,0.0,True
anticyclonic,0.5,3.8562798500061035,85944.61315158985,1.03125,0.008707816752552599,0.008707816752552592,-6.938893903907228e-18,3.64447147881213e-05,0.008744261467340713,0.008707816752552599,1.4886563537412106e-05,0.0,True
anticyclonic,0.5,3.8562798500061035,91153.37758501952,1.09375,0.003958847850141409,0.003958847850141406,-3.469446951953614e-18,4.082067616545433e-05,0.00399966852630686,0.003958847850141409,1.6674011387111347e-05,0.0,True
anticyclonic,0.5,3.8562798500061035,96362.14201844922,1.15625,-0.0033647550649819695,-0.0033647550649819665,3.0357660829594124e-18,4.4431118706381064e-05,-0.0033203239462755853,-0.0033647550649819695,1.8148767949102594e-05,0.0,True
anticyclonic,0.5,3.8562798500061035,101570.90645187891,1.21875,-0.008750971848402915,-0.0087509718484029,1.5612511283791264e-17,4.1955896093578735e-05,-0.00870901595230932,-0.008750971848402915,1.7137714387318895e-05,0.0,True
anticyclonic,0.5,3.8562798500061035,106779.67088530859,1.28125,-0.013257194822484861,-0.013257194822484835,2.6020852139652106e-17,3.769721901644245e-05,-0.013219497603468394,-0.013257194822484861,1.5398173626397006e-05,0.0,True
anticyclonic,0.5,3.8562798500061035,111988.43531873828,1.34375,-0.017859577368382232,-0.017859577368382208,2.42861286636753e-17,3.248297048238608e-05,-0.017827094397899822,-0.017859577368382232,1.3268310831383777e-05,0.0,True
anticyclonic,0.5,3.8562798500061035,117197.19975216797,1.40625,-0.022550314639148732,-0.022550314639148705,2.7755575615628914e-17,2.5089057092042113e-05,-0.022525225582056663,-0.022550314639148732,1.0248120877493572e-05,0.0,True
anticyclonic,0.5,3.8562798500061035,122405.96418559765,1.46875,-0.027655367632971613,-0.02765536763297157,4.163336342344337e-17,1.7271695252572034e-05,-0.027638095937718998,-0.027655367632971613,7.05496504146155e-06,0.0,True
anticyclonic,0.5,3.8562798500061035,127614.72861902734,1.53125,-0.03320465037293084,-0.03320465037293079,4.85722573273506e-17,8.119208328752085e-06,-0.03319653116460204,-0.03320465037293084,3.316450996039859e-06,0.0,True
anticyclonic,0.5,3.8562798500061035,132823.49305245702,1.59375,-0.03897885384374673,-0.03897885384374668,5.551115123125783e-17,3.347462226042554e-07,-0.038978519097524075,-0.03897885384374673,1.3673370585221764e-07,0.0,True
anticyclonic,0.5,3.8562798500061035,138032.25748588672,1.65625,-0.04502811888511302,-0.045028118885112906,1.1796119636642288e-16,-5.939607224026651e-06,-0.04503405849233693,-0.04502811888511302,-2.4261498777475455e-06,0.0,True
anticyclonic,0.5,3.8562798500061035,143241.0219193164,1.71875,-0.05076069530119081,-0.05076069530119069,1.1796119636642288e-16,-1.1633291586555841e-05,-0.05077232859277725,-0.05076069530119081,-4.7518477057461e-06,0.0,True
anticyclonic,0.5,3.8562798500061035,148449.7863527461,1.7812500000000002,-0.0566597632493502,-0.05665976324935014,6.245004513516506e-17,-1.7053725820088935e-05,-0.05667681697517023,-0.0566597632493502,-6.965931121872999e-06,0.0,True
anticyclonic,0.5,3.8562798500061035,153658.55078617577,1.8437499999999998,-0.0620425557275018,-0.06204255572750168,1.1796119636642288e-16,-1.943727683342375e-05,-0.062061993004335105,-0.0620425557275018,-7.9395396083424e-06,0.0,True
anticyclonic,0.5,3.8562798500061035,158867.31521960546,1.90625,-0.06718109111787575,-0.06718109111787558,1.6653345369377348e-16,-1.8572317048671504e-05,-0.06719966343492426,-0.06718109111787575,-7.5862297013262665e-06,0.0,True
anticyclonic,0.5,3.8562798500061035,164076.07965303515,1.96875,-0.07216153418497141,-0.07216153418497138,2.7755575615628914e-17,-1.5471772417048598e-05,-0.07217700595738843,-0.07216153418497141,-6.319751010861097e-06,0.0,True
anticyclonic,0.5,3.8562798500061035,169284.84408646484,2.03125,-0.07649355396962576,-0.0764935539696257,5.551115123125783e-17,-7.602514368854322e-06,-0.07650115648399455,-0.07649355396962576,-3.105397143426855e-06,0.0,True
anticyclonic,0.5,3.8562798500061035,174493.60851989454,2.09375,-0.08020266971186349,-0.08020266971186338,1.1102230246251565e-16,-5.346944222258903e-07,-0.0802032044062856,-0.08020266971186349,-2.184064969596073e-07,0.0,True
anticyclonic,0.5,3.8562798500061035,179702.37295332423,2.15625,-0.0835215592357735,-0.0835215592357734,9.71445146547012e-17,1.023178243510961e-05,-0.08351132745333828,-0.0835215592357735,4.17937361306726e-06,0.0,True
anticyclonic,0.5,3.8562798500061035,184911.1373867539,2.21875,-0.08640625019362634,-0.0864062501936261,2.3592239273284576e-16,2.3818554808127843e-05,-0.08638243163881798,-0.08640625019362634,9.729159127240515e-06,0.0,True
anticyclonic,0.5,3.8562798500061035,190119.9018201836,2.28125,-0.08879440085943757,-0.08879440085943735,2.220446049250313e-16,3.821657584339804e-05,-0.08875618428359396,-0.08879440085943757,1.5610315179651337e-05,0.0,True
anticyclonic,0.5,3.8562798500061035,195328.66625361328,2.34375,-0.09024068831488344,-0.09024068831488317,2.636779683484747e-16,5.2593761013808566e-05,-0.09018809455386936,-0.09024068831488344,2.1482960411552416e-05,0.0,True
anticyclonic,0.5,3.8562798500061035,200537.43068704297,2.40625,-0.09080178300865137,-0.09080178300865106,3.0531133177191805e-16,6.440690275722018e-05,-0.09073737610589384,-0.09080178300865137,2.6308271465902352e-05,0.0,True
anticyclonic,0.5,3.8562798500061035,205746.19512047266,2.46875,-0.0919153070366304,-0.09191530703663023,1.6653345369377348e-16,7.802551835653825e-05,-0.0918372815182737,-0.0919153070366304,3.187106397476069e-05,0.0,True
anticyclonic,0.5,5.140361309051514,2604.3822167148437,0.03125,2.771620440645811e-06,2.771620440645811e-06,0.0,2.1113962402858269e-07,2.9827600646743937e-06,2.771620440645811e-06,5.121294770079398e-08,1.0,False
anticyclonic,0.5,5.140361309051514,7813.146650144531,0.09375,0.0004241269255213713,0.0004241269255213713,0.0,8.524834323192785e-07,0.00042497940895369054,0.0004241269255213713,2.0677402281085053e-07,0.0,True
anticyclonic,0.5,5.140361309051514,13021.911083574218,0.15625,0.0007851304607072013,0.0007851304607072011,-2.168404344971009e-19,2.2356847629726497e-06,0.0007873661454701737,0.0007851304607072013,5.422762656150254e-07,0.0,True
anticyclonic,0.5,5.140361309051514,18230.675517003907,0.21875,0.0011104436998827685,0.0011104436998827676,-8.673617379884035e-19,3.8018639679968284e-06,0.0011142455638507645,0.0011104436998827685,9.221606861069187e-07,0.0,True
anticyclonic,0.5,5.140361309051514,23439.439950433592,0.28125,0.0014477639601834847,0.0014477639601834828,-1.951563910473908e-18,5.565383451925779e-06,0.0014533293436354085,0.0014477639601834847,1.3499109556989413e-06,0.0,True
anticyclonic,0.5,5.140361309051514,28648.20438386328,0.34375,0.0017457271275034055,0.0017457271275033999,-5.637851296924623e-18,7.991769495554975e-06,0.0017537188969989547,0.0017457271275034055,1.938442748942528e-06,0.0,True
anticyclonic,0.5,5.140361309051514,33856.96881729297,0.40625,0.0019315865862609453,0.0019315865862609414,-3.903127820947816e-18,1.1160523491456572e-05,0.001942747109752398,0.0019315865862609453,2.7070395171494367e-06,0.0,True
anticyclonic,0.5,5.140361309051514,39065.73325072265,0.46874999999999994,0.001992083853515857,0.001992083853515851,-6.071532165918825e-18,1.4623874324377486e-05,0.002006707727840228,0.001992083853515857,3.547092187944517e-06,0.0,True
anticyclonic,0.5,5.140361309051514,44274.497684152346,0.53125,0.0019809808194859646,0.0019809808194859533,-1.1275702593849246e-17,1.7405041883564864e-05,0.0019983858613695183,0.0019809808194859646,4.2216779716936e-06,0.0,True
anticyclonic,0.5,5.140361309051514,49483.26211758203,0.59375,0.001834327300254777,0.0018343273002547657,-1.1275702593849246e-17,1.9763642793178972e-05,0.0018540909430479447,0.001834327300254777,4.7937681493987595e-06,0.0,True
anticyclonic,0.5,5.140361309051514,54692.02655101172,0.65625,0.001484359785792167,0.001484359785792156,-1.1058862159352145e-17,2.259340614367819e-05,0.001506953191935834,0.001484359785792167,5.480141079830432e-06,0.0,True
anticyclonic,0.5,5.140361309051514,59900.7909844414,0.71875,0.0009402947672252781,0.0009402947672252697,-8.456776945386935e-18,2.6574510373620434e-05,0.0009668692775988901,0.0009402947672252781,6.445777367464635e-06,0.0,True
anticyclonic,0.5,5.140361309051514,65109.555417871095,0.78125,0.00033311476307397697,0.00033311476307396813,-8.836247705756861e-18,3.111299690167579e-05,0.0003642277599756439,0.00033311476307397697,7.546609455574217e-06,0.0,True
anticyclonic,0.5,5.140361309051514,70318.31985130078,0.84375,-0.00039977660132190396,-0.00039977660132191323,-9.269928574751063e-18,3.5450858528820546e-05,-0.0003643257427930927,-0.00039977660132190396,8.598778993463381e-06,0.0,True
anticyclonic,0.5,5.140361309051514,75527.08428473047,0.9062500000000001,-0.001520297365894393,-0.0015202973658944006,-7.589415207398531e-18,4.02800913464179e-05,-0.0014800172745479828,-0.001520297365894393,9.770133015051915e-06,0.0,True
anticyclonic,0.5,5.140361309051514,80735.84871816015,0.96875,-0.002770470023574744,-0.002770470023574748,-4.336808689942018e-18,4.576042221552256e-05,-0.0027247096013592255,-0.002770470023574744,1.1099414051114143e-05,0.0,True
anticyclonic,0.5,5.140361309051514,85944.61315158985,1.03125,-0.004153735071015371,-0.00415373507101537,8.673617379884035e-19,5.1883281021327564e-05,-0.0041018517899940425,-0.004153735071015371,1.2584543378419324e-05,0.0,True
anticyclonic,0.5,5.140361309051514,91153.37758501952,1.09375,-0.005965229962747793,-0.00596522996274779,2.6020852139652106e-18,5.771127244856771e-05,-0.005907518690299223,-0.005965229962747793,1.3998151181962256e-05,0.0,True
anticyclonic,0.5,5.140361309051514,96362.14201844922,1.15625,-0.008573838982093879,-0.00857383898209387,8.673617379884035e-18,6.312123785709201e-05,-0.008510717744236777,-0.008573838982093879,1.531036473166694e-05,0.0,True
anticyclonic,0.5,5.140361309051514,101570.90645187891,1.21875,-0.010045214821832042,-0.01004521482183203,1.214306433183765e-17,6.139074850183407e-05,-0.009983824073330195,-0.010045214821832042,1.4890626081210655e-05,0.0,True
anticyclonic,0.5,5.140361309051514,106779.67088530859,1.28125,-0.010406953684602687,-0.01040695368460267,1.734723475976807e-17,5.681719266897556e-05,-0.010350136491933695,-0.010406953684602687,1.3781287761828518e-05,0.0,True
anticyclonic,0.5,5.140361309051514,111988.43531873828,1.34375,-0.010619083373750348,-0.01061908337375032,2.7755575615628914e-17,5.141662519421818e-05,-0.010567666748556102,-0.010619083373750348,1.2471353726889071e-05,0.0,True
anticyclonic,0.5,5.140361309051514,117197.19975216797,1.40625,-0.01077490222456755,-0.010774902224567518,3.122502256758253e-17,4.2908160552131373e-05,-0.010731994064015387,-0.01077490222456755,1.0407584044935585e-05,0.0,True
anticyclonic,0.5,5.140361309051514,122405.96418559765,1.46875,-0.011331849508880224,-0.011331849508880183,4.163336342344337e-17,3.250682909598744e-05,-0.011299342679784195,-0.011331849508880224,7.884690266314423e-06,0.0,True
anticyclonic,0.5,5.140361309051514,127614.72861902734,1.53125,-0.012179862681081748,-0.012179862681081703,4.5102810375396984e-17,2.236408824486384e-05,-0.01215749859283684,-0.012179862681081748,5.424518902738532e-06,0.0,True
anticyclonic,0.5,5.140361309051514,132823.49305245702,1.59375,-0.013475452183447876,-0.013475452183447827,4.85722573273506e-17,1.178427115146355e-05,-0.013463667912296364,-0.013475452183447876,2.8583325604964576e-06,0.0,True
anticyclonic,0.5,5.140361309051514,138032.25748588672,1.65625,-0.015097527922959935,-0.015097527922959878,5.724587470723463e-17,3.914234928233212e-06,-0.015093613688031644,-0.015097527922959935,9.494168116975131e-07,0.0,True
anticyclonic,0.5,5.140361309051514,143241.0219193164,1.71875,-0.017017872048283856,-0.017017872048283783,7.28583859910259e-17,-3.2063619331938505e-06,-0.017021078410216977,-0.017017872048283856,-7.777187571966315e-07,0.0,True
anticyclonic,0.5,5.140361309051514,148449.7863527461,1.7812500000000002,-0.01937225174917278,-0.019372251749172707,7.28583859910259e-17,-1.0737030290353376e-05,-0.01938298877946306,-0.01937225174917278,-2.604319171503639e-06,0.0,True
anticyclonic,0.5,5.140361309051514,153658.55078617577,1.8437499999999998,-0.02205844108492758,-0.022058441084927504,7.632783294297951e-17,-1.5339844712335903e-05,-0.02207378092963984,-0.02205844108492758,-3.72075430467192e-06,0.0,True
anticyclonic,0.5,5.140361309051514,158867.31521960546,1.90625,-0.024959080197422632,-0.024959080197422538,9.367506770274758e-17,-1.3663949703808055e-05,-0.024972744147126347,-0.024959080197422632,-3.3142577798313734e-06,0.0,True
anticyclonic,0.5,5.140361309051514,164076.07965303515,1.96875,-0.02786026942290472,-0.02786026942290459,1.3183898417423734e-16,-1.0178181242545128e-05,-0.027870447604147135,-0.02786026942290472,-2.4687676037213268e-06,0.0,True
anticyclonic,0.5,5.140361309051514,169284.84408646484,2.03125,-0.030608324432385498,-0.030608324432385335,1.6306400674181987e-16,-2.921724988458932e-06,-0.030611246157373793,-0.030608324432385498,-7.086786751585493e-07,0.0,True
anticyclonic,0.5,5.140361309051514,174493.60851989454,2.09375,-0.033226118767711976,-0.033226118767711824,1.5265566588595902e-16,5.276461963564451e-06,-0.03322084230574826,-0.033226118767711976,1.279831636664627e-06,0.0,True
anticyclonic,0.5,5.140361309051514,179702.37295332423,2.15625,-0.03594420926928625,-0.035944209269286084,1.6653345369377348e-16,1.7935893951991134e-05,-0.03592627337533409,-0.03594420926928625,4.350438735298505e-06,0.0,True
anticyclonic,0.5,5.140361309051514,184911.1373867539,2.21875,-0.03841911228311762,-0.038419112283117396,2.220446049250313e-16,3.357790009010602e-05,-0.03838553438302729,-0.03841911228311762,8.144483770532308e-06,0.0,True
anticyclonic,0.5,5.140361309051514,190119.9018201836,2.28125,-0.040464676960565174,-0.04046467696056495,2.220446049250313e-16,5.008302943632772e-05,-0.040414593931128624,-0.040464676960565174,1.2147883558193502e-05,0.0,True
anticyclonic,0.5,5.140361309051514,195328.66625361328,2.34375,-0.04194990689466034,-0.04194990689466015,1.942890293094024e-16,6.574889560238161e-05,-0.041884157999057765,-0.04194990689466034,1.5947715959813894e-05,0.0,True
anticyclonic,0.5,5.140361309051514,200537.43068704297,2.40625,-0.04282476242098334,-0.04282476242098315,1.8735013540549517e-16,7.961659559798939e-05,-0.04274514582538516,-0.04282476242098334,1.931139436870042e-05,0.0,True
anticyclonic,0.5,5.140361309051514,205746.19512047266,2.46875,-0.04425500804155345,-0.04425500804155327,1.734723475976807e-16,9.592372876557662e-05,-0.0441590843127877,-0.04425500804155345,2.3266769215576496e-05,0.0,True
anticyclonic,0.5,6.543033599853516,2604.3822167148437,0.03125,3.1263157626773128e-06,3.1263157626773128e-06,0.0,4.3998922314638746e-07,3.5663049858237004e-06,3.1263157626773128e-06,3.898718544256119e-07,1.0,False
anticyclonic,0.5,6.543033599853516,7813.146650144531,0.09375,0.00016407443038002112,0.000164074430380021,-1.0842021724855044e-19,1.6816112238924677e-06,0.0001657560416039135,0.00016407443038002112,1.490065782960671e-06,0.0,True
anticyclonic,0.5,6.543033599853516,13021.911083574218,0.15625,0.00030695483962622035,0.00030695483962621986,-4.87890977618477e-19,4.322928623759252e-06,0.0003112777682499791,0.00030695483962622035,3.830521545601215e-06,0.0,True
anticyclonic,0.5,6.543033599853516,18230.675517003907,0.21875,0.0003910215580976917,0.00039102155809769303,1.3010426069826053e-18,7.197606517614423e-06,0.00039821916461530745,0.0003910215580976917,6.37775666499582e-06,0.0,True
anticyclonic,0.5,6.543033599853516,23439.439950433592,0.28125,0.0004473111212954732,0.00044731112129547235,-8.673617379884035e-19,1.0610596845159031e-05,0.0004579217181406314,0.0004473111212954732,9.401987255511405e-06,0.0,True
anticyclonic,0.5,6.543033599853516,28648.20438386328,0.34375,0.0004906427217211379,0.0004906427217211394,1.4094628242311558e-18,1.541355464153995e-05,0.0005060562763626793,0.0004906427217211379,1.3657859818508189e-05,0.0,True
anticyclonic,0.5,6.543033599853516,33856.96881729297,0.40625,0.0004906676017063167,0.0004906676017063148,-1.8431436932253575e-18,2.189484059929327e-05,0.0005125624423056081,0.0004906676017063167,1.9400889062138682e-05,0.0,True
anticyclonic,0.5,6.543033599853516,39065.73325072265,0.46874999999999994,0.00042090405356431655,0.0004209040535643163,-2.710505431213761e-19,2.83064086446876e-05,0.0004492104622090039,0.00042090405356431655,2.5082141675006018e-05,0.0,True
anticyclonic,0.5,6.543033599853516,44274.497684152346,0.53125,0.0002971509366561715,0.00029715093665616955,-1.951563910473908e-18,3.364160073794469e-05,0.00033079253739411423,0.0002971509366561715,2.9809623907958258e-05,0.0,True
anticyclonic,0.5,6.543033599853516,49483.26211758203,0.59375,0.00018302670095660743,0.00018302670095660386,-3.577867169202165e-18,3.8715477272259485e-05,0.00022174217822886334,0.00018302670095660743,3.430555596605268e-05,0.0,True
anticyclonic,0.5,6.543033599853516,54692.02655101172,0.65625,2.3168817907074114e-06,2.3168817906996086e-06,-7.802867510106615e-18,4.419513783890044e-05,4.6512019629600054e-05,2.3168817907074114e-06,3.916105086081838e-05,0.0,True
anticyclonic,0.5,6.543033599853516,59900.7909844414,0.71875,-0.0003124465834146978,-0.00031244658341469933,-1.5178830414797062e-18,5.1703741578031394e-05,-0.0002607428418366679,-0.0003124465834146978,4.5814380328726966e-05,0.0,True
anticyclonic,0.5,6.543033599853516,65109.555417871095,0.78125,-0.0006916628740248538,-0.0006916628740248568,-3.0357660829594124e-18,6.0266601378492816e-05,-0.000631396272646364,-0.0006916628740248538,5.3401879871827604e-05,0.0,True
anticyclonic,0.5,6.543033599853516,70318.31985130078,0.84375,-0.0010577175511302871,-0.001057717551130288,-8.673617379884035e-19,6.903179462994814e-05,-0.0009886857565003398,-0.0010577175511302871,6.116866589196335e-05,0.0,True
anticyclonic,0.5,6.543033599853516,75527.08428473047,0.9062500000000001,-0.0014670315624474716,-0.0014670315624474711,4.336808689942018e-19,7.837641942747426e-05,-0.0013886551430199968,-0.0014670315624474716,6.944888278607337e-05,0.0,True
anticyclonic,0.5,6.543033599853516,80735.84871816015,0.96875,-0.0019970853356749674,-0.0019970853356749796,-1.214306433183765e-17,8.858518455364406e-05,-0.0019085001511213355,-0.0019970853356749674,7.849480932644032e-05,0.0,True
anticyclonic,0.5,6.543033599853516,85944.61315158985,1.03125,-0.0025373400896251622,-0.0025373400896251696,-7.37257477290143e-18,9.981569551162783e-05,-0.0024375243941135417,-0.0025373400896251622,8.844609881945487e-05,0.0,True
anticyclonic,0.5,6.543033599853516,91153.37758501952,1.09375,-0.003104914682376807,-0.0031049146823768055,1.3010426069826053e-18,0.00011074107858554747,-0.002994173603791258,-0.003104914682376807,9.812701629484059e-05,0.0,True
anticyclonic,0.5,6.543033599853516,96362.14201844922,1.15625,-0.003968233639484482,-0.003968233639484482,0.0,0.00012034317506776531,-0.0038478904644167165,-0.003968233639484482,0.0001066353773295162,0.0,True
anticyclonic,0.5,6.543033599853516,101570.90645187891,1.21875,-0.004486018311567397,-0.004486018311567395,2.6020852139652106e-18,0.00011697809521027428,-0.004369040216357121,-0.004486018311567397,0.00010365359992381414,0.0,True
anticyclonic,0.5,6.543033599853516,106779.67088530859,1.28125,-0.004487385549539967,-0.004487385549539965,2.6020852139652106e-18,0.00010882356408332775,-0.004378561985456637,-0.004487385549539967,9.642791800892717e-05,0.0,True
anticyclonic,0.5,6.543033599853516,111988.43531873828,1.34375,-0.004307789949457034,-0.0043077899494570315,2.6020852139652106e-18,9.9392313111289e-05,-0.004208397636345743,-0.004307789949457034,8.807094217272867e-05,0.0,True
anticyclonic,0.5,6.543033599853516,117197.19975216797,1.40625,-0.004071784801361324,-0.00407178480136132,3.469446951953614e-18,8.454572286179197e-05,-0.003987239078499528,-0.004071784801361324,7.491546615657449e-05,0.0,True
anticyclonic,0.5,6.543033599853516,122405.96418559765,1.46875,-0.004010043198078715,-0.0040100431980787206,-5.204170427930421e-18,6.629539606295874e-05,-0.003943747802015762,-0.004010043198078715,5.874395926817225e-05,0.0,True
anticyclonic,0.5,6.543033599853516,127614.72861902734,1.53125,-0.004036209143925171,-0.0040362091439251485,2.2551405187698492e-17,4.836518814952884e-05,-0.00398784395577562,-0.004036209143925171,4.285610783522951e-05,0.0,True
anticyclonic,0.5,6.543033599853516,132823.49305245702,1.59375,-0.004209035280369266,-0.004209035280369266,0.0,2.9450173209201235e-05,-0.004179585107160064,-0.004209035280369266,2.609562470671398e-05,0.0,True
anticyclonic,0.5,6.543033599853516,138032.25748588672,1.65625,-0.004478028190993878,-0.00447802819099387,7.806255641895632e-18,1.546208214944253e-05,-0.004462566108844428,-0.004478028190993878,1.3700859756918812e-05,0.0,True
anticyclonic,0.5,6.543033599853516,143241.0219193164,1.71875,-0.0048667718642524905,-0.004866771864252476,1.474514954580286e-17,2.7746404591522673e-06,-0.004863997223793323,-0.0048667718642524905,2.4585925387861574e-06,0.0,True
anticyclonic,0.5,6.543033599853516,148449.7863527461,1.7812500000000002,-0.005303461222799525,-0.005303461222799516,9.540979117872439e-18,-1.0698973596517481e-05,-0.005314160196396033,-0.005303461222799525,-9.480297373413467e-06,0.0,True
anticyclonic,0.5,6.543033599853516,153658.55078617577,1.8437499999999998,-0.006002684459856267,-0.006002684459856258,8.673617379884035e-18,-1.8844579100499902e-05,-0.006021529038956758,-0.006002684459856267,-1.6698070346458552e-05,0.0,True
anticyclonic,0.5,6.543033599853516,158867.31521960546,1.90625,-0.006799935961982354,-0.006799935961982334,1.9949319973733282e-17,-1.642450574560891e-05,-0.006816360467727943,-0.006799935961982354,-1.4553657626596436e-05,0.0,True
anticyclonic,0.5,6.543033599853516,164076.07965303515,1.96875,-0.007515148512749546,-0.007515148512749516,3.0357660829594124e-17,-1.2325718617528066e-05,-0.007527474231367044,-0.007515148512749546,-1.0921746537744516e-05,0.0,True
anticyclonic,0.5,6.543033599853516,169284.84408646484,2.03125,-0.008427292150272476,-0.008427292150272476,0.0,6.127899897656348e-08,-0.0084272308712735,-0.008427292150272476,5.429895940971558e-08,0.0,True
anticyclonic,0.5,6.543033599853516,174493.60851989454,2.09375,-0.009347603002182672,-0.009347603002182665,6.938893903907228e-18,1.5396572293506472e-05,-0.009332206429889158,-0.009347603002182672,1.3642811860121921e-05,0.0,True
anticyclonic,0.5,6.543033599853516,179702.37295332423,2.15625,-0.009983830180081827,-0.009983830180081768,5.898059818321144e-17,3.8353661049032405e-05,-0.009945476519032735,-0.009983830180081827,3.3984952745587256e-05,0.0,True
anticyclonic,0.5,6.543033599853516,184911.1373867539,2.21875,-0.010449808614347283,-0.01044980861434729,-6.938893903907228e-18,6.384387608254472e-05,-0.010385964738264745,-0.010449808614347283,5.657168187898842e-05,0.0,True
anticyclonic,0.5,6.543033599853516,190119.9018201836,2.28125,-0.011059957646918807,-0.01105995764691882,-1.214306433183765e-17,9.1086007806134e-05,-0.010968871639112684,-0.011059957646918807,8.071077405409127e-05,0.0,True
anticyclonic,0.5,6.543033599853516,195328.66625361328,2.34375,-0.011818583161602413,-0.011818583161602388,2.42861286636753e-17,0.000116330073682299,-0.011702253087920089,-0.011818583161602413,0.00010307939187159693,0.0,True
anticyclonic,0.5,6.543033599853516,200537.43068704297,2.40625,-0.012647257250654964,-0.012647257250654891,7.28583859910259e-17,0.00013908562111140843,-0.012508171629543484,-0.012647257250654964,0.00012324294817694117,0.0,True
anticyclonic,0.5,6.543033599853516,205746.19512047266,2.46875,-0.013643411295967005,-0.013643411295966941,6.418476861114186e-17,0.00016584455693244922,-0.013477566739034491,-0.013643411295967005,0.00014695388331394595,0.0,True
anticyclonic,0.5,8.09251880645752,2604.3822167148437,0.03125,3.188273954227895e-06,3.1882739542278953e-06,4.235164736271502e-22,7.326046703809685e-07,3.920878624608864e-06,3.188273954227895e-06,6.650644472801485e-07,0.0,True
anticyclonic,0.5,8.09251880645752,7813.146650144531,0.09375,-0.00048588195033535904,-0.00048588195033535915,-1.0842021724855044e-19,3.3561560407875864e-06,-0.00048252579429457155,-0.00048588195033535904,3.0467456085034423e-06,0.0,True
anticyclonic,0.5,8.09251880645752,13021.911083574218,0.15625,-0.00095209553528031,-0.0009520955352803096,4.336808689942018e-19,9.986155839204355e-06,-0.0009421093794411053,-0.00095209553528031,9.065513068870005e-06,0.0,True
anticyclonic,0.5,8.09251880645752,18230.675517003907,0.21875,-0.0013952481153552568,-0.0013952481153552568,0.0,1.684065163015055e-05,-0.0013784074637251062,-0.0013952481153552568,1.5288079807653057e-05,0.0,True
anticyclonic,0.5,8.09251880645752,23439.439950433592,0.28125,-0.0018270517248704747,-0.001827051724870477,-2.168404344971009e-18,2.4044078038376266e-05,-0.0018030076468321006,-0.0018270517248704747,2.182740858400195e-05,0.0,True
anticyclonic,0.5,8.09251880645752,28648.20438386328,0.34375,-0.0022422905449112278,-0.002242290544911227,8.673617379884035e-19,3.4787477151935074e-05,-0.0022075030677592916,-0.0022422905449112278,3.158035322419031e-05,0.0,True
anticyclonic,0.5,8.09251880645752,33856.96881729297,0.40625,-0.0026107095028560057,-0.002610709502856,5.637851296924623e-18,4.906702892011082e-05,-0.002561642473935889,-0.0026107095028560057,4.4543445855269964e-05,0.0,True
anticyclonic,0.5,8.09251880645752,39065.73325072265,0.46874999999999994,-0.002922774234564532,-0.0029227742345645296,2.168404344971009e-18,6.380854607204278e-05,-0.0028589656884924868,-0.002922774234564532,5.792591439948789e-05,0.0,True
anticyclonic,0.5,8.09251880645752,44274.497684152346,0.53125,-0.0031795793701889083,-0.0031795793701889096,-1.3010426069826053e-18,7.657674116546641e-05,-0.0031030026290234432,-0.0031795793701889083,6.951698521283262e-05,0.0,True
anticyclonic,0.5,8.09251880645752,49483.26211758203,0.59375,-0.0033612612493536267,-0.0033612612493536314,-4.7704895589362195e-18,8.864098099463326e-05,-0.003272620268358998,-0.0033612612493536267,8.046899974157925e-05,0.0,True
anticyclonic,0.5,8.09251880645752,54692.02655101172,0.65625,-0.0035125310134808256,-0.0035125310134808243,1.3010426069826053e-18,0.00010147889841438718,-0.003411052115066437,-0.0035125310134808256,9.212336504689035e-05,0.0,True
anticyclonic,0.5,8.09251880645752,59900.7909844414,0.71875,-0.003674765508496858,-0.0036747655084968535,4.336808689942018e-18,0.00011848979141644445,-0.003556275717080409,-0.003674765508496858,0.00010756599134938419,0.0,True
anticyclonic,0.5,8.09251880645752,65109.555417871095,0.78125,-0.0038136839008372494,-0.003813683900837251,-1.734723475976807e-18,0.0001379734502425756,-0.0036757104505946757,-0.0038136839008372494,0.00012525341447413378,0.0,True
anticyclonic,0.5,8.09251880645752,70318.31985130078,0.84375,-0.0038772563225265774,-0.003877256322526575,2.6020852139652106e-18,0.0001583766012716582,-0.0037188797212549165,-0.0038772563225265774,0.00014377556006033905,0.0,True
anticyclonic,0.5,8.09251880645752,75527.08428473047,0.9062500000000001,-0.0038995170399921423,-0.0038995170399921363,6.071532165918825e-18,0.00017938595186067175,-0.0037201310881314646,-0.0038995170399921423,0.0001628480185118135,0.0,True
anticyclonic,0.5,8.09251880645752,80735.84871816015,0.96875,-0.003917331376295798,-0.0039173313762958,-1.734723475976807e-18,0.00020220217467242026,-0.0037151292016233796,-0.003917331376295798,0.00018356077018649958,0.0,True
anticyclonic,0.5,8.09251880645752,85944.61315158985,1.03125,-0.003944253076417826,-0.003944253076417817,8.673617379884035e-18,0.00022700213908101756,-0.0037172509373368,-0.003944253076417826,0.00020607437853326882,0.0,True
anticyclonic,0.5,8.09251880645752,91153.37758501952,1.09375,-0.003992829419207298,-0.003992829419207289,8.673617379884035e-18,0.0002509053538100854,-0.003741924065397204,-0.003992829419207298,0.00022777391026535478,0.0,True
anticyclonic,0.5,8.09251880645752,96362.14201844922,1.15625,-0.004192793494731248,-0.004192793494731242,6.071532165918825e-18,0.0002709226541341334,-0.0039218708405971085,-0.004192793494731248,0.00024594577745960957,0.0,True
anticyclonic,0.5,8.09251880645752,101570.90645187891,1.21875,-0.004375474282103135,-0.00437547428210314,-5.204170427930421e-18,0.00026397298665695775,-0.004111501295446182,-0.004375474282103135,0.00023963681309403274,0.0,True
anticyclonic,0.5,8.09251880645752,106779.67088530859,1.28125,-0.004333369627094637,-0.004333369627094633,3.469446951953614e-18,0.00024850624499567984,-0.004084863382098953,-0.004333369627094637,0.0002255959798724352,0.0,True
anticyclonic,0.5,8.09251880645752,111988.43531873828,1.34375,-0.004178750021647613,-0.004178750021647605,7.806255641895632e-18,0.00023067113259197063,-0.0039480788890556345,-0.004178750021647613,0.00020940512052835815,0.0,True
anticyclonic,0.5,8.09251880645752,117197.19975216797,1.40625,-0.003996117434981823,-0.003996117434981821,1.734723475976807e-18,0.00020161552032744884,-0.0037945019146543722,-0.003996117434981823,0.00018302820062551106,0.0,True
anticyclonic,0.5,8.09251880645752,122405.96418559765,1.46875,-0.0038417827356556225,-0.0038417827356556186,3.903127820947816e-18,0.00016608690647512857,-0.00367569582918049,-0.0038417827356556225,0.00015077503750817006,0.0,True
anticyclonic,0.5,8.09251880645752,127614.72861902734,1.53125,-0.0037287604069667613,-0.0037287604069667544,6.938893903907228e-18,0.0001312827695828601,-0.0035974776373838943,-0.0037287604069667613,0.00011917956043691106,0.0,True
anticyclonic,0.5,8.09251880645752,132823.49305245702,1.59375,-0.0035940574675437423,-0.0035940574675437445,-2.168404344971009e-18,9.357808952208238e-05,-0.003500479378021662,-0.0035940574675437423,8.495094680896907e-05,0.0,True
anticyclonic,0.5,8.09251880645752,138032.25748588672,1.65625,-0.003482189378995322,-0.0034821893789953122,9.540979117872439e-18,6.517794598373699e-05,-0.003417011433011575,-0.003482189378995322,5.91690667191459e-05,0.0,True
anticyclonic,0.5,8.09251880645752,143241.0219193164,1.71875,-0.003362295553812084,-0.003362295553812082,1.734723475976807e-18,3.864871831756134e-05,-0.0033236468354945208,-0.003362295553812084,3.508561919566875e-05,0.0,True
anticyclonic,0.5,8.09251880645752,148449.7863527461,1.7812500000000002,-0.0032187108999374493,-0.0032187108999374467,2.6020852139652106e-18,1.1198089032161951e-05,-0.003207512810905285,-0.0032187108999374493,1.0165715827194856e-05,0.0,True
anticyclonic,0.5,8.09251880645752,153658.55078617577,1.8437499999999998,-0.0030432672647831664,-0.0030432672647831495,1.691355389077387e-17,-5.081921562051231e-06,-0.0030483491863452007,-0.0030432672647831664,-4.613409511884639e-06,0.0,True
anticyclonic,0.5,8.09251880645752,158867.31521960546,1.90625,-0.002889627226134372,-0.002889627226134358,1.431146867680866e-17,-9.921346202201212e-07,-0.0028906193607545778,-0.002889627226134372,-9.006678356023431e-07,0.0,True
anticyclonic,0.5,8.09251880645752,164076.07965303515,1.96875,-0.0027570119208366758,-0.0027570119208367083,-3.252606517456513e-17,6.387588942803405e-06,-0.002750624331893905,-0.0027570119208366758,5.798704924293221e-06,0.0,True
anticyclonic,0.5,8.09251880645752,169284.84408646484,2.03125,-0.0026735729954821944,-0.002673572995482188,6.5052130349130266e-18,2.9992184146334984e-05,-0.002643580811335853,-0.0026735729954821944,2.7227147434965195e-05,0.0,True
anticyclonic,0.5,8.09251880645752,174493.60851989454,2.09375,-0.002503412018241081,-0.002503412018241079,2.168404344971009e-18,5.9406809178269264e-05,-0.0024440052090628096,-0.002503412018241081,5.392998203284355e-05,0.0,True
anticyclonic,0.5,8.09251880645752,179702.37295332423,2.15625,-0.002233530727894403,-0.002233530727894463,-6.028164079019405e-17,0.00010178125060375317,-0.00213174947729071,-0.002233530727894403,9.239784281073e-05,0.0,True
anticyclonic,0.5,8.09251880645752,184911.1373867539,2.21875,-0.0018388704824939916,-0.001838870482493968,2.3635607360183997e-17,0.00015143493598302903,-0.001687435546510939,-0.0018388704824939916,0.00013747386014627052,0.0,True
anticyclonic,0.5,8.09251880645752,190119.9018201836,2.28125,-0.0014618466793938061,-0.0014618466793938124,-6.288372600415926e-18,0.00020527101936359212,-0.0012565756600302204,-0.0014618466793938061,0.00018634669222718418,0.0,True
anticyclonic,0.5,8.09251880645752,195328.66625361328,2.34375,-0.0011401571162747085,-0.0011401571162747413,-3.2742905609062234e-17,0.0002533555506511705,-0.0008868015656235708,-0.0011401571162747085,0.0002299982187822476,0.0,True
anticyclonic,0.5,8.09251880645752,200537.43068704297,2.40625,-0.0009964579093978266,-0.0009964579093978076,1.9081958235744878e-17,0.00029492390482676527,-0.0007015340045710423,-0.0009964579093978266,0.00026773430703262843,0.0,True
anticyclonic,0.5,8.09251880645752,205746.19512047266,2.46875,-0.0010816743174803924,-0.001081674317480429,-3.664603343001005e-17,0.0003457982429224725,-0.0007358760745579565,-0.0010816743174803924,0.000313918442780453,0.0,True
anticyclonic,0.5,9.822750091552734,2604.3822167148437,0.03125,3.7468745507274974e-06,3.7468745507274983e-06,8.470329472543003e-22,1.7136992359047698e-06,5.460573786632268e-06,3.7468745507274974e-06,6.038039364267537e-07,0.0,True
anticyclonic,0.5,9.822750091552734,7813.146650144531,0.09375,-3.285264778943442e-05,-3.2852647789434415e-05,6.776263578034403e-21,7.26575186021436e-06,-2.5586895929220056e-05,-3.285264778943442e-05,2.5600113966213083e-06,0.0,True
anticyclonic,0.5,9.822750091552734,13021.911083574218,0.15625,-2.6914970313080257e-05,-2.6914970313079824e-05,4.336808689942018e-19,2.075410241746775e-05,-6.160867895612073e-06,-2.6914970313080257e-05,7.312490123189506e-06,0.0,True
anticyclonic,0.5,9.822750091552734,18230.675517003907,0.21875,3.766490335144463e-05,3.7664903351444636e-05,6.776263578034403e-21,3.505801727358224e-05,7.272292062502687e-05,3.766490335144463e-05,1.2352324369176761e-05,0.0,True
anticyclonic,0.5,9.822750091552734,23439.439950433592,0.28125,0.00014020582370364714,0.00014020582370364795,8.131516293641283e-19,4.976859779229479e-05,0.00018997442149594273,0.00014020582370364714,1.75354429924583e-05,0.0,True
anticyclonic,0.5,9.822750091552734,28648.20438386328,0.34375,0.0002624711939266499,0.00026247119392664933,-5.421010862427522e-19,7.252905565480403e-05,0.0003350002495814534,0.0002624711939266499,2.5554851395241773e-05,0.0,True
anticyclonic,0.5,9.822750091552734,33856.96881729297,0.40625,0.0003976167498446645,0.000397616749844669,4.4994390158148434e-18,0.00010170390279939697,0.000499320652644066,0.0003976167498446645,3.583430252731485e-05,0.0,True
anticyclonic,0.5,9.822750091552734,39065.73325072265,0.46874999999999994,0.0005363772776701885,0.0005363772776701909,2.3852447794681098e-18,0.00013138058476929118,0.0006677578624394821,0.0005363772776701885,4.6290569892134255e-05,0.0,True
anticyclonic,0.5,9.822750091552734,44274.497684152346,0.53125,0.0006790545001722697,0.0006790545001722726,2.927345865710862e-18,0.0001574500245441546,0.0008365045247164273,0.0006790545001722697,5.547586333611023e-05,0.0,True
anticyclonic,0.5,9.822750091552734,49483.26211758203,0.59375,0.0008174322190154156,0.000817432219015417,1.4094628242311558e-18,0.00018327613471656948,0.0010007083537319865,0.0008174322190154156,6.457542214898566e-05,0.0,True
anticyclonic,0.5,9.822750091552734,54692.02655101172,0.65625,0.0009231543197221701,0.000923154319722179,8.890457814381136e-18,0.0002106374456892224,0.0011337917654114015,0.0009231543197221701,7.421589284824576e-05,0.0,True
anticyclonic,0.5,9.822750091552734,59900.7909844414,0.71875,0.00097516418015963,0.0009751641801596356,5.637851296924623e-18,0.00024485951730586025,0.001220023697465496,0.00097516418015963,8.627368054043358e-05,0.0,True
anticyclonic,0.5,9.822750091552734,65109.555417871095,0.78125,0.0009485870868733976,0.000948587086873401,3.469446951953614e-18,0.00028376335326824276,0.0012323504401416437,0.0009485870868733976,9.998103875360642e-05,0.0,True
anticyclonic,0.5,9.822750091552734,70318.31985130078,0.84375,0.0008468135843554805,0.0008468135843554862,5.637851296924623e-18,0.0003252474831260524,0.0011720610674815384,0.0008468135843554805,0.00011459753643451919,0.0,True
anticyclonic,0.5,9.822750091552734,75527.08428473047,0.9062500000000001,0.0006276374803209976,0.0006276374803210011,3.469446951953614e-18,0.00036836030047833674,0.0009959977807993377,0.0006276374803209976,0.00012978788505716603,0.0,True
anticyclonic,0.5,9.822750091552734,80735.84871816015,0.96875,0.00029428685840245285,0.00029428685840246537,1.2522535092207576e-17,0.0004146302282111027,0.0007089170866135681,0.00029428685840245285,0.00014609060838100254,0.0,True
anticyclonic,0.5,9.822750091552734,85944.61315158985,1.03125,-0.0001319617853032414,-0.0001319617853032289,1.2495430037895439e-17,0.0004634289283968312,0.0003314671430936023,-0.0001319617853032414,0.00016328431813316652,0.0,True
anticyclonic,0.5,9.822750091552734,91153.37758501952,1.09375,-0.0006696651193569123,-0.0006696651193569092,3.144186300207963e-18,0.0005103807335943202,-0.00015928438576258896,-0.0006696651193569123,0.00017982729382377445,0.0,True
anticyclonic,0.5,9.822750091552734,96362.14201844922,1.15625,-0.0015895660219511388,-0.001589566021951137,1.734723475976807e-18,0.0005472060150999297,-0.0010423600068512073,-0.0015895660219511388,0.00019280229519346985,0.0,True
anticyclonic,0.5,9.822750091552734,101570.90645187891,1.21875,-0.0025290076788040384,-0.002529007678804035,3.469446951953614e-18,0.0005339711700942804,-0.0019950365087097544,-0.0025290076788040384,0.0001881391364868664,0.0,True
anticyclonic,0.5,9.822750091552734,106779.67088530859,1.28125,-0.003202723934559948,-0.0032027239345599474,4.336808689942018e-19,0.0005052568478935314,-0.002697467086666416,-0.003202723934559948,0.0001780219464844535,0.0,True
anticyclonic,0.5,9.822750091552734,111988.43531873828,1.34375,-0.003759225040819757,-0.0037592250408197635,-6.5052130349130266e-18,0.00047272775566416545,-0.003286497285155598,-0.003759225040819757,0.00016656066230753068,0.0,True
anticyclonic,0.5,9.822750091552734,117197.19975216797,1.40625,-0.004322319405860055,-0.004322319405860053,1.734723475976807e-18,0.0004192852758080905,-0.0039030341300519624,-0.004322319405860055,0.00014773076553601882,0.0,True
anticyclonic,0.5,9.822750091552734,122405.96418559765,1.46875,-0.004974454531870516,-0.004974454531870523,-6.938893903907228e-18,0.0003537204384780566,-0.004620734093392466,-0.004974454531870516,0.00012462968336149534,0.0,True
anticyclonic,0.5,9.822750091552734,127614.72861902734,1.53125,-0.0057218174976199935,-0.0057218174976200195,-2.6020852139652106e-17,0.0002899943370551354,-0.005431823160564884,-0.0057218174976199935,0.00010217646048194178,0.0,True
anticyclonic,0.5,9.822750091552734,132823.49305245702,1.59375,-0.0065116837012883216,-0.006511683701288311,1.0408340855860843e-17,0.000219413222248527,-0.006292270479039784,-0.0065116837012883216,7.73079455962953e-05,0.0,True
anticyclonic,0.5,9.822750091552734,138032.25748588672,1.65625,-0.007336922299362654,-0.007336922299362669,-1.5612511283791264e-17,0.0001660516516771678,-0.007170870647685502,-0.007336922299362654,5.850655636191791e-05,0.0,True
anticyclonic,0.5,9.822750091552734,143241.0219193164,1.71875,-0.008151220215420193,-0.008151220215420184,8.673617379884035e-18,0.00011580032007621333,-0.008035419895343971,-0.008151220215420193,4.08010271794164e-05,0.0,True
anticyclonic,0.5,9.822750091552734,148449.7863527461,1.7812500000000002,-0.008963355811882191,-0.008963355811882184,6.938893903907228e-18,6.412114764400934e-05,-0.008899234664238174,-0.008963355811882191,2.2592413268605423e-05,0.0,True
anticyclonic,0.5,9.822750091552734,153658.55078617577,1.8437499999999998,-0.009733753708864635,-0.009733753708864654,-1.9081958235744878e-17,3.2400295065464996e-05,-0.009701353413799189,-0.009733753708864635,1.1415903848254516e-05,0.0,True
anticyclonic,0.5,9.822750091552734,158867.31521960546,1.90625,-0.010462309377189727,-0.010462309377189755,-2.7755575615628914e-17,3.797972377582044e-05,-0.010424329653413934,-0.010462309377189727,1.3381756984990275e-05,0.0,True
anticyclonic,0.5,9.822750091552734,164076.07965303515,1.96875,-0.011041446333325133,-0.011041446333325178,-4.5102810375396984e-17,4.981989534264653e-05,-0.010991626437982531,-0.011041446333325133,1.755351714583509e-05,0.0,True
anticyclonic,0.5,9.822750091552734,169284.84408646484,2.03125,-0.0115154021908851,-0.01151540219088507,3.122502256758253e-17,9.096981646332192e-05,-0.011424432374421747,-0.0115154021908851,3.205225988653322e-05,0.0,True
anticyclonic,0.5,9.822750091552734,174493.60851989454,2.09375,-0.011869679215419579,-0.011869679215419607,-2.7755575615628914e-17,0.00014286730406112009,-0.011726811911358487,-0.011869679215419579,5.033779485420505e-05,0.0,True
anticyclonic,0.5,9.822750091552734,179702.37295332423,2.15625,-0.012158746300755034,-0.012158746300755115,-8.153200337090993e-17,0.00021851549857165208,-0.011940230802183463,-0.012158746300755034,7.69916420824909e-05,0.0,True
anticyclonic,0.5,9.822750091552734,184911.1373867539,2.21875,-0.012394315444520142,-0.012394315444520134,8.673617379884035e-18,0.000306532271584336,-0.012087783172935797,-0.012394315444520142,0.00010800342810839765,0.0,True
anticyclonic,0.5,9.822750091552734,190119.9018201836,2.28125,-0.012464394628815725,-0.012464394628815732,-6.938893903907228e-18,0.0004015870853153449,-0.012062807543500387,-0.012464394628815725,0.00014149499390045034,0.0,True
anticyclonic,0.5,9.822750091552734,195328.66625361328,2.34375,-0.012223793768654448,-0.01222379376865447,-2.2551405187698492e-17,0.0004890129487931183,-0.011734780819861353,-0.012223793768654448,0.0001722985791547306,0.0,True
anticyclonic,0.5,9.822750091552734,200537.43068704297,2.40625,-0.012043399599146229,-0.012043399599146281,-5.204170427930421e-17,0.0005643119815205867,-0.011479087617625694,-0.012043399599146229,0.00019882940289403633,0.0,True
anticyclonic,0.5,9.822750091552734,205746.19512047266,2.46875,-0.011697365561179644,-0.011697365561179708,-6.418476861114186e-17,0.0006475383217778915,-0.011049827239401816,-0.011697365561179644,0.00022815333022555644,0.0,True
anticyclonic,0.5,11.773679733276367,2604.3822167148437,0.03125,4.309849405391557e-06,4.309849405391557e-06,0.0,2.1991755874756993e-07,4.529766964139127e-06,4.309849405391557e-06,3.6402330930952377e-07,1.0,False
anticyclonic,0.5,11.773679733276367,7813.146650144531,0.09375,0.0006076038536396081,0.0006076038536396083,2.168404344971009e-19,9.634426019611266e-07,0.0006085672962415694,0.0006076038536396081,1.5947592647580854e-06,1.0,False
anticyclonic,0.5,11.773679733276367,13021.911083574218,0.15625,0.0012264849822302569,0.0012264849822302569,0.0,2.6191694708948097e-06,0.0012291041517011516,0.0012264849822302569,4.335437078637263e-06,0.0,True
anticyclonic,0.5,11.773679733276367,18230.675517003907,0.21875,0.0018634655465856688,0.0018634655465856688,0.0,4.46757123336876e-06,0.0018679331178190375,0.0018634655465856688,7.395044189325777e-06,0.0,True
anticyclonic,0.5,11.773679733276367,23439.439950433592,0.28125,0.0025146964786276157,0.0025146964786276174,1.734723475976807e-18,6.283223914611511e-06,0.002520979702542229,0.0025146964786276157,1.0400442672951857e-05,0.0,True
anticyclonic,0.5,11.773679733276367,28648.20438386328,0.34375,0.003157856880099186,0.003157856880099188,2.168404344971009e-18,9.040284729179519e-06,0.0031668971648283676,0.003157856880099186,1.4964127389180762e-05,0.0,True
anticyclonic,0.5,11.773679733276367,33856.96881729297,0.40625,0.0037632671221387035,0.003763267122138701,-2.6020852139652106e-18,1.2547920445129604e-05,0.0037758150425838306,0.0037632671221387035,2.0770217491508892e-05,0.0,True
anticyclonic,0.5,11.773679733276367,39065.73325072265,0.46874999999999994,0.004303571020612814,0.004303571020612817,2.6020852139652106e-18,1.626462210714829e-05,0.004319835642719965,0.004303571020612814,2.692236853587928e-05,0.0,True
anticyclonic,0.5,11.773679733276367,44274.497684152346,0.53125,0.004776071113348956,0.004776071113348962,6.071532165918825e-18,1.9691088223468392e-05,0.00479576220157243,0.004776071113348956,3.259410089778455e-05,0.0,True
anticyclonic,0.5,11.773679733276367,49483.26211758203,0.59375,0.005173032951392959,0.005173032951392971,1.1275702593849246e-17,2.306531516027549e-05,0.005196098266553246,0.005173032951392959,3.817936322469018e-05,0.0,True
anticyclonic,0.5,11.773679733276367,54692.02655101172,0.65625,0.005491753912736154,0.005491753912736161,6.938893903907228e-18,2.6685826826839965e-05,0.005518439739563001,0.005491753912736154,4.417229369264492e-05,0.0,True
anticyclonic,0.5,11.773679733276367,59900.7909844414,0.71875,0.005722281788809244,0.005722281788809247,3.469446951953614e-18,3.1107271641732015e-05,0.0057533890604509795,0.005722281788809244,5.1490986127267196e-05,0.0,True
anticyclonic,0.5,11.773679733276367,65109.555417871095,0.78125,0.00582809766591266,0.005828097665912666,6.071532165918825e-18,3.613392111755472e-05,0.005864231587030221,0.00582809766591266,5.981145670428148e-05,0.0,True
anticyclonic,0.5,11.773679733276367,70318.31985130078,0.84375,0.005792413434220403,0.005792413434220405,1.734723475976807e-18,4.1508222240354466e-05,0.00583392165646076,0.005792413434220403,6.870738521080446e-05,0.0,True
anticyclonic,0.5,11.773679733276367,75527.08428473047,0.9062500000000001,0.0055989160919994235,0.005598916091999424,8.673617379884035e-19,4.707167718931959e-05,0.005645987769188744,0.0055989160919994235,7.791641469098967e-05,0.0,True
anticyclonic,0.5,11.773679733276367,80735.84871816015,0.96875,0.005258885679534152,0.0052588856795341655,1.3877787807814457e-17,5.2922976415676136e-05,0.005311808655949842,0.005258885679534152,8.760190465490599e-05,0.0,True
anticyclonic,0.5,11.773679733276367,85944.61315158985,1.03125,0.004807370007394162,0.0048073700073941635,1.734723475976807e-18,5.908405773687117e-05,0.004866454065131034,0.004807370007394162,9.780016815073198e-05,0.0,True
anticyclonic,0.5,11.773679733276367,91153.37758501952,1.09375,0.004246843541527655,0.00424684354152765,-5.204170427930421e-18,6.494347669034608e-05,0.004311787018217996,0.004246843541527655,0.00010749909846908453,0.0,True
anticyclonic,0.5,11.773679733276367,96362.14201844922,1.15625,0.0034367199990891534,0.0034367199990891534,0.0,6.902198192655575e-05,0.0035057419810157094,0.0034367199990891534,0.00011425013272745144,0.0,True
anticyclonic,0.5,11.773679733276367,101570.90645187891,1.21875,0.002598170563192034,0.0025981705631920415,7.37257477290143e-18,6.700963242165858e-05,0.0026651801956137002,0.002598170563192034,0.00011091914755995561,0.0,True
anticyclonic,0.5,11.773679733276367,106779.67088530859,1.28125,0.001804833436086512,0.001804833436086515,3.0357660829594124e-18,6.358011013226692e-05,0.001868413546218782,0.001804833436086512,0.00010524235640128273,0.0,True
anticyclonic,0.5,11.773679733276367,111988.43531873828,1.34375,0.0010386349857282753,0.0010386349857282756,2.168404344971009e-19,6.008591765825582e-05,0.0010987209033865315,0.0010386349857282753,9.945851851676908e-05,0.0,True
anticyclonic,0.5,11.773679733276367,117197.19975216797,1.40625,0.0002248867130526277,0.00022488671305262794,2.439454888092385e-19,5.400494082872551e-05,0.00027889165388135344,0.0002248867130526277,8.93928497183034e-05,0.0,True
anticyclonic,0.5,11.773679733276367,122405.96418559765,1.46875,-0.0006628547920189546,-0.0006628547920189544,2.168404344971009e-19,4.640122656370612e-05,-0.0006164535654552483,-0.0006628547920189546,7.680663675031783e-05,0.0,True
anticyclonic,0.5,11.773679733276367,127614.72861902734,1.53125,-0.0015826274897004678,-0.0015826274897004678,0.0,3.901602057085039e-05,-0.0015436114691296174,-0.0015826274897004678,6.45821143394552e-05,0.0,True
anticyclonic,0.5,11.773679733276367,132823.49305245702,1.59375,-0.0025455712567291626,-0.002545571256729169,-6.5052130349130266e-18,3.093458669968296e-05,-0.002514636670029486,-0.0025455712567291626,5.1205145631262165e-05,0.0,True
anticyclonic,0.5,11.773679733276367,138032.25748588672,1.65625,-0.0034532400674563038,-0.003453240067456309,-5.204170427930421e-18,2.4807716950599893e-05,-0.003428432350505709,-0.0034532400674563038,4.106351158225163e-05,0.0,True
anticyclonic,0.5,11.773679733276367,143241.0219193164,1.71875,-0.004294038271804214,-0.004294038271804233,-1.9081958235744878e-17,1.8843804724116346e-05,-0.004275194467080116,-0.004294038271804214,3.119161650720656e-05,0.0,True
anticyclonic,0.5,11.773679733276367,148449.7863527461,1.7812500000000002,-0.005125680166563104,-0.005125680166563121,-1.6479873021779667e-17,1.2792677122420592e-05,-0.0051128874894407,-0.005125680166563104,2.1175356290568307e-05,0.0,True
anticyclonic,0.5,11.773679733276367,153658.55078617577,1.8437499999999998,-0.005903840931357472,-0.005903840931357484,-1.214306433183765e-17,9.058938051123112e-06,-0.005894781993306361,-0.005903840931357472,1.4995003704933781e-05,0.0,True
anticyclonic,0.5,11.773679733276367,158867.31521960546,1.90625,-0.006571989079152009,-0.00657198907915202,-1.1275702593849246e-17,9.348072093748234e-06,-0.0065626410070582725,-0.006571989079152009,1.547359910054405e-05,0.0,True
anticyclonic,0.5,11.773679733276367,164076.07965303515,1.96875,-0.007117567184424286,-0.007117567184424275,1.0408340855860843e-17,1.0836045182444585e-05,-0.0071067311392418306,-0.007117567184424286,1.7936598830968007e-05,0.0,True
anticyclonic,0.5,11.773679733276367,169284.84408646484,2.03125,-0.0075972865668067465,-0.007597286566806791,-4.423544863740858e-17,1.505108480576805e-05,-0.007582235482001023,-0.0075972865668067465,2.4913634595148118e-05,0.0,True
anticyclonic,0.5,11.773679733276367,174493.60851989454,2.09375,-0.00802458651613266,-0.008024586516132663,-3.469446951953614e-18,2.087231005918511e-05,-0.008003714206073478,-0.00802458651613266,3.454934396302716e-05,0.0,True
anticyclonic,0.5,11.773679733276367,179702.37295332423,2.15625,-0.008337926600360911,-0.008337926600360894,1.734723475976807e-17,2.9521167358163885e-05,-0.00830840543300273,-0.008337926600360911,4.886555260798545e-05,0.0,True
anticyclonic,0.5,11.773679733276367,184911.1373867539,2.21875,-0.00867255848959324,-0.008672558489593286,-4.683753385137379e-17,3.858046175846539e-05,-0.008633978027834822,-0.00867255848959324,6.386114616762628e-05,0.0,True
anticyclonic,0.5,11.773679733276367,190119.9018201836,2.28125,-0.009022868632139183,-0.009022868632139207,-2.42861286636753e-17,4.888150285548812e-05,-0.008973987129283718,-0.009022868632139183,8.091216788152139e-05,0.0,True
anticyclonic,0.5,11.773679733276367,195328.66625361328,2.34375,-0.009302255655657482,-0.009302255655657489,-6.938893903907228e-18,5.866239123568071e-05,-0.009243593264421809,-0.009302255655657482,9.710219552834347e-05,0.0,True
anticyclonic,0.5,11.773679733276367,200537.43068704297,2.40625,-0.009618890778818634,-0.009618890778818666,-3.122502256758253e-17,6.679051745819212e-05,-0.009552100261360474,-0.009618890778818634,0.00011055645276389409,0.0,True
anticyclonic,0.5,11.773679733276367,205746.19512047266,2.46875,-0.00971770926132231,-0.009717709261322312,-1.734723475976807e-18,7.602574328883271e-05,-0.00964168351803348,-0.00971770926132231,0.000125843260639701,0.0,True
anticyclonic,0.5,13.99103832244873,2604.3822167148437,0.03125,5.212566694774374e-06,5.212566694774374e-06,0.0,1.2983740736803907e-06,6.510940768454765e-06,5.212566694774374e-06,7.662305008679084e-07,0.0,True
anticyclonic,0.5,13.99103832244873,7813.146650144531,0.09375,-4.0301994571948215e-05,-4.0301994571948215e-05,0.0,5.0800000455760405e-06,-3.522199452637217e-05,-4.0301994571948215e-05,2.9979426255001586e-06,0.0,True
anticyclonic,0.5,13.99103832244873,13021.911083574218,0.15625,-8.006836994529768e-05,-8.006836994529768e-05,0.0,1.2191674345689454e-05,-6.787669559960823e-05,-8.006836994529768e-05,7.19487005300108e-06,0.0,True
anticyclonic,0.5,13.99103832244873,18230.675517003907,0.21875,-0.00010212243704716768,-0.00010212243704716768,0.0,1.9943540036261724e-05,-8.217889701090595e-05,-0.00010212243704716768,1.1769603984579932e-05,0.0,True
anticyclonic,0.5,13.99103832244873,23439.439950433592,0.28125,-0.00011245073144077365,-0.00011245073144077365,0.0,2.8420277213804208e-05,-8.403045422696945e-05,-0.00011245073144077365,1.6772118055784998e-05,0.0,True
anticyclonic,0.5,13.99103832244873,28648.20438386328,0.34375,-0.00012672073139727896,-0.00012672073139727898,-2.710505431213761e-20,4.131659303682615e-05,-8.540413836045284e-05,-0.00012672073139727896,2.4382829585486486e-05,0.0,True
anticyclonic,0.5,13.99103832244873,33856.96881729297,0.40625,-0.00014285268028522445,-0.00014285268028522527,-8.131516293641283e-19,5.7891216192747087e-05,-8.496146409247818e-05,-0.00014285268028522445,3.416428013960805e-05,0.0,True
anticyclonic,0.5,13.99103832244873,39065.73325072265,0.46874999999999994,-0.00014142690499259074,-0.00014142690499259158,-8.402566836762659e-19,7.490450572505385e-05,-6.652239926753773e-05,-0.00014142690499259074,4.4204607980411146e-05,0.0,True
anticyclonic,0.5,13.99103832244873,44274.497684152346,0.53125,-0.00011939523308707624,-0.00011939523308707623,1.3552527156068805e-20,9.154387623989502e-05,-2.7851356847181214e-05,-0.00011939523308707624,5.402426894111815e-05,0.0,True
anticyclonic,0.5,13.99103832244873,49483.26211758203,0.59375,-9.149155336698007e-05,-9.149155336698046e-05,-3.9302328752599536e-19,0.00010779763663091487,1.6306083263934406e-05,-9.149155336698007e-05,6.361636355996358e-05,0.0,True
anticyclonic,0.5,13.99103832244873,54692.02655101172,0.65625,-6.396321191889462e-05,-6.396321191889463e-05,-1.3552527156068805e-20,0.0001251498862954441,6.118667437654946e-05,-6.396321191889462e-05,7.385672742825055e-05,0.0,True
anticyclonic,0.5,13.99103832244873,59900.7909844414,0.71875,-3.5250572246632814e-05,-3.525057224663279e-05,2.0328790734103208e-20,0.0001464001467286958,0.000111149574482063,-3.5250572246632814e-05,8.639748746452349e-05,0.0,True
anticyclonic,0.5,13.99103832244873,65109.555417871095,0.78125,8.560699878548753e-06,8.560699878548341e-06,-4.1165801236558996e-19,0.00017086425537886864,0.00017942495525741697,8.560699878548753e-06,0.00010083488775177168,0.0,True
anticyclonic,0.5,13.99103832244873,70318.31985130078,0.84375,7.261298691877873e-05,7.261298691877736e-05,-1.3688052427629493e-18,0.00019735558327544725,0.0002699685701942246,7.261298691877873e-05,0.00011646864373498621,0.0,True
anticyclonic,0.5,13.99103832244873,75527.08428473047,0.9062500000000001,0.00015675100770500949,0.00015675100770500946,-2.710505431213761e-20,0.00022455390245444746,0.0003813049101594569,0.00015675100770500949,0.00013251962792340018,0.0,True
anticyclonic,0.5,13.99103832244873,80735.84871816015,0.96875,0.00026044029244768913,0.0002604402924476898,6.505213034913027e-19,0.00025263906424535955,0.0005130793566930493,0.00026044029244768913,0.00014909397889222898,0.0,True
anticyclonic,0.5,13.99103832244873,85944.61315158985,1.03125,0.0003737305943400618,0.00037373059434006063,-1.1926223897340549e-18,0.0002819649728570639,0.0006556955671971245,0.0003737305943400618,0.00016640055185872222,0.0,True
anticyclonic,0.5,13.99103832244873,91153.37758501952,1.09375,0.0004976538848597086,0.0004976538848597078,-8.673617379884035e-19,0.0003103628164298686,0.0008080167012895764,0.0004976538848597086,0.00018315943078694928,0.0,True
anticyclonic,0.5,13.99103832244873,96362.14201844922,1.15625,0.000697000139111625,0.0006970001391116246,-4.336808689942018e-19,0.0003288167127321165,0.001025816851843741,0.000697000139111625,0.00019404992721110738,0.0,True
anticyclonic,0.5,13.99103832244873,101570.90645187891,1.21875,0.000846281731696793,0.0008462817316967926,-4.336808689942018e-19,0.00031783602263047415,0.0011641177543272668,0.000846281731696793,0.00018756971488477297,0.0,True
anticyclonic,0.5,13.99103832244873,106779.67088530859,1.28125,0.0009180961541625023,0.0009180961541625012,-1.0842021724855044e-18,0.00030294281698719356,0.0012210389711496948,0.0009180961541625023,0.00017878054645411253,0.0,True
anticyclonic,0.5,13.99103832244873,111988.43531873828,1.34375,0.0009360553842796791,0.0009360553842796784,-7.589415207398531e-19,0.0002886885504859808,0.0012247439347656591,0.0009360553842796791,0.00017036844551792464,0.0,True
anticyclonic,0.5,13.99103832244873,117197.19975216797,1.40625,0.0009283586042975883,0.0009283586042975893,9.75781955236954e-19,0.00026310134574133873,0.001191459950038928,0.0009283586042975883,0.0001552682543598232,0.0,True
anticyclonic,0.5,13.99103832244873,122405.96418559765,1.46875,0.000931887803854318,0.000931887803854318,0.0,0.0002303950812253061,0.0011622828850796241,0.000931887803854318,0.000135966777266553,0.0,True
anticyclonic,0.5,13.99103832244873,127614.72861902734,1.53125,0.0009485169704080293,0.0009485169704080287,-5.421010862427522e-19,0.0001982245994496991,0.0011467415698577278,0.0009485169704080293,0.00011698149031129825,0.0,True
anticyclonic,0.5,13.99103832244873,132823.49305245702,1.59375,0.0009668654160769176,0.0009668654160769172,-4.336808689942018e-19,0.0001629416977533254,0.0011298071138302426,0.0009668654160769176,9.615942062667166e-05,0.0,True
anticyclonic,0.5,13.99103832244873,138032.25748588672,1.65625,0.0009874037959384987,0.000987403795938499,2.168404344971009e-19,0.00013650799861361824,0.0011239117945521172,0.0009874037959384987,8.055967403423066e-05,0.0,True
anticyclonic,0.5,13.99103832244873,143241.0219193164,1.71875,0.0010139300011621272,0.0010139300011621265,-6.505213034913027e-19,0.00010962212218085368,0.0011235521233429802,0.0010139300011621272,6.469307673923492e-05,0.0,True
anticyclonic,0.5,13.99103832244873,148449.7863527461,1.7812500000000002,0.001024561603181274,0.0010245616031812732,-8.673617379884035e-19,8.4314021016129e-05,0.0011088756241974022,0.001024561603181274,4.975759749287698e-05,0.0,True
anticyclonic,0.5,13.99103832244873,153658.55078617577,1.8437499999999998,0.0010427418324465735,0.001042741832446573,-4.336808689942018e-19,6.785926307821923e-05,0.0011106010955247922,0.0010427418324465735,4.004688493937876e-05,0.0,True
anticyclonic,0.5,13.99103832244873,158867.31521960546,1.90625,0.0010681450068124353,0.0010681450068124364,1.0842021724855044e-18,6.702802011614483e-05,0.0011351730269285813,0.0010681450068124353,3.955633007997083e-05,0.0,True
anticyclonic,0.5,13.99103832244873,164076.07965303515,1.96875,0.001100967783721984,0.0011009677837219836,-4.336808689942018e-19,7.270775935379755e-05,0.001173675543075781,0.001100967783721984,4.2908206499167595e-05,0.0,True
anticyclonic,0.5,13.99103832244873,169284.84408646484,2.03125,0.0010813929145147292,0.0010813929145147294,2.168404344971009e-19,8.837091522374061e-05,0.00116976382973847,0.0010813929145147292,5.2151758115520125e-05,0.0,True
anticyclonic,0.5,13.99103832244873,174493.60851989454,2.09375,0.0010341947450394759,0.001034194745039475,-8.673617379884035e-19,0.00011452879049596163,0.0011487235355354367,0.0010341947450394759,6.758872830598311e-05,0.0,True
anticyclonic,0.5,13.99103832244873,179702.37295332423,2.15625,0.0010114100797211402,0.0010114100797211393,-8.673617379884035e-19,0.00015300242446923362,0.001164412504190373,0.0010114100797211402,9.029379645786422e-05,0.0,True
anticyclonic,0.5,13.99103832244873,184911.1373867539,2.21875,0.0010147695833073688,0.0010147695833073696,8.673617379884035e-19,0.0001903926903006573,0.001205162273608027,0.0010147695833073688,0.00011235951903840338,0.0,True
anticyclonic,0.5,13.99103832244873,190119.9018201836,2.28125,0.0009624169759002705,0.0009624169759002722,1.6263032587282567e-18,0.00023082983533050626,0.0011932468112307785,0.0009624169759002705,0.0001362233457413359,0.0,True
anticyclonic,0.5,13.99103832244873,195328.66625361328,2.34375,0.0009499060836246539,0.0009499060836246536,-3.2526065174565133e-19,0.00027011141566337624,0.0012200174992880299,0.0009499060836246539,0.00015940522035164724,0.0,True
anticyclonic,0.5,13.99103832244873,200537.43068704297,2.40625,0.0009180728470130298,0.0009180728470130276,-2.2768245622195593e-18,0.00030311316978643495,0.0012211860167994624,0.0009180728470130298,0.00017888107950797812,0.0,True
anticyclonic,0.5,13.99103832244873,205746.19512047266,2.46875,0.0010064843985083673,0.0010064843985083708,3.469446951953614e-18,0.0003429573604618041,0.001349441758970175,0.0010064843985083673,0.0002023949764632094,0.0,True
anticyclonic,0.5,16.52532196044922,2604.3822167148437,0.03125,6.0952268582972394e-06,6.0952268582972394e-06,0.0,2.7810451244373885e-07,6.373331370740978e-06,6.0952268582972394e-06,1.182414070165125e-06,1.0,False
anticyclonic,0.5,16.52532196044922,7813.146650144531,0.09375,-0.0004153151700983074,-0.0004153151700983074,0.0,1.1570076800119893e-06,-0.00041415816241829537,-0.0004153151700983074,4.919237548912649e-06,1.0,False
anticyclonic,0.5,16.52532196044922,13021.911083574218,0.15625,-0.0008132210318266947,-0.0008132210318266941,6.505213034913027e-19,2.5154590791924656e-06,-0.0008107055727475017,-0.0008132210318266947,1.0694951268593642e-05,0.0,True
anticyclonic,0.5,16.52532196044922,18230.675517003907,0.21875,-0.001183814426668144,-0.0011838144266681431,8.673617379884035e-19,3.994664390660539e-06,-0.0011798197622774826,-0.001183814426668144,1.6984073144300958e-05,0.0,True
anticyclonic,0.5,16.52532196044922,23439.439950433592,0.28125,-0.001538511201381711,-0.0015385112013817106,4.336808689942018e-19,5.675731950688774e-06,-0.0015328354694310218,-0.001538511201381711,2.4131450647848878e-05,0.0,True
anticyclonic,0.5,16.52532196044922,28648.20438386328,0.34375,-0.0018872439256821167,-0.001887243925682116,6.505213034913027e-19,8.360870271961967e-06,-0.0018788830554101541,-0.0018872439256821167,3.554782538953987e-05,0.0,True
anticyclonic,0.5,16.52532196044922,33856.96881729297,0.40625,-0.002206080638965001,-0.0022060806389649977,3.469446951953614e-18,1.1838218237399581e-05,-0.002194242420727598,-0.002206080638965001,5.033242965598558e-05,0.0,True
anticyclonic,0.5,16.52532196044922,39065.73325072265,0.46874999999999994,-0.0024709216753755745,-0.002470921675375572,2.6020852139652106e-18,1.53737028965035e-05,-0.0024555479724790684,-0.0024709216753755745,6.536421309971208e-05,0.0,True
anticyclonic,0.5,16.52532196044922,44274.497684152346,0.53125,-0.0026890082745992467,-0.0026890082745992436,3.0357660829594124e-18,1.891644919476128e-05,-0.0026700918254044825,-0.0026890082745992467,8.042687077928804e-05,0.0,True
anticyclonic,0.5,16.52532196044922,49483.26211758203,0.59375,-0.0028768975524162536,-0.00287689755241625,3.469446951953614e-18,2.2444555229038914e-05,-0.0028544529971872112,-0.0028768975524162536,9.542728260039539e-05,0.0,True
anticyclonic,0.5,16.52532196044922,54692.02655101172,0.65625,-0.0030378705640752984,-0.0030378705640752932,5.204170427930421e-18,2.626563830025854e-05,-0.0030116049257750345,-0.0030378705640752984,0.00011167334184977155,0.0,True
anticyclonic,0.5,16.52532196044922,59900.7909844414,0.71875,-0.003173860054767699,-0.003173860054767687,1.214306433183765e-17,3.086161365209956e-05,-0.0031429984411155873,-0.003173860054767699,0.00013121400256899782,0.0,True
anticyclonic,0.5,16.52532196044922,65109.555417871095,0.78125,-0.003260244249722747,-0.0032602442497227423,4.7704895589362195e-18,3.6131999557713025e-05,-0.003224112250165029,-0.003260244249722747,0.00015362204764254915,0.0,True
anticyclonic,0.5,16.52532196044922,70318.31985130078,0.84375,-0.0032796261415821066,-0.0032796261415820936,1.3010426069826053e-17,4.182171508157177e-05,-0.003237804426500522,-0.0032796261415821066,0.00017781295210336233,0.0,True
anticyclonic,0.5,16.52532196044922,75527.08428473047,0.9062500000000001,-0.0032258226153120432,-0.0032258226153120367,6.5052130349130266e-18,4.7673127648725245e-05,-0.0031781494876633115,-0.0032258226153120432,0.0002026913422055114,0.0,True
anticyclonic,0.5,16.52532196044922,80735.84871816015,0.96875,-0.0031007907402270628,-0.0031007907402270584,4.336808689942018e-18,5.3628064384871596e-05,-0.003047162675842187,-0.0031007907402270628,0.0002280098849428828,0.0,True
anticyclonic,0.5,16.52532196044922,85944.61315158985,1.03125,-0.0029117528087604584,-0.0029117528087604498,8.673617379884035e-18,5.975960006642618e-05,-0.0028519932086940236,-0.0029117528087604584,0.0002540792715841957,0.0,True
anticyclonic,0.5,16.52532196044922,91153.37758501952,1.09375,-0.0026858375628313193,-0.0026858375628313115,7.806255641895632e-18,6.570147313727795e-05,-0.0026201360896940334,-0.0026858375628313193,0.0002793422716713723,0.0,True
anticyclonic,0.5,16.52532196044922,96362.14201844922,1.15625,-0.002407452548569416,-0.002407452548569405,1.0842021724855044e-17,6.938261798884577e-05,-0.0023380699305805596,-0.002407452548569416,0.00029499335704414296,0.0,True
anticyclonic,0.5,16.52532196044922,101570.90645187891,1.21875,-0.002125362110793652,-0.002125362110793644,8.239936510889834e-18,6.699644778394601e-05,-0.002058365663009698,-0.002125362110793652,0.0002848481019409808,0.0,True
anticyclonic,0.5,16.52532196044922,106779.67088530859,1.28125,-0.0018240978165680296,-0.0018240978165680228,6.7220534694101275e-18,6.402949243543877e-05,-0.001760068324132584,-0.0018240978165680296,0.0002722335286685088,0.0,True
anticyclonic,0.5,16.52532196044922,111988.43531873828,1.34375,-0.001526955851323962,-0.0015269558513239607,1.3010426069826053e-18,6.124519044449339e-05,-0.0014657106608794673,-0.001526955851323962,0.0002603955407813162,0.0,True
anticyclonic,0.5,16.52532196044922,117197.19975216797,1.40625,-0.0012261174517902936,-0.0012261174517902913,2.3852447794681098e-18,5.622106454765369e-05,-0.0011698963872426376,-0.0012261174517902936,0.00023903451683206966,0.0,True
anticyclonic,0.5,16.52532196044922,122405.96418559765,1.46875,-0.000900467951020465,-0.000900467951020465,0.0,4.979751657543159e-05,-0.0008506704344450334,-0.000900467951020465,0.00021172358456421364,0.0,True
anticyclonic,0.5,16.52532196044922,127614.72861902734,1.53125,-0.0005949512647746382,-0.0005949512647746376,6.505213034913027e-19,4.3521469372121084e-05,-0.0005514297954025165,-0.0005949512647746382,0.00018503977978518801,0.0,True
anticyclonic,0.5,16.52532196044922,132823.49305245702,1.59375,-0.0002895804584317856,-0.000289580458431786,-4.336808689942018e-19,3.651534586750954e-05,-0.0002530651125642765,-0.0002895804584317856,0.00015525191717061362,0.0,True
anticyclonic,0.5,16.52532196044922,138032.25748588672,1.65625,-4.873412460602851e-05,-4.873412460603047e-05,-1.9583401740519424e-18,3.125290319296789e-05,-1.7481221413062578e-05,-4.873412460602851e-05,0.00013287764425019765,0.0,True
anticyclonic,0.5,16.52532196044922,143241.0219193164,1.71875,0.00015748820729546566,0.00015748820729546498,-6.776263578034403e-19,2.5773292806261498e-05,0.0001832615001017265,0.00015748820729546566,0.00010958004162113082,0.0,True
anticyclonic,0.5,16.52532196044922,148449.7863527461,1.7812500000000002,0.0003085257847660774,0.00030852578476607486,-2.5478751053409354e-18,2.0791300828617528e-05,0.0003293170855946924,0.0003085257847660774,8.839815801898062e-05,0.0,True
anticyclonic,0.5,16.52532196044922,153658.55078617577,1.8437499999999998,0.0004393873183738817,0.000439387318373875,-6.667843360785852e-18,1.7424702017214662e-05,0.00045681202039108966,0.0004393873183738817,7.408442478169902e-05,0.0,True
anticyclonic,0.5,16.52532196044922,158867.31521960546,1.90625,0.00048124260731405977,0.0004812426073140563,-3.469446951953614e-18,1.7026529222487508e-05,0.0004982691365365438,0.00048124260731405977,7.23915176414828e-05,0.0,True
anticyclonic,0.5,16.52532196044922,164076.07965303515,1.96875,0.0004909248905068642,0.0004909248905068564,-7.806255641895632e-18,1.7924028071948666e-05,0.000508848918578805,0.0004909248905068642,7.620740418800035e-05,0.0,True
anticyclonic,0.5,16.52532196044922,169284.84408646484,2.03125,0.0004554097477931833,0.0004554097477931756,-7.697835424647081e-18,2.0662502190526986e-05,0.0004760722499837026,0.0004554097477931833,8.785054618572361e-05,0.0,True
anticyclonic,0.5,16.52532196044922,174493.60851989454,2.09375,0.0003482507004459782,0.00034825070044597453,-3.686287386450715e-18,2.565417071623354e-05,0.00037390487116220806,0.0003482507004459782,0.0001090735714668753,0.0,True
anticyclonic,0.5,16.52532196044922,179702.37295332423,2.15625,0.00023429955099087474,0.00023429955099086542,-9.324138683375338e-18,3.286767109671007e-05,0.0002671672220875755,0.00023429955099087474,0.00013974313619298683,0.0,True
anticyclonic,0.5,16.52532196044922,184911.1373867539,2.21875,0.0001688850792968614,0.0001688850792968536,-7.779150587583494e-18,3.982211264715671e-05,0.0002087071919440103,0.0001688850792968614,0.00016931126317924926,0.0,True
anticyclonic,0.5,16.52532196044922,190119.9018201836,2.28125,8.49966830104112e-05,8.499668301041099e-05,-2.168404344971009e-19,4.757256698038439e-05,0.0001325692499907954,8.49966830104112e-05,0.00020226378945526437,0.0,True
anticyclonic,0.5,16.52532196044922,195328.66625361328,2.34375,0.00013242751849628292,0.00013242751849627663,-6.288372600415926e-18,5.5135847646957745e-05,0.00018756336614323438,0.00013242751849628292,0.0002344205113947308,0.0,True
anticyclonic,0.5,16.52532196044922,200537.43068704297,2.40625,0.00024221952993465698,0.00024221952993464823,-8.754932542820448e-18,6.1590463220633e-05,0.00030380999315528126,0.00024221952993465698,0.0002618635334613524,0.0,True
anticyclonic,0.5,16.52532196044922,205746.19512047266,2.46875,0.0004253808301834638,0.0004253808301834615,-2.2768245622195593e-18,6.946647485664363e-05,0.0004948473050401051,0.0004253808301834638,0.0002953498904189267,0.0,True
anticyclonic,0.5,19.42980194091797,2604.3822167148437,0.03125,6.823155985364471e-06,6.823155985364471e-06,0.0,1.3105486257406612e-06,8.133704611105133e-06,6.823155985364471e-06,3.0229922259485555e-07,0.0,True
anticyclonic,0.5,19.42980194091797,7813.146650144531,0.09375,-0.0003604224266140959,-0.0003604224266140958,1.0842021724855044e-19,1.0113555379248324e-05,-0.00035030887123484747,-0.0003604224266140959,2.332855011075177e-06,0.0,True
anticyclonic,0.5,19.42980194091797,13021.911083574218,0.15625,-0.0007180126257312425,-0.0007180126257312425,0.0,2.077482831091511e-05,-0.0006972377974203274,-0.0007180126257312425,4.792049928236695e-06,0.0,True
anticyclonic,0.5,19.42980194091797,18230.675517003907,0.21875,-0.0010819510281904446,-0.0010819510281904437,8.673617379884035e-19,3.292264106906867e-05,-0.0010490283871213751,-0.0010819510281904446,7.594139282946665e-06,0.0,True
anticyclonic,0.5,19.42980194091797,23439.439950433592,0.28125,-0.0014381583733794913,-0.0014381583733794898,1.5178830414797062e-18,5.061569135029197e-05,-0.0013875426820291977,-0.0014381583733794913,1.1675327298631866e-05,0.0,True
anticyclonic,0.5,19.42980194091797,28648.20438386328,0.34375,-0.001779486750594297,-0.0017794867505942964,6.505213034913027e-19,7.852769401475741e-05,-0.001700959056579539,-0.001779486750594297,1.8113681847868678e-05,0.0,True
anticyclonic,0.5,19.42980194091797,33856.96881729297,0.40625,-0.0021197741147037873,-0.002119774114703786,1.3010426069826053e-18,0.00011022512802741303,-0.002009548986676373,-0.0021197741147037873,2.5425207320540223e-05,0.0,True
anticyclonic,0.5,19.42980194091797,39065.73325072265,0.46874999999999994,-0.0024713182267544227,-0.00247131822675442,2.6020852139652106e-18,0.0001419451176957904,-0.0023293731090586298,-0.0024713182267544227,3.2741935619765376e-05,0.0,True
anticyclonic,0.5,19.42980194091797,44274.497684152346,0.53125,-0.002826016472477757,-0.0028260164724777576,-4.336808689942018e-19,0.0001761556599041423,-0.002649860812573615,-0.002826016472477757,4.063315011650987e-05,0.0,True
anticyclonic,0.5,19.42980194091797,49483.26211758203,0.59375,-0.0031677861070036565,-0.0031677861070036556,8.673617379884035e-19,0.00021480145968977865,-0.002952984647313877,-0.0031677861070036565,4.954742845940755e-05,0.0,True
anticyclonic,0.5,19.42980194091797,54692.02655101172,0.65625,-0.0035098892500091327,-0.003509889250009129,3.903127820947816e-18,0.0002557553102012463,-0.0032541339398078828,-0.0035098892500091327,5.899409600666153e-05,0.0,True
anticyclonic,0.5,19.42980194091797,59900.7909844414,0.71875,-0.003859793196680151,-0.0038597931966801538,-2.6020852139652106e-18,0.00030122995023651363,-0.00355856324644364,-0.003859793196680151,6.948355672596378e-05,0.0,True
anticyclonic,0.5,19.42980194091797,65109.555417871095,0.78125,-0.004210875488261913,-0.00421087548826191,2.6020852139652106e-18,0.0003519233543802844,-0.003858952133881626,-0.004210875488261913,8.117680973646387e-05,0.0,True
anticyclonic,0.5,19.42980194091797,70318.31985130078,0.84375,-0.004543883452319351,-0.004543883452319353,-2.6020852139652106e-18,0.00040700460181980914,-0.004136878850499544,-0.004543883452319351,9.388218972273703e-05,0.0,True
anticyclonic,0.5,19.42980194091797,75527.08428473047,0.9062500000000001,-0.004858180334367861,-0.004858180334367861,0.0,0.00046454581205377645,-0.004393634522314085,-0.004858180334367861,0.00010715499988730824,0.0,True
anticyclonic,0.5,19.42980194091797,80735.84871816015,0.96875,-0.005177411685681404,-0.0051774116856813995,4.336808689942018e-18,0.0005213146181606233,-0.004656097067520776,-0.005177411685681404,0.00012024964255578551,0.0,True
anticyclonic,0.5,19.42980194091797,85944.61315158985,1.03125,-0.0054726648693509735,-0.005472664869350971,2.6020852139652106e-18,0.000578518262572882,-0.004894146606778089,-0.0054726648693509735,0.00013344458770758817,0.0,True
anticyclonic,0.5,19.42980194091797,91153.37758501952,1.09375,-0.005733789400801663,-0.005733789400801654,9.540979117872439e-18,0.0006330301651964828,-0.005100759235605171,-0.005733789400801663,0.00014601863910989143,0.0,True
anticyclonic,0.5,19.42980194091797,96362.14201844922,1.15625,-0.00619072282551462,-0.00619072282551463,-9.540979117872439e-18,0.0006706668210258415,-0.005520056004488788,-0.00619072282551462,0.00015470014208873373,0.0,True
anticyclonic,0.5,19.42980194091797,101570.90645187891,1.21875,-0.006662529221295746,-0.006662529221295754,-7.806255641895632e-18,0.000649216417105936,-0.006013312804189818,-0.006662529221295746,0.00014975225972712478,0.0,True
anticyclonic,0.5,19.42980194091797,106779.67088530859,1.28125,-0.006807045879598375,-0.00680704587959838,-4.336808689942018e-18,0.0006236334718241416,-0.006183412407774238,-0.006807045879598375,0.00014385113990716966,0.0,True
anticyclonic,0.5,19.42980194091797,111988.43531873828,1.34375,-0.006759202334839529,-0.006759202334839522,6.938893903907228e-18,0.0006028064276393704,-0.006156395907200152,-0.006759202334839529,0.00013904704554367603,0.0,True
anticyclonic,0.5,19.42980194091797,117197.19975216797,1.40625,-0.00662163922821689,-0.006621639228216893,-2.6020852139652106e-18,0.0005621850130082506,-0.006059454215208642,-0.00662163922821689,0.0001296770597053018,0.0,True
anticyclonic,0.5,19.42980194091797,122405.96418559765,1.46875,-0.006468752801279389,-0.006468752801279385,3.469446951953614e-18,0.0005055470777885374,-0.005963205723490848,-0.006468752801279389,0.00011661260452217514,0.0,True
anticyclonic,0.5,19.42980194091797,127614.72861902734,1.53125,-0.006360243449264812,-0.006360243449264816,-4.336808689942018e-18,0.00045813857905549547,-0.00590210487020932,-0.006360243449264812,0.00010567706803775949,0.0,True
anticyclonic,0.5,19.42980194091797,132823.49305245702,1.59375,-0.006237085154292789,-0.006237085154292799,-9.540979117872439e-18,0.0003963874017881994,-0.005840697752504599,-0.006237085154292789,9.143316093231286e-05,0.0,True
anticyclonic,0.5,19.42980194091797,138032.25748588672,1.65625,-0.0061482714957476516,-0.006148271495747652,-8.673617379884035e-19,0.0003562353330757407,-0.005792036162671912,-0.0061482714957476516,8.217143731599784e-05,0.0,True
anticyclonic,0.5,19.42980194091797,143241.0219193164,1.71875,-0.006031923806554778,-0.006031923806554783,-5.204170427930421e-18,0.00030659736585220897,-0.005725326440702574,-0.006031923806554778,7.072163788991235e-05,0.0,True
anticyclonic,0.5,19.42980194091797,148449.7863527461,1.7812500000000002,-0.005930429065095856,-0.005930429065095866,-1.0408340855860843e-17,0.00026281539435978757,-0.005667613670736079,-0.005930429065095856,6.0622618528193375e-05,0.0,True
anticyclonic,0.5,19.42980194091797,153658.55078617577,1.8437499999999998,-0.005810352613815212,-0.0058103526138152265,-1.474514954580286e-17,0.00022999203227309407,-0.0055803605815421325,-0.005810352613815212,5.3051379547152765e-05,0.0,True
anticyclonic,0.5,19.42980194091797,158867.31521960546,1.90625,-0.005785766836513856,-0.0057857668365138585,-2.6020852139652106e-18,0.0002207901796671105,-0.005564976656846748,-0.005785766836513856,5.092882351635369e-05,0.0,True
anticyclonic,0.5,19.42980194091797,164076.07965303515,1.96875,-0.005751281689713733,-0.005751281689713739,-6.071532165918825e-18,0.00022238016524911885,-0.00552890152446462,-0.005751281689713733,5.1295579389380924e-05,0.0,True
anticyclonic,0.5,19.42980194091797,169284.84408646484,2.03125,-0.005707621435938856,-0.005707621435938872,-1.6479873021779667e-17,0.00024415059639234973,-0.005463470839546522,-0.005707621435938856,5.631728120256938e-05,0.0,True
anticyclonic,0.5,19.42980194091797,174493.60851989454,2.09375,-0.005682519068610331,-0.005682519068610329,2.6020852139652106e-18,0.00027360750981888056,-0.005408911558791449,-0.005682519068610331,6.31119943890806e-05,0.0,True
anticyclonic,0.5,19.42980194091797,179702.37295332423,2.15625,-0.005683062932758152,-0.00568306293275816,-7.806255641895632e-18,0.00032195537382552296,-0.005361107558932637,-0.005683062932758152,7.426421065657681e-05,0.0,True
anticyclonic,0.5,19.42980194091797,184911.1373867539,2.21875,-0.0056239965594054,-0.005623996559405418,-1.8214596497756474e-17,0.00037670412713295814,-0.00524729243227246,-0.0056239965594054,8.689289549726451e-05,0.0,True
anticyclonic,0.5,19.42980194091797,190119.9018201836,2.28125,-0.005607580524510531,-0.0056075805245105305,8.673617379884035e-19,0.0004291839285044919,-0.005178396596006039,-0.005607580524510531,9.899820990143715e-05,0.0,True
anticyclonic,0.5,19.42980194091797,195328.66625361328,2.34375,-0.0054634792740066995,-0.005463479274006704,-4.336808689942018e-18,0.0004829756056440705,-0.004980503668362633,-0.0054634792740066995,0.00011140612965502738,0.0,True
anticyclonic,0.5,19.42980194091797,200537.43068704297,2.40625,-0.005331433738314485,-0.0053314337383145016,-1.6479873021779667e-17,0.0005306115608282598,-0.004800822177486242,-0.005331433738314485,0.00012239413264622154,0.0,True
anticyclonic,0.5,19.42980194091797,205746.19512047266,2.46875,-0.005162268731722371,-0.005162268731722385,-1.3877787807814457e-17,0.0005868272832978767,-0.004575441448424509,-0.005162268731722371,0.00013536119763442005,0.0,True
anticyclonic,0.5,22.75761604309082,2604.3822167148437,0.03125,5.947616840145388e-06,5.947616840145385e-06,-2.541098841762901e-21,1.1665563370390303e-06,7.114173177184415e-06,5.947616840145388e-06,2.1278396163236197e-07,0.0,True
anticyclonic,0.5,22.75761604309082,7813.146650144531,0.09375,-0.00021429753646046523,-0.00021429753646046528,-5.421010862427522e-20,6.77802409306575e-06,-0.00020751951236739954,-0.00021429753646046523,1.236335333982137e-06,0.0,True
anticyclonic,0.5,22.75761604309082,13021.911083574218,0.15625,-0.0004389431346284831,-0.0004389431346284837,-6.505213034913027e-19,1.448825731068328e-05,-0.00042445487731780044,-0.0004389431346284831,2.64270887725937e-06,0.0,True
anticyclonic,0.5,22.75761604309082,18230.675517003907,0.21875,-0.0006783926398777065,-0.0006783926398777083,-1.8431436932253575e-18,2.3411435339620886e-05,-0.0006549812045380874,-0.0006783926398777065,4.270327802349199e-06,0.0,True
anticyclonic,0.5,22.75761604309082,23439.439950433592,0.28125,-0.0009121472631844264,-0.0009121472631844281,-1.734723475976807e-18,3.7801693888258144e-05,-0.00087434556929617,-0.0009121472631844264,6.895161362179711e-06,0.0,True
anticyclonic,0.5,22.75761604309082,28648.20438386328,0.34375,-0.0011302489742320177,-0.00113024897423202,-2.3852447794681098e-18,5.97603231749122e-05,-0.0010704886510571078,-0.0011302489742320177,1.0900492252147974e-05,0.0,True
anticyclonic,0.5,22.75761604309082,33856.96881729297,0.40625,-0.0013557830817422856,-0.001355783081742291,-5.421010862427522e-18,8.369961018813419e-05,-0.0012720834715541569,-0.0013557830817422856,1.5267102048514026e-05,0.0,True
anticyclonic,0.5,22.75761604309082,39065.73325072265,0.46874999999999994,-0.0015969931929134841,-0.0015969931929134893,-5.204170427930421e-18,0.00010951485740254485,-0.0014874783355109445,-0.0015969931929134841,1.9975893555955225e-05,0.0,True
anticyclonic,0.5,22.75761604309082,44274.497684152346,0.53125,-0.0018264051997527765,-0.001826405199752783,-6.5052130349130266e-18,0.0001385774116865505,-0.0016878277880662325,-0.0018264051997527765,2.5277005246285352e-05,0.0,True
anticyclonic,0.5,22.75761604309082,49483.26211758203,0.59375,-0.002023681220389915,-0.0020236812203899227,-7.806255641895632e-18,0.00017108476892451483,-0.0018525964514654078,-0.002023681220389915,3.120646106052354e-05,0.0,True
anticyclonic,0.5,22.75761604309082,54692.02655101172,0.65625,-0.0022158121606075994,-0.00221581216060761,-1.0408340855860843e-17,0.00020624726853741033,-0.0020095648920701995,-0.0022158121606075994,3.7620224143341524e-05,0.0,True
anticyclonic,0.5,22.75761604309082,59900.7909844414,0.71875,-0.0024029861718946896,-0.002402986171894709,-1.951563910473908e-17,0.00024602850618305345,-0.0021569576657116557,-0.0024029861718946896,4.487646122003848e-05,0.0,True
anticyclonic,0.5,22.75761604309082,65109.555417871095,0.78125,-0.0025879192981994245,-0.002587919298199433,-8.673617379884035e-18,0.00028956825836942436,-0.0022983510398300088,-0.0025879192981994245,5.2818264512816207e-05,0.0,True
anticyclonic,0.5,22.75761604309082,70318.31985130078,0.84375,-0.0027600782542121947,-0.002760078254212214,-1.9081958235744878e-17,0.00033608872102762585,-0.002423989533184588,-0.0027600782542121947,6.130375983532054e-05,0.0,True
anticyclonic,0.5,22.75761604309082,75527.08428473047,0.9062500000000001,-0.0029316831687803825,-0.002931683168780395,-1.2576745200831851e-17,0.00038354013661141595,-0.002548143032168979,-0.0029316831687803825,6.995906423202936e-05,0.0,True
anticyclonic,0.5,22.75761604309082,80735.84871816015,0.96875,-0.003123823002208503,-0.003123823002208517,-1.431146867680866e-17,0.00043083622463579725,-0.00269298677757272,-0.003123823002208503,7.85860363378815e-05,0.0,True
anticyclonic,0.5,22.75761604309082,85944.61315158985,1.03125,-0.0033279761805780255,-0.0033279761805780433,-1.7780915628762273e-17,0.0004775135405113528,-0.0028504626400666904,-0.0033279761805780255,8.71001422365952e-05,0.0,True
anticyclonic,0.5,22.75761604309082,91153.37758501952,1.09375,-0.0035136486721899325,-0.0035136486721899477,-1.5178830414797062e-17,0.0005210345980132309,-0.0029926140741767166,-0.0035136486721899325,9.503853555344502e-05,0.0,True
anticyclonic,0.5,22.75761604309082,96362.14201844922,1.15625,-0.003851902096331054,-0.0038519020963310746,-2.0383000842727483e-17,0.0005482667461417534,-0.003303635350189321,-0.003851902096331054,0.00010000577475018554,0.0,True
anticyclonic,0.5,22.75761604309082,101570.90645187891,1.21875,-0.00429608524977496,-0.004296085249774979,-1.9081958235744878e-17,0.0005270510871486453,-0.003769034162626334,-0.00429608524977496,9.61359642439453e-05,0.0,True
anticyclonic,0.5,22.75761604309082,106779.67088530859,1.28125,-0.004535021195001973,-0.004535021195001993,-1.9949319973733282e-17,0.000504563600412508,-0.004030457594589485,-0.004535021195001973,9.203416790291663e-05,0.0,True
anticyclonic,0.5,22.75761604309082,111988.43531873828,1.34375,-0.004655251703182102,-0.004655251703182118,-1.5612511283791264e-17,0.0004868874368033664,-0.0041683642663787514,-0.004655251703182102,8.880997375146941e-05,0.0,True
anticyclonic,0.5,22.75761604309082,117197.19975216797,1.40625,-0.0047229924947815635,-0.0047229924947815765,-1.3010426069826053e-17,0.0004552614026909616,-0.004267731092090615,-0.0047229924947815635,8.30412743620866e-05,0.0,True
anticyclonic,0.5,22.75761604309082,122405.96418559765,1.46875,-0.0047981693597406025,-0.004798169359740615,-1.214306433183765e-17,0.0004110129394212368,-0.004387156420319378,-0.0047981693597406025,7.497019968550963e-05,0.0,True
anticyclonic,0.5,22.75761604309082,127614.72861902734,1.53125,-0.004926210566327265,-0.004926210566327279,-1.3877787807814457e-17,0.00037313587231353686,-0.004553074694013742,-0.004926210566327265,6.806128998411595e-05,0.0,True
anticyclonic,0.5,22.75761604309082,132823.49305245702,1.59375,-0.005076486486933495,-0.005076486486933506,-1.1275702593849246e-17,0.00032573920865392294,-0.004750747278279583,-0.005076486486933495,5.941597253014045e-05,0.0,True
anticyclonic,0.5,22.75761604309082,138032.25748588672,1.65625,-0.0052216704654523965,-0.005221670465452417,-2.0816681711721685e-17,0.00029486080877552044,-0.004926809656676897,-0.0052216704654523965,5.3783644243559904e-05,0.0,True
anticyclonic,0.5,22.75761604309082,143241.0219193164,1.71875,-0.005347598494680954,-0.005347598494680963,-9.540979117872439e-18,0.0002565325237685999,-0.005091065970912363,-0.005347598494680954,4.6792430816999136e-05,0.0,True
anticyclonic,0.5,22.75761604309082,148449.7863527461,1.7812500000000002,-0.005468635549494944,-0.005468635549494953,-9.540979117872439e-18,0.00022340108128279907,-0.0052452344682121545,-0.005468635549494944,4.0749139667754296e-05,0.0,True
anticyclonic,0.5,22.75761604309082,153658.55078617577,1.8437499999999998,-0.005583978683485242,-0.005583978683485251,-8.673617379884035e-18,0.00019697722475258133,-0.00538700145873267,-0.005583978683485242,3.592933568951165e-05,0.0,True
anticyclonic,0.5,22.75761604309082,158867.31521960546,1.90625,-0.005719939171684164,-0.005719939171684196,-3.209238430557093e-17,0.00019016305432759532,-0.0055297761173566,-0.005719939171684164,3.468640713798805e-05,0.0,True
anticyclonic,0.5,22.75761604309082,164076.07965303515,1.96875,-0.005832309020747395,-0.00583230902074742,-2.5153490401663703e-17,0.0001860526483941115,-0.0056462563723533084,-0.005832309020747395,3.393665469940128e-05,0.0,True
anticyclonic,0.5,22.75761604309082,169284.84408646484,2.03125,-0.005938921329325004,-0.005938921329325022,-1.8214596497756474e-17,0.0002013151466604642,-0.005737606182664558,-0.005938921329325004,3.6720587838682605e-05,0.0,True
anticyclonic,0.5,22.75761604309082,174493.60851989454,2.09375,-0.0060054821987344225,-0.006005482198734456,-3.382710778154774e-17,0.00022816642932197293,-0.005777315769412483,-0.0060054821987344225,4.16183558402935e-05,0.0,True
anticyclonic,0.5,22.75761604309082,179702.37295332423,2.15625,-0.0060716073632651685,-0.006071607363265195,-2.688821387764051e-17,0.00026231957916845636,-0.005809287784096739,-0.0060716073632651685,4.784800999056305e-05,0.0,True
anticyclonic,0.5,22.75761604309082,184911.1373867539,2.21875,-0.00609778050998813,-0.00609778050998816,-2.949029909160572e-17,0.0002964118218173267,-0.005801368688170833,-0.00609778050998813,5.406655445466611e-05,0.0,True
anticyclonic,0.5,22.75761604309082,190119.9018201836,2.28125,-0.006194991101785249,-0.0061949911017852785,-2.949029909160572e-17,0.0003372946768109618,-0.005857696424974317,-0.006194991101785249,6.152373039395039e-05,0.0,True
anticyclonic,0.5,22.75761604309082,195328.66625361328,2.34375,-0.006254036535535905,-0.0062540365355359335,-2.862293735361732e-17,0.0003736819144950338,-0.0058803546210409,-0.006254036535535905,6.81608899904836e-05,0.0,True
anticyclonic,0.5,22.75761604309082,200537.43068704297,2.40625,-0.006395377861442216,-0.006395377861442231,-1.474514954580286e-17,0.00041221315541494386,-0.005983164706027287,-0.006395377861442216,7.51891232864081e-05,0.0,True
anticyclonic,0.5,22.75761604309082,205746.19512047266,2.46875,-0.006434339558654734,-0.00643433955865476,-2.6020852139652106e-17,0.000449306219977229,-0.005985033338677531,-0.006434339558654734,8.195502817762119e-05,0.0,True
anticyclonic,0.5,26.558300018310547,2604.3822167148437,0.03125,5.795769399902191e-06,5.795769399902191e-06,0.0,6.239813152730232e-07,6.419750715175214e-06,5.795769399902191e-06,3.7357709311275404e-07,1.0,False
anticyclonic,0.5,26.558300018310547,7813.146650144531,0.09375,0.00027803449285739154,0.00027803449285739143,-1.0842021724855044e-19,3.3892531684138576e-06,0.0002814237460258053,0.00027803449285739154,2.029143045613853e-06,0.0,True
anticyclonic,0.5,26.558300018310547,13021.911083574218,0.15625,0.0005578343546323828,0.0005578343546323823,-5.421010862427522e-19,7.0481308008694194e-06,0.0005648824854332517,0.0005578343546323828,4.2197100330082585e-06,0.0,True
anticyclonic,0.5,26.558300018310547,18230.675517003907,0.21875,0.0008396425986624376,0.0008396425986624362,-1.4094628242311558e-18,1.1460902500846009e-05,0.0008511035011632822,0.0008396425986624376,6.861632769951389e-06,0.0,True
anticyclonic,0.5,26.558300018310547,23439.439950433592,0.28125,0.001115818135381538,0.001115818135381536,-1.951563910473908e-18,1.8553631193511785e-05,0.001134371766575048,0.001115818135381538,1.1108043523587716e-05,0.0,True
anticyclonic,0.5,26.558300018310547,28648.20438386328,0.34375,0.0013893097909197462,0.0013893097909197434,-2.8189256484623115e-18,2.9997734897060745e-05,0.001419307525816804,0.0013893097909197462,1.7959618867605964e-05,0.0,True
anticyclonic,0.5,26.558300018310547,33856.96881729297,0.40625,0.0016656008768528277,0.0016656008768528227,-4.9873299934333204e-18,4.2285042357677694e-05,0.0017078859192105004,0.0016656008768528277,2.53160195978289e-05,0.0,True
anticyclonic,0.5,26.558300018310547,39065.73325072265,0.46874999999999994,0.0019428284524762396,0.0019428284524762346,-4.9873299934333204e-18,5.610857855948057e-05,0.0019989370310357153,0.0019428284524762396,3.359215919433086e-05,0.0,True
anticyclonic,0.5,26.558300018310547,44274.497684152346,0.53125,0.002224676363696504,0.0022246763636964997,-4.336808689942018e-18,7.156690235787703e-05,0.0022962432660543768,0.002224676363696504,4.284704476165568e-05,0.0,True
anticyclonic,0.5,26.558300018310547,49483.26211758203,0.59375,0.002500127423232002,0.0025001274232319954,-6.5052130349130266e-18,8.956639035757271e-05,0.0025896938135895682,0.002500127423232002,5.362332321720853e-05,0.0,True
anticyclonic,0.5,26.558300018310547,54692.02655101172,0.65625,0.002773815933701458,0.002773815933701446,-1.214306433183765e-17,0.00010977496420856992,0.0028835908979100155,0.002773815933701458,6.572217952976763e-05,0.0,True
anticyclonic,0.5,26.558300018310547,59900.7909844414,0.71875,0.003043726231145811,0.0030437262311458,-1.0842021724855044e-17,0.00013238204567732152,0.0031761082768231217,0.003043726231145811,7.925702035294855e-05,0.0,True
anticyclonic,0.5,26.558300018310547,65109.555417871095,0.78125,0.0032959162520713988,0.003295916252071387,-1.1709383462843448e-17,0.0001572967273051851,0.0034532129793765722,0.0032959162520713988,9.417341946707024e-05,0.0,True
anticyclonic,0.5,26.558300018310547,70318.31985130078,0.84375,0.0035129682285041835,0.003512968228504171,-1.2576745200831851e-17,0.00018330402976156424,0.003696272258265735,0.0035129682285041835,0.00010974396976008212,0.0,True
anticyclonic,0.5,26.558300018310547,75527.08428473047,0.9062500000000001,0.0036872363600763303,0.0036872363600763173,-1.3010426069826053e-17,0.0002100314940830236,0.0038972678541593407,0.0036872363600763303,0.00012574568036117088,0.0,True
anticyclonic,0.5,26.558300018310547,80735.84871816015,0.96875,0.00383844814328942,0.0038384481432894037,-1.6479873021779667e-17,0.00023673020576207778,0.004075178349051482,0.00383844814328942,0.0001417301767792286,0.0,True
anticyclonic,0.5,26.558300018310547,85944.61315158985,1.03125,0.003960402077456552,0.003960402077456532,-1.9949319973733282e-17,0.0002619599060270436,0.004222361983483575,0.003960402077456552,0.00015683517728868777,0.0,True
anticyclonic,0.5,26.558300018310547,91153.37758501952,1.09375,0.004032887184116027,0.004032887184116002,-2.5153490401663703e-17,0.0002855889129512294,0.004318476097067231,0.004032887184116027,0.0001709818440298483,0.0,True
anticyclonic,0.5,26.558300018310547,96362.14201844922,1.15625,0.004108660623096228,0.004108660623096211,-1.734723475976807e-17,0.00029798010479272305,0.004406640727888934,0.004108660623096228,0.00017840044025227235,0.0,True
anticyclonic,0.5,26.558300018310547,101570.90645187891,1.21875,0.004180401951263551,0.004180401951263533,-1.8214596497756474e-17,0.00028369908723290134,0.004464101038496434,0.004180401951263551,0.00016985040694822057,0.0,True
anticyclonic,0.5,26.558300018310547,106779.67088530859,1.28125,0.004075727361860244,0.004075727361860221,-2.3418766925686896e-17,0.0002696148665321108,0.004345342228392331,0.004075727361860244,0.00016141819575956086,0.0,True
anticyclonic,0.5,26.558300018310547,111988.43531873828,1.34375,0.003870779776130618,0.0038707797761305955,-2.2551405187698492e-17,0.0002591869438461417,0.004129966719976738,0.003870779776130618,0.00015517500714336914,0.0,True
anticyclonic,0.5,26.558300018310547,117197.19975216797,1.40625,0.0036081028563899995,0.0036081028563899826,-1.691355389077387e-17,0.00024178677826019397,0.0038498896346501766,0.0036081028563899995,0.00014475754251714915,0.0,True
anticyclonic,0.5,26.558300018310547,122405.96418559765,1.46875,0.003301858488752527,0.003301858488752511,-1.6046192152785466e-17,0.00021797087824963459,0.0035198293670021456,0.003301858488752527,0.00013049898304102786,0.0,True
anticyclonic,0.5,26.558300018310547,127614.72861902734,1.53125,0.0029864717794861463,0.0029864717794861302,-1.6046192152785466e-17,0.00019778075100882852,0.003184252530494959,0.0029864717794861463,0.00011841117069860747,0.0,True
anticyclonic,0.5,26.558300018310547,132823.49305245702,1.59375,0.0026300012240663933,0.0026300012240663808,-1.2576745200831851e-17,0.00017332412828970493,0.002803325352356086,0.0026300012240663933,0.00010376901107117076,0.0,True
anticyclonic,0.5,26.558300018310547,138032.25748588672,1.65625,0.0022841206474728576,0.0022841206474728355,-2.211772431870429e-17,0.00015605925102358018,0.0024401798984964155,0.0022841206474728576,9.343254344921117e-05,0.0,True
anticyclonic,0.5,26.558300018310547,143241.0219193164,1.71875,0.0019099822609068894,0.0019099822609068785,-1.0842021724855044e-17,0.00013500507202550616,0.0020449873329323846,0.0019099822609068894,8.082742404025162e-05,0.0,True
anticyclonic,0.5,26.558300018310547,148449.7863527461,1.7812500000000002,0.0015464442060756833,0.001546444206075674,-9.324138683375338e-18,0.00011743101971684909,0.0016638752257925231,0.0015464442060756833,7.030585357815058e-05,0.0,True
anticyclonic,0.5,26.558300018310547,153658.55078617577,1.8437499999999998,0.0011627834380139998,0.0011627834380139909,-8.890457814381136e-18,0.00010408497404409027,0.0012668684120580812,0.0011627834380139998,6.231558716320552e-05,0.0,True
anticyclonic,0.5,26.558300018310547,158867.31521960546,1.90625,0.0008529252099297853,0.0008529252099297644,-2.0925101928970236e-17,0.00010055159735769699,0.0009534768072874614,0.0008529252099297853,6.0200157487562724e-05,0.0,True
anticyclonic,0.5,26.558300018310547,164076.07965303515,1.96875,0.0005444794613364748,0.0005444794613364587,-1.6154612370034016e-17,0.00010010400704470671,0.0006445834683811653,0.0005444794613364748,5.993218554042329e-05,0.0,True
anticyclonic,0.5,26.558300018310547,169284.84408646484,2.03125,0.00026936201201695133,0.00026936201201693935,-1.1980434005964824e-17,0.00010704248642022984,0.0003764044984371692,0.00026936201201695133,6.408624735651561e-05,0.0,True
anticyclonic,0.5,26.558300018310547,174493.60851989454,2.09375,6.321105080867811e-06,6.3211050808511285e-06,-1.6682313896173445e-17,0.00011937826900009255,0.0001256993740809437,6.321105080867811e-06,7.147167010020733e-05,0.0,True
anticyclonic,0.5,26.558300018310547,179702.37295332423,2.15625,-0.00019937122309097871,-0.00019937122309099506,-1.634434775021898e-17,0.0001374595292465532,-6.191169384444186e-05,-0.00019937122309097871,8.229690553170808e-05,0.0,True
anticyclonic,0.5,26.558300018310547,184911.1373867539,2.21875,-0.00046829294789664554,-0.000468292947896661,-1.5449880957918438e-17,0.00015677186385727973,-0.0003115210840393813,-0.00046829294789664554,9.38591841584956e-05,0.0,True
anticyclonic,0.5,26.558300018310547,190119.9018201836,2.28125,-0.0006971613542485378,-0.0006971613542485531,-1.5287250632045613e-17,0.00017922792739234002,-0.0005179334268562131,-0.0006971613542485378,0.00010730361067071015,0.0,True
anticyclonic,0.5,26.558300018310547,195328.66625361328,2.34375,-0.0010515386299806146,-0.001051538629980626,-1.1275702593849246e-17,0.00019796233376922066,-0.0008535762962114052,-0.0010515386299806146,0.00011851988414583145,0.0,True
anticyclonic,0.5,26.558300018310547,200537.43068704297,2.40625,-0.0013480886753550994,-0.0013480886753551079,-8.456776945386935e-18,0.00022246539715376181,-0.0011256232782013461,-0.0013480886753550994,0.00013318984776092656,0.0,True
anticyclonic,0.5,26.558300018310547,205746.19512047266,2.46875,-0.0016561968294799558,-0.0016561968294799658,-9.974659986866641e-18,0.0002391042904990113,-0.0014170925389809545,-0.0016561968294799558,0.00014315153933146932,0.0,True
anticyclonic,0.5,30.874561309814453,2604.3822167148437,0.03125,5.187701661500673e-06,5.187701661500673e-06,0.0,3.487757424816937e-07,5.5364774039823665e-06,5.187701661500673e-06,8.231155836987208e-08,1.0,False
anticyclonic,0.5,30.874561309814453,7813.146650144531,0.09375,0.0004064191274309334,0.0004064191274309335,1.0842021724855044e-19,1.8114214334815205e-06,0.00040823054886441506,0.0004064191274309334,4.274979675866576e-07,0.0,True
anticyclonic,0.5,30.874561309814453,13021.911083574218,0.15625,0.0008159472548642535,0.000815947254864254,4.336808689942018e-19,3.7104222915112934e-06,0.0008196576771557653,0.0008159472548642535,8.756648006867522e-07,0.0,True
anticyclonic,0.5,30.874561309814453,18230.675517003907,0.21875,0.001225724115446742,0.0012257241154467432,1.0842021724855044e-18,6.262857508746629e-06,0.0012319869729554898,0.001225724115446742,1.4780430477341678e-06,0.0,True
anticyclonic,0.5,30.874561309814453,23439.439950433592,0.28125,0.001628708466017222,0.0016287084660172226,6.505213034913027e-19,1.1094723451094628e-05,0.0016398031894683173,0.001628708466017222,2.6183701035065438e-06,0.0,True
anticyclonic,0.5,30.874561309814453,28648.20438386328,0.34375,0.002027765236353831,0.0020277652363538323,1.3010426069826053e-18,1.835205311777437e-05,0.0020461172894716065,0.002027765236353831,4.331109958112882e-06,0.0,True
anticyclonic,0.5,30.874561309814453,33856.96881729297,0.40625,0.0024278643593327945,0.0024278643593327967,2.168404344971009e-18,2.6138290050846184e-05,0.002454002649383643,0.0024278643593327945,6.1686726602604764e-06,0.0,True
anticyclonic,0.5,30.874561309814453,39065.73325072265,0.46874999999999994,0.002814164311876992,0.0028141643118769944,2.168404344971009e-18,3.46689605368553e-05,0.0028488332724138496,0.002814164311876992,8.181922712133391e-06,0.0,True
anticyclonic,0.5,30.874561309814453,44274.497684152346,0.53125,0.003168755360820831,0.003168755360820835,3.903127820947816e-18,4.414727584862926e-05,0.0032129026366694642,0.003168755360820831,1.0418818255618855e-05,0.0,True
anticyclonic,0.5,30.874561309814453,49483.26211758203,0.59375,0.0034854445560422273,0.003485444556042231,3.469446951953614e-18,5.607332019336618e-05,0.0035415178762355968,0.0034854445560422273,1.3233381241618436e-05,0.0,True
anticyclonic,0.5,30.874561309814453,54692.02655101172,0.65625,0.003780912911159794,0.003780912911159796,2.168404344971009e-18,6.91764054298688e-05,0.0038500893165896648,0.003780912911159794,1.632572750857937e-05,0.0,True
anticyclonic,0.5,30.874561309814453,59900.7909844414,0.71875,0.004053951784779016,0.004053951784779023,6.938893903907228e-18,8.426293777473092e-05,0.004138214722553754,0.004053951784779016,1.9886170040698013e-05,0.0,True
anticyclonic,0.5,30.874561309814453,65109.555417871095,0.78125,0.004287392559790708,0.00428739255979071,2.6020852139652106e-18,0.00010061558378852925,0.004388008143579239,0.004287392559790708,2.3745417152578984e-05,0.0,True
anticyclonic,0.5,30.874561309814453,70318.31985130078,0.84375,0.004465327337683305,0.004465327337683311,6.071532165918825e-18,0.00011736407760962585,0.004582691415292937,0.004465327337683305,2.7698084895333464e-05,0.0,True
anticyclonic,0.5,30.874561309814453,75527.08428473047,0.9062500000000001,0.004589749635499028,0.00458974963549903,1.734723475976807e-18,0.0001345152180244226,0.004724264853523452,0.004589749635499028,3.174577779197037e-05,0.0,True
anticyclonic,0.5,30.874561309814453,80735.84871816015,0.96875,0.004679204552859828,0.00467920455285983,1.734723475976807e-18,0.0001508975276671439,0.004830102080526974,0.004679204552859828,3.561202556136893e-05,0.0,True
anticyclonic,0.5,30.874561309814453,85944.61315158985,1.03125,0.004738696925135558,0.004738696925135561,2.6020852139652106e-18,0.00016658760321468965,0.00490528452835025,0.004738696925135558,3.9314905125383616e-05,0.0,True
anticyclonic,0.5,30.874561309814453,91153.37758501952,1.09375,0.0047572916504393095,0.0047572916504393095,0.0,0.00018125656979379694,0.004938548220233106,0.0047572916504393095,4.2776801558348035e-05,0.0,True
anticyclonic,0.5,30.874561309814453,96362.14201844922,1.15625,0.004788093044705785,0.00478809304470579,4.336808689942018e-18,0.00018902167570427911,0.004977114720410069,0.004788093044705785,4.460937730989257e-05,0.0,True
anticyclonic,0.5,30.874561309814453,101570.90645187891,1.21875,0.004856900016642502,0.004856900016642505,2.6020852139652106e-18,0.00018015237116071752,0.005037052387803223,0.004856900016642502,4.251620915134193e-05,0.0,True
anticyclonic,0.5,30.874561309814453,106779.67088530859,1.28125,0.004793144214445776,0.004793144214445778,1.734723475976807e-18,0.00017120097431511485,0.0049643451887608925,0.004793144214445776,4.040366709579061e-05,0.0,True
anticyclonic,0.5,30.874561309814453,111988.43531873828,1.34375,0.004661221409567836,0.004661221409567841,4.336808689942018e-18,0.00016439469639670964,0.00482561610596455,0.004661221409567836,3.879737607859985e-05,0.0,True
anticyclonic,0.5,30.874561309814453,117197.19975216797,1.40625,0.004481481154099838,0.0044814811540998395,1.734723475976807e-18,0.00015270531771968357,0.004634186471819523,0.004481481154099838,3.6038666518022906e-05,0.0,True
anticyclonic,0.5,30.874561309814453,122405.96418559765,1.46875,0.0042775803349564484,0.004277580334956457,8.673617379884035e-18,0.00013831868235817212,0.004415899017314629,0.0042775803349564484,3.2643400643512526e-05,0.0,True
anticyclonic,0.5,30.874561309814453,127614.72861902734,1.53125,0.00412290968075348,0.00412290968075348,0.0,0.0001272739514067383,0.004250183632160218,0.00412290968075348,3.0036828839178418e-05,0.0,True
anticyclonic,0.5,30.874561309814453,132823.49305245702,1.59375,0.003974098112124649,0.00397409811212465,1.734723475976807e-18,0.00011173870075454802,0.004085836812879199,0.003974098112124649,2.6370488164939952e-05,0.0,True
anticyclonic,0.5,30.874561309814453,138032.25748588672,1.65625,0.0038399736102258373,0.00383997361022584,2.6020852139652106e-18,0.0001013408518939073,0.003941314462119747,0.0038399736102258373,2.3916581430131244e-05,0.0,True
anticyclonic,0.5,30.874561309814453,143241.0219193164,1.71875,0.003713511194179171,0.003713511194179172,8.673617379884035e-19,8.970640428588823e-05,0.0038032175984650603,0.003713511194179171,2.1170835677933627e-05,0.0,True
anticyclonic,0.5,30.874561309814453,148449.7863527461,1.7812500000000002,0.0036199443695601515,0.0036199443695601554,3.903127820947816e-18,7.871939396906033e-05,0.0036986637635292156,0.0036199443695601515,1.857788602332445e-05,0.0,True
anticyclonic,0.5,30.874561309814453,153658.55078617577,1.8437499999999998,0.003529861836375616,0.0035298618363756207,4.7704895589362195e-18,7.105284715577173e-05,0.0036009146835313923,0.003529861836375616,1.6768570355247324e-05,0.0,True
anticyclonic,0.5,30.874561309814453,158867.31521960546,1.90625,0.0035154590933231204,0.003515459093323122,1.734723475976807e-18,6.93885131587462e-05,0.003584847606481868,0.0035154590933231204,1.637578522641825e-05,0.0,True
anticyclonic,0.5,30.874561309814453,164076.07965303515,1.96875,0.003507944212417241,0.0035079442124172433,2.168404344971009e-18,6.940494285299071e-05,0.0035773491552702342,0.003507944212417241,1.6379662657019308e-05,0.0,True
anticyclonic,0.5,30.874561309814453,169284.84408646484,2.03125,0.0035132498603733233,0.003513249860373328,4.7704895589362195e-18,7.428735474690313e-05,0.003587537215120231,0.0035132498603733233,1.7531918627380045e-05,0.0,True
anticyclonic,0.5,30.874561309814453,174493.60851989454,2.09375,0.003531762146761975,0.003531762146761979,3.903127820947816e-18,8.13359921342154e-05,0.0036130981388961944,0.003531762146761975,1.9195406814963123e-05,0.0,True
anticyclonic,0.5,30.874561309814453,179702.37295332423,2.15625,0.003587845735007951,0.003587845735007952,1.3010426069826053e-18,9.246505557288274e-05,0.0036803107905808347,0.003587845735007951,2.182188120310655e-05,0.0,True
anticyclonic,0.5,30.874561309814453,184911.1373867539,2.21875,0.003575759151627905,0.003575759151627911,6.071532165918825e-18,0.00010420600126398078,0.0036799651528918917,0.003575759151627905,2.4592760650438067e-05,0.0,True
anticyclonic,0.5,30.874561309814453,190119.9018201836,2.28125,0.0036095383926645626,0.0036095383926645617,-8.673617379884035e-19,0.00011697223069472125,0.0037265106233592827,0.0036095383926645626,2.7605608480607125e-05,0.0,True
anticyclonic,0.5,30.874561309814453,195328.66625361328,2.34375,0.0035246258369818484,0.0035246258369818545,6.071532165918825e-18,0.00012971379665522329,0.0036543396336370776,0.0035246258369818484,3.061263569763466e-05,0.0,True
anticyclonic,0.5,30.874561309814453,200537.43068704297,2.40625,0.0034618766819263626,0.003461876681926366,3.469446951953614e-18,0.00014143442547031421,0.00360331110739668,0.0034618766819263626,3.337872033408439e-05,0.0,True
anticyclonic,0.5,30.874561309814453,205746.19512047266,2.46875,0.0032928957999709256,0.0032928957999709316,6.071532165918825e-18,0.0001505234542323904,0.003443419254203322,0.0032928957999709256,3.552374371257909e-05,0.0,True
anticyclonic,0.5,35.740203857421875,2604.3822167148437,0.03125,4.712269101200326e-06,4.712269101200324e-06,-1.6940658945086007e-21,9.738655382184458e-07,5.68613463941877e-06,4.712269101200326e-06,7.728582507413441e-07,0.0,True
anticyclonic,0.5,35.740203857421875,7813.146650144531,0.09375,0.0002059445411250762,0.00020594454112507629,8.131516293641283e-20,5.883060865514655e-06,0.00021182760199059094,0.0002059445411250762,4.668788401573604e-06,0.0,True
anticyclonic,0.5,35.740203857421875,13021.911083574218,0.15625,0.0003987235553114279,0.00039872355531142805,1.6263032587282567e-19,1.1797989619689344e-05,0.0004105215449311174,0.0003987235553114279,9.362867112453838e-06,0.0,True
anticyclonic,0.5,35.740203857421875,18230.675517003907,0.21875,0.0005772556844391289,0.0005772556844391292,3.2526065174565133e-19,2.0797660017475065e-05,0.0005980533444566043,0.0005772556844391289,1.6504992229238862e-05,0.0,True
anticyclonic,0.5,35.740203857421875,23439.439950433592,0.28125,0.0007456427366299455,0.0007456427366299464,8.673617379884035e-19,3.97398653440195e-05,0.000785382601973966,0.0007456427366299455,3.153749836005208e-05,0.0,True
anticyclonic,0.5,35.740203857421875,28648.20438386328,0.34375,0.0009027334797011482,0.0009027334797011495,1.3010426069826053e-18,6.574317806252882e-05,0.0009684766577636784,0.0009027334797011482,5.2173688873448576e-05,0.0,True
anticyclonic,0.5,35.740203857421875,33856.96881729297,0.40625,0.0010440707666375332,0.0010440707666375352,1.951563910473908e-18,9.363117543574259e-05,0.0011377019420732778,0.0010440707666375332,7.430556234128924e-05,0.0,True
anticyclonic,0.5,35.740203857421875,39065.73325072265,0.46874999999999994,0.0011621018538364447,0.0011621018538364473,2.6020852139652106e-18,0.0001243997506523756,0.001286501604488823,0.0011621018538364447,9.87234581251695e-05,0.0,True
anticyclonic,0.5,35.740203857421875,44274.497684152346,0.53125,0.0012432288598016145,0.0012432288598016171,2.6020852139652106e-18,0.00015854680605555693,0.0014017756658571742,0.0012432288598016145,0.0001258225107881777,0.0,True
anticyclonic,0.5,35.740203857421875,49483.26211758203,0.59375,0.0012912775343041376,0.0012912775343041397,2.168404344971009e-18,0.00020346774212619083,0.0014947452764303305,0.0012912775343041376,0.00016147169921384562,0.0,True
anticyclonic,0.5,35.740203857421875,54692.02655101172,0.65625,0.0013156972125427503,0.0013156972125427549,4.553649124439119e-18,0.00025284928889544666,0.0015685465014382016,0.0013156972125427503,0.00020066082169250575,0.0,True
anticyclonic,0.5,35.740203857421875,59900.7909844414,0.71875,0.0013209407048665803,0.0013209407048665842,3.903127820947816e-18,0.0003096147230701099,0.001630555427936694,0.0013209407048665803,0.0002457097862950117,0.0,True
anticyclonic,0.5,35.740203857421875,65109.555417871095,0.78125,0.0013051096659868215,0.001305109665986826,4.553649124439119e-18,0.00037105235414010507,0.001676162020126931,0.0013051096659868215,0.00029446659944327384,0.0,True
anticyclonic,0.5,35.740203857421875,70318.31985130078,0.84375,0.0012647713065480272,0.0012647713065480305,3.2526065174565133e-18,0.00043347955873423777,0.0016982508652822683,0.0012647713065480272,0.00034400873667666995,0.0,True
anticyclonic,0.5,35.740203857421875,75527.08428473047,0.9062500000000001,0.001205401183356728,0.0012054011833567335,5.421010862427522e-18,0.00049758883007896,0.0017029900134356935,0.001205401183356728,0.00039488575959548513,0.0,True
anticyclonic,0.5,35.740203857421875,80735.84871816015,0.96875,0.0011306774989569193,0.0011306774989569227,3.469446951953614e-18,0.0005569619569935285,0.0016876394559504513,0.0011306774989569193,0.0004420041852994907,0.0,True
anticyclonic,0.5,35.740203857421875,85944.61315158985,1.03125,0.001041473643628498,0.001041473643628502,4.119968255444917e-18,0.0006127347627833501,0.0016542084064118522,0.001041473643628498,0.00048626540148392623,0.0,True
anticyclonic,0.5,35.740203857421875,91153.37758501952,1.09375,0.0009487218105837245,0.0009487218105837281,3.577867169202165e-18,0.0006655419066746733,0.0016142637172584014,0.0009487218105837245,0.0005281730727720543,0.0,True
anticyclonic,0.5,35.740203857421875,96362.14201844922,1.15625,0.0008722931324174633,0.0008722931324174675,4.228388472693467e-18,0.0007044905034149128,0.0015767836358323802,0.0008722931324174633,0.0005590826215384667,0.0,True
anticyclonic,0.5,35.740203857421875,101570.90645187891,1.21875,0.000850438146658351,0.0008504381466583545,3.577867169202165e-18,0.0006755268920065481,0.0015259650386649027,0.000850438146658351,0.0005360971423632094,0.0,True
anticyclonic,0.5,35.740203857421875,106779.67088530859,1.28125,0.0008335875764114033,0.0008335875764114071,3.7947076036992655e-18,0.0006437314574797095,0.0014773190338911166,0.0008335875764114033,0.0005108643325495188,0.0,True
anticyclonic,0.5,35.740203857421875,111988.43531873828,1.34375,0.0008194940578001458,0.0008194940578001498,4.0115480381963664e-18,0.0006103388171637453,0.001429832874963895,0.0008194940578001458,0.00048436398258391394,0.0,True
anticyclonic,0.5,35.740203857421875,117197.19975216797,1.40625,0.00080690839378105,0.0008069083937810532,3.144186300207963e-18,0.0005721908008997092,0.0013790991946807623,0.00080690839378105,0.00045408977329932374,0.0,True
anticyclonic,0.5,35.740203857421875,122405.96418559765,1.46875,0.0008215355416294482,0.000821535541629451,2.8189256484623115e-18,0.0005271344708723368,0.001348670012501788,0.0008215355416294482,0.0004183331364298417,0.0,True
anticyclonic,0.5,35.740203857421875,127614.72861902734,1.53125,0.0008793889967572933,0.0008793889967572975,4.228388472693467e-18,0.0004745569111884315,0.001353945907945729,0.0008793889967572933,0.0003766076628291556,0.0,True
anticyclonic,0.5,35.740203857421875,132823.49305245702,1.59375,0.0009664050804295324,0.0009664050804295368,4.336808689942018e-18,0.0004311947253316376,0.0013975998057611744,0.0009664050804295324,0.0003421954962677328,0.0,True
anticyclonic,0.5,35.740203857421875,138032.25748588672,1.65625,0.0010824763713905073,0.0010824763713905118,4.553649124439119e-18,0.0003829588954015621,0.0014654352667920739,0.0010824763713905073,0.00030391561297808196,0.0,True
anticyclonic,0.5,35.740203857421875,143241.0219193164,1.71875,0.001215229007987797,0.0012152290079877994,2.3852447794681098e-18,0.00033889494860730703,0.0015541239565951064,0.001215229007987797,0.00026894652997462446,0.0,True
anticyclonic,0.5,35.740203857421875,148449.7863527461,1.7812500000000002,0.0013626470528562468,0.0013626470528562513,4.553649124439119e-18,0.00029803591928290174,0.0016606829721391532,0.0013626470528562468,0.00023652086473502967,0.0,True
anticyclonic,0.5,35.740203857421875,153658.55078617577,1.8437499999999998,0.0015161965250052685,0.0015161965250052713,2.8189256484623115e-18,0.0002685042726331277,0.001784700797638399,0.0015161965250052685,0.00021308459363233838,0.0,True
anticyclonic,0.5,35.740203857421875,158867.31521960546,1.90625,0.0016743850591842495,0.0016743850591842593,9.75781955236954e-18,0.00025379281234397586,0.001928177871528235,0.0016743850591842495,0.00020140960050574696,0.0,True
anticyclonic,0.5,35.740203857421875,164076.07965303515,1.96875,0.001834989906775381,0.00183498990677539,8.890457814381136e-18,0.0002564439402853799,0.00209143384706077,0.001834989906775381,0.00020351353171891347,0.0,True
anticyclonic,0.5,35.740203857421875,169284.84408646484,2.03125,0.0020046666824323914,0.002004666682432403,1.1709383462843448e-17,0.0002768569855943246,0.002281523668026728,0.0020046666824323914,0.00021971329428432427,0.0,True
anticyclonic,0.5,35.740203857421875,174493.60851989454,2.09375,0.002180436535509581,0.002180436535509593,1.1709383462843448e-17,0.0003016892084164586,0.0024821257439260514,0.002180436535509581,0.0002394201095880494,0.0,True
anticyclonic,0.5,35.740203857421875,179702.37295332423,2.15625,0.0023561769382020002,0.002356176938202015,1.474514954580286e-17,0.00033109781797836406,0.002687274756180379,0.0023561769382020002,0.0002627587386397853,0.0,True
anticyclonic,0.5,35.740203857421875,184911.1373867539,2.21875,0.0025098855000883456,0.002509885500088368,2.2551405187698492e-17,0.000383148173928664,0.002893033674017032,0.0025098855000883456,0.000304065824137239,0.0,True
anticyclonic,0.5,35.740203857421875,190119.9018201836,2.28125,0.002665868869332579,0.002665868869332596,1.691355389077387e-17,0.0004302593190030604,0.003096128188335656,0.002665868869332579,0.00034145315918888,0.0,True
anticyclonic,0.5,35.740203857421875,195328.66625361328,2.34375,0.0027921424249235244,0.0027921424249235417,1.734723475976807e-17,0.0004733141812069687,0.0032654566061305103,0.0027921424249235244,0.0003756214341539176,0.0,True
anticyclonic,0.5,35.740203857421875,200537.43068704297,2.40625,0.00291205373509974,0.002912053735099761,2.0816681711721685e-17,0.0005135356562545327,0.0034255893913542937,0.00291205373509974,0.0004075411372623812,0.0,True
anticyclonic,0.5,35.740203857421875,205746.19512047266,2.46875,0.0030220106059516655,0.003022010605951687,2.168404344971009e-17,0.0005470532566646158,0.003569063862616303,0.0030220106059516655,0.0004341406553738575,0.0,True
anticyclonic,0.5,41.180023193359375,2604.3822167148437,0.03125,3.1595627863103276e-06,3.1595627863103276e-06,0.0,1.940027300700559e-06,5.0995900870108865e-06,3.1595627863103276e-06,6.588951117848864e-07,0.0,True
anticyclonic,0.5,41.180023193359375,7813.146650144531,0.09375,0.000123100775700984,0.00012310077570098395,-5.421010862427522e-20,8.98027588230151e-06,0.00013208105158328545,0.000123100775700984,3.0499879456291543e-06,0.0,True
anticyclonic,0.5,41.180023193359375,13021.911083574218,0.15625,0.00022667970332501116,0.00022667970332501105,-1.0842021724855044e-19,2.17532949152751e-05,0.00024843299824028615,0.00022667970332501116,7.388112363013643e-06,0.0,True
anticyclonic,0.5,41.180023193359375,18230.675517003907,0.21875,0.00031519294289136823,0.00031519294289136796,-2.710505431213761e-19,4.225538299078293e-05,0.00035744832588215086,0.00031519294289136823,1.4351274999672008e-05,0.0,True
anticyclonic,0.5,41.180023193359375,23439.439950433592,0.28125,0.0003888586425755547,0.0003888586425755544,-2.710505431213761e-19,8.121844919071366e-05,0.00047007709176626804,0.0003888586425755547,2.758437427101459e-05,0.0,True
anticyclonic,0.5,41.180023193359375,28648.20438386328,0.34375,0.0004425351312300339,0.00044253513123003344,-4.87890977618477e-19,0.00013868343562929442,0.0005812185668593278,0.0004425351312300339,4.710131542410707e-05,0.0,True
anticyclonic,0.5,41.180023193359375,33856.96881729297,0.40625,0.0004756303407799848,0.0004756303407799838,-9.75781955236954e-19,0.0001985440389385338,0.0006741743797185176,0.0004756303407799848,6.743188442935211e-05,0.0,True
anticyclonic,0.5,41.180023193359375,39065.73325072265,0.46874999999999994,0.0004889071686306963,0.000488907168630695,-1.3010426069826053e-18,0.0002694715614052973,0.0007583787300359924,0.0004889071686306963,9.152113195050156e-05,0.0,True
anticyclonic,0.5,41.180023193359375,44274.497684152346,0.53125,0.00048410730271756283,0.00048410730271756163,-1.1926223897340549e-18,0.0003508208118622357,0.0008349281145797973,0.00048410730271756283,0.00011914993050095779,0.0,True
anticyclonic,0.5,41.180023193359375,49483.26211758203,0.59375,0.0004613031495807915,0.00046130314958079,-1.463672932855431e-18,0.0004536701786796073,0.0009149733282603973,0.0004613031495807915,0.0001540808539068633,0.0,True
anticyclonic,0.5,41.180023193359375,54692.02655101172,0.65625,0.0004274036830311744,0.000427403683031173,-1.4094628242311558e-18,0.0005705749549235424,0.0009979786379547154,0.0004274036830311744,0.00019378544238539622,0.0,True
anticyclonic,0.5,41.180023193359375,59900.7909844414,0.71875,0.00039058163388162203,0.0003905816338816203,-1.734723475976807e-18,0.0007046016039101967,0.001095183237791817,0.00039058163388162203,0.00023930516462555547,0.0,True
anticyclonic,0.5,41.180023193359375,65109.555417871095,0.78125,0.0003527973694172491,0.0003527973694172475,-1.5720931501039814e-18,0.000848215129452108,0.0012010124988693555,0.0003527973694172491,0.0002880808957359316,0.0,True
anticyclonic,0.5,41.180023193359375,70318.31985130078,0.84375,0.0003137807310865586,0.00031378073108655533,-3.2526065174565133e-18,0.000993464270728673,0.0013072450018152284,0.0003137807310865586,0.0003374121340868154,0.0,True
anticyclonic,0.5,41.180023193359375,75527.08428473047,0.9062500000000001,0.0002733343809781652,0.0002733343809781642,-1.0299920638612292e-18,0.0011353016914568649,0.0014086360724350291,0.0002733343809781652,0.00038558464338719184,0.0,True
anticyclonic,0.5,41.180023193359375,80735.84871816015,0.96875,0.0002321980889692126,0.00023219808896921126,-1.328147661294743e-18,0.0012662739574404677,0.0014984720464096789,0.0002321980889692126,0.00043006699979775543,0.0,True
anticyclonic,0.5,41.180023193359375,85944.61315158985,1.03125,0.00018831545934868248,0.0001883154593486812,-1.2739375526704677e-18,0.0013888086065836868,0.001577124065932368,0.00018831545934868248,0.0004716836725711686,0.0,True
anticyclonic,0.5,41.180023193359375,91153.37758501952,1.09375,0.00013958789747123043,0.0001395878974712297,-7.318364664277155e-19,0.001504478771519269,0.0016440666689904986,0.00013958789747123043,0.0005109689476948151,0.0,True
anticyclonic,0.5,41.180023193359375,96362.14201844922,1.15625,0.00010685697334009317,0.00010685697334009286,-3.1170812458958252e-19,0.0015889166338972634,0.0016957736072373561,0.00010685697334009317,0.0005396467373065051,0.0,True
anticyclonic,0.5,41.180023193359375,101570.90645187891,1.21875,0.0001425437689927968,0.00014254376899279747,6.776263578034403e-19,0.0015194111643998354,0.001661954933392633,0.0001425437689927968,0.0005160404643032173,0.0,True
anticyclonic,0.5,41.180023193359375,106779.67088530859,1.28125,0.00014857100279609697,0.0001485710027960986,1.6263032587282567e-18,0.0014464218524310893,0.0015949928552271878,0.00014857100279609697,0.0004912509673454258,0.0,True
anticyclonic,0.5,41.180023193359375,111988.43531873828,1.34375,0.00013115554977452586,0.00013115554977452765,1.7889335846010823e-18,0.001368286864039852,0.0014994424138143796,0.00013115554977452586,0.00046471383465055896,0.0,True
anticyclonic,0.5,41.180023193359375,117197.19975216797,1.40625,0.00010567795966871881,0.00010567795966872084,2.032879073410321e-18,0.0012804796899623945,0.0013861576496311152,0.00010567795966871881,0.00043489171938527934,0.0,True
anticyclonic,0.5,41.180023193359375,122405.96418559765,1.46875,9.477108989197112e-05,9.477108989197503e-05,3.903127820947816e-18,0.0011756461747996325,0.0012704172646916074,9.477108989197112e-05,0.00039928691595440634,0.0,True
anticyclonic,0.5,41.180023193359375,127614.72861902734,1.53125,9.134504332134437e-05,9.134504332134801e-05,3.645629804982509e-18,0.0010551165209130966,0.0011464615642344446,9.134504332134437e-05,0.00035835120348155357,0.0,True
anticyclonic,0.5,41.180023193359375,132823.49305245702,1.59375,9.08899734633411e-05,9.088997346334527e-05,4.174178364069192e-18,0.0009573797284478276,0.001048269701911173,9.08899734633411e-05,0.00032515667329445524,0.0,True
anticyclonic,0.5,41.180023193359375,138032.25748588672,1.65625,0.00010538493002035949,0.00010538493002036349,3.9979955110402976e-18,0.0008521612561268848,0.0009575461861472483,0.00010538493002035949,0.0002894211261417385,0.0,True
anticyclonic,0.5,41.180023193359375,143241.0219193164,1.71875,0.00011120275780440119,0.0001112027578044059,4.716279450311944e-18,0.0007564710735993029,0.0008676738314037088,0.00011120275780440119,0.00025692168992738233,0.0,True
anticyclonic,0.5,41.180023193359375,148449.7863527461,1.7812500000000002,0.00011309959121572794,0.00011309959121573268,4.743384504624082e-18,0.0006691991909844307,0.0007822987822001634,0.00011309959121572794,0.00022728137670579066,0.0,True
anticyclonic,0.5,41.180023193359375,153658.55078617577,1.8437499999999998,0.00012117908392024151,0.00012117908392024648,4.9737774662772516e-18,0.0006079407249002798,0.0007291198088205264,0.00012117908392024151,0.0002064760489437989,0.0,True
anticyclonic,0.5,41.180023193359375,158867.31521960546,1.90625,0.00011770450497049605,0.0001177045049705032,7.14218181124826e-18,0.0005807523249107178,0.000698456829881221,0.00011770450497049605,0.00019724200164770897,0.0,True
anticyclonic,0.5,41.180023193359375,164076.07965303515,1.96875,0.0001157261577759485,0.00011572615777595529,6.7898161051904715e-18,0.0005871603480557003,0.0007028865058316556,0.0001157261577759485,0.0001994183705704085,0.0,True
anticyclonic,0.5,41.180023193359375,169284.84408646484,2.03125,0.00012724524717209925,0.0001272452471721022,2.9544509200229996e-18,0.0006351862348967873,0.0007624314820688895,0.00012724524717209925,0.00021572949261869072,0.0,True
anticyclonic,0.5,41.180023193359375,174493.60851989454,2.09375,0.00013768058840929267,0.0001376805884092989,6.2341624917916505e-18,0.0006889270302557367,0.0008266076186650356,0.00013768058840929267,0.00023398157976852463,0.0,True
anticyclonic,0.5,41.180023193359375,179702.37295332423,2.15625,0.00015002780894091762,0.00015002780894092147,3.848917712323541e-18,0.0007520007331190975,0.000902028542060019,0.00015002780894091762,0.0002554034198033703,0.0,True
anticyclonic,0.5,41.180023193359375,184911.1373867539,2.21875,0.00016605028614760835,0.0001660502861476113,2.9544509200229996e-18,0.0008661389127470948,0.001032189198894706,0.00016605028614760835,0.00029416838388287355,0.0,True
anticyclonic,0.5,41.180023193359375,190119.9018201836,2.28125,0.0002090277747572293,0.00020902777475723187,2.574980159653073e-18,0.0009696672423494197,0.0011786950171066516,0.0002090277747572293,0.00032932990469322176,0.0,True
anticyclonic,0.5,41.180023193359375,195328.66625361328,2.34375,0.00028273797518434633,0.0002827379751843464,5.421010862427522e-20,0.0010600531518527943,0.0013427911270371407,0.00028273797518434633,0.00036002784070912153,0.0,True
anticyclonic,0.5,41.180023193359375,200537.43068704297,2.40625,0.000330806804886209,0.0003308068048862091,1.0842021724855044e-19,0.0011530751363749536,0.0014838819412611626,0.000330806804886209,0.0003916210718291409,0.0,True
anticyclonic,0.5,41.180023193359375,205746.19512047266,2.46875,0.00038964325480664357,0.00038964325480664536,1.7889335846010823e-18,0.0012231869351443238,0.001612830189950969,0.00038964325480664357,0.0004154332735805811,0.0,True
anticyclonic,0.5,47.21189498901367,2604.3822167148437,0.03125,3.5121478873304555e-06,3.5121478873304555e-06,0.0,3.1294745488345353e-06,6.641622436164991e-06,3.5121478873304555e-06,6.383655435265109e-07,0.0,True
anticyclonic,0.5,47.21189498901367,7813.146650144531,0.09375,2.698652163958823e-05,2.6986521639588223e-05,-6.776263578034403e-21,1.0401716846427084e-05,3.738823848601531e-05,2.698652163958823e-05,2.121793139602674e-06,0.0,True
anticyclonic,0.5,47.21189498901367,13021.911083574218,0.15625,5.2881916037004196e-05,5.2881916037004155e-05,-4.0657581468206416e-20,2.433426932575711e-05,7.721618536276126e-05,5.2881916037004196e-05,4.963823422127718e-06,0.0,True
anticyclonic,0.5,47.21189498901367,18230.675517003907,0.21875,8.232032010092221e-05,8.232032010092217e-05,-4.0657581468206416e-20,4.6106606615663966e-05,0.00012842692671658613,8.232032010092221e-05,9.405051401786479e-06,0.0,True
anticyclonic,0.5,47.21189498901367,23439.439950433592,0.28125,0.00011216637996570945,0.00011216637996570934,-1.0842021724855044e-19,8.678671613594309e-05,0.00019895309610165244,0.00011216637996570945,1.7703179352468213e-05,0.0,True
anticyclonic,0.5,47.21189498901367,28648.20438386328,0.34375,0.00013847256478312475,0.00013847256478312456,-1.8973538018496328e-19,0.00014465775282256546,0.00028313031760569005,0.00013847256478312475,2.9507996810611925e-05,0.0,True
anticyclonic,0.5,47.21189498901367,33856.96881729297,0.40625,0.00016509436024821346,0.00016509436024821306,-4.0657581468206416e-19,0.00020504818916866933,0.0003701425494168824,0.00016509436024821346,4.1826733748811604e-05,0.0,True
anticyclonic,0.5,47.21189498901367,39065.73325072265,0.46874999999999994,0.00019344340505981076,0.00019344340505981066,-1.0842021724855044e-19,0.0002783849390152136,0.0004718283440750242,0.00019344340505981076,5.6786323113004344e-05,0.0,True
anticyclonic,0.5,47.21189498901367,44274.497684152346,0.53125,0.0002268957773337681,0.00022689577733376738,-7.047314121155779e-19,0.00036557251146985425,0.0005924682888036216,0.0002268957773337681,7.457127110035624e-05,0.0,True
anticyclonic,0.5,47.21189498901367,49483.26211758203,0.59375,0.0002622114319109286,0.0002622114319109282,-4.336808689942018e-19,0.000472058865760017,0.0007342702976709452,0.0002622114319109286,9.629287911276589e-05,0.0,True
anticyclonic,0.5,47.21189498901367,54692.02655101172,0.65625,0.00030012548331517634,0.0003001254833151753,-1.0299920638612292e-18,0.0005909416612342406,0.000891067144549416,0.00030012548331517634,0.00012054317390334558,0.0,True
anticyclonic,0.5,47.21189498901367,59900.7909844414,0.71875,0.00034577927812884683,0.0003457792781288452,-1.6263032587282567e-18,0.0007239601259406038,0.001069739404069449,0.00034577927812884683,0.00014767693172635228,0.0,True
anticyclonic,0.5,47.21189498901367,65109.555417871095,0.78125,0.00039983543642522134,0.00039983543642522004,-1.3010426069826053e-18,0.000865176149183466,0.001265011585608686,0.00039983543642522134,0.0001764828676831264,0.0,True
anticyclonic,0.5,47.21189498901367,70318.31985130078,0.84375,0.00045885212579617105,0.00045885212579616997,-1.0842021724855044e-18,0.0010089348535580196,0.0014677869793541895,0.00045885212579617105,0.0002058074721886673,0.0,True
anticyclonic,0.5,47.21189498901367,75527.08428473047,0.9062500000000001,0.0005171059897217218,0.0005171059897217197,-2.0599841277224584e-18,0.0011469048337311234,0.0016640108234528433,0.0005171059897217218,0.00023395126438418014,0.0,True
anticyclonic,0.5,47.21189498901367,80735.84871816015,0.96875,0.0005747056110006665,0.0005747056110006652,-1.3010426069826053e-18,0.0012713076644161692,0.0018460132754168344,0.0005747056110006665,0.0002593275629887081,0.0,True
anticyclonic,0.5,47.21189498901367,85944.61315158985,1.03125,0.0006309624667294198,0.0006309624667294166,-3.144186300207963e-18,0.0013878567162101145,0.002018819182939531,0.0006309624667294198,0.00028310180931502815,0.0,True
anticyclonic,0.5,47.21189498901367,91153.37758501952,1.09375,0.0006771926218467253,0.0006771926218467216,-3.686287386450715e-18,0.001497555918663004,0.0021747485405097257,0.0006771926218467253,0.00030547878982900713,0.0,True
anticyclonic,0.5,47.21189498901367,96362.14201844922,1.15625,0.0007075736461909925,0.0007075736461909911,-1.4094628242311558e-18,0.0015760031369537746,0.002283576783144766,0.0007075736461909925,0.00032148083757244713,0.0,True
anticyclonic,0.5,47.21189498901367,101570.90645187891,1.21875,0.0007705553798330122,0.0007705553798330088,-3.3610267347050637e-18,0.0015026741749501224,0.002273229554783131,0.0007705553798330122,0.00030652283681058463,0.0,True
anticyclonic,0.5,47.21189498901367,106779.67088530859,1.28125,0.0007835561570168089,0.0007835561570168045,-4.336808689942018e-18,0.001415349084608541,0.0021989052416253457,0.0007835561570168089,0.0002887098372512287,0.0,True
anticyclonic,0.5,47.21189498901367,111988.43531873828,1.34375,0.0007635579233215952,0.0007635579233215919,-3.2526065174565133e-18,0.0013308167591177748,0.0020943746824393667,0.0007635579233215952,0.0002714665195423279,0.0,True
anticyclonic,0.5,47.21189498901367,117197.19975216797,1.40625,0.0007226010869244907,0.0007226010869244881,-2.6020852139652106e-18,0.0012359626385730885,0.0019585637254975765,0.0007226010869244907,0.00025211771153243746,0.0,True
anticyclonic,0.5,47.21189498901367,122405.96418559765,1.46875,0.0006679094920149869,0.0006679094920149832,-3.686287386450715e-18,0.001128279912244349,0.001796189404259332,0.0006679094920149869,0.00023015206169295797,0.0,True
anticyclonic,0.5,47.21189498901367,127614.72861902734,1.53125,0.0006133759935419259,0.0006133759935419236,-2.2768245622195593e-18,0.0010022552413652807,0.0016156312349072043,0.0006133759935419259,0.00020444493218349234,0.0,True
anticyclonic,0.5,47.21189498901367,132823.49305245702,1.59375,0.0005482601859799086,0.000548260185979906,-2.6020852139652106e-18,0.0009034279749227461,0.0014516881609026521,0.0005482601859799086,0.00018428566241684,0.0,True
anticyclonic,0.5,47.21189498901367,138032.25748588672,1.65625,0.0004743913668102091,0.0004743913668102075,-1.6263032587282567e-18,0.0007981410646979138,0.0012725324315081214,0.0004743913668102091,0.0001628087228785611,0.0,True
anticyclonic,0.5,47.21189498901367,143241.0219193164,1.71875,0.0003989377895906506,0.00039893778959064914,-1.463672932855431e-18,0.0007079744932140938,0.001106912282804743,0.0003989377895906506,0.00014441610408106144,0.0,True
anticyclonic,0.5,47.21189498901367,148449.7863527461,1.7812500000000002,0.00032119385551633486,0.0003211938555163344,-4.336808689942018e-19,0.0006267489700456833,0.0009479428255620177,0.00032119385551633486,0.00012784732410330515,0.0,True
anticyclonic,0.5,47.21189498901367,153658.55078617577,1.8437499999999998,0.0002521250339225193,0.00025212503392252003,7.047314121155779e-19,0.0005759960836605752,0.0008281211175830952,0.0002521250339225193,0.00011749450180128814,0.0,True
anticyclonic,0.5,47.21189498901367,158867.31521960546,1.90625,0.0001936251362465522,0.00019362513624655072,-1.4907779871675686e-18,0.0005662943332568798,0.0007599194695034306,0.0001936251362465522,0.00011551549124441366,0.0,True
anticyclonic,0.5,47.21189498901367,164076.07965303515,1.96875,0.00014825842710548877,0.00014825842710548885,8.131516293641283e-20,0.0005715087263316833,0.0007197671534371721,0.00014825842710548877,0.00011657914867872558,0.0,True
anticyclonic,0.5,47.21189498901367,169284.84408646484,2.03125,9.83233865862958e-05,9.832338658629503e-05,-7.724940478959219e-19,0.000620284757265492,0.000718608143851787,9.83233865862958e-05,0.00012652872232511378,0.0,True
anticyclonic,0.5,47.21189498901367,174493.60851989454,2.09375,4.663226075849671e-05,4.663226075849604e-05,-6.708500942254059e-19,0.00067736232282817,0.0007239945835866661,4.663226075849671e-05,0.00013817168365776257,0.0,True
anticyclonic,0.5,47.21189498901367,179702.37295332423,2.15625,1.0812492000471916e-05,1.0812492000471503e-05,-4.1335207826009857e-19,0.0007499213729070706,0.0007607338649075422,1.0812492000471916e-05,0.00015297263401495103,0.0,True
anticyclonic,0.5,47.21189498901367,184911.1373867539,2.21875,-1.6160853281414494e-05,-1.616085328141505e-05,-5.55653613398821e-19,0.0008647262458631252,0.0008485653925817102,-1.6160853281414494e-05,0.0001763910942006641,0.0,True
anticyclonic,0.5,47.21189498901367,190119.9018201836,2.28125,-5.413618049852227e-05,-5.4136180498521563e-05,7.047314121155779e-19,0.00096434081188938,0.0009102046313908584,-5.413618049852227e-05,0.00019671096119181433,0.0,True
anticyclonic,0.5,47.21189498901367,195328.66625361328,2.34375,-6.358039578314732e-05,-6.358039578314895e-05,-1.6398557858843255e-18,0.0010628985089493471,0.000999318113166198,-6.358039578314732e-05,0.00021681524287572764,0.0,True
anticyclonic,0.5,47.21189498901367,200537.43068704297,2.40625,-9.863963543046285e-05,-9.863963543046123e-05,1.6127507315721878e-18,0.0011458452469598512,0.00104720561152939,-9.863963543046285e-05,0.00023373512468577337,0.0,True
anticyclonic,0.5,47.21189498901367,205746.19512047266,2.46875,-0.00014458758278228955,-0.00014458758278228424,5.312590645178972e-18,0.0012189984466976533,0.001074410863915369,-0.00014458758278228955,0.00024865727259993893,0.0,True
anticyclonic,0.5,53.85063552856445,2604.3822167148437,0.03125,5.193525021625152e-06,5.193525021625152e-06,0.0,1.0630664818644212e-06,6.256591503489573e-06,5.193525021625152e-06,1.1517907944398182e-06,0.0,True
anticyclonic,0.5,53.85063552856445,7813.146650144531,0.09375,-5.9936152376700725e-05,-5.9936152376700725e-05,0.0,4.398354671688533e-06,-5.5537797705012194e-05,-5.9936152376700725e-05,4.765444596322354e-06,0.0,True
anticyclonic,0.5,53.85063552856445,13021.911083574218,0.15625,-0.00011159210515309123,-0.00011159210515309127,-4.0657581468206416e-20,9.669254296024434e-06,-0.00010192285085706684,-0.00011159210515309123,1.0476257390531637e-05,0.0,True
anticyclonic,0.5,53.85063552856445,18230.675517003907,0.21875,-0.00015205759322366058,-0.00015205759322366055,2.710505431213761e-20,1.7278634626027947e-05,-0.00013477895859763262,-0.00015205759322366058,1.8720722214705493e-05,0.0,True
anticyclonic,0.5,53.85063552856445,23439.439950433592,0.28125,-0.00018091649821285234,-0.00018091649821285247,-1.3552527156068805e-19,3.0423589619323895e-05,-0.00015049290859352858,-0.00018091649821285234,3.2962764845991195e-05,0.0,True
anticyclonic,0.5,53.85063552856445,28648.20438386328,0.34375,-0.00020005072023618616,-0.00020005072023618613,2.710505431213761e-20,4.8814357100355305e-05,-0.00015123636313583083,-0.00020005072023618616,5.28884393439636e-05,0.0,True
anticyclonic,0.5,53.85063552856445,33856.96881729297,0.40625,-0.00021215775078881405,-0.00021215775078881372,3.2526065174565133e-19,6.845338977921242e-05,-0.00014370436100960131,-0.00021215775078881405,7.416656017375311e-05,0.0,True
anticyclonic,0.5,53.85063552856445,39065.73325072265,0.46874999999999994,-0.0002177498781431347,-0.0002177498781431346,1.0842021724855044e-19,9.172946834450316e-05,-0.00012602040979863143,-0.0002177498781431347,9.938527742193643e-05,0.0,True
anticyclonic,0.5,53.85063552856445,44274.497684152346,0.53125,-0.00021715802287336554,-0.00021715802287336519,3.5236570605778894e-19,0.0001194896143752801,-9.766840849808509e-05,-0.00021715802287336554,0.00012946230571322232,0.0,True
anticyclonic,0.5,53.85063552856445,49483.26211758203,0.59375,-0.0002105738521287539,-0.00021057385212875369,2.168404344971009e-19,0.00015348028533134685,-5.709356679740684e-05,-0.0002105738521287539,0.00016628986313500134,0.0,True
anticyclonic,0.5,53.85063552856445,54692.02655101172,0.65625,-0.00020419602556432886,-0.0002041960255643284,4.607859233063394e-19,0.00019006464377164308,-1.413138179268532e-05,-0.00020419602556432886,0.00020592757911125757,0.0,True
anticyclonic,0.5,53.85063552856445,59900.7909844414,0.71875,-0.0002019848124402248,-0.00020198481244022387,9.215718466126788e-19,0.0002309450681926743,2.8960255752450434e-05,-0.0002019848124402248,0.00025021991390329894,0.0,True
anticyclonic,0.5,53.85063552856445,65109.555417871095,0.78125,-0.00020309138727522583,-0.00020309138727522556,2.710505431213761e-19,0.00027307624781296473,6.998486053773917e-05,-0.00020309138727522583,0.00029586739284594686,0.0,True
anticyclonic,0.5,53.85063552856445,70318.31985130078,0.84375,-0.000208409676516166,-0.00020840967651616536,6.505213034913027e-19,0.0003169476617237959,0.00010853798520763056,-0.000208409676516166,0.0003434003473164264,0.0,True
anticyclonic,0.5,53.85063552856445,75527.08428473047,0.9062500000000001,-0.00021903845667684945,-0.0002190384566768496,-1.3552527156068805e-19,0.0003594171482106231,0.0001403786915337735,-0.00021903845667684945,0.0003894143684661895,0.0,True
anticyclonic,0.5,53.85063552856445,80735.84871816015,0.96875,-0.00024002109253077155,-0.00024002109253077144,1.0842021724855044e-19,0.0003979240218511177,0.00015790292932034628,-0.00024002109253077155,0.000431135054179085,0.0,True
anticyclonic,0.5,53.85063552856445,85944.61315158985,1.03125,-0.0002695073047237692,-0.0002695073047237696,-3.7947076036992655e-19,0.00043429656755770106,0.00016478926283393147,-0.0002695073047237692,0.0004705432793746633,0.0,True
anticyclonic,0.5,53.85063552856445,91153.37758501952,1.09375,-0.00030274136009493443,-0.0003027413600949351,-6.505213034913027e-19,0.0004681055150536931,0.000165364154958758,-0.00030274136009493443,0.0005071739465623708,0.0,True
anticyclonic,0.5,53.85063552856445,96362.14201844922,1.15625,-0.0003516889208447732,-0.00035168892084477387,-6.505213034913027e-19,0.0004922989571846862,0.0001406100363399123,-0.0003516889208447732,0.0005333865912159948,0.0,True
anticyclonic,0.5,53.85063552856445,101570.90645187891,1.21875,-0.00044338695332938016,-0.00044338695332938146,-1.3010426069826053e-18,0.00047315780408212595,2.9770850752744492e-05,-0.00044338695332938016,0.0005126479033591202,0.0,True
anticyclonic,0.5,53.85063552856445,106779.67088530859,1.28125,-0.0004976307200575273,-0.0004976307200575293,-2.0599841277224584e-18,0.0004465984124141426,-5.103230764338674e-05,-0.0004976307200575273,0.00048387184527528887,0.0,True
anticyclonic,0.5,53.85063552856445,111988.43531873828,1.34375,-0.0005313740203752905,-0.0005313740203752926,-2.168404344971009e-18,0.00042533189104924945,-0.00010604212932604319,-0.0005313740203752905,0.00046083040435347314,0.0,True
anticyclonic,0.5,53.85063552856445,117197.19975216797,1.40625,-0.0005613561031642331,-0.0005613561031642348,-1.734723475976807e-18,0.00039798157563160087,-0.00016337452753263393,-0.0005613561031642331,0.0004311974114405325,0.0,True
anticyclonic,0.5,53.85063552856445,122405.96418559765,1.46875,-0.00059111022591032,-0.0005911102259103237,-3.686287386450715e-18,0.00036199436389210534,-0.00022911586201821837,-0.00059111022591032,0.00039220668046911446,0.0,True
anticyclonic,0.5,53.85063552856445,127614.72861902734,1.53125,-0.0006152128517301297,-0.0006152128517301317,-1.951563910473908e-18,0.0003268357377804199,-0.0002883771139497118,-0.0006152128517301297,0.0003541136894930757,0.0,True
anticyclonic,0.5,53.85063552856445,132823.49305245702,1.59375,-0.0006363303981975242,-0.0006363303981975276,-3.469446951953614e-18,0.00030039521318753567,-0.00033593518500999196,-0.0006363303981975242,0.00032546641921809427,0.0,True
anticyclonic,0.5,53.85063552856445,138032.25748588672,1.65625,-0.0006505761103847454,-0.0006505761103847477,-2.2768245622195593e-18,0.00026993737968527133,-0.0003806387306994764,-0.0006505761103847454,0.00029246655246943794,0.0,True
anticyclonic,0.5,53.85063552856445,143241.0219193164,1.71875,-0.0006538168890961416,-0.000653816889096145,-3.3610267347050637e-18,0.00024401715663897958,-0.0004097997324571654,-0.0006538168890961416,0.0002643830084918439,0.0,True
anticyclonic,0.5,53.85063552856445,148449.7863527461,1.7812500000000002,-0.0006441034655633621,-0.0006441034655633657,-3.577867169202165e-18,0.00022161404459828882,-0.0004224894209650769,-0.0006441034655633621,0.0002401101161982062,0.0,True
anticyclonic,0.5,53.85063552856445,153658.55078617577,1.8437499999999998,-0.0006214116594084431,-0.0006214116594084471,-4.0115480381963664e-18,0.00020556864864915692,-0.0004158430107592902,-0.0006214116594084431,0.00022272555966986948,0.0,True
anticyclonic,0.5,53.85063552856445,158867.31521960546,1.90625,-0.000585234584333589,-0.0005852345843335944,-5.421010862427522e-18,0.0002006049151334254,-0.00038462966920016907,-0.000585234584333589,0.00021734754929422006,0.0,True
anticyclonic,0.5,53.85063552856445,164076.07965303515,1.96875,-0.0005417993309681099,-0.0005417993309681142,-4.228388472693467e-18,0.00019815794875702907,-0.0003436413822110851,-0.0005417993309681099,0.00021469635729944085,0.0,True
anticyclonic,0.5,53.85063552856445,169284.84408646484,2.03125,-0.0004986068219335566,-0.000498606821933557,-4.336808689942018e-19,0.00021439527693872874,-0.00028421154499482827,-0.0004986068219335566,0.0002322888648660232,0.0,True
anticyclonic,0.5,53.85063552856445,174493.60851989454,2.09375,-0.0004459952218285064,-0.00044599522182851105,-4.662069341687669e-18,0.00023009177092129753,-0.00021590345090721351,-0.0004459952218285064,0.00024929539981235636,0.0,True
anticyclonic,0.5,53.85063552856445,179702.37295332423,2.15625,-0.00039799023065014105,-0.0003979902306501441,-3.0357660829594124e-18,0.00024303947771992375,-0.00015495075293022034,-0.00039799023065014105,0.000263323731769177,0.0,True
anticyclonic,0.5,53.85063552856445,184911.1373867539,2.21875,-0.00034911214865891965,-0.0003491121486589207,-1.0299920638612292e-18,0.0002732811148813604,-7.583103377756028e-05,-0.00034911214865891965,0.0002960893582709579,0.0,True
anticyclonic,0.5,53.85063552856445,190119.9018201836,2.28125,-0.0003179471978007282,-0.0003179471978007299,-1.6805133673525319e-18,0.0003008627362779026,-1.708446152282728e-05,-0.0003179471978007282,0.000325972962130376,0.0,True
anticyclonic,0.5,53.85063552856445,195328.66625361328,2.34375,-0.0003063609511868336,-0.00030636095118683496,-1.3552527156068805e-18,0.00032539431426257225,1.9033363075737287e-05,-0.0003063609511868336,0.0003525519637053956,0.0,True
anticyclonic,0.5,53.85063552856445,200537.43068704297,2.40625,-0.000288097040551208,-0.00028809704055120905,-1.0299920638612292e-18,0.0003483914335159611,6.029439296475206e-05,-0.000288097040551208,0.0003774684394917765,0.0,True
anticyclonic,0.5,53.85063552856445,205746.19512047266,2.46875,-0.000293732137022204,-0.000293732137022204,0.0,0.00036609254870084164,7.236041167863762e-05,-0.000293732137022204,0.0003966469028043509,0.0,True
anticyclonic,0.5,61.11283874511719,2604.3822167148437,0.03125,4.0641231608534364e-06,4.0641231608534364e-06,0.0,6.407471048458149e-07,4.704870265699252e-06,4.0641231608534364e-06,4.170879488114415e-08,0.0,True
anticyclonic,0.5,61.11283874511719,7813.146650144531,0.09375,5.046784934416342e-06,5.046784934416342e-06,0.0,5.788690900345318e-06,1.083547583476166e-05,5.046784934416342e-06,3.7680907110918103e-07,0.0,True
anticyclonic,0.5,61.11283874511719,13021.911083574218,0.15625,1.0707356214081314e-05,1.0707356214081311e-05,-3.3881317890172014e-21,1.3655059491849395e-05,2.4362415705930706e-05,1.0707356214081314e-05,8.888625030501171e-07,0.0,True
anticyclonic,0.5,61.11283874511719,18230.675517003907,0.21875,2.0350217205706776e-05,2.035021720570673e-05,-4.743384504624082e-20,2.6694580013035358e-05,4.704479721874209e-05,2.0350217205706776e-05,1.7376571096172226e-06,0.0,True
anticyclonic,0.5,61.11283874511719,23439.439950433592,0.28125,3.517419454086395e-05,3.517419454086387e-05,-7.453889935837843e-20,5.1098481345678164e-05,8.627267588654204e-05,3.517419454086395e-05,3.326204771065977e-06,0.0,True
anticyclonic,0.5,61.11283874511719,28648.20438386328,0.34375,5.2798796329302885e-05,5.279879632930292e-05,3.3881317890172014e-20,8.271202827520163e-05,0.00013551082460450456,5.2798796329302885e-05,5.384057134934572e-06,0.0,True
anticyclonic,0.5,61.11283874511719,33856.96881729297,0.40625,6.725751839494683e-05,6.72575183949468e-05,-2.710505431213761e-20,0.0001163905423997689,0.00018364806079471568,6.725751839494683e-05,7.576326482544512e-06,0.0,True
anticyclonic,0.5,61.11283874511719,39065.73325072265,0.46874999999999994,7.700984429847717e-05,7.700984429847714e-05,-2.710505431213761e-20,0.0001586561541156052,0.00023566599841408234,7.700984429847717e-05,1.0327564398798694e-05,0.0,True
anticyclonic,0.5,61.11283874511719,44274.497684152346,0.53125,8.243175808249824e-05,8.243175808249838e-05,1.4907779871675686e-19,0.00020874296644698062,0.000291174724529479,8.243175808249824e-05,1.3587915582566268e-05,0.0,True
anticyclonic,0.5,61.11283874511719,49483.26211758203,0.59375,8.361567287905172e-05,8.361567287905173e-05,1.3552527156068805e-20,0.000269941116932596,0.0003535567898116477,8.361567287905172e-05,1.7571548261365715e-05,0.0,True
anticyclonic,0.5,61.11283874511719,54692.02655101172,0.65625,7.652942007277231e-05,7.652942007277226e-05,-5.421010862427522e-20,0.0003368175599560793,0.00041334698002885157,7.652942007277231e-05,2.192480373977821e-05,0.0,True
anticyclonic,0.5,61.11283874511719,59900.7909844414,0.71875,5.697848419638699e-05,5.697848419638714e-05,1.5585406229479126e-19,0.0004061868532783128,0.00046316533747469996,5.697848419638699e-05,2.6440328826580105e-05,0.0,True
anticyclonic,0.5,61.11283874511719,65109.555417871095,0.78125,2.2598362486011987e-05,2.2598362486011825e-05,-1.6263032587282567e-19,0.00047970549286247607,0.0005023038553484878,2.2598362486011987e-05,3.1225951477336366e-05,0.0,True
anticyclonic,0.5,61.11283874511719,70318.31985130078,0.84375,-2.346557001864187e-05,-2.3465570018641846e-05,2.371692252312041e-20,0.0005567489420262687,0.0005332833720076268,-2.346557001864187e-05,3.624101809848284e-05,0.0,True
anticyclonic,0.5,61.11283874511719,75527.08428473047,0.9062500000000001,-7.847389760603337e-05,-7.847389760603333e-05,4.0657581468206416e-20,0.0006324914270159915,0.0005540175294099581,-7.847389760603337e-05,4.117139975191954e-05,0.0,True
anticyclonic,0.5,61.11283874511719,80735.84871816015,0.96875,-0.00014478562264624197,-0.00014478562264624192,5.421010862427522e-20,0.0007026725905253966,0.0005578869678791547,-0.00014478562264624197,4.573977272028151e-05,0.0,True
anticyclonic,0.5,61.11283874511719,85944.61315158985,1.03125,-0.00022046021349870335,-0.00022046021349870308,2.710505431213761e-19,0.0007671818566826246,0.0005467216431839215,-0.00022046021349870335,4.993893917727612e-05,0.0,True
anticyclonic,0.5,61.11283874511719,91153.37758501952,1.09375,-0.00029895437550037617,-0.00029895437550037595,2.168404344971009e-19,0.000828331125791138,0.000529376750290762,-0.00029895437550037617,5.391938997149797e-05,0.0,True
anticyclonic,0.5,61.11283874511719,96362.14201844922,1.15625,-0.00038755006299901027,-0.00038755006299900994,3.2526065174565133e-19,0.0008761736706833185,0.0004886236076843086,-0.00038755006299901027,5.7033652800637176e-05,0.0,True
anticyclonic,0.5,61.11283874511719,101570.90645187891,1.21875,-0.0005113297625082705,-0.0005113297625082703,2.168404344971009e-19,0.0008519612918536026,0.0003406315293453323,-0.0005113297625082705,5.5457572105842336e-05,0.0,True
anticyclonic,0.5,61.11283874511719,106779.67088530859,1.28125,-0.0005875779858357895,-0.0005875779858357886,8.673617379884035e-19,0.000797873114443173,0.0002102951286073844,-0.0005875779858357895,5.1936756045894e-05,0.0,True
anticyclonic,0.5,61.11283874511719,111988.43531873828,1.34375,-0.0006397191822405793,-0.0006397191822405778,1.4094628242311558e-18,0.000756369073258821,0.00011664989101824316,-0.0006397191822405793,4.9235091805189785e-05,0.0,True
anticyclonic,0.5,61.11283874511719,117197.19975216797,1.40625,-0.0006821342626254158,-0.0006821342626254157,1.0842021724855044e-19,0.0007107955878370716,2.866132521165592e-05,-0.0006821342626254158,4.626853114327004e-05,0.0,True
anticyclonic,0.5,61.11283874511719,122405.96418559765,1.46875,-0.0007149657752985889,-0.0007149657752985863,2.6020852139652106e-18,0.000644990201579165,-6.997557371942126e-05,-0.0007149657752985889,4.1984995038700446e-05,0.0,True
anticyclonic,0.5,61.11283874511719,127614.72861902734,1.53125,-0.0007432711594817685,-0.0007432711594817682,3.2526065174565133e-19,0.0005763375725374815,-0.00016693358694428665,-0.0007432711594817685,3.751612049975127e-05,0.0,True
anticyclonic,0.5,61.11283874511719,132823.49305245702,1.59375,-0.0007658960618547199,-0.0007658960618547175,2.3852447794681098e-18,0.0005310038002569961,-0.00023489226159772135,-0.0007658960618547199,3.4565163726110826e-05,0.0,True
anticyclonic,0.5,61.11283874511719,138032.25748588672,1.65625,-0.000777322183342515,-0.0007773221833425148,2.168404344971009e-19,0.0004716969646314108,-0.000305625218711104,-0.000777322183342515,3.070464430518811e-05,0.0,True
anticyclonic,0.5,61.11283874511719,143241.0219193164,1.71875,-0.0007801870941934901,-0.0007801870941934906,-4.336808689942018e-19,0.00042426550547557373,-0.00035592158871791685,-0.0007801870941934901,2.7617140692791422e-05,0.0,True
anticyclonic,0.5,61.11283874511719,148449.7863527461,1.7812500000000002,-0.000774294756454757,-0.0007742947564547568,2.168404344971009e-19,0.00038222147316354206,-0.00039207328329121476,-0.000774294756454757,2.4880326267230025e-05,0.0,True
anticyclonic,0.5,61.11283874511719,153658.55078617577,1.8437499999999998,-0.0007616279986776952,-0.0007616279986776944,7.589415207398531e-19,0.0003552926783541664,-0.00040633532032352803,-0.0007616279986776952,2.312742317862233e-05,0.0,True
anticyclonic,0.5,61.11283874511719,158867.31521960546,1.90625,-0.0007462475191298486,-0.0007462475191298481,5.421010862427522e-19,0.00034703083101927766,-0.0003992166881105704,-0.0007462475191298486,2.2589626451607663e-05,0.0,True
anticyclonic,0.5,61.11283874511719,164076.07965303515,1.96875,-0.0007287174113593972,-0.0007287174113593978,-5.421010862427522e-19,0.0003455440849385713,-0.00038317332642082646,-0.0007287174113593972,2.249284819564434e-05,0.0,True
anticyclonic,0.5,61.11283874511719,169284.84408646484,2.03125,-0.0007040781160820733,-0.0007040781160820744,-1.0842021724855044e-18,0.0003738992862951966,-0.0003301788297868778,-0.0007040781160820733,2.4338601798357244e-05,0.0,True
anticyclonic,0.5,61.11283874511719,174493.60851989454,2.09375,-0.0006734175673414991,-0.0006734175673415006,-1.5178830414797062e-18,0.0003937413200563163,-0.0002796762472851843,-0.0006734175673414991,2.563019923189762e-05,0.0,True
anticyclonic,0.5,61.11283874511719,179702.37295332423,2.15625,-0.0006502765303038486,-0.0006502765303038484,1.0842021724855044e-19,0.00042643115596196644,-0.000223845374341882,-0.0006502765303038486,2.7758111555145825e-05,0.0,True
anticyclonic,0.5,61.11283874511719,184911.1373867539,2.21875,-0.0006269302645896287,-0.0006269302645896275,1.1926223897340549e-18,0.0004789837484445727,-0.0001479465161450548,-0.0006269302645896287,3.117897024300026e-05,0.0,True
anticyclonic,0.5,61.11283874511719,190119.9018201836,2.28125,-0.0006002247210673985,-0.0006002247210673999,-1.4094628242311558e-18,0.0005289175291436162,-7.130719192378367e-05,-0.0006002247210673985,3.442935998501494e-05,0.0,True
anticyclonic,0.5,61.11283874511719,195328.66625361328,2.34375,-0.0005879999125729172,-0.0005879999125729168,3.2526065174565133e-19,0.0005730226105594867,-1.4977302013430109e-05,-0.0005879999125729172,3.730033635007143e-05,0.0,True
anticyclonic,0.5,61.11283874511719,200537.43068704297,2.40625,-0.0005618191175293438,-0.0005618191175293406,3.144186300207963e-18,0.0006157781090073949,5.395899147805428e-05,-0.0005618191175293438,4.008346295543314e-05,0.0,True
anticyclonic,0.5,61.11283874511719,205746.19512047266,2.46875,-0.0005347560349366532,-0.0005347560349366562,-2.927345865710862e-18,0.0006524577029072304,0.00011770166797057426,-0.0005347560349366532,4.2471084603228246e-05,0.0,True
anticyclonic,0.5,69.02168273925781,2604.3822167148437,0.03125,3.193146584752335e-06,3.193146584752335e-06,0.0,1.2380627055789728e-06,4.431209290331308e-06,3.193146584752335e-06,4.3399584974511e-07,0.0,True
anticyclonic,0.5,69.02168273925781,7813.146650144531,0.09375,5.846962314047961e-05,5.8469623140479604e-05,-6.776263578034403e-21,7.521803074495592e-06,6.599142621497519e-05,5.846962314047961e-05,2.636725346964153e-06,0.0,True
anticyclonic,0.5,69.02168273925781,13021.911083574218,0.15625,0.0001132214222624862,0.00011322142226248625,5.421010862427522e-20,1.9116288058083772e-05,0.00013233771032057003,0.0001132214222624862,6.7011062059741206e-06,0.0,True
anticyclonic,0.5,69.02168273925781,18230.675517003907,0.21875,0.00016676043716640576,0.0001667604371664056,-1.6263032587282567e-19,3.814865501061191e-05,0.0002049090921770175,0.00016676043716640576,1.3372794345033664e-05,0.0,True
anticyclonic,0.5,69.02168273925781,23439.439950433592,0.28125,0.0002177525645442486,0.0002177525645442486,0.0,7.443292262228248e-05,0.0002921854871665311,0.0002177525645442486,2.6092038276335064e-05,0.0,True
anticyclonic,0.5,69.02168273925781,28648.20438386328,0.34375,0.0002637905527650692,0.0002637905527650693,1.0842021724855044e-19,0.00012373451224741668,0.00038752506501248596,0.0002637905527650692,4.337443050633021e-05,0.0,True
anticyclonic,0.5,69.02168273925781,33856.96881729297,0.40625,0.00030505429394923574,0.00030505429394923537,-3.7947076036992655e-19,0.0001794747082940975,0.00048452900224333283,0.00030505429394923574,6.291383964871728e-05,0.0,True
anticyclonic,0.5,69.02168273925781,39065.73325072265,0.46874999999999994,0.00034173849011589114,0.00034173849011589087,-2.710505431213761e-19,0.00024810060081062674,0.0005898390909265176,0.00034173849011589114,8.697025650306368e-05,0.0,True
anticyclonic,0.5,69.02168273925781,44274.497684152346,0.53125,0.0003744554980594457,0.0003744554980594463,6.505213034913027e-19,0.00032970485588213063,0.0007041603539415769,0.0003744554980594457,0.00011557616463920448,0.0,True
anticyclonic,0.5,69.02168273925781,49483.26211758203,0.59375,0.00040111490557048627,0.0004011149055704868,5.421010862427522e-19,0.00042819656874391307,0.0008293114743143999,0.00040111490557048627,0.00015010187518979504,0.0,True
anticyclonic,0.5,69.02168273925781,54692.02655101172,0.65625,0.00042166821739831413,0.00042166821739831397,-1.6263032587282567e-19,0.0005372186019625335,0.0009588868193608476,0.00042166821739831413,0.00018831892973351311,0.0,True
anticyclonic,0.5,69.02168273925781,59900.7909844414,0.71875,0.00043697995795124566,0.0004369799579512454,-2.710505431213761e-19,0.0006509974358000321,0.0010879773937512774,0.00043697995795124566,0.00022820345371747465,0.0,True
anticyclonic,0.5,69.02168273925781,65109.555417871095,0.78125,0.0004446229364545528,0.0004446229364545525,-2.710505431213761e-19,0.0007688189784350232,0.0012134419148895758,0.0004446229364545528,0.0002695051263094458,0.0,True
anticyclonic,0.5,69.02168273925781,70318.31985130078,0.84375,0.00044466781102372874,0.00044466781102372863,-1.0842021724855044e-19,0.0008920174440527683,0.001336685255076497,0.00044466781102372874,0.00031269164871427276,0.0,True
anticyclonic,0.5,69.02168273925781,75527.08428473047,0.9062500000000001,0.0004382844562029078,0.000438284456202908,2.168404344971009e-19,0.0010141881567595685,0.0014524726129624766,0.0004382844562029078,0.000355517898173389,0.0,True
anticyclonic,0.5,69.02168273925781,80735.84871816015,0.96875,0.00042912258997713853,0.00042912258997713864,1.0842021724855044e-19,0.0011313967479411908,0.0015605193379183294,0.00042912258997713853,0.000396604704114698,0.0,True
anticyclonic,0.5,69.02168273925781,85944.61315158985,1.03125,0.0004173614746319699,0.00041736147463197103,1.1384122811097797e-18,0.0012378796213013557,0.0016552410959333268,0.0004173614746319699,0.000433931670591436,0.0,True
anticyclonic,0.5,69.02168273925781,91153.37758501952,1.09375,0.00040187511168127745,0.0004018751116812771,-3.2526065174565133e-19,0.0013395659293930042,0.0017414410410742814,0.00040187511168127745,0.0004695772283558468,0.0,True
anticyclonic,0.5,69.02168273925781,96362.14201844922,1.15625,0.00037586149169886116,0.00037586149169886035,-8.131516293641283e-19,0.0014198551339465963,0.0017957166256454566,0.00037586149169886116,0.0004977221530018889,0.0,True
anticyclonic,0.5,69.02168273925781,101570.90645187891,1.21875,0.0003528636451441724,0.0003528636451441719,-4.87890977618477e-19,0.0013829700715969771,0.001735833716741149,0.0003528636451441724,0.00048479230388747075,0.0,True
anticyclonic,0.5,69.02168273925781,106779.67088530859,1.28125,0.00033249774472585814,0.0003324977447258575,-6.505213034913027e-19,0.001297280802188523,0.0016297785469143804,0.00033249774472585814,0.00045475441717674186,0.0,True
anticyclonic,0.5,69.02168273925781,111988.43531873828,1.34375,0.0003039248622481052,0.0003039248622481063,1.1384122811097797e-18,0.0012320838427888068,0.0015360087050369131,0.0003039248622481052,0.0004318999933515406,0.0,True
anticyclonic,0.5,69.02168273925781,117197.19975216797,1.40625,0.0002714433098716107,0.00027144330987161075,5.421010862427522e-20,0.0011583299166920784,0.001429773226563689,0.0002714433098716107,0.0004060459734508128,0.0,True
anticyclonic,0.5,69.02168273925781,122405.96418559765,1.46875,0.00024043884336383186,0.00024043884336383275,8.944667923005412e-19,0.001049539908341386,0.0012899787517052187,0.00024043884336383186,0.00036791025390673943,0.0,True
anticyclonic,0.5,69.02168273925781,127614.72861902734,1.53125,0.00020945113404064822,0.00020945113404064836,1.3552527156068805e-19,0.0009398341867418045,0.0011492853207824528,0.00020945113404064822,0.000329453536284149,0.0,True
anticyclonic,0.5,69.02168273925781,132823.49305245702,1.59375,0.00018070303537688826,0.00018070303537688913,8.673617379884035e-19,0.0008688901215618015,0.0010495931569386907,0.00018070303537688826,0.0003045844971689053,0.0,True
anticyclonic,0.5,69.02168273925781,138032.25748588672,1.65625,0.00015128035188513458,0.00015128035188513475,1.6263032587282567e-19,0.0007727122183703132,0.0009239925702554479,0.00015128035188513458,0.000270869879456733,0.0,True
anticyclonic,0.5,69.02168273925781,143241.0219193164,1.71875,0.0001265215165556948,0.00012652151655569507,2.710505431213761e-19,0.0006991711082613809,0.000825692624817076,0.0001265215165556948,0.00024509046099181834,0.0,True
anticyclonic,0.5,69.02168273925781,148449.7863527461,1.7812500000000002,0.00010153372834398485,0.00010153372834398468,-1.6263032587282567e-19,0.0006313663013162542,0.000732900029660239,0.00010153372834398485,0.00022132187102109305,0.0,True
anticyclonic,0.5,69.02168273925781,153658.55078617577,1.8437499999999998,7.25729179584799e-05,7.257291795848021e-05,3.1170812458958252e-19,0.0005873689356043134,0.0006599418535627936,7.25729179584799e-05,0.00020589884435802058,0.0,True
anticyclonic,0.5,69.02168273925781,158867.31521960546,1.90625,3.745610527647937e-05,3.745610527647952e-05,1.4907779871675686e-19,0.0005645860753082135,0.000602042180584693,3.745610527647937e-05,0.00019791244207865776,0.0,True
anticyclonic,0.5,69.02168273925781,164076.07965303515,1.96875,4.467227153628658e-06,4.467227153628957e-06,2.99002630380768e-19,0.0005681729181034874,0.0005726401452571164,4.467227153628658e-06,0.00019916978944872416,0.0,True
anticyclonic,0.5,69.02168273925781,169284.84408646484,2.03125,-2.618459255744445e-05,-2.6184592557444788e-05,-3.3881317890172014e-19,0.0006005914967530812,0.0005744069041956364,-2.618459255744445e-05,0.00021053393806991992,0.0,True
anticyclonic,0.5,69.02168273925781,174493.60851989454,2.09375,-6.011217422323798e-05,-6.011217422323758e-05,3.9979955110402976e-19,0.0006442852565849922,0.0005841730823617546,-6.011217422323798e-05,0.0002258505374161065,0.0,True
anticyclonic,0.5,69.02168273925781,179702.37295332423,2.15625,-8.701160302985718e-05,-8.70116030298566e-05,5.827586677109586e-19,0.0006933224158937972,0.0006063108128639405,-8.701160302985718e-05,0.00024304023510056977,0.0,True
anticyclonic,0.5,69.02168273925781,184911.1373867539,2.21875,-0.00010685665606593032,-0.00010685665606593051,-1.8973538018496328e-19,0.0007781810187531164,0.0006713243626871859,-0.00010685665606593032,0.0002727869363703496,0.0,True
anticyclonic,0.5,69.02168273925781,190119.9018201836,2.28125,-0.00012254400949533118,-0.00012254400949533059,5.963111948670274e-19,0.0008601858970439029,0.0007376418875485723,-0.00012254400949533118,0.000301533280700632,0.0,True
anticyclonic,0.5,69.02168273925781,195328.66625361328,2.34375,-0.00013157946307549678,-0.0001315794630754969,-1.0842021724855044e-19,0.0009310511587750377,0.0007994716956995409,-0.00013157946307549678,0.00032637469571444665,0.0,True
anticyclonic,0.5,69.02168273925781,200537.43068704297,2.40625,-0.00013692545678562404,-0.000136925456785624,2.710505431213761e-20,0.0009892369785187887,0.0008523115217331646,-0.00013692545678562404,0.0003467714043536879,0.0,True
anticyclonic,0.5,69.02168273925781,205746.19512047266,2.46875,-0.0001307021113169989,-0.00013070211131699765,1.2468324983583301e-18,0.0010530773935654902,0.0009223752822484926,-0.0001307021113169989,0.0003691502992605634,0.0,True
anticyclonic,0.5,77.61116027832031,2604.3822167148437,0.03125,1.7205122081444305e-06,1.7205122081444305e-06,0.0,-2.3486443579684375e-07,1.4856477723475866e-06,1.7205122081444305e-06,-1.2090027642867154e-07,0.0,True
anticyclonic,0.5,77.61116027832031,7813.146650144531,0.09375,5.026217615068962e-06,5.026217615068962e-06,0.0,1.5663110904564463e-06,6.592528705525409e-06,5.026217615068962e-06,8.062840300490618e-07,0.0,True
anticyclonic,0.5,77.61116027832031,13021.911083574218,0.15625,4.923419007129027e-06,4.9234190071290135e-06,-1.3552527156068805e-20,6.135010028585635e-06,1.1058429035714648e-05,4.923419007129027e-06,3.1580958855356985e-06,0.0,True
anticyclonic,0.5,77.61116027832031,18230.675517003907,0.21875,4.5051200010173425e-07,4.505120001017961e-07,6.183340514956392e-20,1.3237429710078002e-05,1.3687941710179798e-05,4.5051200010173425e-07,6.814181575527609e-06,0.0,True
anticyclonic,0.5,77.61116027832031,23439.439950433592,0.28125,-1.1449391675496005e-05,-1.1449391675495937e-05,6.776263578034403e-20,2.8016397041584673e-05,1.6567005366088737e-05,-1.1449391675496005e-05,1.4421894636244121e-05,0.0,True
anticyclonic,0.5,77.61116027832031,28648.20438386328,0.34375,-3.070548154962312e-05,-3.070548154962313e-05,-1.3552527156068805e-20,4.801468830286518e-05,1.730920675324205e-05,-3.070548154962312e-05,2.4716339316158455e-05,0.0,True
anticyclonic,0.5,77.61116027832031,33856.96881729297,0.40625,-5.140238371123747e-05,-5.1402383711237446e-05,2.710505431213761e-20,7.29244104835939e-05,2.1522026772356455e-05,-5.140238371123747e-05,3.7539022696014746e-05,0.0,True
anticyclonic,0.5,77.61116027832031,39065.73325072265,0.46874999999999994,-6.964226707684406e-05,-6.964226707684405e-05,1.3552527156068805e-20,0.00010399626289646724,3.435399581962319e-05,-6.964226707684406e-05,5.3533762525916884e-05,0.0,True
anticyclonic,0.5,77.61116027832031,44274.497684152346,0.53125,-8.435542026318561e-05,-8.435542026318578e-05,-1.7618285302889447e-19,0.0001400926550007647,5.5737234737578915e-05,-8.435542026318561e-05,7.211496563008617e-05,0.0,True
anticyclonic,0.5,77.61116027832031,49483.26211758203,0.59375,-9.714099094181051e-05,-9.714099094181067e-05,-1.6263032587282567e-19,0.00018381358945695093,8.667259851514025e-05,-9.714099094181051e-05,9.462102553455375e-05,0.0,True
anticyclonic,0.5,77.61116027832031,54692.02655101172,0.65625,-0.0001090329682808289,-0.00010903296828082907,-1.7618285302889447e-19,0.00023234058507530365,0.00012330761679447456,-0.0001090329682808289,0.00011960108334793266,0.0,True
anticyclonic,0.5,77.61116027832031,59900.7909844414,0.71875,-0.00011793684509838582,-0.00011793684509838583,-1.3552527156068805e-20,0.00028291178549925744,0.00016497494040087162,-0.00011793684509838582,0.00014563342872982095,0.0,True
anticyclonic,0.5,77.61116027832031,65109.555417871095,0.78125,-0.0001229978882861848,-0.00012299788828618472,8.131516293641283e-20,0.0003354951445036152,0.00021249725621743046,-0.0001229978882861848,0.0001727015653661995,0.0,True
anticyclonic,0.5,77.61116027832031,70318.31985130078,0.84375,-0.00012521615005381463,-0.00012521615005381496,-3.2526065174565133e-19,0.0003890251741715416,0.00026380902411772664,-0.00012521615005381463,0.00020025701607600963,0.0,True
anticyclonic,0.5,77.61116027832031,75527.08428473047,0.9062500000000001,-0.0001238299366223013,-0.00012382993662230152,-2.168404344971009e-19,0.00044312869839989254,0.000319298761777591,-0.0001238299366223013,0.0002281076824094642,0.0,True
anticyclonic,0.5,77.61116027832031,80735.84871816015,0.96875,-0.00011838194907669023,-0.00011838194907668988,3.5236570605778894e-19,0.0004957663928807116,0.0003773844438040217,-0.00011838194907669023,0.00025520378911334906,0.0,True
anticyclonic,0.5,77.61116027832031,85944.61315158985,1.03125,-0.00010874269122327129,-0.00010874269122327143,-1.4907779871675686e-19,0.0005431105470825565,0.0004343678558592851,-0.00010874269122327129,0.00027957496012893804,0.0,True
anticyclonic,0.5,77.61116027832031,91153.37758501952,1.09375,-9.580893638139059e-05,-9.58089363813908e-05,-2.168404344971009e-19,0.0005879836178199674,0.0004921746814385766,-9.580893638139059e-05,0.0003026741008649541,0.0,True
anticyclonic,0.5,77.61116027832031,96362.14201844922,1.15625,-8.66043542190051e-05,-8.660435421900489e-05,2.168404344971009e-19,0.0006254260201125189,0.0005388216658935139,-8.66043542190051e-05,0.00032194818453779527,0.0,True
anticyclonic,0.5,77.61116027832031,101570.90645187891,1.21875,-8.113433160269169e-05,-8.113433160269154e-05,1.4907779871675686e-19,0.0006170584064538686,0.000535924074851177,-8.113433160269169e-05,0.0003176408197341508,0.0,True
anticyclonic,0.5,77.61116027832031,106779.67088530859,1.28125,-6.576068470202006e-05,-6.576068470202002e-05,4.0657581468206416e-20,0.000580986787886496,0.000515226103184476,-6.576068470202006e-05,0.00029907236920979273,0.0,True
anticyclonic,0.5,77.61116027832031,111988.43531873828,1.34375,-4.557325624863735e-05,-4.557325624863774e-05,-3.8624702394796095e-19,0.0005530386471585396,0.0005074653909099018,-4.557325624863735e-05,0.00028468561061769965,0.0,True
anticyclonic,0.5,77.61116027832031,117197.19975216797,1.40625,-2.882191801306561e-05,-2.8821918013065383e-05,2.270048298641525e-19,0.0005228465706721472,0.0004940246526590819,-2.882191801306561e-05,0.000269143749710679,0.0,True
anticyclonic,0.5,77.61116027832031,122405.96418559765,1.46875,-1.3429947352361058e-05,-1.342994735236115e-05,-9.147955830346444e-20,0.00047449050383415684,0.0004610605564817957,-1.3429947352361058e-05,0.00024425168025843835,0.0,True
anticyclonic,0.5,77.61116027832031,127614.72861902734,1.53125,-4.386978586018205e-07,-4.386978586019721e-07,-1.5161889755851976e-19,0.0004302032048966864,0.00042976450703808444,-4.386978586018205e-07,0.0002214540750541712,0.0,True
anticyclonic,0.5,77.61116027832031,132823.49305245702,1.59375,8.168503211340344e-06,8.168503211340172e-06,-1.7279472123987727e-19,0.0003974882814255028,0.000405656784636843,8.168503211340344e-06,0.00020461353775617775,0.0,True
anticyclonic,0.5,77.61116027832031,138032.25748588672,1.65625,1.5042079925919613e-05,1.5042079925919711e-05,9.825582188149884e-20,0.00035938376479535,0.0003744258447212697,1.5042079925919613e-05,0.00018499861999250546,0.0,True
anticyclonic,0.5,77.61116027832031,143241.0219193164,1.71875,2.7141991789113543e-05,2.714199178911333e-05,-2.1345230270808369e-19,0.0003297951567470598,0.00035693714853617315,2.7141991789113543e-05,0.00016976740424866154,0.0,True
anticyclonic,0.5,77.61116027832031,148449.7863527461,1.7812500000000002,4.3044856814347184e-05,4.3044856814347435e-05,2.507217523872729e-19,0.0003039330081923739,0.00034697786500672136,4.3044856814347184e-05,0.00015645444395012787,0.0,True
anticyclonic,0.5,77.61116027832031,153658.55078617577,1.8437499999999998,5.954794075402564e-05,5.954794075402537e-05,-2.710505431213761e-19,0.0002867154280413294,0.0003462633687953548,5.954794075402564e-05,0.00014759141540077923,0.0,True
anticyclonic,0.5,77.61116027832031,158867.31521960546,1.90625,7.484712575725599e-05,7.484712575725659e-05,5.963111948670274e-19,0.00028040242666712726,0.0003552495524243839,7.484712575725599e-05,0.00014434169558412798,0.0,True
anticyclonic,0.5,77.61116027832031,164076.07965303515,1.96875,9.258575866821967e-05,9.25857586682201e-05,4.336808689942018e-19,0.0002755892637929265,0.0003681750224611466,9.258575866821967e-05,0.0001418640419537995,0.0,True
anticyclonic,0.5,77.61116027832031,169284.84408646484,2.03125,0.00011025323852516926,0.00011025323852516879,-4.743384504624082e-19,0.0002903007333734731,0.0004005539718986419,0.00011025323852516926,0.00014943700945279785,0.0,True
anticyclonic,0.5,77.61116027832031,174493.60851989454,2.09375,0.00012681185645511264,0.00012681185645511305,4.0657581468206416e-19,0.00030146106152123574,0.0004282729179763488,0.00012681185645511264,0.00015518196932090794,0.0,True
anticyclonic,0.5,77.61116027832031,179702.37295332423,2.15625,0.00015004229575665557,0.00015004229575665736,1.7889335846010823e-18,0.0003216640436636275,0.00047170633942028486,0.00015004229575665557,0.00016558178195074118,0.0,True
anticyclonic,0.5,77.61116027832031,184911.1373867539,2.21875,0.00017470020729890557,0.00017470020729890492,-6.505213034913027e-19,0.00035663120011472925,0.0005313314074136342,0.00017470020729890557,0.00018358169269295165,0.0,True
anticyclonic,0.5,77.61116027832031,190119.9018201836,2.28125,0.00020121655253972496,0.0002012165525397259,9.486769009248164e-19,0.0003850659437095864,0.0005862824962493123,0.00020121655253972496,0.00019821893800058213,0.0,True
anticyclonic,0.5,77.61116027832031,195328.66625361328,2.34375,0.00022459942429088343,0.00022459942429088454,1.111307226797642e-18,0.00041522519241460223,0.0006398246167054868,0.00022459942429088343,0.00021374390027486813,0.0,True
anticyclonic,0.5,77.61116027832031,200537.43068704297,2.40625,0.0002528242543330046,0.0002528242543330028,-1.7889335846010823e-18,0.0004323084276030431,0.0006851326819360459,0.0002528242543330046,0.00022253777257644146,0.0,True
anticyclonic,0.5,77.61116027832031,205746.19512047266,2.46875,0.00027303602306964395,0.0002730360230696447,7.589415207398531e-19,0.0004514270183413407,0.0007244630414109854,0.00027303602306964395,0.00023237937714864755,0.0,True
anticyclonic,0.5,86.92942810058594,2604.3822167148437,0.03125,9.743972242712598e-07,9.743972242712598e-07,0.0,-4.0587855207589984e-07,5.6851867219536e-07,9.743972242712598e-07,-2.920823128224302e-09,0.0,True
anticyclonic,0.5,86.92942810058594,7813.146650144531,0.09375,-2.9825113078144606e-05,-2.9825113078144606e-05,0.0,1.483113149476491e-06,-2.8341999928668114e-05,-2.9825113078144606e-05,1.0672924614046738e-08,0.0,True
anticyclonic,0.5,86.92942810058594,13021.911083574218,0.15625,-6.475381270486003e-05,-6.475381270486001e-05,1.3552527156068805e-20,8.264219527019514e-06,-5.64895931778405e-05,-6.475381270486003e-05,5.9471788809199264e-08,0.0,True
anticyclonic,0.5,86.92942810058594,18230.675517003907,0.21875,-0.00010476306369020662,-0.00010476306369020665,-2.710505431213761e-20,2.066024972408975e-05,-8.41028139661169e-05,-0.00010476306369020662,1.4867731965725185e-07,0.0,True
anticyclonic,0.5,86.92942810058594,23439.439950433592,0.28125,-0.0001524254233704996,-0.0001524254233704997,-8.131516293641283e-20,4.705944029096748e-05,-0.0001053659830795322,-0.0001524254233704996,3.3865376945920673e-07,0.0,True
anticyclonic,0.5,86.92942810058594,28648.20438386328,0.34375,-0.0002064017810607539,-0.0002064017810607539,0.0,8.006386196601648e-05,-0.00012633791909473743,-0.0002064017810607539,5.761634325569592e-07,0.0,True
anticyclonic,0.5,86.92942810058594,33856.96881729297,0.40625,-0.0002593824897710457,-0.00025938248977104577,-5.421010862427522e-20,0.00012139498283407721,-0.00013798750693696856,-0.0002593824897710457,8.735945067771386e-07,0.0,True
anticyclonic,0.5,86.92942810058594,39065.73325072265,0.46874999999999994,-0.0003063239054160189,-0.0003063239054160189,0.0,0.0001736139852438014,-0.0001327099201722175,-0.0003063239054160189,1.2493780242629334e-06,0.0,True
anticyclonic,0.5,86.92942810058594,44274.497684152346,0.53125,-0.00034581000368306595,-0.0003458100036830659,5.421010862427522e-20,0.0002340093309586444,-0.0001118006727244215,-0.00034581000368306595,1.6840009470529707e-06,0.0,True
anticyclonic,0.5,86.92942810058594,49483.26211758203,0.59375,-0.00037816975634005653,-0.00037816975634005653,0.0,0.00031013569041580944,-6.803406592424709e-05,-0.00037816975634005653,2.2318289370582774e-06,0.0,True
anticyclonic,0.5,86.92942810058594,54692.02655101172,0.65625,-0.00040335856043550235,-0.0004033585604355022,1.6263032587282567e-19,0.0003933522065539428,-1.0006353881559377e-05,-0.00040335856043550235,2.8306798094272567e-06,0.0,True
anticyclonic,0.5,86.92942810058594,59900.7909844414,0.71875,-0.00041926533964364984,-0.00041926533964364984,0.0,0.00047888827019156206,5.9622930547912224e-05,-0.00041926533964364984,3.446222837488775e-06,0.0,True
anticyclonic,0.5,86.92942810058594,65109.555417871095,0.78125,-0.00042457480987534104,-0.00042457480987534093,1.0842021724855044e-19,0.0005679790484832572,0.00014340423860791622,-0.00042457480987534104,4.087346652519103e-06,0.0,True
anticyclonic,0.5,86.92942810058594,70318.31985130078,0.84375,-0.00041996615347243834,-0.00041996615347243796,3.7947076036992655e-19,0.0006593608641375403,0.00023939471066510232,-0.00041996615347243834,4.7449574557927075e-06,0.0,True
anticyclonic,0.5,86.92942810058594,75527.08428473047,0.9062500000000001,-0.00040480494964276767,-0.0004048049496427673,3.7947076036992655e-19,0.0007508171358800677,0.0003460121862373004,-0.00040480494964276767,5.403104067286452e-06,0.0,True
anticyclonic,0.5,86.92942810058594,80735.84871816015,0.96875,-0.00038033061269867734,-0.00038033061269867783,-4.87890977618477e-19,0.000841981798011013,0.0004616511853123351,-0.00038033061269867734,6.059152169032476e-06,0.0,True
anticyclonic,0.5,86.92942810058594,85944.61315158985,1.03125,-0.0003470902375777583,-0.00034709023757775834,-5.421010862427522e-20,0.0009267817779264262,0.0005796915403486678,-0.0003470902375777583,6.669398119066263e-06,0.0,True
anticyclonic,0.5,86.92942810058594,91153.37758501952,1.09375,-0.00030542531722038354,-0.00030542531722038365,-1.0842021724855044e-19,0.0010059969770915534,0.0007005716598711697,-0.00030542531722038354,7.239454320964635e-06,0.0,True
anticyclonic,0.5,86.92942810058594,96362.14201844922,1.15625,-0.000262185003325118,-0.00026218500332511835,-3.2526065174565133e-19,0.0010726234681148817,0.0008104384647897633,-0.000262185003325118,7.718918424051745e-06,0.0,True
anticyclonic,0.5,86.92942810058594,101570.90645187891,1.21875,-0.00021295778132339195,-0.000212957781323392,-5.421010862427522e-20,0.0010648438933969027,0.0008518861120735107,-0.00021295778132339195,7.66293428385068e-06,0.0,True
anticyclonic,0.5,86.92942810058594,106779.67088530859,1.28125,-0.00014839192281080306,-0.0001483919228108032,-1.3552527156068805e-19,0.0010018007210193507,0.0008534087982085476,-0.00014839192281080306,7.209256810588798e-06,0.0,True
anticyclonic,0.5,86.92942810058594,111988.43531873828,1.34375,-7.608169888588869e-05,-7.608169888588842e-05,2.710505431213761e-19,0.0009576023733216553,0.0008815206744357669,-7.608169888588869e-05,6.891192316851797e-06,0.0,True
anticyclonic,0.5,86.92942810058594,117197.19975216797,1.40625,-7.970307818734128e-06,-7.970307818734047e-06,8.131516293641283e-20,0.0008990946208208148,0.0008911243130020807,-7.970307818734128e-06,6.470153077870475e-06,0.0,True
anticyclonic,0.5,86.92942810058594,122405.96418559765,1.46875,5.7931649857503996e-05,5.7931649857503935e-05,-6.098637220230962e-20,0.0008176013269746478,0.0008755329768321518,5.7931649857503996e-05,5.8837030271258566e-06,0.0,True
anticyclonic,0.5,86.92942810058594,127614.72861902734,1.53125,0.0001190018608737701,0.00011900186087376985,-2.574980159653073e-19,0.0007512979895615265,0.0008702998504352963,0.0001190018608737701,5.406564433809673e-06,0.0,True
anticyclonic,0.5,86.92942810058594,132823.49305245702,1.59375,0.0001674661497481879,0.00016746614974818806,1.6263032587282567e-19,0.0006900655664863493,0.0008575317162345373,0.0001674661497481879,4.965917652647045e-06,0.0,True
anticyclonic,0.5,86.92942810058594,138032.25748588672,1.65625,0.000206845148826269,0.00020684514882626873,-2.710505431213761e-19,0.0006334622699723434,0.0008403074187986121,0.000206845148826269,4.558583447017648e-06,0.0,True
anticyclonic,0.5,86.92942810058594,143241.0219193164,1.71875,0.000237785551022099,0.00023778555102209862,-3.7947076036992655e-19,0.0005762283084566819,0.0008140138594787805,0.000237785551022099,4.146710787918424e-06,0.0,True
anticyclonic,0.5,86.92942810058594,148449.7863527461,1.7812500000000002,0.00026222303152582255,0.0002622230315258229,3.7947076036992655e-19,0.0005318363474026042,0.0007940593789284272,0.00026222303152582255,3.827252994716936e-06,0.0,True
anticyclonic,0.5,86.92942810058594,153658.55078617577,1.8437499999999998,0.0002850118657481198,0.00028501186574811897,-8.131516293641283e-19,0.0005064961088754485,0.0007915079746235675,0.0002850118657481198,3.6448970796623354e-06,0.0,True
anticyclonic,0.5,86.92942810058594,158867.31521960546,1.90625,0.0003071088359871804,0.0003071088359871805,1.0842021724855044e-19,0.00049298833519284,0.0008000971711800205,0.0003071088359871804,3.5476911110759373e-06,0.0,True
anticyclonic,0.5,86.92942810058594,164076.07965303515,1.96875,0.00032481312254920854,0.0003248131225492077,-8.673617379884035e-19,0.0004815495858942273,0.0008063627084434349,0.00032481312254920854,3.465374459115723e-06,0.0,True
anticyclonic,0.5,86.92942810058594,169284.84408646484,2.03125,0.00033463469565229585,0.0003346346956522945,-1.3552527156068805e-18,0.0005011290613501699,0.0008357637570024644,0.00033463469565229585,3.606274204760629e-06,0.0,True
anticyclonic,0.5,86.92942810058594,174493.60851989454,2.09375,0.0003338822062851906,0.00033388220628519024,-3.7947076036992655e-19,0.0005145452558152402,0.0008484274621004305,0.0003338822062851906,3.7028211419809157e-06,0.0,True
anticyclonic,0.5,86.92942810058594,179702.37295332423,2.15625,0.0003350401946501191,0.0003350401946501191,0.0,0.0005447465464798836,0.0008797867411300027,0.0003350401946501191,3.92015863819584e-06,0.0,True
anticyclonic,0.5,86.92942810058594,184911.1373867539,2.21875,0.00032990469053607597,0.0003299046905360762,2.168404344971009e-19,0.0005991293647757461,0.0009290340553118222,0.00032990469053607597,4.311513620232119e-06,0.0,True
anticyclonic,0.5,86.92942810058594,190119.9018201836,2.28125,0.00032368451301429345,0.00032368451301429324,-2.168404344971009e-19,0.0006396375227332862,0.0009633220357475794,0.00032368451301429345,4.603022407870697e-06,0.0,True
anticyclonic,0.5,86.92942810058594,195328.66625361328,2.34375,0.0002991295716317188,0.0002991295716317204,1.5720931501039814e-18,0.0006866534039894555,0.0009857829756211758,0.0002991295716317188,4.941362713522488e-06,0.0,True
anticyclonic,0.5,86.92942810058594,200537.43068704297,2.40625,0.0002801754335835998,0.0002801754335835985,-1.3010426069826053e-18,0.0007149267030697236,0.0009951021366533222,0.0002801754335835998,5.144825807205269e-06,0.0,True
anticyclonic,0.5,86.92942810058594,205746.19512047266,2.46875,0.00025870710271066924,0.0002587071027106675,-1.734723475976807e-18,0.0007431934223133065,0.001001900525023974,0.00025870710271066924,5.348241550420595e-06,0.0,True
anticyclonic,0.5,97.04131317138672,2604.3822167148437,0.03125,2.752319441190826e-06,2.752319441190826e-06,0.0,-3.4192357570503514e-08,2.7181270836203224e-06,2.752319441190826e-06,-1.0451383093408578e-08,1.0,False
anticyclonic,0.5,97.04131317138672,7813.146650144531,0.09375,-1.4053624985763962e-05,-1.4053624985763962e-05,0.0,1.2051075453012973e-06,-1.2848517440462664e-05,-1.4053624985763962e-05,3.6835835606627976e-07,0.0,True
anticyclonic,0.5,97.04131317138672,13021.911083574218,0.15625,-2.9528526882349157e-05,-2.9528526882349144e-05,1.3552527156068805e-20,3.828893507232527e-06,-2.5699633375116615e-05,-2.9528526882349157e-05,1.170356059404143e-06,0.0,True
anticyclonic,0.5,97.04131317138672,18230.675517003907,0.21875,-4.604095536009306e-05,-4.604095536009307e-05,-1.3552527156068805e-20,8.477212662351938e-06,-3.7563742697741136e-05,-4.604095536009306e-05,2.5911812871003927e-06,0.0,True
anticyclonic,0.5,97.04131317138672,23439.439950433592,0.28125,-6.58088103356765e-05,-6.580881033567653e-05,-4.0657581468206416e-20,1.7212665956060412e-05,-4.8596144379616126e-05,-6.58088103356765e-05,5.261297516403166e-06,0.0,True
anticyclonic,0.5,97.04131317138672,28648.20438386328,0.34375,-8.794860149817494e-05,-8.794860149817494e-05,0.0,2.7053762459841093e-05,-6.089483903833384e-05,-8.794860149817494e-05,8.26936940522031e-06,0.0,True
anticyclonic,0.5,97.04131317138672,33856.96881729297,0.40625,-0.00010947234995660873,-0.0001094723499566087,2.710505431213761e-20,3.7948293447849804e-05,-7.152405650875891e-05,-0.00010947234995660873,1.1599438609834486e-05,0.0,True
anticyclonic,0.5,97.04131317138672,39065.73325072265,0.46874999999999994,-0.00012985732605618708,-0.00012985732605618708,0.0,5.1136805780256964e-05,-7.872052027593012e-05,-0.00012985732605618708,1.563069601973706e-05,0.0,True
anticyclonic,0.5,97.04131317138672,44274.497684152346,0.53125,-0.00014870537669526402,-0.00014870537669526396,5.421010862427522e-20,6.706033725964679e-05,-8.164503943561717e-05,-0.00014870537669526402,2.049795114678981e-05,0.0,True
anticyclonic,0.5,97.04131317138672,49483.26211758203,0.59375,-0.0001660165083156909,-0.00016601650831569079,1.0842021724855044e-19,8.756571109053169e-05,-7.84507972251591e-05,-0.0001660165083156909,2.6765711915793056e-05,0.0,True
anticyclonic,0.5,97.04131317138672,54692.02655101172,0.65625,-0.0001808624534220087,-0.00018086245342200866,5.421010862427522e-20,0.00010984735427494783,-7.101509914706082e-05,-0.0001808624534220087,3.357641481601837e-05,0.0,True
anticyclonic,0.5,97.04131317138672,59900.7909844414,0.71875,-0.00018843809503524625,-0.00018843809503524625,0.0,0.0001330347211853824,-5.540337384986384e-05,-0.00018843809503524625,4.066396512630862e-05,0.0,True
anticyclonic,0.5,97.04131317138672,65109.555417871095,0.78125,-0.00018680437977513755,-0.00018680437977513766,-1.0842021724855044e-19,0.00015714072062610946,-2.9663659149028196e-05,-0.00018680437977513755,4.803230860730543e-05,0.0,True
anticyclonic,0.5,97.04131317138672,70318.31985130078,0.84375,-0.000176035209567632,-0.00017603520956763173,2.710505431213761e-19,0.0001818973976001164,5.862188032484662e-06,-0.000176035209567632,5.559954098201363e-05,0.0,True
anticyclonic,0.5,97.04131317138672,75527.08428473047,0.9062500000000001,-0.00015844452379799442,-0.00015844452379799414,2.710505431213761e-19,0.00020669612450891352,4.825160071091937e-05,-0.00015844452379799442,6.317962652066758e-05,0.0,True
anticyclonic,0.5,97.04131317138672,80735.84871816015,0.96875,-0.00013624794088541262,-0.0001362479408854127,-8.131516293641283e-20,0.00023156741172031421,9.531947083490152e-05,-0.00013624794088541262,7.078189115353345e-05,0.0,True
anticyclonic,0.5,97.04131317138672,85944.61315158985,1.03125,-0.00010893058360609054,-0.00010893058360609049,5.421010862427522e-20,0.0002543742664303198,0.0001454436828242293,-0.00010893058360609054,7.775313246786754e-05,0.0,True
anticyclonic,0.5,97.04131317138672,91153.37758501952,1.09375,-7.573144988919278e-05,-7.573144988919266e-05,1.2197274440461925e-19,0.000275427361809982,0.00019969591192078935,-7.573144988919278e-05,8.418831216149402e-05,0.0,True
anticyclonic,0.5,97.04131317138672,96362.14201844922,1.15625,-4.6830543215970975e-05,-4.683054321597115e-05,-1.7618285302889447e-19,0.0002926768495037474,0.00024584630628777626,-4.6830543215970975e-05,8.946086476863277e-05,0.0,True
anticyclonic,0.5,97.04131317138672,101570.90645187891,1.21875,-1.543729769203784e-05,-1.543729769203771e-05,1.3213713977167085e-19,0.00029152820903502615,0.00027609091134298843,-1.543729769203784e-05,8.910976638208705e-05,0.0,True
anticyclonic,0.5,97.04131317138672,106779.67088530859,1.28125,2.1101921167567406e-05,2.11019211675671e-05,-3.049318610115481e-19,0.0002756711868154296,0.00029677310798299674,2.1101921167567406e-05,8.426284076147227e-05,0.0,True
anticyclonic,0.5,97.04131317138672,111988.43531873828,1.34375,6.338079019199224e-05,6.33807901919923e-05,6.776263578034403e-20,0.0002620980760826793,0.0003254788662746716,6.338079019199224e-05,8.0114025350171e-05,0.0,True
anticyclonic,0.5,97.04131317138672,117197.19975216797,1.40625,0.00010493255586981494,0.00010493255586981505,1.0842021724855044e-19,0.0002469732009576222,0.0003519057568274372,0.00010493255586981494,7.549089095980348e-05,0.0,True
anticyclonic,0.5,97.04131317138672,122405.96418559765,1.46875,0.00014790004620705217,0.00014790004620705228,1.0842021724855044e-19,0.00022541258057726083,0.00037331262678431314,0.00014790004620705217,6.890057899134476e-05,0.0,True
anticyclonic,0.5,97.04131317138672,127614.72861902734,1.53125,0.00019065586871101927,0.00019065586871101924,-2.710505431213761e-20,0.0002095770015598561,0.00040023287027087537,0.00019065586871101927,6.406020779214985e-05,0.0,True
anticyclonic,0.5,97.04131317138672,132823.49305245702,1.59375,0.00022529008918551304,0.00022529008918551288,-1.6263032587282567e-19,0.00019385790138584446,0.00041914799057135734,0.00022529008918551304,5.925544001726015e-05,0.0,True
anticyclonic,0.5,97.04131317138672,138032.25748588672,1.65625,0.000253865463171386,0.000253865463171386,0.0,0.00017604082207740203,0.000429906285248788,0.000253865463171386,5.380939491568417e-05,0.0,True
anticyclonic,0.5,97.04131317138672,143241.0219193164,1.71875,0.00027268436535138937,0.0002726843653513895,1.0842021724855044e-19,0.00016249458512692275,0.0004351789504783122,0.00027268436535138937,4.9668793860269404e-05,0.0,True
anticyclonic,0.5,97.04131317138672,148449.7863527461,1.7812500000000002,0.0002813234519501588,0.0002813234519501585,-3.2526065174565133e-19,0.00014903853433882107,0.00043036198628897956,0.0002813234519501588,4.5555759495182715e-05,0.0,True
anticyclonic,0.5,97.04131317138672,153658.55078617577,1.8437499999999998,0.00028531787686653613,0.0002853178768665362,5.421010862427522e-20,0.00014172179900476267,0.00042703967587129886,0.00028531787686653613,4.3319294700041154e-05,0.0,True
anticyclonic,0.5,97.04131317138672,158867.31521960546,1.90625,0.00028108071623636596,0.00028108071623636575,-2.168404344971009e-19,0.00013701809652845573,0.0004180988127648215,0.00028108071623636596,4.18815407681594e-05,0.0,True
anticyclonic,0.5,97.04131317138672,164076.07965303515,1.96875,0.0002685087047303451,0.0002685087047303451,0.0,0.00013353476440711273,0.0004020434691374578,0.0002685087047303451,4.081681048839837e-05,0.0,True
anticyclonic,0.5,97.04131317138672,169284.84408646484,2.03125,0.00024394632643591312,0.00024394632643591322,1.0842021724855044e-19,0.00013712394077029333,0.00038107026720620655,0.00024394632643591312,4.1913893574408433e-05,0.0,True
anticyclonic,0.5,97.04131317138672,174493.60851989454,2.09375,0.00020925545180296596,0.00020925545180296585,-1.0842021724855044e-19,0.0001388539968626106,0.00034810944866557646,0.00020925545180296596,4.244270996142152e-05,0.0,True
anticyclonic,0.5,97.04131317138672,179702.37295332423,2.15625,0.0001736645115011711,0.00017366451150117092,-1.8973538018496328e-19,0.00014569756074233405,0.00031936207224350497,0.0001736645115011711,4.4534543134484285e-05,0.0,True
anticyclonic,0.5,97.04131317138672,184911.1373867539,2.21875,0.00012635988843389968,0.00012635988843389957,-1.0842021724855044e-19,0.00015784986813873283,0.0002842097565726324,0.00012635988843389968,4.824906968641155e-05,0.0,True
anticyclonic,0.5,97.04131317138672,190119.9018201836,2.28125,7.984577379016303e-05,7.984577379016301e-05,-1.3552527156068805e-20,0.00016805822604378643,0.0002479039998339494,7.984577379016303e-05,5.13694002749165e-05,0.0,True
anticyclonic,0.5,97.04131317138672,195328.66625361328,2.34375,1.80145983346918e-05,1.8014598334691655e-05,-1.4568966692773966e-19,0.00017845767981573021,0.00019647227815042186,1.80145983346918e-05,5.4548142048093875e-05,0.0,True
anticyclonic,0.5,97.04131317138672,200537.43068704297,2.40625,-4.578204915619983e-05,-4.578204915619967e-05,1.6263032587282567e-19,0.00018554476008552953,0.00013976271092932987,-4.578204915619983e-05,5.671440948843287e-05,0.0,True
anticyclonic,0.5,97.04131317138672,205746.19512047266,2.46875,-0.00011309034123845151,-0.00011309034123845128,2.303929616531697e-19,0.00019277088616384794,7.968054492539666e-05,-0.00011309034123845151,5.892317826870927e-05,0.0,True
anticyclonic,0.5,108.03028106689453,2604.3822167148437,0.03125,4.604419495389896e-06,4.604419495389896e-06,0.0,1.7116449995405088e-08,4.621535945385301e-06,4.604419495389896e-06,1.3425366057581272e-08,1.0,False
anticyclonic,0.5,108.03028106689453,7813.146650144531,0.09375,-2.4276210671033695e-06,-2.4276210671033695e-06,0.0,4.014078836592001e-07,-2.0262131834441695e-06,-2.4276210671033695e-06,3.148461145839498e-07,1.0,False
anticyclonic,0.5,108.03028106689453,13021.911083574218,0.15625,-4.1282773787929175e-06,-4.1282773787929175e-06,0.0,1.1672685127584468e-06,-2.9610088660344707e-06,-4.1282773787929175e-06,9.155524115968852e-07,1.0,False
anticyclonic,0.5,108.03028106689453,18230.675517003907,0.21875,-3.53171166604322e-06,-3.53171166604322e-06,0.0,2.400364442757436e-06,-1.1313472232857842e-06,-3.53171166604322e-06,1.8827368598203294e-06,1.0,False
anticyclonic,0.5,108.03028106689453,23439.439950433592,0.28125,-2.7571897373633695e-06,-2.7571897373633695e-06,0.0,4.510445355426228e-06,1.7532556180628587e-06,-2.7571897373633695e-06,3.5377885014456972e-06,0.0,True
anticyclonic,0.5,108.03028106689453,28648.20438386328,0.34375,-3.0243111439775907e-06,-3.0243111439775907e-06,0.0,6.623403464546836e-06,3.599092320569245e-06,-3.0243111439775907e-06,5.195096885304155e-06,0.0,True
anticyclonic,0.5,108.03028106689453,33856.96881729297,0.40625,-4.971353615312264e-06,-4.97135361531221e-06,5.421010862427522e-20,8.756266253186645e-06,3.7849126378744353e-06,-4.971353615312264e-06,6.8680175958352496e-06,0.0,True
anticyclonic,0.5,108.03028106689453,39065.73325072265,0.46874999999999994,-9.878562106124765e-06,-9.878562106124765e-06,0.0,1.1438074901483934e-05,1.559512795359169e-06,-9.878562106124765e-06,8.971506509099605e-06,0.0,True
anticyclonic,0.5,108.03028106689453,44274.497684152346,0.53125,-1.7416904224096996e-05,-1.7416904224096996e-05,0.0,1.4620938855715631e-05,-2.7959653683813653e-06,-1.7416904224096996e-05,1.146800044963706e-05,0.0,True
anticyclonic,0.5,108.03028106689453,49483.26211758203,0.59375,-2.820671695262217e-05,-2.820671695262206e-05,1.0842021724855044e-19,1.8697855310027638e-05,-9.508861642594423e-06,-2.820671695262217e-05,1.4665748569136628e-05,0.0,True
anticyclonic,0.5,108.03028106689453,54692.02655101172,0.65625,-4.232069941918574e-05,-4.232069941918574e-05,0.0,2.319733422661727e-05,-1.9123365192568466e-05,-4.232069941918574e-05,1.8194935493983855e-05,0.0,True
anticyclonic,0.5,108.03028106689453,59900.7909844414,0.71875,-5.520434192227102e-05,-5.520434192227102e-05,0.0,2.7687621692738482e-05,-2.751672022953254e-05,-5.520434192227102e-05,2.1716913062500075e-05,0.0,True
anticyclonic,0.5,108.03028106689453,65109.555417871095,0.78125,-6.340267611237864e-05,-6.340267611237869e-05,-5.421010862427522e-20,3.251102570044787e-05,-3.089165041193082e-05,-6.340267611237864e-05,2.5500172118232237e-05,0.0,True
anticyclonic,0.5,108.03028106689453,70318.31985130078,0.84375,-6.601156201300408e-05,-6.601156201300397e-05,1.0842021724855044e-19,3.740109756527141e-05,-2.8610464447732558e-05,-6.601156201300408e-05,2.9335722413460466e-05,0.0,True
anticyclonic,0.5,108.03028106689453,75527.08428473047,0.9062500000000001,-6.575809930013677e-05,-6.575809930013677e-05,0.0,4.240218419008612e-05,-2.3355915110050653e-05,-6.575809930013677e-05,3.325834764485104e-05,0.0,True
anticyclonic,0.5,108.03028106689453,80735.84871816015,0.96875,-6.41964400228088e-05,-6.41964400228087e-05,1.0842021724855044e-19,4.744027646131224e-05,-1.675616356149646e-05,-6.41964400228088e-05,3.720999842472883e-05,0.0,True
anticyclonic,0.5,108.03028106689453,85944.61315158985,1.03125,-6.042958728922146e-05,-6.042958728922124e-05,2.168404344971009e-19,5.206946500359286e-05,-8.360122285628382e-06,-6.042958728922146e-05,4.084092368939306e-05,0.0,True
anticyclonic,0.5,108.03028106689453,91153.37758501952,1.09375,-5.3660933656801894e-05,-5.366093365680173e-05,1.6263032587282567e-19,5.6064639401324934e-05,2.403705744523203e-06,-5.3660933656801894e-05,4.397455705190858e-05,0.0,True
anticyclonic,0.5,108.03028106689453,96362.14201844922,1.15625,-5.436971581713622e-05,-5.436971581713608e-05,1.3552527156068805e-19,5.9561864621084006e-05,5.192148803947924e-06,-5.436971581713622e-05,4.671762169286361e-05,0.0,True
anticyclonic,0.5,108.03028106689453,101570.90645187891,1.21875,-6.9448127001153e-05,-6.944812700115292e-05,8.131516293641283e-20,5.8845140754091674e-05,-1.060298624706125e-05,-6.9448127001153e-05,4.615545604057237e-05,0.0,True
anticyclonic,0.5,108.03028106689453,106779.67088530859,1.28125,-7.967771949395568e-05,-7.96777194939556e-05,8.131516293641283e-20,5.545028666188585e-05,-2.422743283206975e-05,-7.967771949395568e-05,4.349268666303345e-05,0.0,True
anticyclonic,0.5,108.03028106689453,111988.43531873828,1.34375,-8.252999633610639e-05,-8.252999633610639e-05,0.0,5.224383942355798e-05,-3.0286156912548406e-05,-8.252999633610639e-05,4.0977695065451685e-05,0.0,True
anticyclonic,0.5,108.03028106689453,117197.19975216797,1.40625,-8.378355891626611e-05,-8.37835589162661e-05,1.3552527156068805e-20,4.932849886625737e-05,-3.445506005000873e-05,-8.378355891626611e-05,3.8691034328278934e-05,0.0,True
anticyclonic,0.5,108.03028106689453,122405.96418559765,1.46875,-7.75785245167037e-05,-7.757852451670375e-05,-4.0657581468206416e-20,4.498241595588049e-05,-3.259610856082326e-05,-7.75785245167037e-05,3.528216426444728e-05,0.0,True
anticyclonic,0.5,108.03028106689453,127614.72861902734,1.53125,-6.95937268846925e-05,-6.959372688469257e-05,-6.776263578034403e-20,4.160805200050832e-05,-2.7985674884184247e-05,-6.95937268846925e-05,3.263546641971075e-05,0.0,True
anticyclonic,0.5,108.03028106689453,132823.49305245702,1.59375,-6.222474491729845e-05,-6.222474491729853e-05,-8.131516293641283e-20,3.890278553845791e-05,-2.332195937884062e-05,-6.222474491729845e-05,3.051357826264112e-05,0.0,True
anticyclonic,0.5,108.03028106689453,138032.25748588672,1.65625,-5.214557575462492e-05,-5.214557575462492e-05,0.0,3.5211730129448016e-05,-1.6933845625176906e-05,-5.214557575462492e-05,2.7618482023755375e-05,0.0,True
anticyclonic,0.5,108.03028106689453,143241.0219193164,1.71875,-4.068363188589977e-05,-4.068363188589977e-05,0.0,3.274579600029386e-05,-7.937835885605906e-06,-4.068363188589977e-05,2.568431527967791e-05,0.0,True
anticyclonic,0.5,108.03028106689453,148449.7863527461,1.7812500000000002,-3.1223748006980156e-05,-3.122374800698037e-05,-2.168404344971009e-19,3.0293375702720693e-05,-9.303723042596799e-07,-3.1223748006980156e-05,2.3760748171381456e-05,0.0,True
anticyclonic,0.5,108.03028106689453,153658.55078617577,1.8437499999999998,-2.3492786310781648e-05,-2.3492786310781638e-05,1.0164395367051604e-20,2.897329794182272e-05,5.4805116310410835e-06,-2.3492786310781648e-05,2.272533912515487e-05,0.0,True
anticyclonic,0.5,108.03028106689453,158867.31521960546,1.90625,-2.210963019845813e-05,-2.210963019845829e-05,-1.5924219408380846e-19,2.788059560482475e-05,5.770965406366459e-06,-2.210963019845813e-05,2.1868273035509496e-05,0.0,True
anticyclonic,0.5,108.03028106689453,164076.07965303515,1.96875,-2.455899645212357e-05,-2.4558996452123638e-05,-6.776263578034403e-20,2.721179896608242e-05,2.6528025139587807e-06,-2.455899645212357e-05,2.1343699324511828e-05,0.0,True
anticyclonic,0.5,108.03028106689453,169284.84408646484,2.03125,-3.395467029132808e-05,-3.3954670291328146e-05,-6.776263578034403e-20,2.7928483288312633e-05,-6.026187003015513e-06,-3.395467029132808e-05,2.1905833959687526e-05,0.0,True
anticyclonic,0.5,108.03028106689453,174493.60851989454,2.09375,-4.553792814586093e-05,-4.553792814586101e-05,-8.131516293641283e-20,2.8585968472563892e-05,-1.695195967329712e-05,-4.553792814586093e-05,2.2421535479475747e-05,0.0,True
anticyclonic,0.5,108.03028106689453,179702.37295332423,2.15625,-5.7988603915277556e-05,-5.7988603915277664e-05,-1.0842021724855044e-19,2.9326883568744283e-05,-2.866172034653338e-05,-5.7988603915277556e-05,2.300267563333242e-05,0.0,True
anticyclonic,0.5,108.03028106689453,184911.1373867539,2.21875,-7.788494893689835e-05,-7.788494893689842e-05,-6.776263578034403e-20,3.1174012028038366e-05,-4.6710936908860056e-05,-7.788494893689835e-05,2.4451479312135924e-05,0.0,True
anticyclonic,0.5,108.03028106689453,190119.9018201836,2.28125,-0.0001020438879030314,-0.00010204388790303144,-4.0657581468206416e-20,3.321128112905299e-05,-6.883260677397845e-05,-0.0001020438879030314,2.604942067534286e-05,0.0,True
anticyclonic,0.5,108.03028106689453,195328.66625361328,2.34375,-0.0001276228507506588,-0.00012762285075065886,-5.421010862427522e-20,3.506001562380351e-05,-9.256283512685536e-05,-0.0001276228507506588,2.7499484055422612e-05,0.0,True
anticyclonic,0.5,108.03028106689453,200537.43068704297,2.40625,-0.00015264680886937265,-0.00015264680886937267,-2.710505431213761e-20,3.639873576548337e-05,-0.0001162480731038893,-0.00015264680886937265,2.8549515338517767e-05,0.0,True
anticyclonic,0.5,108.03028106689453,205746.19512047266,2.46875,-0.00018757396368368072,-0.00018757396368368072,0.0,3.780340532267351e-05,-0.0001497705583610072,-0.00018757396368368072,2.9651274348141882e-05,0.0,True
anticyclonic,0.5,120.0,2604.3822167148437,0.03125,4.965435834533922e-06,4.965435834533922e-06,0.0,1.7704141400264658e-08,4.983139975934187e-06,4.965435834533922e-06,2.9929319123170656e-08,1.0,False
anticyclonic,0.5,120.0,7813.146650144531,0.09375,4.715488549846517e-05,4.715488549846517e-05,0.0,1.8035642127240976e-07,4.733524191973758e-05,4.715488549846517e-05,3.0489729866788477e-07,1.0,False
anticyclonic,0.5,120.0,13021.911083574218,0.15625,9.325807077224808e-05,9.325807077224808e-05,0.0,5.576457312747373e-07,9.381571650352282e-05,9.325807077224808e-05,9.427148525116265e-07,1.0,False
anticyclonic,0.5,120.0,18230.675517003907,0.21875,0.00014033148561002221,0.00014033148561002221,0.0,1.2039324770493492e-06,0.00014153541808707156,0.00014033148561002221,2.0352796836462598e-06,1.0,False
anticyclonic,0.5,120.0,23439.439950433592,0.28125,0.00018555589351997132,0.00018555589351997132,0.0,2.1842703236142277e-06,0.00018774016384358555,0.00018555589351997132,3.6925667327614204e-06,1.0,False
anticyclonic,0.5,120.0,28648.20438386328,0.34375,0.00022605800487073094,0.00022605800487073097,2.710505431213761e-20,3.179554263554893e-06,0.00022923755913428586,0.00022605800487073094,5.3751205478933696e-06,1.0,False
anticyclonic,0.5,120.0,33856.96881729297,0.40625,0.00026114090989568493,0.00026114090989568493,0.0,4.175929973279455e-06,0.0002653168398689644,0.00026114090989568493,7.059520028710681e-06,1.0,False
anticyclonic,0.5,120.0,39065.73325072265,0.46874999999999994,0.00029052715326318486,0.00029052715326318486,0.0,5.351721505483509e-06,0.0002958788747686684,0.00029052715326318486,9.047226701067629e-06,1.0,False
anticyclonic,0.5,120.0,44274.497684152346,0.53125,0.00031429074085250966,0.0003142907408525097,5.421010862427522e-20,6.777563403625248e-06,0.00032106830425613497,0.00031429074085250966,1.145765012821183e-05,1.0,False
anticyclonic,0.5,120.0,49483.26211758203,0.59375,0.000331990201112344,0.000331990201112344,0.0,8.576762662689701e-06,0.00034056696377503373,0.000331990201112344,1.4499244045322502e-05,0.0,True
anticyclonic,0.5,120.0,54692.02655101172,0.65625,0.00034198648282743126,0.00034198648282743126,0.0,1.0569132793457154e-05,0.0003525556156208884,0.00034198648282743126,1.7867398428359736e-05,0.0,True
anticyclonic,0.5,120.0,59900.7909844414,0.71875,0.000344906496568277,0.000344906496568277,0.0,1.2449255118486213e-05,0.00035735575168676325,0.000344906496568277,2.1045794928036986e-05,0.0,True
anticyclonic,0.5,120.0,65109.555417871095,0.78125,0.00034203688819319574,0.00034203688819319574,0.0,1.439516134877226e-05,0.00035643204954196797,0.00034203688819319574,2.433540085883499e-05,0.0,True
anticyclonic,0.5,120.0,70318.31985130078,0.84375,0.0003332311204751355,0.0003332311204751355,0.0,1.6377712446074645e-05,0.00034960883292121014,0.0003332311204751355,2.768695590619065e-05,0.0,True
anticyclonic,0.5,120.0,75527.08428473047,0.9062500000000001,0.0003194523318845045,0.0003194523318845045,0.0,1.8504858145902426e-05,0.00033795719003040694,0.0003194523318845045,3.128295195210306e-05,0.0,True
anticyclonic,0.5,120.0,80735.84871816015,0.96875,0.00030134117583557787,0.00030134117583557787,0.0,2.0638118920195775e-05,0.0003219792947557736,0.00030134117583557787,3.4889285693078106e-05,0.0,True
anticyclonic,0.5,120.0,85944.61315158985,1.03125,0.0002795750896803337,0.0002795750896803337,0.0,2.2546150679087006e-05,0.0003021212403594207,0.0002795750896803337,3.81148638286067e-05,0.0,True
anticyclonic,0.5,120.0,91153.37758501952,1.09375,0.0002543723496153914,0.00025437234961539143,5.421010862427522e-20,2.4162555304388372e-05,0.00027853490491977983,0.0002543723496153914,4.0847438584369245e-05,0.0,True
anticyclonic,0.5,120.0,96362.14201844922,1.15625,0.0002202084787480714,0.0002202084787480714,0.0,2.5589517677716996e-05,0.0002457979964257884,0.0002202084787480714,4.325975620444151e-05,0.0,True
anticyclonic,0.5,120.0,101570.90645187891,1.21875,0.00017248644451464142,0.00017248644451464142,0.0,2.5657550696817868e-05,0.0001981439952114593,0.00017248644451464142,4.3374767821980464e-05,0.0,True
anticyclonic,0.5,120.0,106779.67088530859,1.28125,0.00013460833835714532,0.00013460833835714534,2.710505431213761e-20,2.4202761123733714e-05,0.00015881109948087907,0.00013460833835714532,4.091540758498835e-05,0.0,True
anticyclonic,0.5,120.0,111988.43531873828,1.34375,9.951744819734565e-05,9.951744819734561e-05,-4.0657581468206416e-20,2.2647571209422303e-05,0.00012216501940676792,9.951744819734565e-05,3.8286317916631604e-05,0.0,True
anticyclonic,0.5,120.0,117197.19975216797,1.40625,5.988735993396299e-05,5.9887359933963e-05,1.3552527156068805e-20,2.1106565079594605e-05,8.09939250135576e-05,5.988735993396299e-05,3.568120631095465e-05,0.0,True
anticyclonic,0.5,120.0,122405.96418559765,1.46875,2.340578300148981e-05,2.3405783001489805e-05,-6.776263578034403e-21,1.9231430741569856e-05,4.263721374305966e-05,2.340578300148981e-05,3.251124213518733e-05,0.0,True
anticyclonic,0.5,120.0,127614.72861902734,1.53125,-7.65979249020563e-06,-7.65979249020563e-06,0.0,1.7796891660901947e-05,1.0137099170696318e-05,-7.65979249020563e-06,3.0086115891034768e-05,0.0,True
anticyclonic,0.5,120.0,132823.49305245702,1.59375,-3.656326674182092e-05,-3.6563266741820975e-05,-5.421010862427522e-20,1.6469792415596476e-05,-2.00934743262245e-05,-3.656326674182092e-05,2.7842619529202013e-05,0.0,True
anticyclonic,0.5,120.0,138032.25748588672,1.65625,-5.9922618843267185e-05,-5.992261884326713e-05,5.421010862427522e-20,1.4869977935690594e-05,-4.505264090757654e-05,-5.9922618843267185e-05,2.513809085286323e-05,0.0,True
anticyclonic,0.5,120.0,143241.0219193164,1.71875,-7.803365113821959e-05,-7.803365113821949e-05,9.486769009248164e-20,1.3819731783652817e-05,-6.421391935456668e-05,-7.803365113821959e-05,2.336262196501585e-05,0.0,True
anticyclonic,0.5,120.0,148449.7863527461,1.7812500000000002,-9.360783463815235e-05,-9.360783463815227e-05,8.131516293641283e-20,1.2775306888094922e-05,-8.083252775005735e-05,-9.360783463815235e-05,2.159699406515796e-05,0.0,True
anticyclonic,0.5,120.0,153658.55078617577,1.8437499999999998,-0.00010837179843045764,-0.00010837179843045757,6.776263578034403e-20,1.215339696465367e-05,-9.62184014658039e-05,-0.00010837179843045764,2.0545638896685255e-05,0.0,True
anticyclonic,0.5,120.0,158867.31521960546,1.90625,-0.00012308667262925853,-0.00012308667262925856,-2.710505431213761e-20,1.1885423117596805e-05,-0.00011120124951166175,-0.00012308667262925853,2.0092622023180803e-05,0.0,True
anticyclonic,0.5,120.0,164076.07965303515,1.96875,-0.00013480969732761975,-0.00013480969732761975,0.0,1.155882629914434e-05,-0.0001232508710284754,-0.00013480969732761975,1.954050146657872e-05,0.0,True
anticyclonic,0.5,120.0,169284.84408646484,2.03125,-0.00014466707360663176,-0.00014466707360663176,0.0,1.187987545531795e-05,-0.0001327871981513138,-0.00014466707360663176,2.0083243553421806e-05,0.0,True
anticyclonic,0.5,120.0,174493.60851989454,2.09375,-0.00015512839019402331,-0.00015512839019402331,0.0,1.1977408624374687e-05,-0.00014315098156964862,-0.00015512839019402331,2.024812595442599e-05,0.0,True
anticyclonic,0.5,120.0,179702.37295332423,2.15625,-0.00016416143615742367,-0.00016416143615742367,0.0,1.2539555566627897e-05,-0.00015162188059079576,-0.00016416143615742367,2.1198450223105822e-05,0.0,True
anticyclonic,0.5,120.0,184911.1373867539,2.21875,-0.00017458720018557745,-0.00017458720018557745,0.0,1.33315086573289e-05,-0.00016125569152824855,-0.00017458720018557745,2.253726786166226e-05,0.0,True
anticyclonic,0.5,120.0,190119.9018201836,2.28125,-0.00018547945500862022,-0.00018547945500862003,1.8973538018496328e-19,1.408710587001555e-05,-0.00017139234913860448,-0.00018547945500862022,2.381462492720959e-05,0.0,True
anticyclonic,0.5,120.0,195328.66625361328,2.34375,-0.00018589379262513395,-0.00018589379262513408,-1.3552527156068805e-19,1.4937287615741815e-05,-0.00017095650500939226,-0.00018589379262513395,2.525187964661413e-05,0.0,True
anticyclonic,0.5,120.0,200537.43068704297,2.40625,-0.0001864044745787079,-0.0001864044745787079,0.0,1.5410613506609935e-05,-0.00017099386107209796,-0.0001864044745787079,2.6052049579556444e-05,0.0,True
anticyclonic,0.5,120.0,205746.19512047266,2.46875,-0.00017565166488892414,-0.0001756516648889242,-5.421010862427522e-20,1.593485897492513e-05,-0.00015971680591399907,-0.00017565166488892414,2.6938300404453668e-05,0.0,True
anticyclonic,0.5,133.07582092285156,2604.3822167148437,0.03125,5.253121298327918e-06,5.253121298327918e-06,0.0,4.2761639331773906e-07,5.680737691645658e-06,5.253121298327918e-06,1.6214232332565302e-07,1.0,False
anticyclonic,0.5,133.07582092285156,7813.146650144531,0.09375,7.15294912802863e-05,7.15294912802863e-05,0.0,3.4007095994125937e-06,7.493020087969889e-05,7.15294912802863e-05,1.2894710399816066e-06,0.0,True
anticyclonic,0.5,133.07582092285156,13021.911083574218,0.15625,0.00013928826396353685,0.00013928826396353685,0.0,1.079667572987892e-05,0.00015008493969341575,0.00013928826396353685,4.093851672649701e-06,0.0,True
anticyclonic,0.5,133.07582092285156,18230.675517003907,0.21875,0.00020629294337191743,0.00020629294337191738,-5.421010862427522e-20,2.2923266942907114e-05,0.0002292162103148245,0.00020629294337191743,8.691976777362036e-06,0.0,True
anticyclonic,0.5,133.07582092285156,23439.439950433592,0.28125,0.0002699599203365897,0.00026995992033658977,5.421010862427522e-20,4.242666368286929e-05,0.00031238658401945904,0.0002699599203365897,1.6087217253584094e-05,0.0,True
anticyclonic,0.5,133.07582092285156,28648.20438386328,0.34375,0.00032840258357134635,0.00032840258357134624,-1.0842021724855044e-19,6.20286015139383e-05,0.00039043118508528456,0.00032840258357134635,2.3519822250214595e-05,0.0,True
anticyclonic,0.5,133.07582092285156,33856.96881729297,0.40625,0.00038185369606740996,0.0003818536960674099,-5.421010862427522e-20,8.145264488046017e-05,0.00046330634094787006,0.00038185369606740996,3.0884973748244036e-05,0.0,True
anticyclonic,0.5,133.07582092285156,39065.73325072265,0.46874999999999994,0.00042909884113228317,0.0004290988411322831,-5.421010862427522e-20,0.00010339740970614317,0.0005324962508384263,0.00042909884113228317,3.920592497760306e-05,0.0,True
anticyclonic,0.5,133.07582092285156,44274.497684152346,0.53125,0.0004694787286060038,0.0004694787286060036,-2.168404344971009e-19,0.00012973858858159135,0.000599217317187595,0.0004694787286060038,4.9193895524906686e-05,0.0,True
anticyclonic,0.5,133.07582092285156,49483.26211758203,0.59375,0.0005027678396814055,0.0005027678396814053,-1.0842021724855044e-19,0.00016296048819461933,0.0006657283278760247,0.0005027678396814055,6.179087747584282e-05,0.0,True
anticyclonic,0.5,133.07582092285156,54692.02655101172,0.65625,0.0005258241826109907,0.0005258241826109906,-1.0842021724855044e-19,0.00019879831044632485,0.0007246224930573154,0.0005258241826109907,7.53797572606868e-05,0.0,True
anticyclonic,0.5,133.07582092285156,59900.7909844414,0.71875,0.0005376752434371017,0.0005376752434371018,1.0842021724855044e-19,0.00023218190882139347,0.0007698571522584953,0.0005376752434371017,8.803805167149553e-05,0.0,True
anticyclonic,0.5,133.07582092285156,65109.555417871095,0.78125,0.0005379926311968083,0.0005379926311968081,-2.168404344971009e-19,0.00026628845873333555,0.0008042810899301436,0.0005379926311968083,0.0001009704727146605,0.0,True
anticyclonic,0.5,133.07582092285156,70318.31985130078,0.84375,0.0005258412451680895,0.0005258412451680894,-1.0842021724855044e-19,0.000301597666581162,0.0008274389117492514,0.0005258412451680895,0.00011435891404829508,0.0,True
anticyclonic,0.5,133.07582092285156,75527.08428473047,0.9062500000000001,0.00050376284692729,0.0005037628469272902,2.168404344971009e-19,0.00033940200929556105,0.0008431648562228513,0.00050376284692729,0.00012869345326451556,0.0,True
anticyclonic,0.5,133.07582092285156,80735.84871816015,0.96875,0.00047244705953458703,0.00047244705953458676,-2.710505431213761e-19,0.0003769980896806602,0.000849445149215247,0.00047244705953458703,0.00014294902418470813,0.0,True
anticyclonic,0.5,133.07582092285156,85944.61315158985,1.03125,0.0004333130571925877,0.00043331305719258753,-1.6263032587282567e-19,0.00041024042366141853,0.0008435534808540061,0.0004333130571925877,0.00015555375437895593,0.0,True
anticyclonic,0.5,133.07582092285156,91153.37758501952,1.09375,0.00038764909503908245,0.00038764909503908213,-3.2526065174565133e-19,0.00043907823695055946,0.0008267273319896416,0.00038764909503908245,0.00016648839140270152,0.0,True
anticyclonic,0.5,133.07582092285156,96362.14201844922,1.15625,0.0003322693151175495,0.0003322693151175495,0.0,0.00046515442585773716,0.0007974237409752867,0.0003322693151175495,0.00017637588383507597,0.0,True
anticyclonic,0.5,133.07582092285156,101570.90645187891,1.21875,0.00027172566866406905,0.0002717256686640691,5.421010862427522e-20,0.00046851052014248377,0.0007402361888065529,0.00027172566866406905,0.00017764843777157678,0.0,True
anticyclonic,0.5,133.07582092285156,106779.67088530859,1.28125,0.00022246478995166977,0.00022246478995166942,-3.5236570605778894e-19,0.00043745523601004647,0.0006599200259617159,0.00022246478995166977,0.00016587298669098606,0.0,True
anticyclonic,0.5,133.07582092285156,111988.43531873828,1.34375,0.00017658297003878953,0.0001765829700387895,-2.710505431213761e-20,0.00041119639433212724,0.0005877793643709168,0.00017658297003878953,0.00015591623651949613,0.0,True
anticyclonic,0.5,133.07582092285156,117197.19975216797,1.40625,0.0001259034838842379,0.00012590348388423787,-2.710505431213761e-20,0.0003808116912518214,0.0005067151751360593,0.0001259034838842379,0.00014439505438525513,0.0,True
anticyclonic,0.5,133.07582092285156,122405.96418559765,1.46875,7.752943859389087e-05,7.752943859389084e-05,-2.710505431213761e-20,0.00034711373897291446,0.0004246431775668053,7.752943859389087e-05,0.00013161756418796268,0.0,True
anticyclonic,0.5,133.07582092285156,127614.72861902734,1.53125,3.911298831498137e-05,3.9112988314981294e-05,-7.453889935837843e-20,0.000325723001039008,0.0003648359893539893,3.911298831498137e-05,0.0001235066872420533,0.0,True
anticyclonic,0.5,133.07582092285156,132823.49305245702,1.59375,2.0542919796584883e-06,2.054291979658456e-06,-3.218725199566341e-20,0.0002992411323807384,0.00030129542436039685,2.0542919796584883e-06,0.00011346537035767904,0.0,True
anticyclonic,0.5,133.07582092285156,138032.25748588672,1.65625,-3.0917437463998636e-05,-3.091743746399858e-05,5.421010862427522e-20,0.00027124061024485363,0.00024032317278085505,-3.0917437463998636e-05,0.00010284821492493527,0.0,True
anticyclonic,0.5,133.07582092285156,143241.0219193164,1.71875,-5.825245889520512e-05,-5.82524588952051e-05,2.0328790734103208e-20,0.00025315909811227805,0.00019490663921707294,-5.825245889520512e-05,9.59921204621621e-05,0.0,True
anticyclonic,0.5,133.07582092285156,148449.7863527461,1.7812500000000002,-8.136239960765206e-05,-8.136239960765202e-05,4.0657581468206416e-20,0.0002376402759979835,0.00015627787639033148,-8.136239960765206e-05,9.010773924523448e-05,0.0,True
anticyclonic,0.5,133.07582092285156,153658.55078617577,1.8437499999999998,-0.00010350794058441825,-0.00010350794058441822,2.710505431213761e-20,0.00022548205948491273,0.0001219741189004945,-0.00010350794058441825,8.549762255248927e-05,0.0,True
anticyclonic,0.5,133.07582092285156,158867.31521960546,1.90625,-0.00012258204409168003,-0.00012258204409168008,-5.421010862427522e-20,0.00021950322958161833,9.692118548993824e-05,-0.00012258204409168003,8.323058745645935e-05,0.0,True
anticyclonic,0.5,133.07582092285156,164076.07965303515,1.96875,-0.000134421719196805,-0.00013442171919680502,-2.710505431213761e-20,0.00021393703681870714,7.951531762190211e-05,-0.000134421719196805,8.1120014894789e-05,0.0,True
anticyclonic,0.5,133.07582092285156,169284.84408646484,2.03125,-0.0001402819739786527,-0.0001402819739786528,-1.0842021724855044e-19,0.0002193152871876893,7.90333132090365e-05,-0.0001402819739786527,8.315932401361843e-05,0.0,True
anticyclonic,0.5,133.07582092285156,174493.60851989454,2.09375,-0.0001521315929092938,-0.00015213159290929375,5.421010862427522e-20,0.00022085811520957776,6.872652230028402e-05,-0.0001521315929092938,8.374432899441448e-05,0.0,True
anticyclonic,0.5,133.07582092285156,179702.37295332423,2.15625,-0.0001623229682909094,-0.00016232296829090927,1.3552527156068805e-19,0.00022902924080638038,6.670627251547111e-05,-0.0001623229682909094,8.684263230821385e-05,0.0,True
anticyclonic,0.5,133.07582092285156,184911.1373867539,2.21875,-0.00017261157768810835,-0.00017261157768810843,-8.131516293641283e-20,0.00024171689096048695,6.910531327237852e-05,-0.00017261157768810835,9.16534980880983e-05,0.0,True
anticyclonic,0.5,133.07582092285156,190119.9018201836,2.28125,-0.00018209277439441078,-0.0001820927743944109,-1.0842021724855044e-19,0.0002527829021142424,7.069012771983153e-05,-0.00018209277439441078,9.584947557272264e-05,0.0,True
anticyclonic,0.5,133.07582092285156,195328.66625361328,2.34375,-0.0001831029035004147,-0.00018310290350041384,8.673617379884035e-19,0.0002673452902901308,8.424238678971695e-05,-0.0001831029035004147,0.00010137119898863036,0.0,True
anticyclonic,0.5,133.07582092285156,200537.43068704297,2.40625,-0.00018096093207467948,-0.00018096093207467916,3.2526065174565133e-19,0.000273677754409432,9.271682233475285e-05,-0.00018096093207467948,0.00010377232406410636,0.0,True
anticyclonic,0.5,133.07582092285156,205746.19512047266,2.46875,-0.00016091387719197945,-0.00016091387719197907,3.7947076036992655e-19,0.00028101937741035495,0.00012010550021837588,-0.00016091387719197945,0.00010655609902912782,0.0,True
anticyclonic,0.5,147.40625,2604.3822167148437,0.03125,6.657469415191025e-06,6.657469415191025e-06,0.0,7.31469729566179e-07,7.3889391447572045e-06,6.657469415191025e-06,2.0158774097374725e-07,0.0,True
anticyclonic,0.5,147.40625,7813.146650144531,0.09375,-1.7552969020616973e-05,-1.7552969020616973e-05,0.0,5.584916824543174e-06,-1.1968052196073799e-05,-1.7552969020616973e-05,1.5391624843500403e-06,0.0,True
anticyclonic,0.5,147.40625,13021.911083574218,0.15625,-3.7306316938611896e-05,-3.730631693861191e-05,-1.3552527156068805e-20,1.679166481270597e-05,-2.051465212590594e-05,-3.7306316938611896e-05,4.627660776597458e-06,0.0,True
anticyclonic,0.5,147.40625,18230.675517003907,0.21875,-5.506429986645388e-05,-5.506429986645389e-05,-1.3552527156068805e-20,3.456625333919927e-05,-2.0498046527254623e-05,-5.506429986645388e-05,9.526208184593088e-06,0.0,True
anticyclonic,0.5,147.40625,23439.439950433592,0.28125,-7.149865686620204e-05,-7.149865686620203e-05,1.3552527156068805e-20,6.081310999469054e-05,-1.0685546871511485e-05,-7.149865686620204e-05,1.6759651110495527e-05,0.0,True
anticyclonic,0.5,147.40625,28648.20438386328,0.34375,-8.613577616087165e-05,-8.613577616087166e-05,-1.3552527156068805e-20,8.774386255962625e-05,1.6080863987545944e-06,-8.613577616087165e-05,2.4181570778323922e-05,0.0,True
anticyclonic,0.5,147.40625,33856.96881729297,0.40625,-9.76344424018193e-05,-9.763444240181926e-05,4.0657581468206416e-20,0.00011506543693950161,1.7430994537682352e-05,-9.76344424018193e-05,3.171119809776446e-05,0.0,True
anticyclonic,0.5,147.40625,39065.73325072265,0.46874999999999994,-0.00010617218579331598,-0.00010617218579331601,-2.710505431213761e-20,0.00014559003545071113,3.941784965739512e-05,-0.00010617218579331598,4.0123555587465074e-05,0.0,True
anticyclonic,0.5,147.40625,44274.497684152346,0.53125,-0.00011218644285787873,-0.00011218644285787881,-8.131516293641283e-20,0.00018032283622822565,6.813639337034683e-05,-0.00011218644285787873,4.9695663035551746e-05,0.0,True
anticyclonic,0.5,147.40625,49483.26211758203,0.59375,-0.00011693689182067346,-0.00011693689182067348,-2.710505431213761e-20,0.0002226778960227945,0.00010574100420212101,-0.00011693689182067346,6.136840966836047e-05,0.0,True
anticyclonic,0.5,147.40625,54692.02655101172,0.65625,-0.00012292134011570026,-0.00012292134011570034,-8.131516293641283e-20,0.0002705266049462444,0.00014760526483054406,-0.00012292134011570026,7.455516607194991e-05,0.0,True
anticyclonic,0.5,147.40625,59900.7909844414,0.71875,-0.00012919465271390117,-0.0001291946527139012,-2.710505431213761e-20,0.00031391331714934165,0.00018471866443544045,-0.00012919465271390117,8.651222861025578e-05,0.0,True
anticyclonic,0.5,147.40625,65109.555417871095,0.78125,-0.0001349392731562012,-0.00013493927315620123,-2.710505431213761e-20,0.00035834173431615614,0.0002234024611599549,-0.0001349392731562012,9.87563774652045e-05,0.0,True
anticyclonic,0.5,147.40625,70318.31985130078,0.84375,-0.0001405619092505507,-0.00014056190925055076,-5.421010862427522e-20,0.0004033123782562905,0.00026275046900573975,-0.0001405619092505507,0.00011114996007784798,0.0,True
anticyclonic,0.5,147.40625,75527.08428473047,0.9062500000000001,-0.00014628148007253888,-0.00014628148007253907,-1.8973538018496328e-19,0.0004515884981908463,0.00030530701811830725,-0.00014628148007253888,0.00012445450784957408,0.0,True
anticyclonic,0.5,147.40625,80735.84871816015,0.96875,-0.0001537823265343836,-0.00015378232653438366,-5.421010862427522e-20,0.0005001928500270463,0.0003464105234926626,-0.0001537823265343836,0.00013784951394772634,0.0,True
anticyclonic,0.5,147.40625,85944.61315158985,1.03125,-0.00016211183908261943,-0.00016211183908261943,0.0,0.0005427455152640269,0.00038063367618140754,-0.00016211183908261943,0.00014957671920422073,0.0,True
anticyclonic,0.5,147.40625,91153.37758501952,1.09375,-0.00016887601765766587,-0.00016887601765766593,-5.421010862427522e-20,0.0005797435435265104,0.00041086752586884454,-0.00016887601765766587,0.00015977310688295669,0.0,True
anticyclonic,0.5,147.40625,96362.14201844922,1.15625,-0.0001787068930097315,-0.00017870689300973148,2.710505431213761e-20,0.0006143174411320877,0.00043561054812235627,-0.0001787068930097315,0.0001693014217718032,0.0,True
anticyclonic,0.5,147.40625,101570.90645187891,1.21875,-0.000195676620226551,-0.0001956766202265511,-1.0842021724855044e-19,0.0006184089231299174,0.00042273230290336633,-0.000195676620226551,0.00017042900447254795,0.0,True
anticyclonic,0.5,147.40625,106779.67088530859,1.28125,-0.0002071207479208185,-0.00020712074792081906,-5.692061405548898e-19,0.0005857028772511028,0.00037858212933028376,-0.0002071207479208185,0.00016141545594360987,0.0,True
anticyclonic,0.5,147.40625,111988.43531873828,1.34375,-0.0002011633806306941,-0.00020116338063069398,1.0842021724855044e-19,0.000550613923033632,0.000349450542402938,-0.0002011633806306941,0.00015174519519607852,0.0,True
anticyclonic,0.5,147.40625,117197.19975216797,1.40625,-0.00019086758604685075,-0.0001908675860468509,-1.3552527156068805e-19,0.0005118279018244882,0.00032096031577763735,-0.00019086758604685075,0.00014105604965679788,0.0,True
anticyclonic,0.5,147.40625,122405.96418559765,1.46875,-0.00017661679599918114,-0.00017661679599918114,0.0,0.0004681130128929529,0.00029149621689377174,-0.00017661679599918114,0.0001290085439974004,0.0,True
anticyclonic,0.5,147.40625,127614.72861902734,1.53125,-0.00016317420169500112,-0.00016317420169500128,-1.6263032587282567e-19,0.0004345622188651423,0.000271388017170141,-0.00016317420169500112,0.00011976218901842802,0.0,True
anticyclonic,0.5,147.40625,132823.49305245702,1.59375,-0.00015329467062346935,-0.00015329467062346952,-1.6263032587282567e-19,0.00039732135214009645,0.00024402668151662693,-0.00015329467062346935,0.00010949887682441716,0.0,True
anticyclonic,0.5,147.40625,138032.25748588672,1.65625,-0.00014303498520500438,-0.00014303498520500457,-1.8973538018496328e-19,0.00036255738305809794,0.00021952239785309337,-0.00014303498520500438,9.991817961815332e-05,0.0,True
anticyclonic,0.5,147.40625,143241.0219193164,1.71875,-0.00013267641734094596,-0.0001326764173409463,-3.5236570605778894e-19,0.0003362774720732742,0.0002036010547323279,-0.00013267641734094596,9.267562715933352e-05,0.0,True
anticyclonic,0.5,147.40625,148449.7863527461,1.7812500000000002,-0.00012197483837911755,-0.00012197483837911764,-9.486769009248164e-20,0.0003158277352134607,0.00019385289683434306,-0.00012197483837911755,8.703982831428452e-05,0.0,True
anticyclonic,0.5,147.40625,153658.55078617577,1.8437499999999998,-0.00010965828895824168,-0.00010965828895824172,-4.0657581468206416e-20,0.00030209321683401485,0.00019243492787577313,-0.00010965828895824168,8.325469487463148e-05,0.0,True
anticyclonic,0.5,147.40625,158867.31521960546,1.90625,-9.936807165238013e-05,-9.936807165238041e-05,-2.846030702774449e-19,0.00029540373487651355,0.00019603566322413314,-9.936807165238013e-05,8.141112226787835e-05,0.0,True
anticyclonic,0.5,147.40625,164076.07965303515,1.96875,-8.929703509434155e-05,-8.929703509434186e-05,-3.1170812458958252e-19,0.00028708181893621936,0.0001977847838418775,-8.929703509434155e-05,7.911766272038311e-05,0.0,True
anticyclonic,0.5,147.40625,169284.84408646484,2.03125,-8.1384758456857e-05,-8.1384758456857e-05,0.0,0.00029314951325878127,0.00021176475480192428,-8.1384758456857e-05,8.078987517424627e-05,0.0,True
anticyclonic,0.5,147.40625,174493.60851989454,2.09375,-7.787069337669829e-05,-7.787069337669834e-05,-5.421010862427522e-20,0.00029352439890794056,0.0002156537055312422,-7.787069337669829e-05,8.089319093439716e-05,0.0,True
anticyclonic,0.5,147.40625,179702.37295332423,2.15625,-7.497731869171443e-05,-7.497731869171444e-05,-1.3552527156068805e-20,0.000304143042963425,0.00022916572427171056,-7.497731869171443e-05,8.381961205727667e-05,0.0,True
anticyclonic,0.5,147.40625,184911.1373867539,2.21875,-7.21424536587996e-05,-7.214245365879949e-05,1.0842021724855044e-19,0.00032135530190217535,0.0002492128482433759,-7.21424536587996e-05,8.856318551803454e-05,0.0,True
anticyclonic,0.5,147.40625,190119.9018201836,2.28125,-7.99693505370898e-05,-7.996935053709004e-05,-2.439454888092385e-19,0.0003324160067931641,0.00025244665625607403,-7.99693505370898e-05,9.16114353941765e-05,0.0,True
anticyclonic,0.5,147.40625,195328.66625361328,2.34375,-8.456259643226666e-05,-8.456259643226647e-05,1.8973538018496328e-19,0.00035240114385468496,0.0002678385474224185,-8.456259643226666e-05,9.711919391163708e-05,0.0,True
anticyclonic,0.5,147.40625,200537.43068704297,2.40625,-8.933551957143718e-05,-8.933551957143659e-05,5.963111948670274e-19,0.0003598667026976216,0.00027053118312618497,-8.933551957143718e-05,9.917664766730615e-05,0.0,True
anticyclonic,0.5,147.40625,205746.19512047266,2.46875,-9.155504063863634e-05,-9.155504063863626e-05,8.131516293641283e-20,0.000365790588600271,0.0002742355479616348,-9.155504063863634e-05,0.00010080922756587499,0.0,True
anticyclonic,0.5,163.16445922851562,2604.3822167148437,0.03125,7.3894719082631955e-06,7.389471908263193e-06,-2.541098841762901e-21,1.0702351685134695e-06,8.459707076776663e-06,7.3894719082631955e-06,5.4599659654186435e-08,0.0,True
anticyclonic,0.5,163.16445922851562,7813.146650144531,0.09375,-5.764596873084567e-05,-5.7645968730845684e-05,-1.3552527156068805e-20,7.4587868697472476e-06,-5.018718186109844e-05,-5.764596873084567e-05,3.805212503780555e-07,0.0,True
anticyclonic,0.5,163.16445922851562,13021.911083574218,0.15625,-0.0001147282777917504,-0.00011472827779175042,-2.710505431213761e-20,2.0972871830699358e-05,-9.375540596105107e-05,-0.0001147282777917504,1.0699626564482934e-06,0.0,True
anticyclonic,0.5,163.16445922851562,18230.675517003907,0.21875,-0.00016777769549392382,-0.00016777769549392385,-2.710505431213761e-20,4.246120874064713e-05,-0.00012531648675327673,-0.00016777769549392382,2.1662225405700834e-06,0.0,True
anticyclonic,0.5,163.16445922851562,23439.439950433592,0.28125,-0.00021762663945453897,-0.00021762663945453908,-1.0842021724855044e-19,7.419435805275546e-05,-0.00014343228140178363,-0.00021762663945453897,3.7851369653344655e-06,0.0,True
anticyclonic,0.5,163.16445922851562,28648.20438386328,0.34375,-0.00026251319525590923,-0.00026251319525590934,-1.0842021724855044e-19,0.00010770727051322566,-0.00015480592474268368,-0.00026251319525590923,5.49484868869687e-06,0.0,True
anticyclonic,0.5,163.16445922851562,33856.96881729297,0.40625,-0.00029877013594851076,-0.00029877013594851103,-2.710505431213761e-19,0.00014106446437426475,-0.00015770567157424628,-0.00029877013594851076,7.196616193086751e-06,0.0,True
anticyclonic,0.5,163.16445922851562,39065.73325072265,0.46874999999999994,-0.0003253322280828492,-0.0003253322280828493,-5.421010862427522e-20,0.00017894140608362786,-0.00014639082199922142,-0.0003253322280828492,9.12896544390158e-06,0.0,True
anticyclonic,0.5,163.16445922851562,44274.497684152346,0.53125,-0.00034406756724570504,-0.00034406756724570504,0.0,0.00022130765322053898,-0.00012275991402516606,-0.00034406756724570504,1.1290343375177611e-05,0.0,True
anticyclonic,0.5,163.16445922851562,49483.26211758203,0.59375,-0.00035800725819734776,-0.0003580072581973478,-5.421010862427522e-20,0.0002724844234941375,-8.552283470321029e-05,-0.00035800725819734776,1.3901203419162233e-05,0.0,True
anticyclonic,0.5,163.16445922851562,54692.02655101172,0.65625,-0.0003672387308964975,-0.00036723873089649744,5.421010862427522e-20,0.0003288896330271044,-3.834909786939306e-05,-0.0003672387308964975,1.677880016969763e-05,0.0,True
anticyclonic,0.5,163.16445922851562,59900.7909844414,0.71875,-0.0003683237884157646,-0.00036832378841576474,-1.6263032587282567e-19,0.00037966023311722933,1.1336444701464591e-05,-0.0003683237884157646,1.936893882979226e-05,0.0,True
anticyclonic,0.5,163.16445922851562,65109.555417871095,0.78125,-0.00036096716389850134,-0.0003609671638985017,-3.7947076036992655e-19,0.00043199204379336604,7.102487989486432e-05,-0.00036096716389850134,2.203872500022161e-05,0.0,True
anticyclonic,0.5,163.16445922851562,70318.31985130078,0.84375,-0.00034663805775462733,-0.0003466380577546275,-1.6263032587282567e-19,0.0004849348516010396,0.0001382967938464121,-0.00034663805775462733,2.4739682109910908e-05,0.0,True
anticyclonic,0.5,163.16445922851562,75527.08428473047,0.9062500000000001,-0.00032782159445441804,-0.00032782159445441804,0.0,0.0005413155782991594,0.0002134939838447414,-0.00032782159445441804,2.7616029831738087e-05,0.0,True
anticyclonic,0.5,163.16445922851562,80735.84871816015,0.96875,-0.0003064013461991518,-0.0003064013461991522,-3.7947076036992655e-19,0.0005978611802979793,0.00029145983409882716,-0.0003064013461991518,3.0500788915449504e-05,0.0,True
anticyclonic,0.5,163.16445922851562,85944.61315158985,1.03125,-0.00028187752202429216,-0.0002818775220242924,-2.168404344971009e-19,0.0006466742271589744,0.00036479670513468206,-0.00028187752202429216,3.2991060048097906e-05,0.0,True
anticyclonic,0.5,163.16445922851562,91153.37758501952,1.09375,-0.0002532102023328303,-0.00025321020233283036,-5.421010862427522e-20,0.000690120563355401,0.0004369103610225706,-0.0002532102023328303,3.5207540350124525e-05,0.0,True
anticyclonic,0.5,163.16445922851562,96362.14201844922,1.15625,-0.00022759729335336366,-0.0002275972933533639,-2.439454888092385e-19,0.0007301691986710035,0.0005025719053176396,-0.00022759729335336366,3.725068182237097e-05,0.0,True
anticyclonic,0.5,163.16445922851562,101570.90645187891,1.21875,-0.0002176425726724924,-0.00021764257267249253,-1.3552527156068805e-19,0.0007313909028714554,0.0005137483301989629,-0.0002176425726724924,3.731300890290917e-05,0.0,True
anticyclonic,0.5,163.16445922851562,106779.67088530859,1.28125,-0.00020831424010122333,-0.00020831424010122333,0.0,0.0006868500339996361,0.0004785357938984128,-0.00020831424010122333,3.504068936730566e-05,0.0,True
anticyclonic,0.5,163.16445922851562,111988.43531873828,1.34375,-0.00018625839260614238,-0.0001862583926061424,-2.710505431213761e-20,0.0006418915793896718,0.0004556331867835294,-0.00018625839260614238,3.274706606609067e-05,0.0,True
anticyclonic,0.5,163.16445922851562,117197.19975216797,1.40625,-0.00016107987278426793,-0.0001610798727842677,2.439454888092385e-19,0.0005951848760641694,0.0004341050032799017,-0.00016107987278426793,3.0364253222551237e-05,0.0,True
anticyclonic,0.5,163.16445922851562,122405.96418559765,1.46875,-0.00013268078382746638,-0.00013268078382746654,-1.6263032587282567e-19,0.0005449160701470045,0.000412235286319538,-0.00013268078382746638,2.7799714348247733e-05,0.0,True
anticyclonic,0.5,163.16445922851562,127614.72861902734,1.53125,-0.00011004046826266478,-0.00011004046826266493,-1.4907779871675686e-19,0.0005069487807968168,0.00039690831253415184,-0.00011004046826266478,2.5862755876408673e-05,0.0,True
anticyclonic,0.5,163.16445922851562,132823.49305245702,1.59375,-8.749956983290909e-05,-8.749956983290896e-05,1.2197274440461925e-19,0.00046767645290698095,0.00038017688307407196,-8.749956983290909e-05,2.3859218897156748e-05,0.0,True
anticyclonic,0.5,163.16445922851562,138032.25748588672,1.65625,-6.376472254434626e-05,-6.376472254434614e-05,1.2197274440461925e-19,0.0004278860383705175,0.0003641213158261714,-6.376472254434626e-05,2.1829250947021542e-05,0.0,True
anticyclonic,0.5,163.16445922851562,143241.0219193164,1.71875,-4.2264937648726106e-05,-4.226493764872616e-05,-5.421010862427522e-20,0.0003987934488150945,0.00035652851116636835,-4.2264937648726106e-05,2.0345048656798404e-05,0.0,True
anticyclonic,0.5,163.16445922851562,148449.7863527461,1.7812500000000002,-2.3743006252014822e-05,-2.37430062520148e-05,2.0328790734103208e-20,0.00037658022851531046,0.00035283722226329566,-2.3743006252014822e-05,1.9211807754356122e-05,0.0,True
anticyclonic,0.5,163.16445922851562,153658.55078617577,1.8437499999999998,-7.15677015026914e-06,-7.156770150269033e-06,1.0672615135404184e-19,0.00035983260595635804,0.000352675835806089,-7.15677015026914e-06,1.835740255572517e-05,0.0,True
anticyclonic,0.5,163.16445922851562,158867.31521960546,1.90625,6.611175275772744e-06,6.611175275772752e-06,8.470329472543003e-21,0.0003502796041269594,0.00035689077940273214,6.611175275772744e-06,1.787004177380893e-05,0.0,True
anticyclonic,0.5,163.16445922851562,164076.07965303515,1.96875,1.4814710177689612e-05,1.4814710177689596e-05,-1.6940658945086007e-20,0.000342537090482134,0.0003573518006598236,1.4814710177689612e-05,1.7475045774506708e-05,0.0,True
anticyclonic,0.5,163.16445922851562,169284.84408646484,2.03125,1.3718157134529079e-05,1.3718157134528933e-05,-1.4568966692773966e-19,0.00035035886799761676,0.0003640770251321457,1.3718157134529079e-05,1.7874085539598068e-05,0.0,True
anticyclonic,0.5,163.16445922851562,174493.60851989454,2.09375,8.839898908373641e-06,8.839898908373538e-06,-1.0333801956502464e-19,0.0003538503276735191,0.0003626902265818926,8.839898908373641e-06,1.8052207615576345e-05,0.0,True
anticyclonic,0.5,163.16445922851562,179702.37295332423,2.15625,6.0007813652510236e-06,6.000781365250825e-06,-1.9820570965750628e-19,0.0003661862913423092,0.00037218707270756003,6.0007813652510236e-06,1.8681545388841527e-05,0.0,True
anticyclonic,0.5,163.16445922851562,184911.1373867539,2.21875,1.084094489095532e-06,1.0840944890952676e-06,-2.642742795433417e-19,0.0003845303154564966,0.00038561440994559185,1.084094489095532e-06,1.9617393418124645e-05,0.0,True
anticyclonic,0.5,163.16445922851562,190119.9018201836,2.28125,-1.3426518469725555e-05,-1.3426518469725757e-05,-2.0159384144652348e-19,0.0003959336304885467,0.00038250711201882095,-1.3426518469725555e-05,2.0199150715956863e-05,0.0,True
anticyclonic,0.5,163.16445922851562,195328.66625361328,2.34375,-2.657970118712877e-05,-2.6579701187129638e-05,-8.673617379884035e-19,0.00040964532369625837,0.00038306562250912875,-2.657970118712877e-05,2.0898673404473574e-05,0.0,True
anticyclonic,0.5,163.16445922851562,200537.43068704297,2.40625,-4.753104986331345e-05,-4.7531049863313995e-05,-5.421010862427522e-19,0.0004195431784589411,0.0003720121285956271,-4.753104986331345e-05,2.1403627378374164e-05,0.0,True
anticyclonic,0.5,163.16445922851562,205746.19512047266,2.46875,-7.109574341503031e-05,-7.109574341503064e-05,-3.2526065174565133e-19,0.0004278635832605401,0.00035676783984550946,-7.109574341503031e-05,2.1828105365752735e-05,0.0,True
anticyclonic,0.5,180.5499267578125,2604.3822167148437,0.03125,7.221889225817301e-06,7.221889225817301e-06,0.0,1.9928146537914054e-07,7.421170691196441e-06,7.221889225817301e-06,1.1842843637438269e-07,1.0,False
anticyclonic,0.5,180.5499267578125,7813.146650144531,0.09375,-9.489727875485105e-06,-9.489727875485108e-06,-3.3881317890172014e-21,1.5204742914338974e-06,-7.969253584051211e-06,-9.489727875485105e-06,9.035832436266909e-07,1.0,False
anticyclonic,0.5,180.5499267578125,13021.911083574218,0.15625,-1.8425149031490735e-05,-1.842514903149074e-05,-3.3881317890172014e-21,4.420080583967938e-06,-1.40050684475228e-05,-1.8425149031490735e-05,2.6267532267096823e-06,0.0,True
anticyclonic,0.5,180.5499267578125,18230.675517003907,0.21875,-2.6129331995930222e-05,-2.612933199593025e-05,-2.710505431213761e-20,9.324018360358922e-06,-1.6805313635571327e-05,-2.6129331995930222e-05,5.541051763356443e-06,0.0,True
anticyclonic,0.5,180.5499267578125,23439.439950433592,0.28125,-3.43356399359353e-05,-3.433563993593531e-05,-1.3552527156068805e-20,1.6120704524997127e-05,-1.8214935410938187e-05,-3.43356399359353e-05,9.580167561075564e-06,0.0,True
anticyclonic,0.5,180.5499267578125,28648.20438386328,0.34375,-4.1655312758331244e-05,-4.165531275833126e-05,-1.3552527156068805e-20,2.3432041280391315e-05,-1.8223271477939943e-05,-4.1655312758331244e-05,1.3925128484062231e-05,0.0,True
anticyclonic,0.5,180.5499267578125,33856.96881729297,0.40625,-4.550879470983567e-05,-4.5508794709835765e-05,-9.486769009248164e-20,3.099591407596218e-05,-1.4512880633873582e-05,-4.550879470983567e-05,1.8420165824388576e-05,0.0,True
anticyclonic,0.5,180.5499267578125,39065.73325072265,0.46874999999999994,-4.4756438707274816e-05,-4.475643870727495e-05,-1.3552527156068805e-19,3.928466995737919e-05,-5.471768749895761e-06,-4.4756438707274816e-05,2.3345984673911823e-05,0.0,True
anticyclonic,0.5,180.5499267578125,44274.497684152346,0.53125,-4.1135588052577294e-05,-4.1135588052577294e-05,0.0,4.8877616034122944e-05,7.74202798154565e-06,-4.1135588052577294e-05,2.9046854054469123e-05,0.0,True
anticyclonic,0.5,180.5499267578125,49483.26211758203,0.59375,-3.623257875610522e-05,-3.623257875610533e-05,-1.0842021724855044e-19,5.996676909506123e-05,2.37341903389559e-05,-3.623257875610522e-05,3.563688517063225e-05,0.0,True
anticyclonic,0.5,180.5499267578125,54692.02655101172,0.65625,-3.0185133869578217e-05,-3.0185133869578254e-05,-3.7269449679189215e-20,7.20080688576845e-05,4.182293498810624e-05,-3.0185133869578217e-05,4.2792755387110325e-05,0.0,True
anticyclonic,0.5,180.5499267578125,59900.7909844414,0.71875,-2.0647610422998028e-05,-2.0647610422998085e-05,-5.759824041329242e-20,8.287066627925762e-05,6.222305585625954e-05,-2.0647610422998028e-05,4.9248149646450024e-05,0.0,True
anticyclonic,0.5,180.5499267578125,65109.555417871095,0.78125,-7.109070953180061e-06,-7.109070953180305e-06,-2.439454888092385e-19,9.370450089043455e-05,8.659542993725425e-05,-7.109070953180061e-06,5.568645082262479e-05,0.0,True
anticyclonic,0.5,180.5499267578125,70318.31985130078,0.84375,8.501225642304258e-06,8.501225642303943e-06,-3.1509625637859973e-19,0.0001048533040686085,0.00011335452971091245,8.501225642304258e-06,6.231193064497003e-05,0.0,True
anticyclonic,0.5,180.5499267578125,75527.08428473047,0.9062500000000001,2.449357475438422e-05,2.4493574754384152e-05,-6.776263578034403e-20,0.00011664105016180782,0.000141134624916192,2.449357475438422e-05,6.93171196902226e-05,0.0,True
anticyclonic,0.5,180.5499267578125,80735.84871816015,0.96875,3.912604673148639e-05,3.912604673148613e-05,-2.574980159653073e-19,0.00012847020329024414,0.00016759625002173026,3.912604673148639e-05,7.634691599349933e-05,0.0,True
anticyclonic,0.5,180.5499267578125,85944.61315158985,1.03125,5.35489106904764e-05,5.3548910690476273e-05,-1.2874900798265365e-19,0.00013860876073432585,0.00019215767142480213,5.35489106904764e-05,8.237202978373612e-05,0.0,True
anticyclonic,0.5,180.5499267578125,91153.37758501952,1.09375,6.848324656276085e-05,6.84832465627607e-05,-1.4907779871675686e-19,0.00014764658529033156,0.00021612983185309226,6.848324656276085e-05,8.774300308703557e-05,0.0,True
anticyclonic,0.5,180.5499267578125,96362.14201844922,1.15625,7.994055532892478e-05,7.994055532892453e-05,-2.574980159653073e-19,0.00015588021912049628,0.0002358207744494208,7.994055532892478e-05,9.263606415686697e-05,0.0,True
anticyclonic,0.5,180.5499267578125,101570.90645187891,1.21875,7.662043072690885e-05,7.662043072690867e-05,-1.7618285302889447e-19,0.00016001119680539953,0.00023663162753230819,7.662043072690885e-05,9.509101011478527e-05,0.0,True
anticyclonic,0.5,180.5499267578125,106779.67088530859,1.28125,6.849652227638543e-05,6.849652227638532e-05,-1.0842021724855044e-19,0.000148828132724093,0.0002173246550004783,6.849652227638543e-05,8.84451698179772e-05,0.0,True
anticyclonic,0.5,180.5499267578125,111988.43531873828,1.34375,6.183923336503723e-05,6.183923336503711e-05,-1.2197274440461925e-19,0.00013792146302050477,0.0001997606963855419,6.183923336503723e-05,8.196358440515231e-05,0.0,True
anticyclonic,0.5,180.5499267578125,117197.19975216797,1.40625,5.5174545511711755e-05,5.5174545511711795e-05,4.0657581468206416e-20,0.00012729391849394052,0.00018246846400565232,5.5174545511711755e-05,7.564787672814587e-05,0.0,True
anticyclonic,0.5,180.5499267578125,122405.96418559765,1.46875,5.0314038939408765e-05,5.0314038939408616e-05,-1.4907779871675686e-19,0.00011646354998459641,0.00016677758892400503,5.0314038939408765e-05,6.921163537735221e-05,0.0,True
anticyclonic,0.5,180.5499267578125,127614.72861902734,1.53125,4.76323982105162e-05,4.7632398210516076e-05,-1.2197274440461925e-19,0.00010943080020678846,0.00015706319841730454,4.76323982105162e-05,6.503223235051526e-05,0.0,True
anticyclonic,0.5,180.5499267578125,132823.49305245702,1.59375,4.759655078631993e-05,4.7596550786319924e-05,-6.776263578034403e-21,0.00010023760544284349,0.0001478341562291634,4.759655078631993e-05,5.956892607108881e-05,0.0,True
anticyclonic,0.5,180.5499267578125,138032.25748588672,1.65625,4.906210536817282e-05,4.906210536817281e-05,-6.776263578034403e-21,9.196443843515296e-05,0.00014102654380332576,4.906210536817282e-05,5.465237133419516e-05,0.0,True
anticyclonic,0.5,180.5499267578125,143241.0219193164,1.71875,5.032414769975358e-05,5.032414769975358e-05,0.0,8.506433198071269e-05,0.00013538847968046626,5.032414769975358e-05,5.0551795213573746e-05,0.0,True
anticyclonic,0.5,180.5499267578125,148449.7863527461,1.7812500000000002,5.06911899108353e-05,5.069118991083523e-05,-6.776263578034403e-20,8.026371160533946e-05,0.0001309549015161747,5.06911899108353e-05,4.7698895855367987e-05,0.0,True
anticyclonic,0.5,180.5499267578125,153658.55078617577,1.8437499999999998,5.0977231848385424e-05,5.0977231848385464e-05,4.0657581468206416e-20,7.634614875911499e-05,0.00012732338060750045,5.0977231848385424e-05,4.5370777475698026e-05,0.0,True
anticyclonic,0.5,180.5499267578125,158867.31521960546,1.90625,5.0371843794638784e-05,5.0371843794638723e-05,-6.098637220230962e-20,7.505090899868872e-05,0.00012542275279332744,5.0371843794638784e-05,4.460104598428523e-05,0.0,True
anticyclonic,0.5,180.5499267578125,164076.07965303515,1.96875,4.952565633868814e-05,4.952565633868808e-05,-6.098637220230962e-20,7.393066635100301e-05,0.00012345632268969108,4.952565633868814e-05,4.39353112915334e-05,0.0,True
anticyclonic,0.5,180.5499267578125,169284.84408646484,2.03125,4.6655377555027945e-05,4.6655377555027904e-05,-4.0657581468206416e-20,7.492104847957944e-05,0.00012157642603460734,4.6655377555027945e-05,4.452387283526398e-05,0.0,True
anticyclonic,0.5,180.5499267578125,174493.60851989454,2.09375,4.290767722570241e-05,4.290767722570245e-05,4.0657581468206416e-20,7.583601278840882e-05,0.00011874369001411128,4.290767722570241e-05,4.5067615286308666e-05,0.0,True
anticyclonic,0.5,180.5499267578125,179702.37295332423,2.15625,4.641400237248999e-05,4.641400237248988e-05,-1.0842021724855044e-19,7.925959182764297e-05,0.00012567359420013286,4.641400237248999e-05,4.710217033963101e-05,0.0,True
anticyclonic,0.5,180.5499267578125,184911.1373867539,2.21875,4.137563373446403e-05,4.1375633734463754e-05,-2.778268066994105e-19,8.30958628254882e-05,0.00012447149655995195,4.137563373446403e-05,4.938197882517599e-05,0.0,True
anticyclonic,0.5,180.5499267578125,190119.9018201836,2.28125,4.4848520126831404e-05,4.4848520126830794e-05,-6.098637220230962e-19,8.56557354542471e-05,0.00013050425558107788,4.4848520126831404e-05,5.090325282908158e-05,0.0,True
anticyclonic,0.5,180.5499267578125,195328.66625361328,2.34375,4.32549938127558e-05,4.325499381275513e-05,-6.708500942254059e-19,8.892611747089877e-05,0.00013218111128365388,4.32549938127558e-05,5.284676638084161e-05,0.0,True
anticyclonic,0.5,180.5499267578125,200537.43068704297,2.40625,4.01631444920995e-05,4.016314449209867e-05,-8.334804200982315e-19,9.046013187251807e-05,0.00013062327636461675,4.01631444920995e-05,5.3758396203584646e-05,0.0,True
anticyclonic,0.5,180.5499267578125,205746.19512047266,2.46875,3.946339413260642e-05,3.9463394132606094e-05,-3.2526065174565133e-19,9.329949018913942e-05,0.00013276288432174552,3.946339413260642e-05,5.544576218668958e-05,0.0,True
anticyclonic,0.5,199.7899627685547,2604.3822167148437,0.03125,6.734750359911467e-06,6.734750359911467e-06,0.0,5.342491209712788e-07,7.2689994808827456e-06,6.734750359911467e-06,9.269056997437082e-08,0.0,True
anticyclonic,0.5,199.7899627685547,7813.146650144531,0.09375,5.122270587701636e-05,5.122270587701636e-05,0.0,5.049688104289646e-06,5.627239398130601e-05,5.122270587701636e-05,8.761052666375284e-07,0.0,True
anticyclonic,0.5,199.7899627685547,13021.911083574218,0.15625,0.00010095818667484696,0.00010095818667484696,0.0,1.64432342737548e-05,0.00011740142094860176,0.00010095818667484696,2.8528502850608883e-06,0.0,True
anticyclonic,0.5,199.7899627685547,18230.675517003907,0.21875,0.0001496063626875865,0.00014960636268758647,-2.710505431213761e-20,3.6961492103006335e-05,0.0001865678547905928,0.0001496063626875865,6.4127045523300794e-06,0.0,True
anticyclonic,0.5,199.7899627685547,23439.439950433592,0.28125,0.00019443730994606265,0.00019443730994606265,0.0,6.198054145824867e-05,0.0002564178514043113,0.00019443730994606265,1.0753432227722918e-05,0.0,True
anticyclonic,0.5,199.7899627685547,28648.20438386328,0.34375,0.00023428754001324727,0.00023428754001324727,0.0,8.901250227981897e-05,0.00032330004229306624,0.00023428754001324727,1.5443393816280992e-05,0.0,True
anticyclonic,0.5,199.7899627685547,33856.96881729297,0.40625,0.00026935541474584394,0.0002693554147458439,-5.421010862427522e-20,0.00011671787120796165,0.0003860732859538055,0.00026935541474584394,2.0250189628375225e-05,0.0,True
anticyclonic,0.5,199.7899627685547,39065.73325072265,0.46874999999999994,0.00029948131734734137,0.0002994813173473411,-2.710505431213761e-19,0.0001482081675174631,0.0004476894848648042,0.00029948131734734137,2.5713658633776603e-05,0.0,True
anticyclonic,0.5,199.7899627685547,44274.497684152346,0.53125,0.00032505348933733574,0.00032505348933733574,0.0,0.00018688106151840716,0.0005119345508557429,0.00032505348933733574,3.242328612177137e-05,0.0,True
anticyclonic,0.5,199.7899627685547,49483.26211758203,0.59375,0.0003464722067567066,0.0003464722067567064,-2.168404344971009e-19,0.00022973039006170961,0.000576202596818416,0.0003464722067567066,3.985751208451525e-05,0.0,True
anticyclonic,0.5,199.7899627685547,54692.02655101172,0.65625,0.00036231982264968134,0.0003623198226496811,-2.168404344971009e-19,0.0002728431256967068,0.0006351629483463878,0.00036231982264968134,4.73374383629098e-05,0.0,True
anticyclonic,0.5,199.7899627685547,59900.7909844414,0.71875,0.0003727816872596647,0.0003727816872596647,0.0,0.00031241881773285833,0.000685200504992523,0.0003727816872596647,5.420369851752082e-05,0.0,True
anticyclonic,0.5,199.7899627685547,65109.555417871095,0.78125,0.0003784919119897859,0.0003784919119897858,-1.0842021724855044e-19,0.000351344752413114,0.0007298366644028998,0.0003784919119897859,6.095722778068267e-05,0.0,True
anticyclonic,0.5,199.7899627685547,70318.31985130078,0.84375,0.0003791724146851559,0.00037917241468515546,-4.336808689942018e-19,0.00039212153435911115,0.0007712939490442666,0.0003791724146851559,6.803187331949733e-05,0.0,True
anticyclonic,0.5,199.7899627685547,75527.08428473047,0.9062500000000001,0.0003748163063650352,0.0003748163063650349,-3.2526065174565133e-19,0.0004353226054242574,0.0008101389117892922,0.0003748163063650352,7.552712552178776e-05,0.0,True
anticyclonic,0.5,199.7899627685547,80735.84871816015,0.96875,0.00036376775206182344,0.000363767752061823,-4.336808689942018e-19,0.00047758363867432687,0.0008413513907361499,0.00036376775206182344,8.285928407084294e-05,0.0,True
anticyclonic,0.5,199.7899627685547,85944.61315158985,1.03125,0.0003465495238236191,0.00034654952382361933,2.168404344971009e-19,0.000513564831574836,0.0008601143553984554,0.0003465495238236191,8.910190974375495e-05,0.0,True
anticyclonic,0.5,199.7899627685547,91153.37758501952,1.09375,0.0003249844309193185,0.00032498443091931857,5.421010862427522e-20,0.0005455241004507333,0.0008705085313700518,0.0003249844309193185,9.46467440388222e-05,0.0,True
anticyclonic,0.5,199.7899627685547,96362.14201844922,1.15625,0.0002976877298631567,0.00029768772986315655,-1.6263032587282567e-19,0.0005749949966990346,0.0008726827265621911,0.0002976877298631567,9.975985337991825e-05,0.0,True
anticyclonic,0.5,199.7899627685547,101570.90645187891,1.21875,0.00026052374230290575,0.0002605237423029056,-1.6263032587282567e-19,0.0005931347983524161,0.0008536585406553217,0.00026052374230290575,0.00010290705285760228,0.0,True
anticyclonic,0.5,199.7899627685547,106779.67088530859,1.28125,0.00022117790416575095,0.00022117790416575057,-3.7947076036992655e-19,0.0005531989398397831,0.0007743768440055337,0.00022117790416575095,9.597830493337167e-05,0.0,True
anticyclonic,0.5,199.7899627685547,111988.43531873828,1.34375,0.0001878748019403423,0.00018787480194034221,-8.131516293641283e-20,0.0005111943258488412,0.0006990691277891834,0.0001878748019403423,8.869063433263119e-05,0.0,True
anticyclonic,0.5,199.7899627685547,117197.19975216797,1.40625,0.00015957394342521578,0.00015957394342521586,8.131516293641283e-20,0.0004662788303610276,0.0006258527737862435,0.00015957394342521578,8.08979347959846e-05,0.0,True
anticyclonic,0.5,199.7899627685547,122405.96418559765,1.46875,0.00013344674189201078,0.00013344674189201056,-2.168404344971009e-19,0.0004327951660351488,0.0005662419079271593,0.00013344674189201078,7.508862260553356e-05,0.0,True
anticyclonic,0.5,199.7899627685547,127614.72861902734,1.53125,0.00010933849427744198,0.0001093384942774419,-8.131516293641283e-20,0.00039556880272482233,0.0005049072970022642,0.00010933849427744198,6.862996371802053e-05,0.0,True
anticyclonic,0.5,199.7899627685547,132823.49305245702,1.59375,8.29350524813061e-05,8.293505248130605e-05,-5.421010862427522e-20,0.00035813668667394687,0.0004410717391552529,8.29350524813061e-05,6.213560736644693e-05,0.0,True
anticyclonic,0.5,199.7899627685547,138032.25748588672,1.65625,5.9118388928648604e-05,5.911838892864858e-05,-2.710505431213761e-20,0.0003325069635809667,0.0003916253525096153,5.9118388928648604e-05,5.768892968646373e-05,0.0,True
anticyclonic,0.5,199.7899627685547,143241.0219193164,1.71875,3.985703660444138e-05,3.985703660444139e-05,6.776263578034403e-21,0.0003046848987582893,0.0003445419353627307,3.985703660444138e-05,5.286188749762596e-05,0.0,True
anticyclonic,0.5,199.7899627685547,148449.7863527461,1.7812500000000002,2.2353400171224588e-05,2.2353400171224446e-05,-1.4230153513872246e-19,0.00029075946916348315,0.0003131128693347076,2.2353400171224588e-05,5.044586853640816e-05,0.0,True
anticyclonic,0.5,199.7899627685547,153658.55078617577,1.8437499999999998,9.906107205703946e-06,9.906107205703846e-06,-9.994988777600744e-20,0.0002767483053001076,0.0002866544125058115,9.906107205703946e-06,4.8014974944782754e-05,0.0,True
anticyclonic,0.5,199.7899627685547,158867.31521960546,1.90625,7.362869106099249e-07,7.362869106099838e-07,5.886878983417387e-20,0.0002716520231973111,0.0002723883101079211,7.362869106099249e-07,4.713078576352664e-05,0.0,True
anticyclonic,0.5,199.7899627685547,164076.07965303515,1.96875,-3.0386324314766386e-06,-3.0386324314766403e-06,-1.6940658945086007e-21,0.00027006645764470063,0.000267027825213224,-3.0386324314766386e-06,4.6855695044545204e-05,0.0,True
anticyclonic,0.5,199.7899627685547,169284.84408646484,2.03125,-1.9227065938782884e-06,-1.922706593878407e-06,-1.1858461261560205e-19,0.00027467951703531984,0.0002727568104414414,-1.9227065938782884e-06,4.765604657992022e-05,0.0,True
anticyclonic,0.5,199.7899627685547,174493.60851989454,2.09375,3.4981091802563294e-06,3.4981091802564344e-06,1.0503208545953324e-19,0.0002785774464032567,0.0002820755555835131,3.4981091802563294e-06,4.8332325268366255e-05,0.0,True
anticyclonic,0.5,199.7899627685547,179702.37295332423,2.15625,1.2690249599432166e-05,1.2690249599432408e-05,2.422514229147299e-19,0.00029026979062066834,0.00030296004022010075,1.2690249599432166e-05,5.0360910823880326e-05,0.0,True
anticyclonic,0.5,199.7899627685547,184911.1373867539,2.21875,2.1075274099338388e-05,2.1075274099338615e-05,2.270048298641525e-19,0.0003021152627923772,0.0003231905368917158,2.1075274099338388e-05,5.241606360581681e-05,0.0,True
anticyclonic,0.5,199.7899627685547,190119.9018201836,2.28125,3.3791756372430375e-05,3.379175637243057e-05,1.9651164376299768e-19,0.0003104987768226443,0.00034429053319507487,3.3791756372430375e-05,5.387057735857854e-05,0.0,True
anticyclonic,0.5,199.7899627685547,195328.66625361328,2.34375,4.2754843080619e-05,4.275484308061902e-05,2.0328790734103208e-20,0.00032020908545680516,0.0003629639285374242,4.2754843080619e-05,5.555528587113744e-05,0.0,True
anticyclonic,0.5,199.7899627685547,200537.43068704297,2.40625,6.05188454348519e-05,6.0518845434852116e-05,2.168404344971009e-19,0.00032329699407522805,0.0003838158395100802,6.05188454348519e-05,5.6091028465060735e-05,0.0,True
anticyclonic,0.5,199.7899627685547,205746.19512047266,2.46875,7.433976497408288e-05,7.433976497408314e-05,2.574980159653073e-19,0.00033276038156102706,0.0004071001465351102,7.433976497408288e-05,5.773289692214369e-05,0.0,True
anticyclonic,0.5,221.14117431640625,2604.3822167148437,0.03125,5.653758324335807e-06,5.653758324335807e-06,0.0,1.0685670081273943e-07,5.760615025148547e-06,5.653758324335807e-06,6.941400352982149e-07,1.0,False
anticyclonic,0.5,221.14117431640625,7813.146650144531,0.09375,4.327595165451299e-05,4.3275951654512966e-05,-2.710505431213761e-20,9.700837789953114e-07,4.4246035433508276e-05,4.327595165451299e-05,6.3016543040579426e-06,1.0,False
anticyclonic,0.5,221.14117431640625,13021.911083574218,0.15625,8.528375687725778e-05,8.528375687725769e-05,-9.486769009248164e-20,3.7040679855935414e-06,8.898782486285123e-05,8.528375687725778e-05,2.40615877405075e-05,0.0,True
anticyclonic,0.5,221.14117431640625,18230.675517003907,0.21875,0.00012656502795804645,0.00012656502795804623,-2.168404344971009e-19,8.554582129907485e-06,0.0001351196100879537,0.00012656502795804645,5.557047799951844e-05,0.0,True
anticyclonic,0.5,221.14117431640625,23439.439950433592,0.28125,0.0001651419043144509,0.00016514190431445058,-3.2526065174565133e-19,1.434833532710469e-05,0.00017949023964155527,0.0001651419043144509,9.320663949639436e-05,0.0,True
anticyclonic,0.5,221.14117431640625,28648.20438386328,0.34375,0.0002002038558420431,0.00020020385584204256,-5.421010862427522e-19,2.0605319867798935e-05,0.00022080917570984149,0.0002002038558420431,0.00013385194706160876,0.0,True
anticyclonic,0.5,221.14117431640625,33856.96881729297,0.40625,0.000231631556601844,0.0002316315566018434,-5.963111948670274e-19,2.7196599211114052e-05,0.0002588281558129575,0.000231631556601844,0.00017666883024469582,0.0,True
anticyclonic,0.5,221.14117431640625,39065.73325072265,0.46874999999999994,0.0002583101283967557,0.0002583101283967548,-9.215718466126788e-19,3.483415681866342e-05,0.00029314428521541824,0.0002583101283967557,0.00022628232632845684,0.0,True
anticyclonic,0.5,221.14117431640625,44274.497684152346,0.53125,0.00028020041917175783,0.00028020041917175686,-9.75781955236954e-19,4.388989969366227e-05,0.0003240903188654191,0.00028020041917175783,0.00028510833940103945,0.0,True
anticyclonic,0.5,221.14117431640625,49483.26211758203,0.59375,0.00029716552075910246,0.0002971655207591014,-1.0842021724855044e-18,5.3800819625697655e-05,0.00035096634038479904,0.00029716552075910246,0.0003494895738873717,0.0,True
anticyclonic,0.5,221.14117431640625,54692.02655101172,0.65625,0.00030729287209965754,0.00030729287209965624,-1.3010426069826053e-18,6.344402466562787e-05,0.0003707368967652841,0.00030729287209965754,0.0004121317351734055,0.0,True
anticyclonic,0.5,221.14117431640625,59900.7909844414,0.71875,0.0003107393809997331,0.00031073938099973185,-1.2468324983583301e-18,7.244967294767669e-05,0.00038318905394740853,0.0003107393809997331,0.0004706323342826699,0.0,True
anticyclonic,0.5,221.14117431640625,65109.555417871095,0.78125,0.0003088182192905376,0.00030881821929053623,-1.3552527156068805e-18,8.140734473565825e-05,0.00039022556402619447,0.0003088182192905376,0.0005288212785772896,0.0,True
anticyclonic,0.5,221.14117431640625,70318.31985130078,0.84375,0.00030221775666170353,0.0003022177566617025,-1.0299920638612292e-18,9.06820120253427e-05,0.0003928997686870452,0.00030221775666170353,0.0005890694224079967,0.0,True
anticyclonic,0.5,221.14117431640625,75527.08428473047,0.9062500000000001,0.00029093996591406134,0.00029093996591405993,-1.4094628242311558e-18,0.00010046601791972682,0.00039140598383378673,0.00029093996591406134,0.0006526262246041212,0.0,True
anticyclonic,0.5,221.14117431640625,80735.84871816015,0.96875,0.00027283519206010027,0.00027283519206009875,-1.5178830414797062e-18,0.0001099528430742701,0.00038278803513436884,0.00027283519206010027,0.0007142525437545023,0.0,True
anticyclonic,0.5,221.14117431640625,85944.61315158985,1.03125,0.00024795489530409984,0.0002479548953040983,-1.5178830414797062e-18,0.00011804805370331541,0.0003660029490074137,0.00024795489530409984,0.0007668389491839509,0.0,True
anticyclonic,0.5,221.14117431640625,91153.37758501952,1.09375,0.00021913451213463142,0.00021913451213463047,-9.486769009248164e-19,0.00012528643945838294,0.0003444209515930134,0.00021913451213463142,0.0008138594289976572,0.0,True
anticyclonic,0.5,221.14117431640625,96362.14201844922,1.15625,0.00018691381066583262,0.00018691381066583175,-8.673617379884035e-19,0.00013212110432230285,0.00031903491498813457,0.00018691381066583262,0.0008582573420326742,0.0,True
anticyclonic,0.5,221.14117431640625,101570.90645187891,1.21875,0.00014407826325518218,0.00014407826325518137,-8.131516293641283e-19,0.00013722107282834037,0.00028129933608352174,0.00014407826325518218,0.0008913866852734363,0.0,True
anticyclonic,0.5,221.14117431640625,106779.67088530859,1.28125,0.00010256416165692933,0.00010256416165692865,-6.776263578034403e-19,0.0001295012259474623,0.00023206538760439096,0.00010256416165692933,0.0008412386389119802,0.0,True
anticyclonic,0.5,221.14117431640625,111988.43531873828,1.34375,7.580207367047786e-05,7.58020736704774e-05,-4.607859233063394e-19,0.00011888705838590297,0.00019468913205638038,7.580207367047786e-05,0.0007722891150187289,0.0,True
anticyclonic,0.5,221.14117431640625,117197.19975216797,1.40625,5.607561295670436e-05,5.607561295670406e-05,-3.049318610115481e-19,0.00010790984236556551,0.00016398545532226956,5.607561295670436e-05,0.0007009812320513675,0.0,True
anticyclonic,0.5,221.14117431640625,122405.96418559765,1.46875,3.7882484298382736e-05,3.788248429838266e-05,-7.453889935837843e-20,0.00010008606758411508,0.00013796855188249774,3.7882484298382736e-05,0.0006501580711110119,0.0,True
anticyclonic,0.5,221.14117431640625,127614.72861902734,1.53125,1.7626279780335967e-05,1.7626279780336015e-05,4.743384504624082e-20,9.082693261924832e-05,0.00010845321239958433,1.7626279780335967e-05,0.0005900108251034195,0.0,True
anticyclonic,0.5,221.14117431640625,132823.49305245702,1.59375,-4.594450423232643e-06,-4.594450423232315e-06,3.2780175058741423e-19,8.380763602219421e-05,7.92131855989619e-05,-4.594450423232643e-06,0.0005444135462188098,0.0,True
anticyclonic,0.5,221.14117431640625,138032.25748588672,1.65625,-2.1801207368860978e-05,-2.180120736886042e-05,5.590417451878382e-19,7.62726268441404e-05,5.447141947527998e-05,-2.1801207368860978e-05,0.0004954662036839456,0.0,True
anticyclonic,0.5,221.14117431640625,143241.0219193164,1.71875,-3.278681254043573e-05,-3.278681254043504e-05,6.844026213814747e-19,7.116435629656836e-05,3.837754375613332e-05,-3.278681254043573e-05,0.0004622829304663081,0.0,True
anticyclonic,0.5,221.14117431640625,148449.7863527461,1.7812500000000002,-4.197230871639863e-05,-4.197230871639726e-05,1.3688052427629493e-18,6.664873013393795e-05,2.4676421417540687e-05,-4.197230871639863e-05,0.00043294946911029246,0.0,True
anticyclonic,0.5,221.14117431640625,153658.55078617577,1.8437499999999998,-4.665271265655341e-05,-4.665271265655202e-05,1.3891340334970526e-18,6.368222313748873e-05,1.7029510480936706e-05,-4.665271265655341e-05,0.0004136790700097601,0.0,True
anticyclonic,0.5,221.14117431640625,158867.31521960546,1.90625,-5.092267748333844e-05,-5.092267748333595e-05,2.4936649967166602e-18,6.222736668103232e-05,1.1304689197696375e-05,-5.092267748333844e-05,0.00040422833735230865,0.0,True
anticyclonic,0.5,221.14117431640625,164076.07965303515,1.96875,-5.138363189009184e-05,-5.138363189008979e-05,2.0464316005663896e-18,6.161246757589031e-05,1.0228835685800519e-05,-5.138363189009184e-05,0.00040023395905593845,0.0,True
anticyclonic,0.5,221.14117431640625,169284.84408646484,2.03125,-4.972253828710972e-05,-4.972253828710694e-05,2.778268066994105e-18,6.284165373904226e-05,1.3119115451935319e-05,-4.972253828710972e-05,0.0004082187397967702,0.0,True
anticyclonic,0.5,221.14117431640625,174493.60851989454,2.09375,-4.527126673137609e-05,-4.527126673137059e-05,5.4955497617859006e-18,6.384225097707317e-05,1.8570984245702572e-05,-4.527126673137609e-05,0.00041471860921856,0.0,True
anticyclonic,0.5,221.14117431640625,179702.37295332423,2.15625,-3.6485020273453e-05,-3.648502027344675e-05,6.254491282525754e-18,6.60680785136887e-05,2.958305824024196e-05,-3.6485020273453e-05,0.00042917756212542204,0.0,True
anticyclonic,0.5,221.14117431640625,184911.1373867539,2.21875,-3.169011002357325e-05,-3.169011002356578e-05,7.467442462993912e-18,6.90070569803961e-05,3.731694695683031e-05,-3.169011002357325e-05,0.00044826913617837793,0.0,True
anticyclonic,0.5,221.14117431640625,190119.9018201836,2.28125,-2.811310459750955e-05,-2.811310459750197e-05,7.582638943820497e-18,7.0993382985194e-05,4.288027838769203e-05,-2.811310459750955e-05,0.0004611722895847369,0.0,True
anticyclonic,0.5,221.14117431640625,195328.66625361328,2.34375,-3.842364055199486e-05,-3.8423640551984225e-05,1.0638733817514012e-17,7.264144555731709e-05,3.421780500533286e-05,-3.842364055199486e-05,0.0004718780871929931,0.0,True
anticyclonic,0.5,221.14117431640625,200537.43068704297,2.40625,-4.119557560577183e-05,-4.1195575605762294e-05,9.534202854294405e-18,7.33626138517294e-05,3.21670382459671e-05,-4.119557560577183e-05,0.00047656278905569224,0.0,True
anticyclonic,0.5,221.14117431640625,205746.19512047266,2.46875,-5.0225880114221534e-05,-5.022588011421103e-05,1.0503208545953324e-17,7.525086088112329e-05,2.502498076691226e-05,-5.0225880114221534e-05,0.0004888288224412088,0.0,True
anticyclonic,0.5,244.890625,2604.3822167148437,0.03125,5.338915896787901e-06,5.338915896787894e-06,-6.776263578034403e-21,5.061959555468001e-06,1.0400875452255894e-05,5.338915896787901e-06,6.182300100499048e-06,0.0,True
anticyclonic,0.5,244.890625,7813.146650144531,0.09375,1.2820871219653972e-05,1.2820871219653938e-05,-3.3881317890172014e-20,4.1724021580935595e-05,5.454489280058953e-05,1.2820871219653972e-05,5.095860999805912e-05,0.0,True
anticyclonic,0.5,244.890625,13021.911083574218,0.15625,2.5341573749576265e-05,2.534157374957614e-05,-1.2536087619363645e-19,0.00016248284414033585,0.00018782441788991197,2.5341573749576265e-05,0.0001984444349368764,0.0,True
anticyclonic,0.5,244.890625,18230.675517003907,0.21875,3.651953228886733e-05,3.651953228886705e-05,-2.778268066994105e-19,0.0003797131124132331,0.00041623264470210013,3.651953228886733e-05,0.00046375329303003493,0.0,True
anticyclonic,0.5,244.890625,23439.439950433592,0.28125,4.517807987797912e-05,4.517807987797878e-05,-3.4558944247975454e-19,0.0006344018032963649,0.0006795798831743437,4.517807987797912e-05,0.0007748110764810885,0.0,True
anticyclonic,0.5,244.890625,28648.20438386328,0.34375,5.1999932629630893e-05,5.1999932629630724e-05,-1.6940658945086007e-19,0.0009128038621203366,0.0009648037947499673,5.1999932629630893e-05,0.0011148306000245659,0.0,True
anticyclonic,0.5,244.890625,33856.96881729297,0.40625,5.801818285999065e-05,5.801818285999024e-05,-4.1335207826009857e-19,0.0012241645763248958,0.0012821827591848862,5.801818285999065e-05,0.0014951033686283707,0.0,True
anticyclonic,0.5,244.890625,39065.73325072265,0.46874999999999994,6.311769156337018e-05,6.311769156336937e-05,-8.131516293641283e-19,0.001586145276065529,0.0016492629676288983,6.311769156337018e-05,0.0019371996145313727,0.0,True
anticyclonic,0.5,244.890625,44274.497684152346,0.53125,6.566147338812928e-05,6.566147338812809e-05,-1.1926223897340549e-18,0.0020031884565721064,0.0020688499299602345,6.566147338812928e-05,0.0024465450702794646,0.0,True
anticyclonic,0.5,244.890625,49483.26211758203,0.59375,6.435610714755743e-05,6.43561071475563e-05,-1.1384122811097797e-18,0.0024433656193093064,0.0025077217264568626,6.435610714755743e-05,0.0029841446475988805,0.0,True
anticyclonic,0.5,244.890625,54692.02655101172,0.65625,5.8406253641151684e-05,5.8406253641150295e-05,-1.3891340334970526e-18,0.002872811673754609,0.002931217927395759,5.8406253641151684e-05,0.003508638049109405,0.0,True
anticyclonic,0.5,244.890625,59900.7909844414,0.71875,4.900413765920159e-05,4.900413765919995e-05,-1.6398557858843255e-18,0.0032809299132501874,0.0033299340509093875,4.900413765920159e-05,0.004007083247140178,0.0,True
anticyclonic,0.5,244.890625,65109.555417871095,0.78125,3.7473245433228196e-05,3.747324543322729e-05,-9.0801931945661e-19,0.003689487198662728,0.0037269604440959554,3.7473245433228196e-05,0.004506064663128999,0.0,True
anticyclonic,0.5,244.890625,70318.31985130078,0.84375,2.435943199587752e-05,2.4359431995876017e-05,-1.5043305143236374e-18,0.0041015536171211675,0.004125913049117044,2.435943199587752e-05,0.005009331872661724,0.0,True
anticyclonic,0.5,244.890625,75527.08428473047,0.9062500000000001,9.42374277624056e-06,9.423742776237443e-06,-3.1170812458958252e-18,0.004531426179202331,0.004540849921978569,9.42374277624056e-06,0.00553434617880832,0.0,True
anticyclonic,0.5,244.890625,80735.84871816015,0.96875,-8.756548410369582e-06,-8.756548410372624e-06,-3.042542346537447e-18,0.004952863821017897,0.004944107272607525,-8.756548410369582e-06,0.006049058702051617,0.0,True
anticyclonic,0.5,244.890625,85944.61315158985,1.03125,-2.948321260283679e-05,-2.948321260283878e-05,-1.9888333601530972e-18,0.005334058499485941,0.005304575286883103,-2.948321260283679e-05,0.006514621469430309,0.0,True
anticyclonic,0.5,244.890625,91153.37758501952,1.09375,-4.996135935550593e-05,-4.9961359355508375e-05,-2.4462311516704194e-18,0.00564886327844048,0.005598901919084972,-4.996135935550593e-05,0.006899100562011342,0.0,True
anticyclonic,0.5,244.890625,96362.14201844922,1.15625,-7.041850997716388e-05,-7.041850997716715e-05,-3.266159044612582e-18,0.005950960179265031,0.005880541669287863,-7.041850997716388e-05,0.007268059199444665,0.0,True
anticyclonic,0.5,244.890625,101570.90645187891,1.21875,-9.638109933256752e-05,-9.638109933257134e-05,-3.821812658011403e-18,0.006171162778181491,0.006074781678848919,-9.638109933256752e-05,0.007536998240638865,0.0,True
anticyclonic,0.5,244.890625,106779.67088530859,1.28125,-0.00011621654046549419,-0.00011621654046549868,-4.4858864886587746e-18,0.005948263704936052,0.005832047164470553,-0.00011621654046549419,0.007264765926684903,0.0,True
anticyclonic,0.5,244.890625,111988.43531873828,1.34375,-0.00011952260727903954,-0.00011952260727904342,-3.876022766635678e-18,0.00536338023245616,0.005243857625177117,-0.00011952260727903954,0.006550432848541936,0.0,True
anticyclonic,0.5,244.890625,117197.19975216797,1.40625,-0.00011711937357674106,-0.00011711937357674427,-3.211948935988307e-18,0.004873617314360036,0.004756497940783292,-0.00011711937357674106,0.005952272925573835,0.0,True
anticyclonic,0.5,244.890625,122405.96418559765,1.46875,-0.00011750326604928968,-0.00011750326604929219,-2.507217523872729e-18,0.004468462293563222,0.004350959027513929,-0.00011750326604928968,0.0054574467819939,0.0,True
anticyclonic,0.5,244.890625,127614.72861902734,1.53125,-0.0001192856395342847,-0.00011928563953428835,-3.6591823321385775e-18,0.004131457968463213,0.0040121723289289245,-0.0001192856395342847,0.005045854818426389,0.0,True
anticyclonic,0.5,244.890625,132823.49305245702,1.59375,-0.0001198489069327421,-0.0001198489069327449,-2.791820594150174e-18,0.0038185258361637894,0.0036986769292310447,-0.0001198489069327421,0.0046636628368894595,0.0,True
anticyclonic,0.5,244.890625,138032.25748588672,1.65625,-0.00011911240171749469,-0.00011911240171749679,-2.100641709190665e-18,0.0034317900662036434,0.0033126776644861466,-0.00011911240171749469,0.0041913325933756644,0.0,True
anticyclonic,0.5,244.890625,143241.0219193164,1.71875,-0.00011648395633526927,-0.00011648395633527168,-2.4123498337802474e-18,0.0032373090471610765,0.003120825090825805,-0.00011648395633526927,0.003953807972643909,0.0,True
anticyclonic,0.5,244.890625,148449.7863527461,1.7812500000000002,-0.00011589723134599812,-0.00011589723134600096,-2.8324781756183803e-18,0.003001098522916695,0.0028852012915706942,-0.00011589723134599812,0.0036653180446282836,0.0,True
anticyclonic,0.5,244.890625,153658.55078617577,1.8437499999999998,-0.00011509856932573947,-0.0001150985693257415,-2.032879073410321e-18,0.0028709769030895687,0.002755878333763827,-0.00011509856932573947,0.0035063971969764365,0.0,True
anticyclonic,0.5,244.890625,158867.31521960546,1.90625,-0.00011546926212073334,-0.00011546926212073426,-9.215718466126788e-19,0.002807322770376626,0.0026918535082558915,-0.00011546926212073334,0.0034286547838346107,0.0,True
anticyclonic,0.5,244.890625,164076.07965303515,1.96875,-0.00011252576175408315,-0.00011252576175408322,-6.776263578034403e-20,0.0027685040627582736,0.0026559783010041906,-0.00011252576175408315,0.003381244507758631,0.0,True
anticyclonic,0.5,244.890625,169284.84408646484,2.03125,-0.00011081074091621131,-0.00011081074091621215,-8.402566836762659e-19,0.0028229351988186477,0.0027121244579024354,-0.00011081074091621131,0.003447722640238537,0.0,True
anticyclonic,0.5,244.890625,174493.60851989454,2.09375,-0.00010713716311488414,-0.00010713716311488499,-8.538092108323347e-19,0.0028733450351669386,0.0027662078720520535,-0.00010713716311488414,0.0035092894569835526,0.0,True
anticyclonic,0.5,244.890625,179702.37295332423,2.15625,-9.892967994532213e-05,-9.892967994532078e-05,1.3552527156068805e-18,0.002990599563402788,0.0028916698834574673,-9.892967994532213e-05,0.003652495398033281,0.0,True
anticyclonic,0.5,244.890625,184911.1373867539,2.21875,-9.13451880622209e-05,-9.134518806221854e-05,2.358139725155972e-18,0.0030954142507979296,0.003004069062735711,-9.13451880622209e-05,0.003780508244701877,0.0,True
anticyclonic,0.5,244.890625,190119.9018201836,2.28125,-8.611286947748412e-05,-8.611286947748074e-05,3.3745792618611326e-18,0.0031886447059434166,0.003102531836465936,-8.611286947748412e-05,0.0038943729735484173,0.0,True
anticyclonic,0.5,244.890625,195328.66625361328,2.34375,-8.852784728103268e-05,-8.85278472810283e-05,4.377466271410224e-18,0.0032224974917111206,0.003133969644430092,-8.852784728103268e-05,0.003935718242818254,0.0,True
anticyclonic,0.5,244.890625,200537.43068704297,2.40625,-9.319561389360414e-05,-9.319561389359785e-05,6.288372600415926e-18,0.0033060805250078084,0.0032128849111142106,-9.319561389360414e-05,0.00403780032970335,0.0,True
anticyclonic,0.5,244.890625,205746.19512047266,2.46875,-9.713762686650166e-05,-9.71376268664962e-05,5.4616684438957286e-18,0.003427691784657631,0.0033305541577911347,-9.713762686650166e-05,0.0041863272577667655,0.0,True
anticyclonic,0.5,271.35638427734375,2604.3822167148437,0.03125,3.1643232986660245e-06,3.164323298666021e-06,-3.3881317890172014e-21,2.8558722531613103e-06,6.020195551827332e-06,3.1643232986660245e-06,4.442316239779206e-06,0.0,True
anticyclonic,0.5,271.35638427734375,7813.146650144531,0.09375,1.862291770318629e-05,1.8622917703186323e-05,3.3881317890172014e-20,2.3670148978609392e-05,4.2293066681795715e-05,1.862291770318629e-05,3.6818974339371614e-05,0.0,True
anticyclonic,0.5,271.35638427734375,13021.911083574218,0.15625,3.5493068755575595e-05,3.54930687555757e-05,1.0842021724855044e-19,0.00012692829474113935,0.00016242136349671504,3.5493068755575595e-05,0.0001974372713596991,0.0,True
anticyclonic,0.5,271.35638427734375,18230.675517003907,0.21875,4.9506917424391105e-05,4.95069174243914e-05,2.981555974335137e-19,0.0003237094368030477,0.0003732163542274391,4.9506917424391105e-05,0.00050353081671918,0.0,True
anticyclonic,0.5,271.35638427734375,23439.439950433592,0.28125,6.026733808767034e-05,6.026733808767072e-05,3.7947076036992655e-19,0.0005538573096208245,0.0006141246477084952,6.026733808767034e-05,0.0008615263929699433,0.0,True
anticyclonic,0.5,271.35638427734375,28648.20438386328,0.34375,6.850054769617812e-05,6.850054769617876e-05,6.369687763352339e-19,0.000806098309745115,0.0008745988574412937,6.850054769617812e-05,0.0012538878825113287,0.0,True
anticyclonic,0.5,271.35638427734375,33856.96881729297,0.40625,7.51622344791312e-05,7.516223447913164e-05,4.336808689942018e-19,0.0010894899159672941,0.0011646521504464257,7.51622344791312e-05,0.0016947042156453976,0.0,True
anticyclonic,0.5,271.35638427734375,39065.73325072265,0.46874999999999994,8.045306500044258e-05,8.045306500044361e-05,1.0299920638612292e-18,0.0014252811504410863,0.00150573421544153,8.045306500044258e-05,0.002217028298043413,0.0,True
anticyclonic,0.5,271.35638427734375,44274.497684152346,0.53125,8.360558053600106e-05,8.360558053600228e-05,1.2197274440461925e-18,0.0018087397582421771,0.0018923453387781795,8.360558053600106e-05,0.0028134990956542945,0.0,True
anticyclonic,0.5,271.35638427734375,49483.26211758203,0.59375,8.34753048176972e-05,8.347530481769835e-05,1.1519648082658485e-18,0.0022126969268916456,0.002296172231709344,8.34753048176972e-05,0.0034418554545496654,0.0,True
anticyclonic,0.5,271.35638427734375,54692.02655101172,0.65625,7.957002797308446e-05,7.95700279730857e-05,1.2468324983583301e-18,0.0026019978005043685,0.0026815678284774543,7.957002797308446e-05,0.0040474139108481475,0.0,True
anticyclonic,0.5,271.35638427734375,59900.7909844414,0.71875,7.324734880205898e-05,7.324734880206085e-05,1.870248747537495e-18,0.0029684913521525655,0.0030417387009546264,7.324734880205898e-05,0.004617495522327422,0.0,True
anticyclonic,0.5,271.35638427734375,65109.555417871095,0.78125,6.530169471862204e-05,6.53016947186237e-05,1.6534083130403943e-18,0.0033354130114996773,0.003400714706218301,6.530169471862204e-05,0.00518824305637419,0.0,True
anticyclonic,0.5,271.35638427734375,70318.31985130078,0.84375,5.5892532147234026e-05,5.589253214723445e-05,4.2690460541616737e-19,0.003703404964038707,0.0037592974961859413,5.5892532147234026e-05,0.00576065543408563,0.0,True
anticyclonic,0.5,271.35638427734375,75527.08428473047,0.9062500000000001,4.4942957399718774e-05,4.494295739971962e-05,8.470329472543003e-19,0.004087395726893965,0.004132338684293684,4.4942957399718774e-05,0.006357954000178309,0.0,True
anticyclonic,0.5,271.35638427734375,80735.84871816015,0.96875,3.1722021053307405e-05,3.1722021053308984e-05,1.5788694136820158e-18,0.004468375711900129,0.004500097732953438,3.1722021053307405e-05,0.0069505692939997605,0.0,True
anticyclonic,0.5,271.35638427734375,85944.61315158985,1.03125,1.753908498878519e-05,1.7539084988785516e-05,3.2526065174565133e-19,0.004813802791785545,0.0048313418767743305,1.753908498878519e-05,0.007487881957385134,0.0,True
anticyclonic,0.5,271.35638427734375,91153.37758501952,1.09375,4.811483788745388e-06,4.811483788745357e-06,-3.049318610115481e-20,0.005096996073895211,0.005101807557683956,4.811483788745388e-06,0.007928389796879551,0.0,True
anticyclonic,0.5,271.35638427734375,96362.14201844922,1.15625,-7.396890290150099e-06,-7.396890290148344e-06,1.7550522667109103e-18,0.00535373289500822,0.0053463360047180716,-7.396890290150099e-06,0.00832774454690982,0.0,True
anticyclonic,0.5,271.35638427734375,101570.90645187891,1.21875,-2.703117717972577e-05,-2.7031177179725128e-05,6.437450399132683e-19,0.005529022329228585,0.00550199115204886,-2.703117717972577e-05,0.00860040768842004,0.0,True
anticyclonic,0.5,271.35638427734375,106779.67088530859,1.28125,-4.526504766087131e-05,-4.5265047660873594e-05,-2.2836008257975937e-18,0.005294370775115555,0.005249105727454681,-4.526504766087131e-05,0.008235406624954452,0.0,True
anticyclonic,0.5,271.35638427734375,111988.43531873828,1.34375,-5.0449933624541065e-05,-5.044993362454244e-05,-1.3755815063409838e-18,0.004742395203567055,0.004691945269942512,-5.0449933624541065e-05,0.0073768072801353645,0.0,True
anticyclonic,0.5,271.35638427734375,117197.19975216797,1.40625,-5.052310984052157e-05,-5.052310984052158e-05,-6.776263578034403e-21,0.004291349978483884,0.004240826868643363,-5.052310984052157e-05,0.006675205334864929,0.0,True
anticyclonic,0.5,271.35638427734375,122405.96418559765,1.46875,-5.3520115178440315e-05,-5.35201151784413e-05,-9.825582188149884e-19,0.003925759996781952,0.0038722398816035107,-5.3520115178440315e-05,0.006106529228635978,0.0,True
anticyclonic,0.5,271.35638427734375,127614.72861902734,1.53125,-5.7397340310273925e-05,-5.7397340310274555e-05,-6.301925127571995e-19,0.00362909988752473,0.0035717025472144556,-5.7397340310273925e-05,0.005645073706740968,0.0,True
anticyclonic,0.5,271.35638427734375,132823.49305245702,1.59375,-6.245548220338415e-05,-6.245548220338564e-05,-1.4907779871675686e-18,0.003358045525205413,0.0032955900430020274,-6.245548220338415e-05,0.005223447986521442,0.0,True
anticyclonic,0.5,271.35638427734375,138032.25748588672,1.65625,-6.704867922492283e-05,-6.704867922492468e-05,-1.8431436932253575e-18,0.003025539518331332,0.0029584908391064074,-6.704867922492283e-05,0.004706234083649633,0.0,True
anticyclonic,0.5,271.35638427734375,143241.0219193164,1.71875,-7.157651703284863e-05,-7.157651703285107e-05,-2.439454888092385e-18,0.0028632401526517493,0.002791663635618898,-7.157651703284863e-05,0.0044537770253669385,0.0,True
anticyclonic,0.5,271.35638427734375,148449.7863527461,1.7812500000000002,-7.832511271750012e-05,-7.832511271750279e-05,-2.6698478497455547e-18,0.0026679640231655876,0.002589638910448085,-7.832511271750012e-05,0.004150024530731597,0.0,True
anticyclonic,0.5,271.35638427734375,153658.55078617577,1.8437499999999998,-8.407338537631866e-05,-8.407338537632191e-05,-3.2526065174565133e-18,0.0025658401382616805,0.0024817667528853585,-8.407338537631866e-05,0.003991170579237169,0.0,True
anticyclonic,0.5,271.35638427734375,158867.31521960546,1.90625,-9.029567479433428e-05,-9.029567479433914e-05,-4.865357249028701e-18,0.002526129675988532,0.0024358340011941928,-9.029567479433428e-05,0.003929400858532794,0.0,True
anticyclonic,0.5,271.35638427734375,164076.07965303515,1.96875,-9.406819935274848e-05,-9.406819935275142e-05,-2.9408983928669308e-18,0.0025205635988762806,0.002426495399523529,-9.406819935274848e-05,0.003920742812039207,0.0,True
anticyclonic,0.5,271.35638427734375,169284.84408646484,2.03125,-9.717157226874688e-05,-9.717157226875264e-05,-5.759824041329242e-18,0.0025790933238023883,0.0024819217515336355,-9.717157226874688e-05,0.004011785941598395,0.0,True
anticyclonic,0.5,271.35638427734375,174493.60851989454,2.09375,-9.748504357709955e-05,-9.748504357710725e-05,-7.697835424647081e-18,0.0026382380355255107,0.0025407529919484035,-9.748504357709955e-05,0.004103785684616959,0.0,True
anticyclonic,0.5,271.35638427734375,179702.37295332423,2.15625,-9.67234193766091e-05,-9.672341937661699e-05,-7.887570804832045e-18,0.002746627609955066,0.0026499041905784487,-9.67234193766091e-05,0.004272385931416574,0.0,True
anticyclonic,0.5,271.35638427734375,184911.1373867539,2.21875,-8.872938492825278e-05,-8.87293849282615e-05,-8.72782748850831e-18,0.0028594835939978577,0.002770754209069596,-8.872938492825278e-05,0.0044479336892389336,0.0,True
anticyclonic,0.5,271.35638427734375,190119.9018201836,2.28125,-8.567701001205407e-05,-8.567701001206244e-05,-8.375461782450522e-18,0.0029880534735873036,0.002902376463575241,-8.567701001205407e-05,0.004647924449825098,0.0,True
anticyclonic,0.5,271.35638427734375,195328.66625361328,2.34375,-7.590892925738635e-05,-7.59089292573972e-05,-1.0855574252011113e-17,0.0030699333312644663,0.002994024402007069,-7.590892925738635e-05,0.004775288767702913,0.0,True
anticyclonic,0.5,271.35638427734375,200537.43068704297,2.40625,-6.66675861469841e-05,-6.666758614699283e-05,-8.72782748850831e-18,0.0031808332151021276,0.003114165628955135,-6.66675861469841e-05,0.004947793806895869,0.0,True
anticyclonic,0.5,271.35638427734375,205746.19512047266,2.46875,-5.14261185933112e-05,-5.142611859331976e-05,-8.55842089905745e-18,0.0033347471684029256,0.0032833210498096057,-5.14261185933112e-05,0.005187207335816813,0.0,True
anticyclonic,0.5,300.88751220703125,2604.3822167148437,0.03125,3.2579758958579303e-06,3.2579758958579303e-06,0.0,1.0524481333305182e-07,3.363220709190982e-06,3.2579758958579303e-06,2.392749058831776e-07,0.0,True
anticyclonic,0.5,300.88751220703125,7813.146650144531,0.09375,1.008890283971353e-06,1.0088902839713793e-06,2.625802136488331e-20,2.93538752156895e-06,3.9442778055403294e-06,1.008890283971353e-06,6.67362647821324e-06,0.0,True
anticyclonic,0.5,300.88751220703125,13021.911083574218,0.15625,-2.602706665174219e-07,-2.602706665173135e-07,1.0842021724855044e-19,1.5039670613165227e-05,1.4779399946647913e-05,-2.602706665174219e-07,3.4192808714393596e-05,0.0,True
anticyclonic,0.5,300.88751220703125,18230.675517003907,0.21875,-3.1453238605733785e-06,-3.145323860573077e-06,3.015437292225309e-19,3.8471203115276515e-05,3.532587925470344e-05,-3.1453238605733785e-06,8.746458103821381e-05,0.0,True
anticyclonic,0.5,300.88751220703125,23439.439950433592,0.28125,-6.815183672536817e-06,-6.815183672536553e-06,2.642742795433417e-19,6.649809428962252e-05,5.968291061708597e-05,-6.815183672536817e-06,0.0001511839372284125,0.0,True
anticyclonic,0.5,300.88751220703125,28648.20438386328,0.34375,-1.0242268603591115e-05,-1.0242268603590895e-05,2.202285662861181e-19,9.766944040841517e-05,8.742717180482428e-05,-1.0242268603591115e-05,0.0002220522363171595,0.0,True
anticyclonic,0.5,300.88751220703125,33856.96881729297,0.40625,-1.2831434628438318e-05,-1.2831434628438003e-05,3.1509625637859973e-19,0.00013233741699454456,0.00011950598236610655,-1.2831434628438318e-05,0.0003008701521089417,0.0,True
anticyclonic,0.5,300.88751220703125,39065.73325072265,0.46874999999999994,-1.4293217491578695e-05,-1.4293217491577825e-05,8.707498697774207e-19,0.00017324486025080787,0.00015895164275923004,-1.4293217491578695e-05,0.0003938735441534397,0.0,True
anticyclonic,0.5,300.88751220703125,44274.497684152346,0.53125,-1.530198117585067e-05,-1.53019811758495e-05,1.1689054672109345e-18,0.00021841121185584751,0.000203109230679998,-1.530198117585067e-05,0.0004965595976236719,0.0,True
anticyclonic,0.5,300.88751220703125,49483.26211758203,0.59375,-1.6752192512767847e-05,-1.6752192512766967e-05,8.809142651444724e-19,0.0002655317102173322,0.0002487795177045652,-1.6752192512767847e-05,0.0006036884190215799,0.0,True
anticyclonic,0.5,300.88751220703125,54692.02655101172,0.65625,-1.916850114894452e-05,-1.9168501148943396e-05,1.1248597539537109e-18,0.00031120316376526537,0.000292034662616322,-1.916850114894452e-05,0.0007075228257077069,0.0,True
anticyclonic,0.5,300.88751220703125,59900.7909844414,0.71875,-2.2125158260708692e-05,-2.2125158260707435e-05,1.2569968937253817e-18,0.00035428456069587917,0.0003321594024351717,-2.2125158260708692e-05,0.0008054687184261193,0.0,True
anticyclonic,0.5,300.88751220703125,65109.555417871095,0.78125,-2.558243649633754e-05,-2.5582436496336868e-05,6.708500942254059e-19,0.00039789071058672523,0.00037230827409038837,-2.558243649633754e-05,0.0009046076411019715,0.0,True
anticyclonic,0.5,300.88751220703125,70318.31985130078,0.84375,-2.9453263648280448e-05,-2.9453263648279648e-05,7.995991022080595e-19,0.0004403729353003099,0.0004109196716520302,-2.9453263648280448e-05,0.0010011913111008304,0.0,True
anticyclonic,0.5,300.88751220703125,75527.08428473047,0.9062500000000001,-3.3946693625290536e-05,-3.3946693625289316e-05,1.2197274440461925e-18,0.00048451046077481333,0.000450563767149524,-3.3946693625290536e-05,0.001101538320320253,0.0,True
anticyclonic,0.5,300.88751220703125,80735.84871816015,0.96875,-3.991280805718488e-05,-3.9912808057183876e-05,1.0028870095490916e-18,0.000528290150436948,0.0004883773423797641,-3.991280805718488e-05,0.0012010717870228086,0.0,True
anticyclonic,0.5,300.88751220703125,85944.61315158985,1.03125,-4.6812558752582267e-05,-4.681255875258151e-05,7.589415207398531e-19,0.0005682052316497092,0.0005213926728971276,-4.6812558752582267e-05,0.0012918190362034337,0.0,True
anticyclonic,0.5,300.88751220703125,91153.37758501952,1.09375,-5.273446504420745e-05,-5.2734465044206425e-05,1.0232158002831948e-18,0.0006006223511376567,0.0005478878860934503,-5.273446504420745e-05,0.0013655196107860141,0.0,True
anticyclonic,0.5,300.88751220703125,96362.14201844922,1.15625,-5.855174502438113e-05,-5.8551745024380475e-05,6.572975670693371e-19,0.0006288193774575329,0.0005702676324331523,-5.855174502438113e-05,0.0014296257705596384,0.0,True
anticyclonic,0.5,300.88751220703125,101570.90645187891,1.21875,-7.296709419398538e-05,-7.296709419398538e-05,0.0,0.0006463391834783342,0.0005733720892843488,-7.296709419398538e-05,0.0014694571865122026,0.0,True
anticyclonic,0.5,300.88751220703125,106779.67088530859,1.28125,-9.167153141919661e-05,-9.167153141919647e-05,1.3552527156068805e-19,0.0006152121602865453,0.0005235406288673488,-9.167153141919661e-05,0.001398689655944501,0.0,True
anticyclonic,0.5,300.88751220703125,111988.43531873828,1.34375,-9.973605581338485e-05,-9.973605581338473e-05,1.2197274440461925e-19,0.0005501758221562038,0.000450439766342819,-9.973605581338485e-05,0.0012508290327717588,0.0,True
anticyclonic,0.5,300.88751220703125,117197.19975216797,1.40625,-0.0001003468521621893,-0.00010034685216218941,-1.0842021724855044e-19,0.0004980516742635997,0.0003977048221014103,-0.0001003468521621893,0.00113232437504791,0.0,True
anticyclonic,0.5,300.88751220703125,122405.96418559765,1.46875,-0.00010304349091962268,-0.00010304349091962304,-3.5236570605778894e-19,0.000456389508567949,0.000353346017648326,-0.00010304349091962268,0.0010376051156372847,0.0,True
anticyclonic,0.5,300.88751220703125,127614.72861902734,1.53125,-0.00010751493451249784,-0.00010751493451249819,-3.5236570605778894e-19,0.00042298092151847437,0.0003154659870059762,-0.00010751493451249784,0.000961650431802594,0.0,True
anticyclonic,0.5,300.88751220703125,132823.49305245702,1.59375,-0.00011439205209986857,-0.00011439205209986907,-5.014435047745458e-19,0.00039228553724375965,0.0002778934851438906,-0.00011439205209986857,0.0008918642356872765,0.0,True
anticyclonic,0.5,300.88751220703125,138032.25748588672,1.65625,-0.00011837471252806639,-0.00011837471252806724,-8.538092108323347e-19,0.000355609025553498,0.00023723431302543078,-0.00011837471252806639,0.000808479899634161,0.0,True
anticyclonic,0.5,300.88751220703125,143241.0219193164,1.71875,-0.00012125063373970491,-0.00012125063373970615,-1.2332799712022613e-18,0.0003383125782120505,0.00021706194447234436,-0.00012125063373970491,0.0007691562913852547,0.0,True
anticyclonic,0.5,300.88751220703125,148449.7863527461,1.7812500000000002,-0.00012505409733737214,-0.00012505409733737388,-1.734723475976807e-18,0.00031856029436329786,0.00019350619702592398,-0.00012505409733737214,0.0007242493196380413,0.0,True
anticyclonic,0.5,300.88751220703125,153658.55078617577,1.8437499999999998,-0.000126271722942693,-0.00012627172294269465,-1.6534083130403943e-18,0.0003091586028855439,0.00018288687994284927,-0.000126271722942693,0.0007028745005639334,0.0,True
anticyclonic,0.5,300.88751220703125,158867.31521960546,1.90625,-0.00012767009861595015,-0.0001276700986159534,-3.2526065174565133e-18,0.0003058886698873797,0.0001782185712714263,-0.00012767009861595015,0.0006954402823293106,0.0,True
anticyclonic,0.5,300.88751220703125,164076.07965303515,1.96875,-0.00012654058021873126,-0.00012654058021873275,-1.4907779871675686e-18,0.0003062404824603145,0.00017969990224158173,-0.00012654058021873126,0.0006962401309642367,0.0,True
anticyclonic,0.5,300.88751220703125,169284.84408646484,2.03125,-0.00012379563303835492,-0.000123795633038359,-4.092863201132779e-18,0.00031353409713887206,0.00018973846410051304,-0.00012379563303835492,0.0007128222209550976,0.0,True
anticyclonic,0.5,300.88751220703125,174493.60851989454,2.09375,-0.0001188465813745269,-0.00011884658137453077,-3.876022766635678e-18,0.00032093591264293253,0.00020208933126840176,-0.0001188465813745269,0.000729650306368619,0.0,True
anticyclonic,0.5,300.88751220703125,179702.37295332423,2.15625,-0.00011446371461782561,-0.00011446371461782949,-3.876022766635678e-18,0.00033259783350831246,0.00021813411889048297,-0.00011446371461782561,0.0007561637746252494,0.0,True
anticyclonic,0.5,300.88751220703125,184911.1373867539,2.21875,-0.000103667700047759,-0.00010366770004776408,-5.082197683525802e-18,0.0003457043538309661,0.00024203665378320203,-0.000103667700047759,0.0007859615510414106,0.0,True
anticyclonic,0.5,300.88751220703125,190119.9018201836,2.28125,-0.00010414992545547606,-0.00010414992545548096,-4.9060148304969076e-18,0.00036038281906679255,0.0002562328936113116,-0.00010414992545547606,0.0008193331565066357,0.0,True
anticyclonic,0.5,300.88751220703125,195328.66625361328,2.34375,-9.57128490612001e-05,-9.571284906120589e-05,-5.78692909564138e-18,0.0003683109187057733,0.00027259806964456744,-9.57128490612001e-05,0.0008373577530152204,0.0,True
anticyclonic,0.5,300.88751220703125,200537.43068704297,2.40625,-9.070069459154564e-05,-9.070069459155407e-05,-8.429671891074797e-18,0.00038771036523654705,0.000297009670644993,-9.070069459154564e-05,0.0008814625463616387,0.0,True
anticyclonic,0.5,300.88751220703125,205746.19512047266,2.46875,-7.820931717626043e-05,-7.820931717626673e-05,-6.3019251275719945e-18,0.0003970330457327044,0.00031882372855643765,-7.820931717626043e-05,0.0009026577333514041,0.0,True
anticyclonic,0.5,333.8628234863281,2604.3822167148437,0.03125,3.437111863506712e-06,3.437111863506711e-06,-1.2705494208814505e-21,5.566421103236924e-07,3.9937539738304036e-06,3.437111863506712e-06,5.054033230636676e-07,0.0,True
anticyclonic,0.5,333.8628234863281,7813.146650144531,0.09375,-2.1418986210332214e-05,-2.141898621033223e-05,-1.6940658945086007e-20,6.527302195826696e-06,-1.4891684014505535e-05,-2.1418986210332214e-05,5.9264654240643684e-06,0.0,True
anticyclonic,0.5,333.8628234863281,13021.911083574218,0.15625,-4.212391150962849e-05,-4.212391150962852e-05,-3.3881317890172014e-20,2.982991226200162e-05,-1.2293999247626902e-05,-4.212391150962849e-05,2.7084075215125845e-05,0.0,True
anticyclonic,0.5,333.8628234863281,18230.675517003907,0.21875,-6.17787481319753e-05,-6.177874813197536e-05,-5.421010862427522e-20,7.333146498033078e-05,1.1552716848355416e-05,-6.17787481319753e-05,6.658131930520721e-05,0.0,True
anticyclonic,0.5,333.8628234863281,23439.439950433592,0.28125,-7.999341786082944e-05,-7.999341786082956e-05,-1.2197274440461925e-19,0.00012675869181195262,4.676527395112306e-05,-7.999341786082944e-05,0.00011509058132829769,0.0,True
anticyclonic,0.5,333.8628234863281,28648.20438386328,0.34375,-9.556689522469643e-05,-9.556689522469666e-05,-2.303929616531697e-19,0.0001873209825224699,9.175408729777323e-05,-9.556689522469643e-05,0.00017007812612551804,0.0,True
anticyclonic,0.5,333.8628234863281,33856.96881729297,0.40625,-0.00010698460184613947,-0.0001069846018461397,-2.303929616531697e-19,0.00025331589509940166,0.00014633129325326196,-0.00010698460184613947,0.00022999822110769945,0.0,True
anticyclonic,0.5,333.8628234863281,39065.73325072265,0.46874999999999994,-0.0001137350235474983,-0.00011373502354749868,-3.7947076036992655e-19,0.00033086128974047597,0.0002171262661929773,-0.0001137350235474983,0.00030040557874920476,0.0,True
anticyclonic,0.5,333.8628234863281,44274.497684152346,0.53125,-0.00011671300482616973,-0.0001167130048261701,-3.6591823321385775e-19,0.0004155517894121256,0.0002988387845859555,-0.00011671300482616973,0.0003773003360306543,0.0,True
anticyclonic,0.5,333.8628234863281,49483.26211758203,0.59375,-0.00011704865146156688,-0.0001170486514615673,-4.2012834183813297e-19,0.0005043553827400129,0.0003873067312784456,-0.00011704865146156688,0.0004579295775765548,0.0,True
anticyclonic,0.5,333.8628234863281,54692.02655101172,0.65625,-0.00011538356637928076,-0.0001153835663792812,-4.472333961502706e-19,0.0005903407093824291,0.00047495714300314787,-0.00011538356637928076,0.0005359999732829113,0.0,True
anticyclonic,0.5,333.8628234863281,59900.7909844414,0.71875,-0.00011136095016402795,-0.0001113609501640284,-4.472333961502706e-19,0.0006699364306753976,0.0005585754805113691,-0.00011136095016402795,0.0006082689254463093,0.0,True
anticyclonic,0.5,333.8628234863281,65109.555417871095,0.78125,-0.00010559979242954257,-0.00010559979242954312,-5.421010862427522e-19,0.0007521383744891189,0.0006465385820595758,-0.00010559979242954257,0.0006829041979045658,0.0,True
anticyclonic,0.5,333.8628234863281,70318.31985130078,0.84375,-9.836243702376893e-05,-9.83624370237693e-05,-3.6591823321385775e-19,0.0008326434408811929,0.0007342810038574235,-9.836243702376893e-05,0.0007559987901450903,0.0,True
anticyclonic,0.5,333.8628234863281,75527.08428473047,0.9062500000000001,-9.011588130183481e-05,-9.011588130183515e-05,-3.3881317890172014e-19,0.0009152198570240003,0.0008251039757221652,-9.011588130183481e-05,0.0008309740648345927,0.0,True
anticyclonic,0.5,333.8628234863281,80735.84871816015,0.96875,-8.188228647708004e-05,-8.188228647708095e-05,-9.0801931945661e-19,0.0009960230208073578,0.0009141407343302768,-8.188228647708004e-05,0.0009043393146652584,0.0,True
anticyclonic,0.5,333.8628234863281,85944.61315158985,1.03125,-7.396216459673363e-05,-7.396216459673447e-05,-8.402566836762659e-19,0.0010671552599253763,0.000993193095328642,-7.396216459673363e-05,0.0009689238463786433,0.0,True
anticyclonic,0.5,333.8628234863281,91153.37758501952,1.09375,-6.554808090650296e-05,-6.554808090650374e-05,-7.724940478959219e-19,0.00112269458860823,0.0010571465077017263,-6.554808090650296e-05,0.0010193507917290708,0.0,True
anticyclonic,0.5,333.8628234863281,96362.14201844922,1.15625,-5.804535423470652e-05,-5.804535423470699e-05,-4.675621868843738e-19,0.0011698023125813646,0.0011117569583466577,-5.804535423470652e-05,0.0010621222597808563,0.0,True
anticyclonic,0.5,333.8628234863281,101570.90645187891,1.21875,-5.930067677585866e-05,-5.9300676775859466e-05,-8.063753657860939e-19,0.0011929582840276207,0.0011336576072517612,-5.930067677585866e-05,0.001083146729005615,0.0,True
anticyclonic,0.5,333.8628234863281,106779.67088530859,1.28125,-6.649537771041838e-05,-6.649537771042001e-05,-1.6263032587282567e-18,0.0011309517059350177,0.0010644563282245978,-6.649537771041838e-05,0.0010268478431710796,0.0,True
anticyclonic,0.5,333.8628234863281,111988.43531873828,1.34375,-6.294272219789626e-05,-6.294272219789759e-05,-1.328147661294743e-18,0.0010092942912268126,0.000946351569028915,-6.294272219789626e-05,0.0009163889674796469,0.0,True
anticyclonic,0.5,333.8628234863281,117197.19975216797,1.40625,-5.295414303829358e-05,-5.2954143038294366e-05,-7.860465750519907e-19,0.0009113771746745488,0.0008584230316362545,-5.295414303829358e-05,0.0008274851005739451,0.0,True
anticyclonic,0.5,333.8628234863281,122405.96418559765,1.46875,-4.4501495665952516e-05,-4.450149566595374e-05,-1.2265037076242269e-18,0.0008331526138846525,0.0007886511182186987,-4.4501495665952516e-05,0.0007564610938824291,0.0,True
anticyclonic,0.5,333.8628234863281,127614.72861902734,1.53125,-3.787119284858559e-05,-3.787119284858652e-05,-9.351243737687476e-19,0.0007708620846734066,0.0007329908918248201,-3.787119284858559e-05,0.0006999043945690208,0.0,True
anticyclonic,0.5,333.8628234863281,132823.49305245702,1.59375,-3.272157136991379e-05,-3.272157136991502e-05,-1.2265037076242269e-18,0.000715151235609754,0.0006824296642398389,-3.272157136991379e-05,0.0006493217172521803,0.0,True
anticyclonic,0.5,333.8628234863281,138032.25748588672,1.65625,-2.408269773468951e-05,-2.408269773469073e-05,-1.2197274440461925e-18,0.0006537609144973282,0.0006296782167626375,-2.408269773468951e-05,0.0005935823620745363,0.0,True
anticyclonic,0.5,333.8628234863281,143241.0219193164,1.71875,-1.4904543134874712e-05,-1.4904543134875692e-05,-9.808641529204798e-19,0.0006285832369780204,0.0006136786938431447,-1.4904543134874712e-05,0.0005707222843885632,0.0,True
anticyclonic,0.5,333.8628234863281,148449.7863527461,1.7812500000000002,-6.428118047837286e-06,-6.4281180478387365e-06,-1.4501204056993622e-18,0.0006003370319380983,0.0005939089138902596,-6.428118047837286e-06,0.000545076136484279,0.0,True
anticyclonic,0.5,333.8628234863281,153658.55078617577,1.8437499999999998,4.006543540033364e-06,4.0065435400312924e-06,-2.0718425889840186e-18,0.0005909435041981222,0.0005949500477381535,4.006543540033364e-06,0.0005365472809646814,0.0,True
anticyclonic,0.5,333.8628234863281,158867.31521960546,1.90625,1.4441856251862744e-05,1.4441856251861018e-05,-1.726253146504264e-18,0.0005906910041557526,0.0006051328604076136,1.4441856251862744e-05,0.0005363180234972341,0.0,True
anticyclonic,0.5,333.8628234863281,164076.07965303515,1.96875,2.5066261538603254e-05,2.5066261538601425e-05,-1.8295911660692887e-18,0.0005965415419146421,0.0006216078034532435,2.5066261538603254e-05,0.0005416300205061072,0.0,True
anticyclonic,0.5,333.8628234863281,169284.84408646484,2.03125,3.7396054871788244e-05,3.739605487178614e-05,-2.1074179727686992e-18,0.0006148663499610336,0.0006522624048328197,3.7396054871788244e-05,0.0005582680338891846,0.0,True
anticyclonic,0.5,333.8628234863281,174493.60851989454,2.09375,4.898449371751927e-05,4.898449371751692e-05,-2.3513634615779377e-18,0.0006329959499384041,0.000681980443655921,4.898449371751927e-05,0.0005747288080642643,0.0,True
anticyclonic,0.5,333.8628234863281,179702.37295332423,2.15625,5.87679945296215e-05,5.8767994529619155e-05,-2.3445871979999033e-18,0.0006578482798997057,0.0007166162744293249,5.87679945296215e-05,0.0005972934863653948,0.0,True
anticyclonic,0.5,333.8628234863281,184911.1373867539,2.21875,6.804430841452852e-05,6.804430841452568e-05,-2.846030702774449e-18,0.0006811419766199805,0.0007491862850345062,6.804430841452852e-05,0.0006184430032821409,0.0,True
anticyclonic,0.5,333.8628234863281,190119.9018201836,2.28125,7.054359293514784e-05,7.054359293514524e-05,-2.6020852139652106e-18,0.0007093475892924692,0.0007798911822276145,7.054359293514784e-05,0.0006440522953377365,0.0,True
anticyclonic,0.5,333.8628234863281,195328.66625361328,2.34375,7.511217406755104e-05,7.511217406754923e-05,-1.81603863891322e-18,0.0007280137468197827,0.0008031259208873319,7.511217406755104e-05,0.0006610002370549885,0.0,True
anticyclonic,0.5,333.8628234863281,200537.43068704297,2.40625,7.662666410362307e-05,7.662666410361713e-05,-5.936006894358137e-18,0.0007710723587760603,0.0008476990228796775,7.662666410362307e-05,0.0007000953129854763,0.0,True
anticyclonic,0.5,333.8628234863281,205746.19512047266,2.46875,7.973690991090805e-05,7.97369099109049e-05,-3.144186300207963e-18,0.000796132256121467,0.0008758691660323719,7.973690991090805e-05,0.0007228484521373775,0.0,True
anticyclonic,0.5,370.6884765625,2604.3822167148437,0.03125,4.135834506566132e-06,4.135834506566136e-06,4.235164736271502e-21,-6.76250505877278e-07,3.4595840006888583e-06,4.135834506566132e-06,-6.981601971364325e-06,0.0,True
anticyclonic,0.5,370.6884765625,7813.146650144531,0.09375,-2.7643393551347008e-05,-2.7643393551346987e-05,2.0328790734103208e-20,1.9115028120956446e-05,-8.528365430390541e-06,-2.7643393551347008e-05,0.00019734331708754743,0.0,True
anticyclonic,0.5,370.6884765625,13021.911083574218,0.15625,-5.348046201670728e-05,-5.348046201670722e-05,6.098637220230962e-20,8.173916435520612e-05,2.8258702338498902e-05,-5.348046201670728e-05,0.0008438741354576399,0.0,True
anticyclonic,0.5,370.6884765625,18230.675517003907,0.21875,-7.683665600870905e-05,-7.683665600870888e-05,1.6263032587282567e-19,0.0001820063846414635,0.00010516972863275462,-7.683665600870905e-05,0.001879031694276224,0.0,True
anticyclonic,0.5,370.6884765625,23439.439950433592,0.28125,-9.835928351203572e-05,-9.835928351203539e-05,3.2526065174565133e-19,0.00031129524903631496,0.00021293596552427957,-9.835928351203572e-05,0.003213808352762534,0.0,True
anticyclonic,0.5,370.6884765625,28648.20438386328,0.34375,-0.00011709931517393893,-0.00011709931517393842,5.149960319306146e-19,0.0004554215279739689,0.0003383222128000305,-0.00011709931517393893,0.004701766297949099,0.0,True
anticyclonic,0.5,370.6884765625,33856.96881729297,0.40625,-0.00013124022241523098,-0.00013124022241523044,5.421010862427522e-19,0.0006071756990919843,0.00047593547667675387,-0.00013124022241523098,0.006268474508933513,0.0,True
anticyclonic,0.5,370.6884765625,39065.73325072265,0.46874999999999994,-0.00014021945257722677,-0.00014021945257722607,7.047314121155779e-19,0.0007770211106505033,0.0006368016580732773,-0.00014021945257722677,0.008021956465484288,0.0,True
anticyclonic,0.5,370.6884765625,44274.497684152346,0.53125,-0.00014479248456070548,-0.00014479248456070455,9.215718466126788e-19,0.0009676123891337439,0.0008228199045730393,-0.00014479248456070548,0.009989618499033901,0.0,True
anticyclonic,0.5,370.6884765625,49483.26211758203,0.59375,-0.00014554478923807304,-0.00014554478923807244,5.963111948670274e-19,0.001166976648662075,0.0010214318594240024,-0.00014554478923807304,0.012047852681848955,0.0,True
anticyclonic,0.5,370.6884765625,54692.02655101172,0.65625,-0.00014203992945530268,-0.00014203992945530179,8.944667923005412e-19,0.00136821387364698,0.001226173944191678,-0.00014203992945530268,0.01412542333718457,0.0,True
anticyclonic,0.5,370.6884765625,59900.7909844414,0.71875,-0.00013417536011389947,-0.0001341753601138992,2.710505431213761e-19,0.0015667366917243076,0.0014325613316104084,-0.00013417536011389947,0.016174970488726365,0.0,True
anticyclonic,0.5,370.6884765625,65109.555417871095,0.78125,-0.00012270496731650116,-0.0001227049673165003,8.673617379884035e-19,0.0017626593606486925,0.0016399543933321922,-0.00012270496731650116,0.01819767373213906,0.0,True
anticyclonic,0.5,370.6884765625,70318.31985130078,0.84375,-0.00010771379081625271,-0.0001077137908162524,3.1170812458958252e-19,0.001950462822870889,0.0018427490320546366,-0.00010771379081625271,0.020136554384625367,0.0,True
anticyclonic,0.5,370.6884765625,75527.08428473047,0.9062500000000001,-8.990712200798662e-05,-8.990712200798637e-05,2.439454888092385e-19,0.00214040850614889,0.0020505013841409037,-8.990712200798662e-05,0.022097551301153356,0.0,True
anticyclonic,0.5,370.6884765625,80735.84871816015,0.96875,-7.01670892107762e-05,-7.01670892107763e-05,-1.0842021724855044e-19,0.0023218113005832692,0.002251644211372493,-7.01670892107762e-05,0.023970351537496385,0.0,True
anticyclonic,0.5,370.6884765625,85944.61315158985,1.03125,-4.9841386748964234e-05,-4.984138674896463e-05,-3.9979955110402976e-19,0.0024833979394459854,0.002433556552697021,-4.9841386748964234e-05,0.025638570025505625,0.0,True
anticyclonic,0.5,370.6884765625,91153.37758501952,1.09375,-2.85702338440776e-05,-2.857023384407777e-05,-1.7279472123987727e-19,0.0026018779325781,0.0025733076987340224,-2.85702338440776e-05,0.026861756028960557,0.0,True
anticyclonic,0.5,370.6884765625,96362.14201844922,1.15625,-7.645996020166774e-06,-7.645996020167045e-06,-2.710505431213761e-19,0.0026993986204466892,0.002691752624426522,-7.645996020166774e-06,0.02786855842061112,0.0,True
anticyclonic,0.5,370.6884765625,101570.90645187891,1.21875,6.87199885182016e-06,6.871998851820162e-06,2.541098841762901e-21,0.0027455687882334467,0.002752440787085267,6.87199885182016e-06,0.028345218669493424,0.0,True
anticyclonic,0.5,370.6884765625,106779.67088530859,1.28125,1.2461831073359367e-05,1.2461831073358538e-05,-8.283982224147057e-19,0.002638657801748262,0.0026511196328216206,1.2461831073359367e-05,0.027241470949501443,0.0,True
anticyclonic,0.5,370.6884765625,111988.43531873828,1.34375,2.707218125023197e-05,2.7072181250229704e-05,-2.2666601668525077e-18,0.0023260397864838054,0.002353111967734035,2.707218125023197e-05,0.024014006374339387,0.0,True
anticyclonic,0.5,370.6884765625,117197.19975216797,1.40625,4.8051840195119144e-05,4.8051840195117816e-05,-1.328147661294743e-18,0.0020960319907843777,0.0021440838309794955,4.8051840195119144e-05,0.02163940869799295,0.0,True
anticyclonic,0.5,370.6884765625,122405.96418559765,1.46875,6.68407501713185e-05,6.684075017131621e-05,-2.290377089375628e-18,0.0019065974587542652,0.0019734382089255814,6.68407501713185e-05,0.019683688900711316,0.0,True
anticyclonic,0.5,370.6884765625,127614.72861902734,1.53125,8.384600156302674e-05,8.384600156302464e-05,-2.100641709190665e-18,0.0017526783879757,0.0018365243895387248,8.384600156302674e-05,0.018094630292046544,0.0,True
anticyclonic,0.5,370.6884765625,132823.49305245702,1.59375,9.863146293396812e-05,9.863146293396567e-05,-2.4530074152484538e-18,0.0016176680424590602,0.001716299505393026,9.863146293396812e-05,0.016700785132269903,0.0,True
anticyclonic,0.5,370.6884765625,138032.25748588672,1.65625,0.00011549766794607079,0.00011549766794606765,-3.144186300207963e-18,0.0014982879723898874,0.001613785640335955,0.00011549766794607079,0.015468306745499125,0.0,True
anticyclonic,0.5,370.6884765625,143241.0219193164,1.71875,0.0001309239610313236,0.00013092396103132125,-2.358139725155972e-18,0.0014441484763809596,0.0015750724374122807,0.0001309239610313236,0.014909371249289389,0.0,True
anticyclonic,0.5,370.6884765625,148449.7863527461,1.7812500000000002,0.00014577363008241596,0.00014577363008241328,-2.6834003769016235e-18,0.001399658703830643,0.0015454323339130563,0.00014577363008241596,0.014450059380324653,0.0,True
anticyclonic,0.5,370.6884765625,153658.55078617577,1.8437499999999998,0.00016096312218114636,0.00016096312218114194,-4.4181238528784306e-18,0.001393451938008384,0.001554415060189526,0.00016096312218114636,0.01438598080570789,0.0,True
anticyclonic,0.5,370.6884765625,158867.31521960546,1.90625,0.00017479024922713334,0.00017479024922712974,-3.604972223514302e-18,0.001410883664657299,0.0015856739138844288,0.00017479024922713334,0.014565945738936992,0.0,True
anticyclonic,0.5,370.6884765625,164076.07965303515,1.96875,0.00018629641367709672,0.0001862964136770914,-5.312590645178972e-18,0.0014158499810781888,0.0016021463947552802,0.00018629641367709672,0.014617217929069436,0.0,True
anticyclonic,0.5,370.6884765625,169284.84408646484,2.03125,0.00019858189106978374,0.00019858189106978003,-3.713392440762853e-18,0.001459913593499602,0.001658495484569382,0.00019858189106978374,0.015072130126063196,0.0,True
anticyclonic,0.5,370.6884765625,174493.60851989454,2.09375,0.00020779564167765262,0.00020779564167764736,-5.2583805365546965e-18,0.0014999780832976278,0.0017077737249752752,0.00020779564167765262,0.015485755429888644,0.0,True
anticyclonic,0.5,370.6884765625,179702.37295332423,2.15625,0.00021382818126485903,0.00021382818126485108,-7.94178091345632e-18,0.001554957472359777,0.001768785653624628,0.00021382818126485903,0.01605336197173183,0.0,True
anticyclonic,0.5,370.6884765625,184911.1373867539,2.21875,0.00021429468886782562,0.00021429468886781798,-7.643625316022806e-18,0.0016241644371447423,0.0018384591260125602,0.00021429468886782562,0.016767853831738715,0.0,True
anticyclonic,0.5,370.6884765625,190119.9018201836,2.28125,0.00022154721351993911,0.00022154721351993117,-7.94178091345632e-18,0.0017027862460908796,0.0019243334596108109,0.00022154721351993911,0.017579544427989736,0.0,True
anticyclonic,0.5,370.6884765625,195328.66625361328,2.34375,0.00022785860599456486,0.0002278586059945589,-5.9631119486702744e-18,0.0017625438284431722,0.001990402434437731,0.00022785860599456486,0.018196480979058943,0.0,True
anticyclonic,0.5,370.6884765625,200537.43068704297,2.40625,0.00023498744494255012,0.0002349874449425394,-1.0733601507606494e-17,0.0018628369423231686,0.002097824387265708,0.00023498744494255012,0.019231905863023344,0.0,True
anticyclonic,0.5,370.6884765625,205746.19512047266,2.46875,0.00023785277231297398,0.00023785277231296506,-8.917562868693274e-18,0.0019209605110413494,0.0021588132833543143,0.00023785277231297398,0.019831972877271495,0.0,True
anticyclonic,0.5,411.7938537597656,2604.3822167148437,0.03125,3.6415448438579833e-06,3.6415448438579854e-06,2.117582368135751e-21,8.197955448330844e-07,4.46134038869107e-06,3.6415448438579833e-06,7.565153555250759e-08,0.0,True
anticyclonic,0.5,411.7938537597656,7813.146650144531,0.09375,-8.800193354946282e-06,-8.800193354946265e-06,1.6940658945086007e-20,1.2179299685617811e-05,3.3791063306715466e-06,-8.800193354946282e-06,1.123917699941587e-06,0.0,True
anticyclonic,0.5,411.7938537597656,13021.911083574218,0.15625,-1.687946135404052e-05,-1.6879461354040473e-05,4.743384504624082e-20,5.271196255422823e-05,3.5832501200187756e-05,-1.687946135404052e-05,4.8643115156542784e-06,0.0,True
anticyclonic,0.5,411.7938537597656,18230.675517003907,0.21875,-2.3727933465274955e-05,-2.3727933465274863e-05,9.147955830346444e-20,0.00011928520707598206,9.555727361070719e-05,-2.3727933465274955e-05,1.100775570308113e-05,0.0,True
anticyclonic,0.5,411.7938537597656,23439.439950433592,0.28125,-3.033951950162318e-05,-3.0339519501622996e-05,1.8295911660692887e-19,0.0002027135185719243,0.00017237399907030129,-3.033951950162318e-05,1.8706601973959568e-05,0.0,True
anticyclonic,0.5,411.7938537597656,28648.20438386328,0.34375,-3.577261525335923e-05,-3.577261525335894e-05,2.913793338554793e-19,0.0002883799722247883,0.0002526073569714294,-3.577261525335923e-05,2.6611986194480574e-05,0.0,True
anticyclonic,0.5,411.7938537597656,33856.96881729297,0.40625,-3.858213783443827e-05,-3.858213783443793e-05,3.3881317890172014e-19,0.00037799592261093286,0.0003394137847764949,-3.858213783443827e-05,3.488183384056596e-05,0.0,True
anticyclonic,0.5,411.7938537597656,39065.73325072265,0.46874999999999994,-3.940793185151407e-05,-3.9407931851513674e-05,3.9302328752599536e-19,0.00048458589274678746,0.0004451779608952738,-3.940793185151407e-05,4.47180606486967e-05,0.0,True
anticyclonic,0.5,411.7938537597656,44274.497684152346,0.53125,-3.936575455820214e-05,-3.9365754558201505e-05,6.369687763352339e-19,0.000602476007293204,0.0005631102527350025,-3.936575455820214e-05,5.5597075847191466e-05,0.0,True
anticyclonic,0.5,411.7938537597656,49483.26211758203,0.59375,-3.842587530646217e-05,-3.8425875306461615e-05,5.55653613398821e-19,0.000725733362180297,0.0006873074868738354,-3.842587530646217e-05,6.69713852394772e-05,0.0,True
anticyclonic,0.5,411.7938537597656,54692.02655101172,0.65625,-3.572604703668706e-05,-3.572604703668645e-05,6.098637220230962e-19,0.000851723460588869,0.0008159974135521826,-3.572604703668706e-05,7.859787487959919e-05,0.0,True
anticyclonic,0.5,411.7938537597656,59900.7909844414,0.71875,-3.0786896015313174e-05,-3.078689601531271e-05,4.607859233063394e-19,0.000981680643570897,0.0009508937475555843,-3.0786896015313174e-05,9.05904509683975e-05,0.0,True
anticyclonic,0.5,411.7938537597656,65109.555417871095,0.78125,-2.391184873603988e-05,-2.3911848736039164e-05,7.148958074826295e-19,0.0011090085303639182,0.0010850966816278792,-2.391184873603988e-05,0.00010234039303048707,0.0,True
anticyclonic,0.5,411.7938537597656,70318.31985130078,0.84375,-1.5161812984424592e-05,-1.5161812984423796e-05,7.962109704190423e-19,0.001229768664710946,0.0012146068517265222,-1.5161812984424592e-05,0.00011348425646626587,0.0,True
anticyclonic,0.5,411.7938537597656,75527.08428473047,0.9062500000000001,-5.01369136420944e-06,-5.013691364209007e-06,4.336808689942018e-19,0.0013495522126302053,0.0013445385212659962,-5.01369136420944e-06,0.00012453799955029836,0.0,True
anticyclonic,0.5,411.7938537597656,80735.84871816015,0.96875,5.8567973785554054e-06,5.856797378555937e-06,5.319366908757006e-19,0.0014644540043197956,0.0014703108016983516,5.8567973785554054e-06,0.0001351412493896491,0.0,True
anticyclonic,0.5,411.7938537597656,85944.61315158985,1.03125,1.6366776012898985e-05,1.6366776012899422e-05,4.37069000783219e-19,0.001567141641804275,0.0015835084178171745,1.6366776012898985e-05,0.00014461736511987283,0.0,True
anticyclonic,0.5,411.7938537597656,91153.37758501952,1.09375,2.7439475439074326e-05,2.743947543907429e-05,-3.7269449679189215e-20,0.0016400701083465789,0.0016675095837856532,2.7439475439074326e-05,0.0001513472754178585,0.0,True
anticyclonic,0.5,411.7938537597656,96362.14201844922,1.15625,3.956009741087498e-05,3.956009741087543e-05,4.472333961502706e-19,0.001700186066359661,0.0017397461637705365,3.956009741087498e-05,0.0001568948348838296,0.0,True
anticyclonic,0.5,411.7938537597656,101570.90645187891,1.21875,4.782008698837374e-05,4.782008698837435e-05,6.098637220230962e-19,0.0017482773783619484,0.0017960974653503227,4.782008698837374e-05,0.0001613327482423958,0.0,True
anticyclonic,0.5,411.7938537597656,106779.67088530859,1.28125,4.601675078152421e-05,4.6016750781524706e-05,4.946672411965114e-19,0.0017099211491087766,0.0017559378998903013,4.601675078152421e-05,0.00015779319785169777,0.0,True
anticyclonic,0.5,411.7938537597656,111988.43531873828,1.34375,5.0559793458664984e-05,5.0559793458665174e-05,1.8973538018496328e-19,0.0014691191652478949,0.00151967895870656,5.0559793458664984e-05,0.00013557175500782993,0.0,True
anticyclonic,0.5,411.7938537597656,117197.19975216797,1.40625,6.546945138159606e-05,6.546945138159576e-05,-2.981555974335137e-19,0.001316251213367248,0.0013817206647488438,6.546945138159606e-05,0.00012146495073275617,0.0,True
anticyclonic,0.5,411.7938537597656,122405.96418559765,1.46875,7.62301343269891e-05,7.623013432698915e-05,5.421010862427522e-20,0.001200167527927368,0.0012763976622543573,7.62301343269891e-05,0.0001107526345809171,0.0,True
anticyclonic,0.5,411.7938537597656,127614.72861902734,1.53125,8.612364482259861e-05,8.612364482259823e-05,-3.7947076036992655e-19,0.0010857288410498747,0.001171852485872473,8.612364482259861e-05,0.00010019212050706019,0.0,True
anticyclonic,0.5,411.7938537597656,132823.49305245702,1.59375,9.543181693217802e-05,9.54318169321773e-05,-7.182839392716467e-19,0.0010009842781361293,0.0010964160950683065,9.543181693217802e-05,9.237180926658343e-05,0.0,True
anticyclonic,0.5,411.7938537597656,138032.25748588672,1.65625,0.00010490173566922894,0.00010490173566922808,-8.538092108323347e-19,0.0009398357229903853,0.0010447374586596133,0.00010490173566922894,8.672896072617743e-05,0.0,True
anticyclonic,0.5,411.7938537597656,143241.0219193164,1.71875,0.00011321804881505156,0.00011321804881505138,-1.7618285302889447e-19,0.0009035609568117591,0.0010167790056268104,0.00011321804881505156,8.338148978599321e-05,0.0,True
anticyclonic,0.5,411.7938537597656,148449.7863527461,1.7812500000000002,0.00012121264075466465,0.00012121264075466411,-5.421010862427522e-19,0.0008886279954932026,0.0010098406362478668,0.00012121264075466465,8.200346149440861e-05,0.0,True
anticyclonic,0.5,411.7938537597656,153658.55078617577,1.8437499999999998,0.0001284862800116868,0.00012848628001168683,2.710505431213761e-20,0.0008826795382377325,0.0010111658182494192,0.0001284862800116868,8.145453203464142e-05,0.0,True
anticyclonic,0.5,411.7938537597656,158867.31521960546,1.90625,0.00013433666500055908,0.00013433666500055807,-1.0028870095490916e-18,0.0008941350996861948,0.001028471764686753,0.00013433666500055908,8.25116624614343e-05,0.0,True
anticyclonic,0.5,411.7938537597656,164076.07965303515,1.96875,0.00013875582163273636,0.0001387558216327357,-6.505213034913027e-19,0.0009038326669541804,0.001042588488586916,0.00013875582163273636,8.340656346397172e-05,0.0,True
anticyclonic,0.5,411.7938537597656,169284.84408646484,2.03125,0.0001401419871928412,0.00014014198719284113,-8.131516293641283e-20,0.0009300578865885156,0.0010701998737813567,0.0001401419871928412,8.582665240937235e-05,0.0,True
anticyclonic,0.5,411.7938537597656,174493.60851989454,2.09375,0.0001398994704065954,0.00013989947040659483,-5.692061405548898e-19,0.0009563677819940171,0.0010962672524006119,0.0001398994704065954,8.825455531784363e-05,0.0,True
anticyclonic,0.5,411.7938537597656,179702.37295332423,2.15625,0.00013906771207030543,0.0001390677120703044,-1.0299920638612292e-18,0.000991751064286262,0.0011308187763565663,0.00013906771207030543,9.151975925212604e-05,0.0,True
anticyclonic,0.5,411.7938537597656,184911.1373867539,2.21875,0.00013412913627587842,0.00013412913627587866,2.439454888092385e-19,0.0010518922452984406,0.0011860213815743192,0.00013412913627587842,9.706964632115004e-05,0.0,True
anticyclonic,0.5,411.7938537597656,190119.9018201836,2.28125,0.00013370674049720645,0.0001337067404972061,-3.5236570605778894e-19,0.0010966753427176109,0.001230382083214817,0.00013370674049720645,0.00010120227439885883,0.0,True
anticyclonic,0.5,411.7938537597656,195328.66625361328,2.34375,0.00013173479462216564,0.0001317347946221647,-9.486769009248164e-19,0.001157865445169561,0.0012896002397917257,0.00013173479462216564,0.0001068489569653612,0.0,True
anticyclonic,0.5,411.7938537597656,200537.43068704297,2.40625,0.00013242881621646776,0.00013242881621646947,1.7076184216646695e-18,0.0011891984889615189,0.0013216273051779883,0.00013242881621646776,0.00010974040092518193,0.0,True
anticyclonic,0.5,411.7938537597656,205746.19512047266,2.46875,0.00012923619432782368,0.00012923619432782263,-1.0570971181733668e-18,0.0012422348421656235,0.0013714710364934463,0.00012923619432782368,0.00011463464752762303,0.0,True
anticyclonic,0.5,457.6256103515625,2604.3822167148437,0.03125,2.211546967588923e-06,2.211546967588923e-06,0.0,2.3641968424144458e-07,2.4479666518303675e-06,2.211546967588923e-06,2.4993777631644424e-08,1.0,False
anticyclonic,0.5,457.6256103515625,7813.146650144531,0.09375,5.539232839063926e-06,5.539232839063946e-06,2.0328790734103208e-20,1.3187977067985802e-06,6.858030545862526e-06,5.539232839063926e-06,1.394204409442659e-07,0.0,True
anticyclonic,0.5,457.6256103515625,13021.911083574218,0.15625,1.1661592119760486e-05,1.1661592119760537e-05,5.082197683525802e-20,6.696687533523877e-06,1.8358279653284412e-05,1.1661592119760486e-05,7.079593208092106e-07,0.0,True
anticyclonic,0.5,457.6256103515625,18230.675517003907,0.21875,1.723040992305846e-05,1.7230409923058547e-05,8.809142651444724e-20,1.8225479985466103e-05,3.545588990852465e-05,1.723040992305846e-05,1.9267583215343455e-06,0.0,True
anticyclonic,0.5,457.6256103515625,23439.439950433592,0.28125,2.194345279087292e-05,2.1943452790873084e-05,1.6263032587282567e-19,3.0577311257569105e-05,5.252076404844219e-05,2.194345279087292e-05,3.232567206057064e-06,0.0,True
anticyclonic,0.5,457.6256103515625,28648.20438386328,0.34375,2.6988507301293814e-05,2.6988507301294105e-05,2.913793338554793e-19,4.2846507908472844e-05,6.983501520976696e-05,2.6988507301293814e-05,4.529640137168981e-06,0.0,True
anticyclonic,0.5,457.6256103515625,33856.96881729297,0.40625,3.294789488291038e-05,3.2947894882910715e-05,3.3203691532368573e-19,5.568043965790301e-05,8.862833454081372e-05,3.294789488291038e-05,5.886415641349812e-06,0.0,True
anticyclonic,0.5,457.6256103515625,39065.73325072265,0.46874999999999994,3.9052417693623644e-05,3.905241769362405e-05,4.0657581468206416e-19,7.164241360474337e-05,0.00011069483129836742,3.9052417693623644e-05,7.573881000545539e-06,0.0,True
anticyclonic,0.5,457.6256103515625,44274.497684152346,0.53125,4.389603172566845e-05,4.389603172566893e-05,4.743384504624082e-19,8.981561638671908e-05,0.000133711648112388,4.389603172566845e-05,9.495112689204813e-06,0.0,True
anticyclonic,0.5,457.6256103515625,49483.26211758203,0.59375,4.772646053181793e-05,4.7726460531818745e-05,8.131516293641283e-19,0.0001084300358341509,0.00015615649636596966,4.772646053181793e-05,1.1462988849364706e-05,0.0,True
anticyclonic,0.5,457.6256103515625,54692.02655101172,0.65625,5.144772131580063e-05,5.144772131580121e-05,5.759824041329242e-19,0.00012750041915615988,0.00017894814047196108,5.144772131580063e-05,1.3479068524074621e-05,0.0,True
anticyclonic,0.5,457.6256103515625,59900.7909844414,0.71875,5.5013931561761456e-05,5.5013931561762175e-05,7.182839392716467e-19,0.00014767341243013046,0.00020268734399189265,5.5013931561761456e-05,1.561171373791123e-05,0.0,True
anticyclonic,0.5,457.6256103515625,65109.555417871095,0.78125,5.823907098716307e-05,5.823907098716372e-05,6.505213034913027e-19,0.0001674538252178337,0.00022569289620499741,5.823907098716307e-05,1.7702856191908825e-05,0.0,True
anticyclonic,0.5,457.6256103515625,70318.31985130078,0.84375,6.148072392370976e-05,6.148072392371062e-05,8.673617379884035e-19,0.00018661514398495555,0.0002480958679086662,6.148072392370976e-05,1.9728549365178634e-05,0.0,True
anticyclonic,0.5,457.6256103515625,75527.08428473047,0.9062500000000001,6.451171083032694e-05,6.451171083032795e-05,1.0164395367051604e-18,0.00020536341760815408,0.000269875128438482,6.451171083032694e-05,2.171057629926801e-05,0.0,True
anticyclonic,0.5,457.6256103515625,80735.84871816015,0.96875,6.69742980702776e-05,6.697429807027826e-05,6.505213034913027e-19,0.00022305168275627663,0.0002900259808265549,6.69742980702776e-05,2.358054143021814e-05,0.0,True
anticyclonic,0.5,457.6256103515625,85944.61315158985,1.03125,6.821865147284712e-05,6.821865147284796e-05,8.402566836762659e-19,0.00023880210446862636,0.0003070207559414743,6.821865147284712e-05,2.524564194478047e-05,0.0,True
anticyclonic,0.5,457.6256103515625,91153.37758501952,1.09375,6.908770276070543e-05,6.908770276070618e-05,7.453889935837843e-19,0.00024990630470639194,0.00031899400746709814,6.908770276070543e-05,2.641955397503482e-05,0.0,True
anticyclonic,0.5,457.6256103515625,96362.14201844922,1.15625,7.061766028435385e-05,7.061766028435431e-05,4.607859233063394e-19,0.00025886568689076616,0.00032948334717512046,7.061766028435385e-05,2.73667204800221e-05,0.0,True
anticyclonic,0.5,457.6256103515625,101570.90645187891,1.21875,6.927122778870142e-05,6.927122778870199e-05,5.692061405548898e-19,0.0002658261335267689,0.0003350973613154709,6.927122778870142e-05,2.810256384262263e-05,0.0,True
anticyclonic,0.5,457.6256103515625,106779.67088530859,1.28125,5.8977991261338184e-05,5.897799126133866e-05,4.743384504624082e-19,0.00026043546750783306,0.00031941345876917174,5.8977991261338184e-05,2.753267429135266e-05,0.0,True
anticyclonic,0.5,457.6256103515625,111988.43531873828,1.34375,5.4461879841686343e-05,5.446187984168672e-05,3.7947076036992655e-19,0.00022363612781610987,0.0002780980076577966,5.4461879841686343e-05,2.364232769776288e-05,0.0,True
anticyclonic,0.5,457.6256103515625,117197.19975216797,1.40625,6.102055530407289e-05,6.102055530407322e-05,3.3203691532368573e-19,0.00019995400724087163,0.00026097456254494484,6.102055530407289e-05,2.1138705136035702e-05,0.0,True
anticyclonic,0.5,457.6256103515625,122405.96418559765,1.46875,6.464862532081376e-05,6.464862532081392e-05,1.6263032587282567e-19,0.00018249412488260285,0.00024714275020341675,6.464862532081376e-05,1.9292884139626716e-05,0.0,True
anticyclonic,0.5,457.6256103515625,127614.72861902734,1.53125,6.722364921861e-05,6.722364921861007e-05,6.776263578034403e-20,0.00016577518939290664,0.0002329988386115167,6.722364921861e-05,1.7525394443461972e-05,0.0,True
anticyclonic,0.5,457.6256103515625,132823.49305245702,1.59375,7.048856208029811e-05,7.048856208029815e-05,4.0657581468206416e-20,0.00015256357613454286,0.000223052138214841,7.048856208029811e-05,1.6128691267098693e-05,0.0,True
anticyclonic,0.5,457.6256103515625,138032.25748588672,1.65625,7.319656033434225e-05,7.319656033434221e-05,-4.0657581468206416e-20,0.00014510549075383454,0.00021830205108817674,7.319656033434225e-05,1.5340238612822774e-05,0.0,True
anticyclonic,0.5,457.6256103515625,143241.0219193164,1.71875,7.507679505783582e-05,7.507679505783581e-05,-1.3552527156068805e-20,0.0001386813973114847,0.0002137581923693205,7.507679505783582e-05,1.4661097349699258e-05,0.0,True
anticyclonic,0.5,457.6256103515625,148449.7863527461,1.7812500000000002,7.680457479067208e-05,7.680457479067199e-05,-9.486769009248164e-20,0.00013802574805565557,0.00021483032284632755,7.680457479067208e-05,1.4591783528571697e-05,0.0,True
anticyclonic,0.5,457.6256103515625,153658.55078617577,1.8437499999999998,7.750116966192115e-05,7.750116966192106e-05,-9.486769009248164e-20,0.00013753705639901726,0.00021503822606093833,7.750116966192115e-05,1.4540120103693824e-05,0.0,True
anticyclonic,0.5,457.6256103515625,158867.31521960546,1.90625,7.771443527797291e-05,7.771443527797284e-05,-6.776263578034403e-20,0.00014026803298299487,0.0002179824682609677,7.771443527797291e-05,1.4828833040927326e-05,0.0,True
anticyclonic,0.5,457.6256103515625,164076.07965303515,1.96875,7.722772282616635e-05,7.722772282616627e-05,-8.131516293641283e-20,0.00014339429612030027,0.00022062201894646654,7.722772282616635e-05,1.5159334817556132e-05,0.0,True
anticyclonic,0.5,457.6256103515625,169284.84408646484,2.03125,7.572932354660678e-05,7.572932354660678e-05,0.0,0.00014771039666339032,0.00022343972020999708,7.572932354660678e-05,1.561562363105291e-05,0.0,True
anticyclonic,0.5,457.6256103515625,174493.60851989454,2.09375,7.261676477496044e-05,7.261676477496032e-05,-1.2197274440461925e-19,0.00015291601649259772,0.00022553278126755805,7.261676477496044e-05,1.616595049940798e-05,0.0,True
anticyclonic,0.5,457.6256103515625,179702.37295332423,2.15625,7.044098820245793e-05,7.044098820245796e-05,2.710505431213761e-20,0.0001589653140923389,0.00022940630229479687,7.044098820245793e-05,1.6805469156751096e-05,0.0,True
anticyclonic,0.5,457.6256103515625,184911.1373867539,2.21875,6.768832337563578e-05,6.76883233756358e-05,2.710505431213761e-20,0.00016833985915211034,0.00023602818252774614,6.768832337563578e-05,1.7796525782909483e-05,0.0,True
anticyclonic,0.5,457.6256103515625,190119.9018201836,2.28125,6.39807769420935e-05,6.398077694209349e-05,-1.3552527156068805e-20,0.00017750086849770732,0.00024148164543980082,6.39807769420935e-05,1.8765007875252663e-05,0.0,True
anticyclonic,0.5,457.6256103515625,195328.66625361328,2.34375,5.9584077936160134e-05,5.958407793616033e-05,1.9651164376299768e-19,0.00018474021362380107,0.0002443242915599614,5.9584077936160134e-05,1.953033578295569e-05,0.0,True
anticyclonic,0.5,457.6256103515625,200537.43068704297,2.40625,5.5713960190976154e-05,5.5713960190976534e-05,3.7947076036992655e-19,0.0001945407126945764,0.00025025467288555293,5.5713960190976154e-05,2.0566423345799815e-05,0.0,True
anticyclonic,0.5,457.6256103515625,205746.19512047266,2.46875,5.020660460592293e-05,5.0206604605923385e-05,4.54009659728305e-19,0.00019949362539855125,0.0002497002300044746,5.020660460592293e-05,2.109003456349213e-05,0.0,True
anticyclonic,0.5,508.639892578125,2604.3822167148437,0.03125,1.9199804385996496e-06,1.9199804385996496e-06,0.0,3.095821041982482e-08,1.9509386490194743e-06,1.9199804385996496e-06,1.6303753857300048e-08,1.0,False
anticyclonic,0.5,508.639892578125,7813.146650144531,0.09375,5.133041840395387e-06,5.133041840395387e-06,0.0,2.5820742037412836e-07,5.3912492607695156e-06,5.133041840395387e-06,1.3598170465345687e-07,1.0,False
anticyclonic,0.5,508.639892578125,13021.911083574218,0.15625,1.0353614927359118e-05,1.0353614927359122e-05,3.3881317890172014e-21,1.1790113253832307e-06,1.1532626252742353e-05,1.0353614927359118e-05,6.209115508727153e-07,1.0,False
anticyclonic,0.5,508.639892578125,18230.675517003907,0.21875,1.4607502309331627e-05,1.4607502309331647e-05,2.0328790734103208e-20,3.1317435697226123e-06,1.773924587905426e-05,1.4607502309331627e-05,1.649293535140607e-06,0.0,True
anticyclonic,0.5,508.639892578125,23439.439950433592,0.28125,1.738100799612732e-05,1.738100799612733e-05,6.776263578034403e-21,5.210439910972025e-06,2.2591447907099354e-05,1.738100799612732e-05,2.744012933717276e-06,0.0,True
anticyclonic,0.5,508.639892578125,28648.20438386328,0.34375,1.9856479505092592e-05,1.985647950509262e-05,2.710505431213761e-20,7.218441438850126e-06,2.7074920943942744e-05,1.9856479505092592e-05,3.8015017940760283e-06,0.0,True
anticyclonic,0.5,508.639892578125,33856.96881729297,0.40625,2.2759529690060765e-05,2.2759529690060792e-05,2.710505431213761e-20,9.533878292547951e-06,3.229340798260874e-05,2.2759529690060765e-05,5.020897619056799e-06,0.0,True
anticyclonic,0.5,508.639892578125,39065.73325072265,0.46874999999999994,2.5428257548006414e-05,2.5428257548006455e-05,4.0657581468206416e-20,1.2607556621765752e-05,3.803581416977221e-05,2.5428257548006414e-05,6.6396118223814704e-06,0.0,True
anticyclonic,0.5,508.639892578125,44274.497684152346,0.53125,2.6880248645559034e-05,2.6880248645559048e-05,1.3552527156068805e-20,1.6263666480043253e-05,4.31439151256023e-05,2.6880248645559034e-05,8.565056297247915e-06,0.0,True
anticyclonic,0.5,508.639892578125,49483.26211758203,0.59375,2.7416529273183582e-05,2.7416529273183596e-05,1.3552527156068805e-20,2.0014526878925134e-05,4.7431056152108734e-05,2.7416529273183582e-05,1.0540399957852525e-05,0.0,True
anticyclonic,0.5,508.639892578125,54692.02655101172,0.65625,2.7841925829426656e-05,2.784192582942669e-05,3.3881317890172014e-20,2.384296822494835e-05,5.168489405437504e-05,2.7841925829426656e-05,1.2556600652796511e-05,0.0,True
anticyclonic,0.5,508.639892578125,59900.7909844414,0.71875,2.8106574760816125e-05,2.81065747608162e-05,7.453889935837843e-20,2.7848832549955346e-05,5.5955407310771545e-05,2.8106574760816125e-05,1.4666238937922651e-05,0.0,True
anticyclonic,0.5,508.639892578125,65109.555417871095,0.78125,2.7896973944717673e-05,2.789697394471776e-05,8.809142651444724e-20,3.190246308562245e-05,5.979943703034021e-05,2.7896973944717673e-05,1.6801032699761993e-05,0.0,True
anticyclonic,0.5,508.639892578125,70318.31985130078,0.84375,2.7438316061095516e-05,2.7438316061095607e-05,9.147955830346444e-20,3.5805200998600644e-05,6.324351705969625e-05,2.7438316061095516e-05,1.8856360751347395e-05,0.0,True
anticyclonic,0.5,508.639892578125,75527.08428473047,0.9062500000000001,2.6878153685952083e-05,2.6878153685952147e-05,6.437450399132683e-20,3.957592199345919e-05,6.645407567941134e-05,2.6878153685952083e-05,2.0842163746127712e-05,0.0,True
anticyclonic,0.5,508.639892578125,80735.84871816015,0.96875,2.5878770685163367e-05,2.5878770685163384e-05,1.6940658945086007e-20,4.3151086842655294e-05,6.902985752781868e-05,2.5878770685163367e-05,2.2724979545559e-05,0.0,True
anticyclonic,0.5,508.639892578125,85944.61315158985,1.03125,2.36670705158872e-05,2.3667070515887274e-05,7.453889935837843e-20,4.635458547345829e-05,7.002165598934557e-05,2.36670705158872e-05,2.441206198509703e-05,0.0,True
anticyclonic,0.5,508.639892578125,91153.37758501952,1.09375,2.1022255302285202e-05,2.1022255302285277e-05,7.453889935837843e-20,4.860109804607311e-05,6.962335334835838e-05,2.1022255302285202e-05,2.5595159700518822e-05,0.0,True
anticyclonic,0.5,508.639892578125,96362.14201844922,1.15625,1.878198215181601e-05,1.8781982151816027e-05,1.6940658945086007e-20,5.036230049961296e-05,6.9144282651429e-05,1.878198215181601e-05,2.652267491880802e-05,0.0,True
anticyclonic,0.5,508.639892578125,101570.90645187891,1.21875,1.3527268415528276e-05,1.3527268415528261e-05,-1.5246593050577406e-20,5.1722704321262713e-05,6.524997273679098e-05,1.3527268415528276e-05,2.7239114556433344e-05,0.0,True
anticyclonic,0.5,508.639892578125,106779.67088530859,1.28125,5.138400449392181e-07,5.138400449392088e-07,-9.317362419797304e-21,5.0636330252580384e-05,5.115017029751959e-05,5.138400449392181e-07,2.666698925679367e-05,0.0,True
anticyclonic,0.5,508.639892578125,111988.43531873828,1.34375,-5.008182994203007e-06,-5.008182994202992e-06,1.5246593050577406e-20,4.345209442217969e-05,3.8443911427976695e-05,-5.008182994203007e-06,2.2883501418083152e-05,0.0,True
anticyclonic,0.5,508.639892578125,117197.19975216797,1.40625,-1.4237337224332393e-06,-1.4237337224332766e-06,-3.7269449679189215e-20,3.8846860273413514e-05,3.7423126550980237e-05,-1.4237337224332393e-06,2.045821252061395e-05,0.0,True
anticyclonic,0.5,508.639892578125,122405.96418559765,1.46875,-5.858922283615653e-07,-5.858922283616347e-07,-6.945670167485263e-20,3.54516648171324e-05,3.486577258877076e-05,-5.858922283615653e-07,1.8670175348375362e-05,0.0,True
anticyclonic,0.5,508.639892578125,127614.72861902734,1.53125,-2.079563828698062e-07,-2.079563828698566e-07,-5.039846036163087e-20,3.237390005376532e-05,3.216594367089546e-05,-2.079563828698062e-07,1.7049309075676513e-05,0.0,True
anticyclonic,0.5,508.639892578125,132823.49305245702,1.59375,1.1494959708496998e-06,1.1494959708496591e-06,-4.0657581468206416e-20,2.9988548446525325e-05,3.113804441737498e-05,1.1494959708496998e-06,1.5793093521218892e-05,0.0,True
anticyclonic,0.5,508.639892578125,138032.25748588672,1.65625,1.6509722236197351e-06,1.6509722236196142e-06,-1.2091395322055137e-19,2.8687040668623147e-05,3.033801289224276e-05,1.6509722236197351e-06,1.5107670747533941e-05,0.0,True
anticyclonic,0.5,508.639892578125,143241.0219193164,1.71875,1.889940474752779e-06,1.889940474752738e-06,-4.086933970501999e-20,2.7506945374291986e-05,2.9396885849044724e-05,1.889940474752779e-06,1.4486188337988314e-05,0.0,True
anticyclonic,0.5,508.639892578125,148449.7863527461,1.7812500000000002,1.7690557505963475e-06,1.7690557505962129e-06,-1.3467823861343375e-19,2.7438479544133614e-05,2.9207535294729827e-05,1.7690557505963475e-06,1.4450131665868049e-05,0.0,True
anticyclonic,0.5,508.639892578125,153658.55078617577,1.8437499999999998,1.7987190118062787e-06,1.798719011806194e-06,-8.470329472543003e-20,2.751317846744009e-05,2.9311897479246286e-05,1.7987190118062787e-06,1.4489470918443651e-05,0.0,True
anticyclonic,0.5,508.639892578125,158867.31521960546,1.90625,2.344048724241173e-06,2.3440487242410694e-06,-1.0376153603865179e-19,2.8534755174917887e-05,3.0878803899158956e-05,2.344048724241173e-06,1.502747149920084e-05,0.0,True
anticyclonic,0.5,508.639892578125,164076.07965303515,1.96875,3.569002531334389e-06,3.569002531334317e-06,-7.199780051661553e-20,2.9472640857575474e-05,3.3041643388909794e-05,3.569002531334389e-06,1.5521397249719775e-05,0.0,True
anticyclonic,0.5,508.639892578125,169284.84408646484,2.03125,5.145696170066701e-06,5.145696170066614e-06,-8.724439356719293e-20,3.092408837096105e-05,3.6069784541027666e-05,5.145696170066701e-06,1.6285783907543988e-05,0.0,True
anticyclonic,0.5,508.639892578125,174493.60851989454,2.09375,6.192795046742573e-06,6.1927950467424145e-06,-1.5839516113655416e-19,3.2313970939816266e-05,3.850676598655868e-05,6.192795046742573e-06,1.7017748158250687e-05,0.0,True
anticyclonic,0.5,508.639892578125,179702.37295332423,2.15625,1.0222883222906902e-05,1.022288322290682e-05,-8.131516293641283e-20,3.391805429164051e-05,4.4140937514547325e-05,1.0222883222906902e-05,1.7862518569074813e-05,0.0,True
anticyclonic,0.5,508.639892578125,184911.1373867539,2.21875,1.3989703799279897e-05,1.3989703799279833e-05,-6.437450399132683e-20,3.700227290055266e-05,5.0991976699832495e-05,1.3989703799279897e-05,1.9486783678714593e-05,0.0,True
anticyclonic,0.5,508.639892578125,190119.9018201836,2.28125,1.433977441077692e-05,1.4339774410776827e-05,-9.317362419797304e-20,3.897344193395257e-05,5.33132163447294e-05,1.433977441077692e-05,2.052487516707479e-05,0.0,True
anticyclonic,0.5,508.639892578125,195328.66625361328,2.34375,1.7603399379615778e-05,1.7603399379615737e-05,-4.0657581468206416e-20,4.01612197233673e-05,5.7764619102983036e-05,1.7603399379615778e-05,2.1150403466455584e-05,0.0,True
anticyclonic,0.5,508.639892578125,200537.43068704297,2.40625,2.1044349799977982e-05,2.104434979997796e-05,-2.0328790734103208e-20,4.153948145270019e-05,6.258383125267816e-05,2.1044349799977982e-05,2.1876247747544602e-05,0.0,True
anticyclonic,0.5,508.639892578125,205746.19512047266,2.46875,2.6150062452861017e-05,2.615006245286097e-05,-4.743384504624082e-20,4.338778063930945e-05,6.953784309217043e-05,2.6150062452861017e-05,2.2849631369675035e-05,0.0,True
anticyclonic,0.5,565.2922973632812,2604.3822167148437,0.03125,6.072160224470237e-07,6.072160224470237e-07,0.0,2.268720786080295e-08,6.299032303078267e-07,6.072160224470237e-07,2.125474388787103e-08,1.0,False
anticyclonic,0.5,565.2922973632812,7813.146650144531,0.09375,5.810438451255271e-06,5.810438451255271e-06,0.0,1.3514456457166642e-07,5.945583015826937e-06,5.810438451255271e-06,1.2661157447988206e-07,1.0,False
anticyclonic,0.5,565.2922973632812,13021.911083574218,0.15625,1.2071614386200542e-05,1.2071614386200542e-05,0.0,1.1429068584099337e-06,1.3214521244610475e-05,1.2071614386200542e-05,1.0707440383249816e-06,0.0,True
anticyclonic,0.5,565.2922973632812,18230.675517003907,0.21875,1.6863811566297537e-05,1.686381156629754e-05,3.3881317890172014e-21,3.5363409400448968e-06,2.040015250634244e-05,1.6863811566297537e-05,3.3130573599896107e-06,0.0,True
anticyclonic,0.5,565.2922973632812,23439.439950433592,0.28125,1.9605422613885106e-05,1.9605422613885117e-05,1.0164395367051604e-20,6.0629467738921495e-06,2.5668369387777265e-05,1.9605422613885106e-05,5.680134006596556e-06,0.0,True
anticyclonic,0.5,565.2922973632812,28648.20438386328,0.34375,2.1557386088808328e-05,2.155738608880834e-05,1.3552527156068805e-20,8.69925025853851e-06,3.025663634734685e-05,2.1557386088808328e-05,8.149982024944863e-06,0.0,True
anticyclonic,0.5,565.2922973632812,33856.96881729297,0.40625,2.3631114374166165e-05,2.3631114374166176e-05,1.0164395367051604e-20,1.1963170612159582e-05,3.5594284986325756e-05,2.3631114374166165e-05,1.1207819358312074e-05,0.0,True
anticyclonic,0.5,565.2922973632812,39065.73325072265,0.46874999999999994,2.543334892722144e-05,2.5433348927221452e-05,1.3552527156068805e-20,1.649509809739467e-05,4.192844702461612e-05,2.543334892722144e-05,1.545360220687042e-05,0.0,True
anticyclonic,0.5,565.2922973632812,44274.497684152346,0.53125,2.6229380536903514e-05,2.6229380536903525e-05,1.0164395367051604e-20,2.182315885168796e-05,4.8052539388591484e-05,2.6229380536903514e-05,2.044525069205835e-05,0.0,True
anticyclonic,0.5,565.2922973632812,49483.26211758203,0.59375,2.630709494019233e-05,2.630709494019235e-05,2.0328790734103208e-20,2.729150398879808e-05,5.3598598928990425e-05,2.630709494019233e-05,2.556832604328172e-05,0.0,True
anticyclonic,0.5,565.2922973632812,54692.02655101172,0.65625,2.644219726538815e-05,2.644219726538817e-05,2.0328790734103208e-20,3.269709538520037e-05,5.913929265058854e-05,2.644219726538815e-05,3.063260990747264e-05,0.0,True
anticyclonic,0.5,565.2922973632812,59900.7909844414,0.71875,2.6592488969605493e-05,2.659248896960553e-05,3.7269449679189215e-20,3.8396865776727176e-05,6.49893547463327e-05,2.6592488969605493e-05,3.597249838713349e-05,0.0,True
anticyclonic,0.5,565.2922973632812,65109.555417871095,0.78125,2.6347992684078408e-05,2.6347992684078415e-05,6.776263578034403e-21,4.419867243832903e-05,7.054666512240745e-05,2.6347992684078408e-05,4.1407980595252464e-05,0.0,True
anticyclonic,0.5,565.2922973632812,70318.31985130078,0.84375,2.5708357216652656e-05,2.5708357216652693e-05,3.7269449679189215e-20,4.983950540982705e-05,7.554786262647974e-05,2.5708357216652656e-05,4.669265294713726e-05,0.0,True
anticyclonic,0.5,565.2922973632812,75527.08428473047,0.9062500000000001,2.4665426682255238e-05,2.4665426682255268e-05,3.049318610115481e-20,5.519512957886104e-05,7.986055626111631e-05,2.4665426682255238e-05,5.171012450075139e-05,0.0,True
anticyclonic,0.5,565.2922973632812,80735.84871816015,0.96875,2.2985151217991163e-05,2.2985151217991163e-05,0.0,6.011402368115114e-05,8.30991748991423e-05,2.2985151217991163e-05,5.631844100215603e-05,0.0,True
anticyclonic,0.5,565.2922973632812,85944.61315158985,1.03125,1.9967493621318568e-05,1.9967493621318564e-05,-3.3881317890172014e-21,6.442819120999902e-05,8.439568483131758e-05,1.9967493621318568e-05,6.036021319720242e-05,0.0,True
anticyclonic,0.5,565.2922973632812,91153.37758501952,1.09375,1.625959148345241e-05,1.6259591483452408e-05,-3.3881317890172014e-21,6.738547903677515e-05,8.364507052022756e-05,1.625959148345241e-05,6.313077869589666e-05,0.0,True
anticyclonic,0.5,565.2922973632812,96362.14201844922,1.15625,1.2343774829795972e-05,1.234377482979598e-05,8.470329472543003e-21,6.971329962993595e-05,8.205707445973194e-05,1.2343774829795972e-05,6.531162134643838e-05,0.0,True
anticyclonic,0.5,565.2922973632812,101570.90645187891,1.21875,5.465520195104105e-06,5.465520195104078e-06,-2.710505431213761e-20,7.12156006639644e-05,7.668112085906847e-05,5.465520195104105e-06,6.671906751243074e-05,0.0,True
anticyclonic,0.5,565.2922973632812,106779.67088530859,1.28125,-8.436001804134735e-06,-8.43600180413475e-06,-1.5246593050577406e-20,6.930807491588486e-05,6.0872073111750116e-05,-8.436001804134735e-06,6.4931982407745e-05,0.0,True
anticyclonic,0.5,565.2922973632812,111988.43531873828,1.34375,-1.6615312200298243e-05,-1.6615312200298257e-05,-1.3552527156068805e-20,5.9029437310656004e-05,4.241412511035775e-05,-1.6615312200298243e-05,5.530233511241462e-05,0.0,True
anticyclonic,0.5,565.2922973632812,117197.19975216797,1.40625,-1.6639869727596682e-05,-1.663986972759672e-05,-3.7269449679189215e-20,5.264338629072183e-05,3.6003516563125114e-05,-1.6639869727596682e-05,4.931949757170129e-05,0.0,True
anticyclonic,0.5,565.2922973632812,122405.96418559765,1.46875,-1.8652500731194607e-05,-1.8652500731194644e-05,-3.7269449679189215e-20,4.82183851055053e-05,2.9565884374310653e-05,-1.8652500731194607e-05,4.517388972641862e-05,0.0,True
anticyclonic,0.5,565.2922973632812,127614.72861902734,1.53125,-2.0556140266948983e-05,-2.055614026694902e-05,-3.7269449679189215e-20,4.425491354482653e-05,2.369877327787751e-05,-2.0556140266948983e-05,4.1460670653981113e-05,0.0,True
anticyclonic,0.5,565.2922973632812,132823.49305245702,1.59375,-2.0898848702742814e-05,-2.0898848702742845e-05,-3.049318610115481e-20,4.1370439087452675e-05,2.047159038470983e-05,-2.0898848702742814e-05,3.875832110886537e-05,0.0,True
anticyclonic,0.5,565.2922973632812,138032.25748588672,1.65625,-2.1507229548909736e-05,-2.1507229548909787e-05,-5.082197683525802e-20,3.993157573407334e-05,1.8424346185163552e-05,-2.1507229548909736e-05,3.7410307186069736e-05,0.0,True
anticyclonic,0.5,565.2922973632812,143241.0219193164,1.71875,-2.155013828546624e-05,-2.1550138285466284e-05,-4.404571325722362e-20,3.853544135490366e-05,1.698530306943738e-05,-2.155013828546624e-05,3.6102324341976685e-05,0.0,True
anticyclonic,0.5,565.2922973632812,148449.7863527461,1.7812500000000002,-2.1067576810562418e-05,-2.1067576810562506e-05,-8.809142651444724e-20,3.8580852723939575e-05,1.751327591337707e-05,-2.1067576810562418e-05,3.6144868449844784e-05,0.0,True
anticyclonic,0.5,565.2922973632812,153658.55078617577,1.8437499999999998,-1.9975933731522454e-05,-1.997593373152248e-05,-2.710505431213761e-20,3.886351966809358e-05,1.88875859365711e-05,-1.9975933731522454e-05,3.640968788202976e-05,0.0,True
anticyclonic,0.5,565.2922973632812,158867.31521960546,1.90625,-1.8012403194654923e-05,-1.801240319465498e-05,-5.759824041329242e-20,4.020810492658003e-05,2.219570173192505e-05,-1.8012403194654923e-05,3.766937640253353e-05,0.0,True
anticyclonic,0.5,565.2922973632812,164076.07965303515,1.96875,-1.633729556273679e-05,-1.6337295562736852e-05,-6.098637220230962e-20,4.162163667049175e-05,2.52843411077549e-05,-1.633729556273679e-05,3.899365814661396e-05,0.0,True
anticyclonic,0.5,565.2922973632812,169284.84408646484,2.03125,-1.3454661107263347e-05,-1.3454661107263426e-05,-7.962109704190423e-20,4.3384226845257364e-05,2.992956573799394e-05,-1.3454661107263347e-05,4.064495886963713e-05,0.0,True
anticyclonic,0.5,565.2922973632812,174493.60851989454,2.09375,-9.888702539087473e-06,-9.888702539087561e-06,-8.809142651444724e-20,4.572005315847475e-05,3.583135061938719e-05,-9.888702539087473e-06,4.283330176130527e-05,0.0,True
anticyclonic,0.5,565.2922973632812,179702.37295332423,2.15625,-5.083902101140404e-06,-5.083902101140498e-06,-9.402065714522734e-20,4.821310941328388e-05,4.3129207312143384e-05,-5.083902101140404e-06,4.516894713993176e-05,0.0,True
anticyclonic,0.5,565.2922973632812,184911.1373867539,2.21875,-1.2701318118873604e-06,-1.270131811887424e-06,-6.352747104407253e-20,5.198702281878166e-05,5.0716891006894236e-05,-1.2701318118873604e-06,4.8704576706205746e-05,0.0,True
anticyclonic,0.5,565.2922973632812,190119.9018201836,2.28125,2.6211556623267378e-06,2.621155662326628e-06,-1.096907666694319e-19,5.422685704245083e-05,5.684801270477746e-05,2.6211556623267378e-06,5.080298842207089e-05,0.0,True
anticyclonic,0.5,565.2922973632812,195328.66625361328,2.34375,8.130764055748661e-06,8.130764055748575e-06,-8.639736061993863e-20,5.616644638907424e-05,6.429721044482282e-05,8.130764055748661e-06,5.2620112638636544e-05,0.0,True
anticyclonic,0.5,565.2922973632812,200537.43068704297,2.40625,1.1639897449907164e-05,1.1639897449907098e-05,-6.606856988583543e-20,5.7574194756840634e-05,6.921409220674774e-05,1.1639897449907164e-05,5.393897616732747e-05,0.0,True
anticyclonic,0.5,565.2922973632812,205746.19512047266,2.46875,1.5182011093718954e-05,1.5182011093718913e-05,-4.0657581468206416e-20,5.839251798347471e-05,7.357452907719362e-05,1.5182011093718954e-05,5.470563069380422e-05,0.0,True
anticyclonic,0.5,628.0260009765625,2604.3822167148437,0.03125,1.0966631174496976e-06,1.0966631174496976e-06,0.0,6.040316242673155e-08,1.157066279876429e-06,1.0966631174496976e-06,1.0145605473890117e-07,1.0,False
anticyclonic,0.5,628.0260009765625,7813.146650144531,0.09375,9.18258033535695e-06,9.182580335356954e-06,3.3881317890172014e-21,4.490814395644954e-07,9.631661774921449e-06,9.18258033535695e-06,7.542987698689829e-07,0.0,True
anticyclonic,0.5,628.0260009765625,13021.911083574218,0.15625,1.8522079043134217e-05,1.8522079043134217e-05,0.0,2.2376484053163013e-06,2.075972744845052e-05,1.8522079043134217e-05,3.758461808544581e-06,0.0,True
anticyclonic,0.5,628.0260009765625,18230.675517003907,0.21875,2.6485285943963855e-05,2.6485285943963858e-05,3.3881317890172014e-21,6.207570844460353e-06,3.269285678842421e-05,2.6485285943963855e-05,1.0426534341726105e-05,0.0,True
anticyclonic,0.5,628.0260009765625,23439.439950433592,0.28125,3.265102871162197e-05,3.265102871162199e-05,2.0328790734103208e-20,1.028076260722226e-05,4.293179131884425e-05,3.265102871162197e-05,1.7268062994237988e-05,0.0,True
anticyclonic,0.5,628.0260009765625,28648.20438386328,0.34375,3.8042711028653584e-05,3.804271102865362e-05,3.3881317890172014e-20,1.481149239690664e-05,5.285420342556026e-05,3.8042711028653584e-05,2.4878094507190046e-05,0.0,True
anticyclonic,0.5,628.0260009765625,33856.96881729297,0.40625,4.325862201799516e-05,4.325862201799519e-05,2.710505431213761e-20,2.0471654212727232e-05,6.373027623072242e-05,4.325862201799516e-05,3.438517433456666e-05,0.0,True
anticyclonic,0.5,628.0260009765625,39065.73325072265,0.46874999999999994,4.781956133952848e-05,4.781956133952851e-05,2.710505431213761e-20,2.8139064723332955e-05,7.595862606286146e-05,4.781956133952848e-05,4.7263725543093715e-05,0.0,True
anticyclonic,0.5,628.0260009765625,44274.497684152346,0.53125,5.078611924613068e-05,5.078611924613072e-05,4.0657581468206416e-20,3.6978515578235416e-05,8.776463482436614e-05,5.078611924613068e-05,6.211089204509003e-05,0.0,True
anticyclonic,0.5,628.0260009765625,49483.26211758203,0.59375,5.2328753436830555e-05,5.2328753436830596e-05,4.0657581468206416e-20,4.587398126913076e-05,9.820273470596136e-05,5.2328753436830555e-05,7.705214375783301e-05,0.0,True
anticyclonic,0.5,628.0260009765625,54692.02655101172,0.65625,5.311615507272439e-05,5.311615507272443e-05,4.0657581468206416e-20,5.452106671158233e-05,0.00010763722178430677,5.311615507272439e-05,9.157620406751428e-05,0.0,True
anticyclonic,0.5,628.0260009765625,59900.7909844414,0.71875,5.310280788569316e-05,5.3102807885693206e-05,4.743384504624082e-20,6.382028580126945e-05,0.00011692309368696265,5.310280788569316e-05,0.00010719561939426542,0.0,True
anticyclonic,0.5,628.0260009765625,65109.555417871095,0.78125,5.1614790348140894e-05,5.161479034814092e-05,2.710505431213761e-20,7.336347732757227e-05,0.00012497826767571317,5.1614790348140894e-05,0.00012322482255148145,0.0,True
anticyclonic,0.5,628.0260009765625,70318.31985130078,0.84375,4.888020015310276e-05,4.8880200153102804e-05,4.743384504624082e-20,8.251389213480486e-05,0.00013139409228790766,4.888020015310276e-05,0.00013859429905351624,0.0,True
anticyclonic,0.5,628.0260009765625,75527.08428473047,0.9062500000000001,4.5124004541694166e-05,4.512400454169419e-05,2.710505431213761e-20,9.119161744323867e-05,0.00013631562198493288,4.5124004541694166e-05,0.0001531698235547298,0.0,True
anticyclonic,0.5,628.0260009765625,80735.84871816015,0.96875,4.030493591590967e-05,4.0304935915909706e-05,3.3881317890172014e-20,9.902803041829679e-05,0.0001393329663342065,4.030493591590967e-05,0.00016633223942523197,0.0,True
anticyclonic,0.5,628.0260009765625,85944.61315158985,1.03125,3.395088100650804e-05,3.395088100650807e-05,2.710505431213761e-20,0.00010608666150173314,0.0001400375425082412,3.395088100650804e-05,0.00017818825544842445,0.0,True
anticyclonic,0.5,628.0260009765625,91153.37758501952,1.09375,2.6341034102095528e-05,2.634103410209554e-05,1.3552527156068805e-20,0.00011105396367405362,0.00013739499777614916,2.6341034102095528e-05,0.00018653157491801202,0.0,True
anticyclonic,0.5,628.0260009765625,96362.14201844922,1.15625,1.845220565778821e-05,1.8452205657788216e-05,6.776263578034403e-21,0.00011457295997262437,0.0001330251656304126,1.845220565778821e-05,0.00019244225023284922,0.0,True
anticyclonic,0.5,628.0260009765625,101570.90645187891,1.21875,8.316003941643554e-06,8.31600394164355e-06,-3.3881317890172014e-21,0.00011699766634758063,0.0001253136702892242,8.316003941643554e-06,0.00019651490359767467,0.0,True
anticyclonic,0.5,628.0260009765625,106779.67088530859,1.28125,-6.510166249959319e-06,-6.510166249959331e-06,-1.1858461261560205e-20,0.00011408358517645598,0.00010757341892649665,-6.510166249959319e-06,0.00019162027280462892,0.0,True
anticyclonic,0.5,628.0260009765625,111988.43531873828,1.34375,-1.6654795099253025e-05,-1.6654795099253052e-05,-2.710505431213761e-20,9.946617773527844e-05,8.28113826360254e-05,-1.6654795099253025e-05,0.00016706817271728953,0.0,True
anticyclonic,0.5,628.0260009765625,117197.19975216797,1.40625,-1.9659468499132334e-05,-1.9659468499132368e-05,-3.3881317890172014e-20,8.806319388520097e-05,6.84037253860686e-05,-1.9659468499132334e-05,0.00014791517298679403,0.0,True
anticyclonic,0.5,628.0260009765625,122405.96418559765,1.46875,-2.273363769673572e-05,-2.2733637696735777e-05,-5.759824041329242e-20,8.071496724475121e-05,5.7981329548015436e-05,-2.273363769673572e-05,0.00013557273834735551,0.0,True
anticyclonic,0.5,628.0260009765625,127614.72861902734,1.53125,-2.5824795591092605e-05,-2.5824795591092645e-05,-4.0657581468206416e-20,7.446806711244637e-05,4.864327152135373e-05,-2.5824795591092605e-05,0.00012508014464350194,0.0,True
anticyclonic,0.5,628.0260009765625,132823.49305245702,1.59375,-2.7049763462011047e-05,-2.7049763462011094e-05,-4.743384504624082e-20,6.982527719006702e-05,4.277551372805593e-05,-2.7049763462011047e-05,0.00011728189154578534,0.0,True
anticyclonic,0.5,628.0260009765625,138032.25748588672,1.65625,-2.7614396573582448e-05,-2.7614396573582506e-05,-5.759824041329242e-20,6.767027250839731e-05,4.00558759348148e-05,-2.7614396573582448e-05,0.0001136622421075415,0.0,True
anticyclonic,0.5,628.0260009765625,143241.0219193164,1.71875,-2.6891952237302055e-05,-2.689195223730215e-05,-9.486769009248164e-20,6.542185680898747e-05,3.852990457168532e-05,-2.6891952237302055e-05,0.00010988569503433434,0.0,True
anticyclonic,0.5,628.0260009765625,148449.7863527461,1.7812500000000002,-2.537982574879962e-05,-2.537982574879967e-05,-4.743384504624082e-20,6.511489229870137e-05,3.97350665499017e-05,-2.537982574879962e-05,0.00010937010268937621,0.0,True
anticyclonic,0.5,628.0260009765625,153658.55078617577,1.8437499999999998,-2.2453545424242717e-05,-2.245354542424282e-05,-1.0164395367051604e-19,6.452745295466775e-05,4.207390753042493e-05,-2.2453545424242717e-05,0.00010838341133333417,0.0,True
anticyclonic,0.5,628.0260009765625,158867.31521960546,1.90625,-1.8871405396491204e-05,-1.887140539649133e-05,-1.2536087619363645e-19,6.617571303471174e-05,4.730430763822041e-05,-1.8871405396491204e-05,0.0001111519081832753,0.0,True
anticyclonic,0.5,628.0260009765625,164076.07965303515,1.96875,-1.6111742288440047e-05,-1.611174228844014e-05,-9.486769009248164e-20,6.769770313448825e-05,5.158596084604811e-05,-1.6111742288440047e-05,0.00011370831590550831,0.0,True
anticyclonic,0.5,628.0260009765625,169284.84408646484,2.03125,-1.193328603665501e-05,-1.1933286036655146e-05,-1.3552527156068805e-19,7.056617867900525e-05,5.863289264235011e-05,-1.193328603665501e-05,0.00011852634529618343,0.0,True
anticyclonic,0.5,628.0260009765625,174493.60851989454,2.09375,-8.474465664366365e-06,-8.47446566436652e-06,-1.5585406229479126e-19,7.436016660429529e-05,6.588570093992876e-05,-8.474465664366365e-06,0.00012489890976404326,0.0,True
anticyclonic,0.5,628.0260009765625,179702.37295332423,2.15625,-4.188316916322916e-06,-4.188316916323042e-06,-1.2536087619363645e-19,7.778964684447227e-05,7.360132992814923e-05,-4.188316916322916e-06,0.00013065922960483678,0.0,True
anticyclonic,0.5,628.0260009765625,184911.1373867539,2.21875,-7.070220842496768e-07,-7.070220842498631e-07,-1.8634724839594607e-19,8.368774417759276e-05,8.298072209334289e-05,-7.070220842496768e-07,0.00014056595736284597,0.0,True
anticyclonic,0.5,628.0260009765625,190119.9018201836,2.28125,2.890354808239966e-06,2.890354808239783e-06,-1.8295911660692887e-19,8.791617170579584e-05,9.080652651403563e-05,2.890354808239966e-06,0.00014766822746801176,0.0,True
anticyclonic,0.5,628.0260009765625,195328.66625361328,2.34375,6.011424779837581e-06,6.0114247798374335e-06,-1.4738373282224826e-19,9.135647668048718e-05,9.736790146032462e-05,6.011424779837581e-06,0.0001534467290531594,0.0,True
anticyclonic,0.5,628.0260009765625,200537.43068704297,2.40625,9.042609662068048e-06,9.042609662067875e-06,-1.7279472123987727e-19,9.48326172425245e-05,0.00010387522690459237,9.042609662068048e-06,0.00015928542181316123,0.0,True
anticyclonic,0.5,628.0260009765625,205746.19512047266,2.46875,1.1792518240075018e-05,1.1792518240074865e-05,-1.5246593050577406e-19,9.698105442787953e-05,0.0001087735726679544,1.1792518240075018e-05,0.00016289404016894466,0.0,True
anticyclonic,0.5,697.2586669921875,2604.3822167148437,0.03125,1.1432888835753068e-06,1.1432888835753062e-06,-6.352747104407253e-22,2.30213902409838e-07,1.3735027859851441e-06,1.1432888835753068e-06,1.333999747479209e-07,0.0,True
anticyclonic,0.5,697.2586669921875,7813.146650144531,0.09375,5.6424920361308514e-06,5.642492036130853e-06,1.6940658945086007e-21,1.6231022054993327e-06,7.265594241630186e-06,5.6424920361308514e-06,9.405244034369528e-07,0.0,True
anticyclonic,0.5,697.2586669921875,13021.911083574218,0.15625,1.1821180663790078e-05,1.1821180663790083e-05,5.082197683525802e-21,6.723729127149389e-06,1.854490979093947e-05,1.1821180663790078e-05,3.896138705719011e-06,0.0,True
anticyclonic,0.5,697.2586669921875,18230.675517003907,0.21875,1.7374319548819392e-05,1.7374319548819405e-05,1.3552527156068805e-20,1.9345066746226695e-05,3.67193862950461e-05,1.7374319548819392e-05,1.1209711439795328e-05,0.0,True
anticyclonic,0.5,697.2586669921875,23439.439950433592,0.28125,2.1745540386854062e-05,2.1745540386854072e-05,1.0164395367051604e-20,3.289231480793201e-05,5.463785519478608e-05,2.1745540386854062e-05,1.905981315136807e-05,0.0,True
anticyclonic,0.5,697.2586669921875,28648.20438386328,0.34375,2.5707921210275627e-05,2.5707921210275644e-05,1.6940658945086007e-20,4.6910478704782306e-05,7.261839991505795e-05,2.5707921210275627e-05,2.7182792216824078e-05,0.0,True
anticyclonic,0.5,697.2586669921875,33856.96881729297,0.40625,2.9919387910998525e-05,2.991938791099854e-05,1.3552527156068805e-20,6.311052798540095e-05,9.302991589639949e-05,2.9919387910998525e-05,3.657008873683324e-05,0.0,True
anticyclonic,0.5,697.2586669921875,39065.73325072265,0.46874999999999994,3.3691974373302576e-05,3.369197437330262e-05,4.743384504624082e-20,8.558494896531316e-05,0.00011927692333861579,3.3691974373302576e-05,4.959313886461003e-05,0.0,True
anticyclonic,0.5,697.2586669921875,44274.497684152346,0.53125,3.582923021805553e-05,3.582923021805557e-05,4.0657581468206416e-20,0.00011168480609165174,0.0001475140363097073,3.582923021805553e-05,6.471698779437442e-05,0.0,True
anticyclonic,0.5,697.2586669921875,49483.26211758203,0.59375,3.6450896230506704e-05,3.645089623050675e-05,4.743384504624082e-20,0.00013790047110708825,0.00017435136733759502,3.6450896230506704e-05,7.990794287767495e-05,0.0,True
anticyclonic,0.5,697.2586669921875,54692.02655101172,0.65625,3.613400457430232e-05,3.6134004574302386e-05,6.776263578034403e-20,0.00016352124029344069,0.00019965524486774308,3.613400457430232e-05,9.475417903763187e-05,0.0,True
anticyclonic,0.5,697.2586669921875,59900.7909844414,0.71875,3.500621529032247e-05,3.500621529032252e-05,4.743384504624082e-20,0.00019097889094903188,0.0002259851062393544,3.500621529032247e-05,0.00011066481634385464,0.0,True
anticyclonic,0.5,697.2586669921875,65109.555417871095,0.78125,3.2530621038562267e-05,3.253062103856231e-05,4.0657581468206416e-20,0.00022028467058906554,0.00025281529162762785,3.2530621038562267e-05,0.0001276463722925868,0.0,True
anticyclonic,0.5,697.2586669921875,70318.31985130078,0.84375,2.87606802434693e-05,2.8760680243469283e-05,-1.6940658945086007e-20,0.0002489655935497779,0.00027772627379324714,2.87606802434693e-05,0.00014426584817417277,0.0,True
anticyclonic,0.5,697.2586669921875,75527.08428473047,0.9062500000000001,2.4063768777111784e-05,2.4063768777111777e-05,-6.776263578034403e-21,0.0002758913705774945,0.0002999551393546063,2.4063768777111784e-05,0.00015986828546386811,0.0,True
anticyclonic,0.5,697.2586669921875,80735.84871816015,0.96875,1.8691757143930727e-05,1.869175714393074e-05,1.3552527156068805e-20,0.00030094467792402495,0.0003196364350679557,1.8691757143930727e-05,0.00017438569962693323,0.0,True
anticyclonic,0.5,697.2586669921875,85944.61315158985,1.03125,1.2258145731796883e-05,1.2258145731796873e-05,-1.0164395367051604e-20,0.00032322799222276157,0.00033548613795455844,1.2258145731796883e-05,0.00018729801088891552,0.0,True
anticyclonic,0.5,697.2586669921875,91153.37758501952,1.09375,5.223832709694669e-06,5.223832709694637e-06,-3.218725199566341e-20,0.0003391426597449925,0.00034436649245468714,5.223832709694669e-06,0.00019651993981398828,0.0,True
anticyclonic,0.5,697.2586669921875,96362.14201844922,1.15625,-1.6454432053353245e-06,-1.6454432053353533e-06,-2.879912020664621e-20,0.0003500146126510409,0.0003483691694457055,-1.6454432053353245e-06,0.0002028198123583732,0.0,True
anticyclonic,0.5,697.2586669921875,101570.90645187891,1.21875,-1.0150494899273004e-05,-1.0150494899273085e-05,-8.131516293641283e-20,0.0003574984213819387,0.0003473479264826656,-1.0150494899273004e-05,0.00020715638754027836,0.0,True
anticyclonic,0.5,697.2586669921875,106779.67088530859,1.28125,-2.1533103438278866e-05,-2.1533103438279005e-05,-1.3891340334970526e-19,0.0003488293244183519,0.00032729622098007287,-2.1533103438278866e-05,0.0002021329840710518,0.0,True
anticyclonic,0.5,697.2586669921875,111988.43531873828,1.34375,-2.8967569857064754e-05,-2.8967569857064855e-05,-1.0164395367051604e-19,0.00030553144293895884,0.00027656387308189396,-2.8967569857064754e-05,0.00017704355100237943,0.0,True
anticyclonic,0.5,697.2586669921875,117197.19975216797,1.40625,-3.0388964174988094e-05,-3.0388964174988206e-05,-1.1180834903756764e-19,0.00027044811370834597,0.00024005914953335777,-3.0388964174988094e-05,0.000156714130474574,0.0,True
anticyclonic,0.5,697.2586669921875,122405.96418559765,1.46875,-3.256956162571574e-05,-3.2569561625715924e-05,-1.8295911660692887e-19,0.0002461386929586122,0.00021356913133289631,-3.256956162571574e-05,0.0001426277695719299,0.0,True
anticyclonic,0.5,697.2586669921875,127614.72861902734,1.53125,-3.503629172330507e-05,-3.5036291723305283e-05,-2.1006417091906648e-19,0.00022559690956153075,0.00019056061783822545,-3.503629172330507e-05,0.00013072460752236106,0.0,True
anticyclonic,0.5,697.2586669921875,132823.49305245702,1.59375,-3.674956880580262e-05,-3.6749568805802755e-05,-1.3552527156068805e-19,0.00021018722369433947,0.0001734376548885367,-3.674956880580262e-05,0.00012179529576473689,0.0,True
anticyclonic,0.5,697.2586669921875,138032.25748588672,1.65625,-3.824358333146161e-05,-3.8243583331461815e-05,-2.0328790734103208e-19,0.00019972756839138368,0.00016148398505992187,-3.824358333146161e-05,0.00011573433359572658,0.0,True
anticyclonic,0.5,697.2586669921875,143241.0219193164,1.71875,-3.860358732969633e-05,-3.860358732969657e-05,-2.439454888092385e-19,0.00019228340702079786,0.00015367981969110128,-3.860358732969633e-05,0.00011142073251229714,0.0,True
anticyclonic,0.5,697.2586669921875,148449.7863527461,1.7812500000000002,-3.8413088112759066e-05,-3.841308811275922e-05,-1.5585406229479126e-19,0.00018729614001021899,0.00014888305189745976,-3.8413088112759066e-05,0.00010853080585579158,0.0,True
anticyclonic,0.5,697.2586669921875,153658.55078617577,1.8437499999999998,-3.720933415720724e-05,-3.7209334157207515e-05,-2.778268066994105e-19,0.0001854872606092035,0.000148277926451996,-3.720933415720724e-05,0.00010748263081557217,0.0,True
anticyclonic,0.5,697.2586669921875,158867.31521960546,1.90625,-3.5930268841278195e-05,-3.593026884127837e-05,-1.7618285302889447e-19,0.0001886486406174334,0.00015271837177615504,-3.5930268841278195e-05,0.00010931452719042997,0.0,True
anticyclonic,0.5,697.2586669921875,164076.07965303515,1.96875,-3.4944897713720387e-05,-3.494489771372051e-05,-1.2197274440461925e-19,0.0001917660626999589,0.0001568211649862384,-3.4944897713720387e-05,0.00011112095166234205,0.0,True
anticyclonic,0.5,697.2586669921875,169284.84408646484,2.03125,-3.377317609667633e-05,-3.37731760966766e-05,-2.710505431213761e-19,0.00019776374873785454,0.00016399057264117795,-3.377317609667633e-05,0.00011459637672410429,0.0,True
anticyclonic,0.5,697.2586669921875,174493.60851989454,2.09375,-3.2569909131742544e-05,-3.25699091317428e-05,-2.574980159653073e-19,0.00020777289546035666,0.00017520298632861387,-3.2569909131742544e-05,0.00012039628674714449,0.0,True
anticyclonic,0.5,697.2586669921875,179702.37295332423,2.15625,-2.826259623372333e-05,-2.826259623372358e-05,-2.473336205982557e-19,0.00021790798875309254,0.00018964539251936895,-2.826259623372333e-05,0.00012626917789388268,0.0,True
anticyclonic,0.5,697.2586669921875,184911.1373867539,2.21875,-2.6737751932401738e-05,-2.6737751932402036e-05,-2.981555974335137e-19,0.00023665927281975996,0.00020992152088735792,-2.6737751932401738e-05,0.00013713481543705492,0.0,True
anticyclonic,0.5,697.2586669921875,190119.9018201836,2.28125,-2.688408355430412e-05,-2.6884083554304306e-05,-1.8634724839594607e-19,0.00025155964064335965,0.00022467555708905533,-2.688408355430412e-05,0.00014576899725924706,0.0,True
anticyclonic,0.5,697.2586669921875,195328.66625361328,2.34375,-2.57724214475535e-05,-2.5772421447553685e-05,-1.8295911660692887e-19,0.00026430641050781287,0.00023853398906025918,-2.57724214475535e-05,0.00015315525308583238,0.0,True
anticyclonic,0.5,697.2586669921875,200537.43068704297,2.40625,-2.4554517751606595e-05,-2.455451775160675e-05,-1.5585406229479126e-19,0.0002736376772404441,0.0002490831594888373,-2.4554517751606595e-05,0.00015856235810194513,0.0,True
anticyclonic,0.5,697.2586669921875,205746.19512047266,2.46875,-2.2670963423273943e-05,-2.267096342327403e-05,-8.809142651444724e-20,0.00027531189396154236,0.00025264093053826834,-2.2670963423273943e-05,0.00015953250137296034,0.0,True
anticyclonic,0.5,773.3682861328125,2604.3822167148437,0.03125,5.751726812816025e-07,5.751726812816025e-07,0.0,2.641544734900872e-08,6.015881286306112e-07,5.751726812816025e-07,4.5485356117073963e-08,1.0,False
anticyclonic,0.5,773.3682861328125,7813.146650144531,0.09375,1.3320145339071793e-06,1.3320145339071782e-06,-1.0587911840678754e-21,2.4981097820859455e-07,1.5818255121157727e-06,1.3320145339071793e-06,4.301551722991711e-07,0.0,True
anticyclonic,0.5,773.3682861328125,13021.911083574218,0.15625,3.2485333799375642e-06,3.2485333799375612e-06,-2.964615315390051e-21,1.0547131928191531e-06,4.303246572756714e-06,3.2485333799375642e-06,1.8161344967173374e-06,0.0,True
anticyclonic,0.5,773.3682861328125,18230.675517003907,0.21875,5.057823389320851e-06,5.057823389320844e-06,-6.776263578034403e-21,3.673277605073582e-06,8.731100994394427e-06,5.057823389320851e-06,6.325099771210742e-06,0.0,True
anticyclonic,0.5,773.3682861328125,23439.439950433592,0.28125,6.559196066135452e-06,6.559196066135445e-06,-6.776263578034403e-21,6.5261370324625305e-06,1.3085333098597976e-05,6.559196066135452e-06,1.1237502930326941e-05,0.0,True
anticyclonic,0.5,773.3682861328125,28648.20438386328,0.34375,8.335002322925888e-06,8.335002322925881e-06,-6.776263578034403e-21,9.41536323494975e-06,1.775036555787563e-05,8.335002322925888e-06,1.6212526861838896e-05,0.0,True
anticyclonic,0.5,773.3682861328125,33856.96881729297,0.40625,1.0692668837077402e-05,1.0692668837077392e-05,-1.0164395367051604e-20,1.26145104347987e-05,2.330717927187609e-05,1.0692668837077402e-05,2.172121076688471e-05,0.0,True
anticyclonic,0.5,773.3682861328125,39065.73325072265,0.46874999999999994,1.33077040770997e-05,1.3307704077099686e-05,-1.5246593050577406e-20,1.684273077197172e-05,3.0150434849071405e-05,1.33077040770997e-05,2.900187897729783e-05,0.0,True
anticyclonic,0.5,773.3682861328125,44274.497684152346,0.53125,1.5581970776366698e-05,1.558197077636668e-05,-1.6940658945086007e-20,2.196724822750535e-05,3.754921900387203e-05,1.5581970776366698e-05,3.782590146358959e-05,0.0,True
anticyclonic,0.5,773.3682861328125,49483.26211758203,0.59375,1.7345836367013966e-05,1.734583636701396e-05,-6.776263578034403e-21,2.7448149968030763e-05,4.479398633504472e-05,1.7345836367013966e-05,4.72635901090497e-05,0.0,True
anticyclonic,0.5,773.3682861328125,54692.02655101172,0.65625,1.8956120192298706e-05,1.895612019229871e-05,3.3881317890172014e-21,3.293939369349195e-05,5.1895513885790654e-05,1.8956120192298706e-05,5.6719086852231784e-05,0.0,True
anticyclonic,0.5,773.3682861328125,59900.7909844414,0.71875,2.059225995963828e-05,2.059225995963829e-05,1.0164395367051604e-20,3.862754964291315e-05,5.921980960255144e-05,2.059225995963828e-05,6.65136512065843e-05,0.0,True
anticyclonic,0.5,773.3682861328125,65109.555417871095,0.78125,2.211148153455185e-05,2.2111481534551866e-05,1.6940658945086007e-20,4.467854546655851e-05,6.679002700111038e-05,2.211148153455185e-05,7.693299774518324e-05,0.0,True
anticyclonic,0.5,773.3682861328125,70318.31985130078,0.84375,2.338943374015918e-05,2.338943374015921e-05,3.049318610115481e-20,5.0698300351625076e-05,7.408773409178429e-05,2.338943374015918e-05,8.729854980519874e-05,0.0,True
anticyclonic,0.5,773.3682861328125,75527.08428473047,0.9062500000000001,2.4370942915799926e-05,2.4370942915799977e-05,5.082197683525802e-20,5.654064184407881e-05,8.091158475987878e-05,2.4370942915799926e-05,9.735860973266342e-05,0.0,True
anticyclonic,0.5,773.3682861328125,80735.84871816015,0.96875,2.5175510709966666e-05,2.5175510709966703e-05,3.7269449679189215e-20,6.197860293706628e-05,8.715411364703299e-05,2.5175510709966666e-05,0.00010672235790612032,0.0,True
anticyclonic,0.5,773.3682861328125,85944.61315158985,1.03125,2.5644514091529076e-05,2.564451409152912e-05,4.404571325722362e-20,6.676299210875533e-05,9.240750620028446e-05,2.5644514091529076e-05,0.00011496070580921256,0.0,True
anticyclonic,0.5,773.3682861328125,91153.37758501952,1.09375,2.604158035740223e-05,2.6041580357402323e-05,9.486769009248164e-20,7.017304968444958e-05,9.62146300418519e-05,2.604158035740223e-05,0.00012083256105969723,0.0,True
anticyclonic,0.5,773.3682861328125,96362.14201844922,1.15625,2.6687176150817125e-05,2.6687176150817217e-05,9.147955830346444e-20,7.243642816930529e-05,9.912360432012251e-05,2.6687176150817125e-05,0.00012472992365406,0.0,True
anticyclonic,0.5,773.3682861328125,101570.90645187891,1.21875,2.502069830940287e-05,2.5020698309402952e-05,8.131516293641283e-20,7.398827727155073e-05,9.900897558095368e-05,2.502069830940287e-05,0.0001274020877148456,0.0,True
anticyclonic,0.5,773.3682861328125,106779.67088530859,1.28125,2.126895872523797e-05,2.1268958725238074e-05,1.0503208545953324e-19,6.93466762595666e-05,9.061563498480467e-05,2.126895872523797e-05,0.00011940960997278715,0.0,True
anticyclonic,0.5,773.3682861328125,111988.43531873828,1.34375,1.8479767063654565e-05,1.847976706365475e-05,1.8634724839594607e-19,6.035944212192007e-05,7.883920918557482e-05,1.8479767063654565e-05,0.00010393428828478565,0.0,True
anticyclonic,0.5,773.3682861328125,117197.19975216797,1.40625,1.888263533304086e-05,1.8882635333040992e-05,1.3213713977167085e-19,5.2132401336133504e-05,7.101503666917449e-05,1.888263533304086e-05,8.976796071944018e-05,0.0,True
anticyclonic,0.5,773.3682861328125,122405.96418559765,1.46875,1.8967491831796776e-05,1.8967491831796915e-05,1.3891340334970526e-19,4.670194496987656e-05,6.566943680167347e-05,1.8967491831796776e-05,8.041713510464332e-05,0.0,True
anticyclonic,0.5,773.3682861328125,127614.72861902734,1.53125,1.8073818392054206e-05,1.8073818392054386e-05,1.7957098481791167e-19,4.262071679272932e-05,6.069453518478371e-05,1.8073818392054206e-05,7.33895760184806e-05,0.0,True
anticyclonic,0.5,773.3682861328125,132823.49305245702,1.59375,1.6514493903526457e-05,1.651449390352662e-05,1.6263032587282567e-19,3.912513115135219e-05,5.5639625054878814e-05,1.6514493903526457e-05,6.737044805766886e-05,0.0,True
anticyclonic,0.5,773.3682861328125,138032.25748588672,1.65625,1.5065607727696357e-05,1.506560772769653e-05,1.7279472123987727e-19,3.5814175176385014e-05,5.087978290408154e-05,1.5065607727696357e-05,6.166923809443925e-05,0.0,True
anticyclonic,0.5,773.3682861328125,143241.0219193164,1.71875,1.3619062554871611e-05,1.3619062554871737e-05,1.2536087619363645e-19,3.4716750169886745e-05,4.833581272475848e-05,1.3619062554871611e-05,5.97795571599148e-05,0.0,True
anticyclonic,0.5,773.3682861328125,148449.7863527461,1.7812500000000002,1.1698215404155334e-05,1.1698215404155473e-05,1.3891340334970526e-19,3.362106765832367e-05,4.531928306247914e-05,1.1698215404155334e-05,5.789287666682193e-05,0.0,True
anticyclonic,0.5,773.3682861328125,153658.55078617577,1.8437499999999998,9.950457732263752e-06,9.950457732263903e-06,1.5077186461126546e-19,3.37489200883911e-05,4.3699377820655e-05,9.950457732263752e-06,5.811302865725448e-05,0.0,True
anticyclonic,0.5,773.3682861328125,158867.31521960546,1.90625,7.82039912481917e-06,7.820399124819339e-06,1.6940658945086007e-19,3.48181900270932e-05,4.263858915191254e-05,7.82039912481917e-06,5.995422874387621e-05,0.0,True
anticyclonic,0.5,773.3682861328125,164076.07965303515,1.96875,5.911189473284864e-06,5.911189473285027e-06,1.6347735882007997e-19,3.592189718874921e-05,4.1833086662034236e-05,5.911189473284864e-06,6.185472706342378e-05,0.0,True
anticyclonic,0.5,773.3682861328125,169284.84408646484,2.03125,3.923370120515428e-06,3.9233701205155886e-06,1.6093625997831706e-19,3.767864915750591e-05,4.160201927802149e-05,3.923370120515428e-06,6.487971800347947e-05,0.0,True
anticyclonic,0.5,773.3682861328125,174493.60851989454,2.09375,1.8955297548614647e-06,1.8955297548616591e-06,1.9439406139486193e-19,4.023683332652466e-05,4.2132363081386316e-05,1.8955297548614647e-06,6.928471317177994e-05,0.0,True
anticyclonic,0.5,773.3682861328125,179702.37295332423,2.15625,1.477083609458781e-06,1.4770836094589732e-06,1.9227647902672618e-19,4.324370499584318e-05,4.472078860530215e-05,1.477083609458781e-06,7.446231349292028e-05,0.0,True
anticyclonic,0.5,773.3682861328125,184911.1373867539,2.21875,7.901421006963239e-07,7.901421006965788e-07,2.549569171235444e-19,4.798995701377013e-05,4.8780099114466706e-05,7.901421006963239e-07,8.263499216856232e-05,0.0,True
anticyclonic,0.5,773.3682861328125,190119.9018201836,2.28125,-2.2678260329222403e-06,-2.267826032921958e-06,2.82061971435682e-19,5.2267777538278716e-05,4.999995150535676e-05,-2.2678260329222403e-06,9.00010680631469e-05,0.0,True
anticyclonic,0.5,773.3682861328125,195328.66625361328,2.34375,-3.0575244899195527e-06,-3.057524489919302e-06,2.507217523872729e-19,5.654690910431924e-05,5.3489384614399935e-05,-3.0575244899195527e-06,9.736940146979161e-05,0.0,True
anticyclonic,0.5,773.3682861328125,200537.43068704297,2.40625,-3.751288742284953e-06,-3.7512887422847013e-06,2.515687853345272e-19,5.913357122088082e-05,5.538228247859612e-05,-3.751288742284953e-06,0.00010182343345993177,0.0,True
anticyclonic,0.5,773.3682861328125,205746.19512047266,2.46875,-4.178519099936286e-06,-4.178519099936011e-06,2.752857078576476e-19,6.07221089818218e-05,5.6543589881885793e-05,-4.178519099936286e-06,0.00010455877255175794,0.0,True
anticyclonic,0.5,856.678955078125,2604.3822167148437,0.03125,-1.702091499381196e-07,-1.702091499381197e-07,-7.940933880509066e-23,-7.91831625410297e-09,-1.7812746619222265e-07,-1.702091499381196e-07,-5.175658684053642e-09,0.0,True
anticyclonic,0.5,856.678955078125,7813.146650144531,0.09375,1.4886066670895616e-06,1.4886066670895614e-06,-2.117582368135751e-22,-2.1621399080040412e-07,1.2723926762891573e-06,1.4886066670895616e-06,-1.413242137834741e-07,0.0,True
anticyclonic,0.5,856.678955078125,13021.911083574218,0.15625,3.4676118006772986e-06,3.4676118006772986e-06,0.0,7.009183491547878e-07,4.168530149832086e-06,3.4676118006772986e-06,4.5814211307053777e-07,0.0,True
anticyclonic,0.5,856.678955078125,18230.675517003907,0.21875,5.087073899623814e-06,5.087073899623816e-06,2.541098841762901e-21,5.600877259539488e-06,1.0687951159163304e-05,5.087073899623814e-06,3.660908215383986e-06,0.0,True
anticyclonic,0.5,856.678955078125,23439.439950433592,0.28125,6.149222141040593e-06,6.149222141040596e-06,2.541098841762901e-21,1.0952808714697073e-05,1.710203085573767e-05,6.149222141040593e-06,7.159097681862196e-06,0.0,True
anticyclonic,0.5,856.678955078125,28648.20438386328,0.34375,7.104449905162122e-06,7.1044499051621265e-06,4.235164736271502e-21,1.6289937114806818e-05,2.3394387019968943e-05,7.104449905162122e-06,1.0647611409464834e-05,0.0,True
anticyclonic,0.5,856.678955078125,33856.96881729297,0.40625,8.336656528907112e-06,8.336656528907124e-06,1.1858461261560205e-20,2.2094415752065372e-05,3.0431072280972495e-05,8.336656528907112e-06,1.444159984100348e-05,0.0,True
anticyclonic,0.5,856.678955078125,39065.73325072265,0.46874999999999994,9.681097225517916e-06,9.681097225517919e-06,3.3881317890172014e-21,3.0677203101007696e-05,4.0358300326525614e-05,9.681097225517916e-06,2.0051577574959422e-05,0.0,True
anticyclonic,0.5,856.678955078125,44274.497684152346,0.53125,1.0856598971829044e-05,1.0856598971829071e-05,2.710505431213761e-20,4.193365344376899e-05,5.279025241559806e-05,1.0856598971829044e-05,2.7409144903486265e-05,0.0,True
anticyclonic,0.5,856.678955078125,49483.26211758203,0.59375,1.1815231354556936e-05,1.1815231354556946e-05,1.0164395367051604e-20,5.471501391729364e-05,6.653024527185059e-05,1.1815231354556936e-05,3.576344109550062e-05,0.0,True
anticyclonic,0.5,856.678955078125,54692.02655101172,0.65625,1.2866956054012096e-05,1.2866956054012137e-05,4.0657581468206416e-20,6.784319920638576e-05,8.071015526039789e-05,1.2866956054012096e-05,4.43444328135502e-05,0.0,True
anticyclonic,0.5,856.678955078125,59900.7909844414,0.71875,1.421494484272022e-05,1.4214944842720268e-05,4.743384504624082e-20,8.141415876373007e-05,9.562910360645034e-05,1.421494484272022e-05,5.321483561509463e-05,0.0,True
anticyclonic,0.5,856.678955078125,65109.555417871095,0.78125,1.5766034975261847e-05,1.5766034975261878e-05,3.049318610115481e-20,9.553072180212255e-05,0.00011129675677738442,1.5766034975261847e-05,6.244186188356282e-05,0.0,True
anticyclonic,0.5,856.678955078125,70318.31985130078,0.84375,1.745330640860192e-05,1.745330640860199e-05,7.115076756936123e-20,0.0001096691839727828,0.0001271224903813848,1.745330640860192e-05,7.168320210849065e-05,0.0,True
anticyclonic,0.5,856.678955078125,75527.08428473047,0.9062500000000001,1.9296957095702598e-05,1.9296957095702676e-05,7.792703114739563e-20,0.00012363309589809957,0.00014293005299380226,1.9296957095702598e-05,8.081045084425278e-05,0.0,True
anticyclonic,0.5,856.678955078125,80735.84871816015,0.96875,2.105476642686498e-05,2.1054766426865023e-05,4.404571325722362e-20,0.0001370014427327258,0.0001580562091595908,2.105476642686498e-05,8.954841964541331e-05,0.0,True
anticyclonic,0.5,856.678955078125,85944.61315158985,1.03125,2.2757778241333518e-05,2.2757778241333616e-05,9.825582188149884e-20,0.00014811487621933835,0.00017087265446067196,2.2757778241333518e-05,9.681250669230722e-05,0.0,True
anticyclonic,0.5,856.678955078125,91153.37758501952,1.09375,2.460569952272633e-05,2.4605699522726473e-05,1.4230153513872246e-19,0.00015630943815692335,0.00018091513767964982,2.460569952272633e-05,0.00010216872817844713,0.0,True
anticyclonic,0.5,856.678955078125,96362.14201844922,1.15625,2.661761661695139e-05,2.6617616616951522e-05,1.3213713977167085e-19,0.00016193904159716153,0.00018855665821411306,2.661761661695139e-05,0.00010584841272226026,0.0,True
anticyclonic,0.5,856.678955078125,101570.90645187891,1.21875,2.7127950245510486e-05,2.7127950245510682e-05,1.9651164376299768e-19,0.0001657959618380514,0.00019292391208356206,2.7127950245510486e-05,0.00010836941619040544,0.0,True
anticyclonic,0.5,856.678955078125,106779.67088530859,1.28125,2.5597165725948277e-05,2.559716572594848e-05,2.0328790734103208e-19,0.00015562597160863873,0.00018122313733458722,2.5597165725948277e-05,0.00010172199310720563,0.0,True
anticyclonic,0.5,856.678955078125,111988.43531873828,1.34375,2.600668351786981e-05,2.6006683517869953e-05,1.4230153513872246e-19,0.000133144718760681,0.00015915140227855095,2.600668351786981e-05,8.702754446471205e-05,0.0,True
anticyclonic,0.5,856.678955078125,117197.19975216797,1.40625,2.854333681221666e-05,2.854333681221687e-05,2.1006417091906648e-19,0.00011677118777779243,0.0001453145245900093,2.854333681221666e-05,7.632529349357945e-05,0.0,True
anticyclonic,0.5,856.678955078125,122405.96418559765,1.46875,3.060738069745337e-05,3.060738069745358e-05,2.1006417091906648e-19,0.00010491364502000696,0.00013552102571746054,3.060738069745337e-05,6.857483339872408e-05,0.0,True
anticyclonic,0.5,856.678955078125,127614.72861902734,1.53125,3.212419781278506e-05,3.2124197812785255e-05,1.9651164376299768e-19,9.575620005885246e-05,0.0001278803978716377,3.212419781278506e-05,6.258924151075373e-05,0.0,True
anticyclonic,0.5,856.678955078125,132823.49305245702,1.59375,3.29034267975987e-05,3.290342679759893e-05,2.303929616531697e-19,8.776511309276028e-05,0.00012066853989035922,3.29034267975987e-05,5.736601761771307e-05,0.0,True
anticyclonic,0.5,856.678955078125,138032.25748588672,1.65625,3.369430128985912e-05,3.369430128985924e-05,1.1519648082658485e-19,7.999870823451096e-05,0.0001136930095243702,3.369430128985912e-05,5.228965296409793e-05,0.0,True
anticyclonic,0.5,856.678955078125,143241.0219193164,1.71875,3.362525446121452e-05,3.362525446121464e-05,1.2197274440461925e-19,7.615195501587284e-05,0.00010977720947708748,3.362525446121452e-05,4.9775294979073106e-05,0.0,True
anticyclonic,0.5,856.678955078125,148449.7863527461,1.7812500000000002,3.3220678342382994e-05,3.3220678342383184e-05,1.8973538018496328e-19,7.3246977543698e-05,0.00010646765588608119,3.3220678342382994e-05,4.7876511020671444e-05,0.0,True
anticyclonic,0.5,856.678955078125,153658.55078617577,1.8437499999999998,3.2149470809672214e-05,3.214947080967241e-05,1.9651164376299768e-19,7.303319071052321e-05,0.00010518266152019562,3.2149470809672214e-05,4.77367732728789e-05,0.0,True
anticyclonic,0.5,856.678955078125,158867.31521960546,1.90625,3.12980111105427e-05,3.1298011110542944e-05,2.439454888092385e-19,7.513484567511403e-05,0.00010643285678565698,3.12980111105427e-05,4.911048056358387e-05,0.0,True
anticyclonic,0.5,856.678955078125,164076.07965303515,1.96875,2.9639346867959454e-05,2.9639346867959633e-05,1.7957098481791167e-19,7.822740667101619e-05,0.00010786675353897582,2.9639346867959454e-05,5.113187496875339e-05,0.0,True
anticyclonic,0.5,856.678955078125,169284.84408646484,2.03125,2.8010349267236644e-05,2.8010349267236807e-05,1.6263032587282567e-19,8.184443045510676e-05,0.00010985477972234357,2.8010349267236644e-05,5.349607462405974e-05,0.0,True
anticyclonic,0.5,856.678955078125,174493.60851989454,2.09375,2.675945454586943e-05,2.6759454545869513e-05,8.470329472543003e-20,8.609219174745643e-05,0.00011285164629332594,2.675945454586943e-05,5.6272544004042476e-05,0.0,True
anticyclonic,0.5,856.678955078125,179702.37295332423,2.15625,2.4752223824928782e-05,2.4752223824928985e-05,2.0328790734103208e-19,9.264416496196462e-05,0.0001173963887868936,2.4752223824928782e-05,6.0555118225271e-05,0.0,True
anticyclonic,0.5,856.678955078125,184911.1373867539,2.21875,2.4251610237076517e-05,2.4251610237076713e-05,1.9651164376299768e-19,0.00010054828212053886,0.00012479989235761557,2.4251610237076517e-05,6.572149593724413e-05,0.0,True
anticyclonic,0.5,856.678955078125,190119.9018201836,2.28125,2.4940734271320367e-05,2.4940734271320567e-05,1.9989977555201488e-19,0.00011388926198123832,0.0001388299962525589,2.4940734271320367e-05,7.444157682995103e-05,0.0,True
anticyclonic,0.5,856.678955078125,195328.66625361328,2.34375,2.2242877742840428e-05,2.2242877742840594e-05,1.6601845766184287e-19,0.00012560713733916905,0.00014785001508200966,2.2242877742840428e-05,8.21007459523648e-05,0.0,True
anticyclonic,0.5,856.678955078125,200537.43068704297,2.40625,2.142139830610124e-05,2.1421398306101352e-05,1.1180834903756764e-19,0.00013232513431361975,0.0001537465326197211,2.142139830610124e-05,8.64918384857358e-05,0.0,True
anticyclonic,0.5,856.678955078125,205746.19512047266,2.46875,2.0727812570312174e-05,2.0727812570312374e-05,1.9989977555201488e-19,0.00013770958035294072,0.00015843739292325309,2.0727812570312174e-05,9.001128049940754e-05,0.0,True
anticyclonic,0.5,947.4478759765625,2604.3822167148437,0.03125,1.8756385361370954e-07,1.875638536137097e-07,1.5881867761018131e-22,9.039409833024893e-08,2.779579519439586e-07,1.8756385361370954e-07,8.695697528333274e-07,0.0,True
anticyclonic,0.5,947.4478759765625,7813.146650144531,0.09375,1.7394916030886957e-06,1.7394916030886951e-06,-6.352747104407253e-22,6.378654602270537e-07,2.3773570633157486e-06,1.7394916030886957e-06,6.136114202545729e-06,0.0,True
anticyclonic,0.5,947.4478759765625,13021.911083574218,0.15625,3.4706534234466246e-06,3.4706534234466225e-06,-2.117582368135751e-21,2.523332751246409e-06,5.993986174693031e-06,3.4706534234466246e-06,2.4273861649697118e-05,0.0,True
anticyclonic,0.5,947.4478759765625,18230.675517003907,0.21875,4.887537815137034e-06,4.887537815137027e-06,-6.776263578034403e-21,9.014196064128282e-06,1.3901733879265309e-05,4.887537815137034e-06,8.671442481607412e-05,0.0,True
anticyclonic,0.5,947.4478759765625,23439.439950433592,0.28125,5.667110204216468e-06,5.66711020421646e-06,-8.470329472543003e-21,1.825127549013219e-05,2.391838569434865e-05,5.667110204216468e-06,0.00017557293462748465,0.0,True
anticyclonic,0.5,947.4478759765625,28648.20438386328,0.34375,5.983705861218326e-06,5.983705861218313e-06,-1.2705494208814505e-20,2.8182323051054276e-05,3.416602891227259e-05,5.983705861218326e-06,0.00027110725304478806,0.0,True
anticyclonic,0.5,947.4478759765625,33856.96881729297,0.40625,6.086368927188375e-06,6.086368927188365e-06,-1.0164395367051604e-20,3.9726195059007404e-05,4.581256398619577e-05,6.086368927188375e-06,0.0003821565595163395,0.0,True
anticyclonic,0.5,947.4478759765625,39065.73325072265,0.46874999999999994,6.0310453797198365e-06,6.031045379719835e-06,-1.6940658945086007e-21,5.522140542640087e-05,6.125245080612071e-05,6.0310453797198365e-06,0.0005312168023659088,0.0,True
anticyclonic,0.5,947.4478759765625,44274.497684152346,0.53125,5.735719035107698e-06,5.7357190351076804e-06,-1.7787691892340307e-20,7.631533856070833e-05,8.205105759581602e-05,5.735719035107698e-06,0.0007341354282574886,0.0,True
anticyclonic,0.5,947.4478759765625,49483.26211758203,0.59375,5.207614766909196e-06,5.207614766909191e-06,-5.082197683525802e-21,0.00010061057791439927,0.00010581819268130846,5.207614766909196e-06,0.0009678498595097549,0.0,True
anticyclonic,0.5,947.4478759765625,54692.02655101172,0.65625,4.6273929324736025e-06,4.6273929324736084e-06,5.929230630780102e-21,0.00012600621836328637,0.00013063361129575998,4.6273929324736025e-06,0.001212149887897703,0.0,True
anticyclonic,0.5,947.4478759765625,59900.7909844414,0.71875,4.157392785513787e-06,4.157392785513781e-06,-5.929230630780102e-21,0.0001516663661215704,0.00015582375890708418,4.157392785513787e-06,0.001458994413768381,0.0,True
anticyclonic,0.5,947.4478759765625,65109.555417871095,0.78125,3.858348076452581e-06,3.8583480764525895e-06,8.470329472543003e-21,0.0001779695308652216,0.00018182787894167418,3.858348076452581e-06,0.001712024610289708,0.0,True
anticyclonic,0.5,947.4478759765625,70318.31985130078,0.84375,3.7079046267684547e-06,3.70790462676846e-06,5.082197683525802e-21,0.00020475730013467275,0.00020846520476144122,3.7079046267684547e-06,0.001969716587231503,0.0,True
anticyclonic,0.5,947.4478759765625,75527.08428473047,0.9062500000000001,3.659863469358349e-06,3.6598634693582948e-06,-5.421010862427522e-20,0.00023099047543649457,0.00023465033890585286,3.659863469358349e-06,0.0022220735019484123,0.0,True
anticyclonic,0.5,947.4478759765625,80735.84871816015,0.96875,3.5269559756065725e-06,3.526955975606572e-06,-4.235164736271502e-22,0.00025525714576792865,0.0002587841017435352,3.5269559756065725e-06,0.002455513105993134,0.0,True
anticyclonic,0.5,947.4478759765625,85944.61315158985,1.03125,3.344403995473819e-06,3.3444039954738763e-06,5.717472393966527e-20,0.00027366603376238454,0.0002770104377578584,3.344403995473819e-06,0.0026326022354713876,0.0,True
anticyclonic,0.5,947.4478759765625,91153.37758501952,1.09375,3.3488403158544875e-06,3.3488403158544613e-06,-2.625802136488331e-20,0.000286947803644119,0.00029029664395997345,3.3488403158544875e-06,0.002760369706651352,0.0,True
anticyclonic,0.5,947.4478759765625,96362.14201844922,1.15625,3.321897357343738e-06,3.3218973573437607e-06,2.244637310223896e-20,0.0002965480914687009,0.0002998699888260446,3.321897357343738e-06,0.0028527221949769853,0.0,True
anticyclonic,0.5,947.4478759765625,101570.90645187891,1.21875,1.9905327802339744e-06,1.990532780233943e-06,-3.134021904840911e-20,0.00029870885119439124,0.0003006993839746252,1.9905327802339744e-06,0.002873508190249998,0.0,True
anticyclonic,0.5,947.4478759765625,106779.67088530859,1.28125,7.460044153829662e-07,7.460044153828879e-07,-7.835054762102278e-20,0.0002718678952206333,0.0002726138996360162,7.460044153829662e-07,0.0026153045698472654,0.0,True
anticyclonic,0.5,947.4478759765625,111988.43531873828,1.34375,1.2693022037704755e-06,1.2693022037703459e-06,-1.2959604092990795e-19,0.00023746263635379428,0.00023873193855756462,1.2693022037704755e-06,0.0022843341525120397,0.0,True
anticyclonic,0.5,947.4478759765625,117197.19975216797,1.40625,3.05914213407308e-06,3.0591421340729852e-06,-9.486769009248164e-20,0.00020683768628119436,0.00020989682841526734,3.05914213407308e-06,0.001989729407765643,0.0,True
anticyclonic,0.5,947.4478759765625,122405.96418559765,1.46875,4.7627074140278125e-06,4.762707414027652e-06,-1.6008922703106276e-19,0.0001872676140844654,0.00019203032149849305,4.7627074140278125e-06,0.001801469962100645,0.0,True
anticyclonic,0.5,947.4478759765625,127614.72861902734,1.53125,6.126262294378981e-06,6.126262294378815e-06,-1.6601845766184287e-19,0.00016919699456104153,0.00017532325685542033,6.126262294378981e-06,0.001627634894958098,0.0,True
anticyclonic,0.5,947.4478759765625,132823.49305245702,1.59375,7.135689677006597e-06,7.135689677006444e-06,-1.5331296345302836e-19,0.00015571561700904074,0.00016285130668604718,7.135689677006597e-06,0.0014979472454069419,0.0,True
anticyclonic,0.5,947.4478759765625,138032.25748588672,1.65625,8.057614753860247e-06,8.057614753860037e-06,-2.1006417091906648e-19,0.00014430070717655918,0.00015235832193041923,8.057614753860247e-06,0.0013881385244284825,0.0,True
anticyclonic,0.5,947.4478759765625,143241.0219193164,1.71875,8.763249119233108e-06,8.76324911923296e-06,-1.4738373282224826e-19,0.0001373891192243076,0.00014615236834354054,8.763249119233108e-06,0.00132165069017444,0.0,True
anticyclonic,0.5,947.4478759765625,148449.7863527461,1.7812500000000002,9.017992012393077e-06,9.017992012392933e-06,-1.4399560103323106e-19,0.00013412278223548044,0.00014314077424787338,9.017992012393077e-06,0.0012902293042597547,0.0,True
anticyclonic,0.5,947.4478759765625,153658.55078617577,1.8437499999999998,8.692937293441492e-06,8.692937293441335e-06,-1.5754812818929986e-19,0.00013172622937128602,0.00014041916666472735,8.692937293441492e-06,0.0012671750350069556,0.0,True
anticyclonic,0.5,947.4478759765625,158867.31521960546,1.90625,9.059378803843486e-06,9.059378803843298e-06,-1.8804131429045468e-19,0.00013459879202708954,0.00014365817083093285,9.059378803843486e-06,0.0012948084053789838,0.0,True
anticyclonic,0.5,947.4478759765625,164076.07965303515,1.96875,8.02491994932723e-06,8.024919949327021e-06,-2.0837010502455788e-19,0.00014015103523359112,0.00014817595518291815,8.02491994932723e-06,0.0013482196660910394,0.0,True
anticyclonic,0.5,947.4478759765625,169284.84408646484,2.03125,7.539267579330436e-06,7.5392675793302905e-06,-1.4568966692773966e-19,0.00014640065236971934,0.00015393991994904963,7.539267579330436e-06,0.001408339498345037,0.0,True
anticyclonic,0.5,947.4478759765625,174493.60851989454,2.09375,6.768293733160004e-06,6.768293733159964e-06,-3.9810548520952116e-20,0.00015402083770007057,0.00016078913143323053,6.768293733160004e-06,0.001481643871049204,0.0,True
anticyclonic,0.5,947.4478759765625,179702.37295332423,2.15625,6.199685457554028e-06,6.199685457553906e-06,-1.2197274440461925e-19,0.00016253527996248275,0.00016873496542003667,6.199685457554028e-06,0.0015635507830092051,0.0,True
anticyclonic,0.5,947.4478759765625,184911.1373867539,2.21875,5.095803633468671e-06,5.095803633468594e-06,-7.707999820014133e-20,0.0001772921075043176,0.0001823879111377862,5.095803633468671e-06,0.0017055079584796233,0.0,True
anticyclonic,0.5,947.4478759765625,190119.9018201836,2.28125,4.952260008626645e-06,4.952260008626581e-06,-6.352747104407253e-20,0.0001979070458767238,0.00020285930588535036,4.952260008626645e-06,0.001903818768546842,0.0,True
anticyclonic,0.5,947.4478759765625,195328.66625361328,2.34375,3.597049686453247e-06,3.597049686453092e-06,-1.5500702934753696e-19,0.00022020874116082954,0.00022380579084728264,3.597049686453247e-06,0.0021183557794157756,0.0,True
anticyclonic,0.5,947.4478759765625,200537.43068704297,2.40625,2.6278878239532126e-06,2.6278878239530834e-06,-1.291725244562808e-19,0.0002353673611598134,0.00023799524898376648,2.6278878239532126e-06,0.0022641781028782328,0.0,True
anticyclonic,0.5,947.4478759765625,205746.19512047266,2.46875,9.323475854402768e-07,9.323475854402719e-07,-4.870439446712227e-21,0.00024965966293533006,0.00025059201052077035,9.323475854402768e-07,0.0024016666508246917,0.0,True
anticyclonic,0.5,1045.854248046875,2604.3822167148437,0.03125,1.4186540024713936e-07,1.4186540024713936e-07,0.0,3.2021079693576585e-08,1.7388647994071595e-07,1.4186540024713936e-07,4.492333909490384e-09,0.0,True
anticyclonic,0.5,1045.854248046875,7813.146650144531,0.09375,-6.427649487127281e-07,-6.427649487127289e-07,-8.470329472543003e-22,2.0494185847702886e-07,-4.378230902357e-07,-6.427649487127281e-07,2.8751911838095254e-08,0.0,True
anticyclonic,0.5,1045.854248046875,13021.911083574218,0.15625,-1.0086018313154024e-06,-1.008601831315405e-06,-2.541098841762901e-21,9.853022090401515e-07,-2.3299622275253476e-08,-1.0086018313154024e-06,1.382310205378481e-07,0.0,True
anticyclonic,0.5,1045.854248046875,18230.675517003907,0.21875,-1.4702621713479402e-06,-1.4702621713479455e-06,-5.293955920339377e-21,3.8080954262399358e-06,2.3378332548919905e-06,-1.4702621713479402e-06,5.342492001387638e-07,0.0,True
anticyclonic,0.5,1045.854248046875,23439.439950433592,0.28125,-2.3618775317029604e-06,-2.361877531702968e-06,-7.623296525288703e-21,7.403653590615404e-06,5.041776058912436e-06,-2.3618775317029604e-06,1.038680906375362e-06,0.0,True
anticyclonic,0.5,1045.854248046875,28648.20438386328,0.34375,-3.461657078459958e-06,-3.4616570784599717e-06,-1.3552527156068805e-20,1.11014361356173e-05,7.63977905715733e-06,-3.461657078459958e-06,1.5574539794821366e-06,0.0,True
anticyclonic,0.5,1045.854248046875,33856.96881729297,0.40625,-4.524641859453594e-06,-4.524641859453606e-06,-1.1858461261560205e-20,1.5092617675042345e-05,1.0567975815588739e-05,-4.524641859453594e-06,2.117388882991585e-06,0.0,True
anticyclonic,0.5,1045.854248046875,39065.73325072265,0.46874999999999994,-5.415750800569827e-06,-5.415750800569849e-06,-2.202285662861181e-20,2.0240125545606547e-05,1.4824374745036698e-05,-5.415750800569827e-06,2.8395482972771355e-06,0.0,True
anticyclonic,0.5,1045.854248046875,44274.497684152346,0.53125,-6.361025585934219e-06,-6.361025585934248e-06,-2.964615315390051e-20,2.7195554377819258e-05,2.083452879188501e-05,-6.361025585934219e-06,3.8153463995586225e-06,0.0,True
anticyclonic,0.5,1045.854248046875,49483.26211758203,0.59375,-7.480738171403689e-06,-7.480738171403715e-06,-2.625802136488331e-20,3.502336198663943e-05,2.7542623815235712e-05,-7.480738171403689e-06,4.913533153240254e-06,0.0,True
anticyclonic,0.5,1045.854248046875,54692.02655101172,0.65625,-8.583172738149877e-06,-8.583172738149921e-06,-4.404571325722362e-20,4.2807456267629356e-05,3.422428352947944e-05,-8.583172738149877e-06,6.0055872322342215e-06,0.0,True
anticyclonic,0.5,1045.854248046875,59900.7909844414,0.71875,-9.500528292669758e-06,-9.500528292669795e-06,-3.7269449679189215e-20,5.037223140686037e-05,4.087170311419057e-05,-9.500528292669758e-06,7.066872366927991e-06,0.0,True
anticyclonic,0.5,1045.854248046875,65109.555417871095,0.78125,-1.0234132691893605e-05,-1.0234132691893662e-05,-5.759824041329242e-20,5.79956978066867e-05,4.7761565114793033e-05,-1.0234132691893605e-05,8.136391475700277e-06,0.0,True
anticyclonic,0.5,1045.854248046875,70318.31985130078,0.84375,-1.0872527903030435e-05,-1.0872527903030523e-05,-8.809142651444724e-20,6.566054732885153e-05,5.478801942582101e-05,-1.0872527903030435e-05,9.211716347599256e-06,0.0,True
anticyclonic,0.5,1045.854248046875,75527.08428473047,0.9062500000000001,-1.1456006225922623e-05,-1.1456006225922704e-05,-8.131516293641283e-20,7.301310025854348e-05,6.155709403262078e-05,-1.1456006225922623e-05,1.0243228188032414e-05,0.0,True
anticyclonic,0.5,1045.854248046875,80735.84871816015,0.96875,-1.2098465800545506e-05,-1.2098465800545569e-05,-6.268043809681823e-20,7.968503670591646e-05,6.758657090537088e-05,-1.2098465800545506e-05,1.1179254288067727e-05,0.0,True
anticyclonic,0.5,1045.854248046875,85944.61315158985,1.03125,-1.2786163090773272e-05,-1.27861630907734e-05,-1.2874900798265365e-19,8.451396633817048e-05,7.172780324739708e-05,-1.2786163090773272e-05,1.1856719399835003e-05,0.0,True
anticyclonic,0.5,1045.854248046875,91153.37758501952,1.09375,-1.3470284064334599e-05,-1.3470284064334761e-05,-1.6263032587282567e-19,8.758370536667913e-05,7.411342130234437e-05,-1.3470284064334599e-05,1.2287382352584276e-05,0.0,True
anticyclonic,0.5,1045.854248046875,96362.14201844922,1.15625,-1.424723031075198e-05,-1.4247230310752143e-05,-1.6263032587282567e-19,8.926823025593616e-05,7.502099994518401e-05,-1.424723031075198e-05,1.2523709433176374e-05,0.0,True
anticyclonic,0.5,1045.854248046875,101570.90645187891,1.21875,-1.606208355985616e-05,-1.606208355985646e-05,-2.981555974335137e-19,8.901154519500101e-05,7.294946163514455e-05,-1.606208355985616e-05,1.2487698311304993e-05,0.0,True
anticyclonic,0.5,1045.854248046875,106779.67088530859,1.28125,-1.8277053511005564e-05,-1.8277053511005812e-05,-2.473336205982557e-19,8.033719441531292e-05,6.206014090430711e-05,-1.8277053511005564e-05,1.1270747461324e-05,0.0,True
anticyclonic,0.5,1045.854248046875,111988.43531873828,1.34375,-1.9155380455000947e-05,-1.9155380455001256e-05,-3.083199928005653e-19,6.992536352530863e-05,5.076998307030737e-05,-1.9155380455000947e-05,9.810040282970222e-06,0.0,True
anticyclonic,0.5,1045.854248046875,117197.19975216797,1.40625,-1.9223742029100476e-05,-1.9223742029100825e-05,-3.4897757426877174e-19,6.100185290171044e-05,4.1778110872609615e-05,-1.9223742029100476e-05,8.558134046525316e-06,0.0,True
anticyclonic,0.5,1045.854248046875,122405.96418559765,1.46875,-1.9145390931829504e-05,-1.914539093182986e-05,-3.5575383784680614e-19,5.483610919899801e-05,3.569071826716815e-05,-1.9145390931829504e-05,7.693123254322761e-06,0.0,True
anticyclonic,0.5,1045.854248046875,127614.72861902734,1.53125,-1.93978250322936e-05,-1.9397825032293962e-05,-3.6253010142484055e-19,4.936801715400743e-05,2.9970192121713465e-05,-1.93978250322936e-05,6.925988118687298e-06,0.0,True
anticyclonic,0.5,1045.854248046875,132823.49305245702,1.59375,-1.9617622162018162e-05,-1.9617622162018524e-05,-3.6253010142484055e-19,4.525625231442919e-05,2.5638630152410668e-05,-1.9617622162018162e-05,6.34913622008024e-06,0.0,True
anticyclonic,0.5,1045.854248046875,138032.25748588672,1.65625,-1.9580422646364737e-05,-1.9580422646365065e-05,-3.2864878353466853e-19,4.152888973467862e-05,2.1948467088313554e-05,-1.9580422646364737e-05,5.826213274626342e-06,0.0,True
anticyclonic,0.5,1045.854248046875,143241.0219193164,1.71875,-1.932151285668064e-05,-1.932151285668095e-05,-3.1170812458958252e-19,3.947083808759554e-05,2.0149325230914587e-05,-1.932151285668064e-05,5.537482997879037e-06,0.0,True
anticyclonic,0.5,1045.854248046875,148449.7863527461,1.7812500000000002,-1.9277613020943854e-05,-1.9277613020944213e-05,-3.5914196963582334e-19,3.830237776966351e-05,1.90247647487193e-05,-1.9277613020943854e-05,5.37355617347552e-06,0.0,True
anticyclonic,0.5,1045.854248046875,153658.55078617577,1.8437499999999998,-1.8858526649142226e-05,-1.8858526649142588e-05,-3.6253010142484055e-19,3.807190954594267e-05,1.921338289680008e-05,-1.8858526649142226e-05,5.341223090819071e-06,0.0,True
anticyclonic,0.5,1045.854248046875,158867.31521960546,1.90625,-1.9212705308233697e-05,-1.9212705308234104e-05,-4.0657581468206416e-19,3.919399022505473e-05,1.9981284916820623e-05,-1.9212705308233697e-05,5.498643175719277e-06,0.0,True
anticyclonic,0.5,1045.854248046875,164076.07965303515,1.96875,-1.919017410740963e-05,-1.919017410740998e-05,-3.5236570605778894e-19,4.0924989954918194e-05,2.1734815847508212e-05,-1.919017410740963e-05,5.741490351960629e-06,0.0,True
anticyclonic,0.5,1045.854248046875,169284.84408646484,2.03125,-1.86688844378537e-05,-1.8668884437853942e-05,-2.439454888092385e-19,4.3480929186426665e-05,2.4812044748572722e-05,-1.86688844378537e-05,6.100070780546414e-06,0.0,True
anticyclonic,0.5,1045.854248046875,174493.60851989454,2.09375,-1.8719696123032744e-05,-1.871969612303292e-05,-1.7618285302889447e-19,4.586316653011931e-05,2.714347040708639e-05,-1.8719696123032744e-05,6.434282047060065e-06,0.0,True
anticyclonic,0.5,1045.854248046875,179702.37295332423,2.15625,-1.939450157680682e-05,-1.9394501576807175e-05,-3.5575383784680614e-19,4.869317892958679e-05,2.9298677352779612e-05,-1.939450157680682e-05,6.831313027528731e-06,0.0,True
anticyclonic,0.5,1045.854248046875,184911.1373867539,2.21875,-1.9211991014473313e-05,-1.921199101447356e-05,-2.473336205982557e-19,5.144123412668856e-05,3.2229243112215003e-05,-1.9211991014473313e-05,7.216845984731545e-06,0.0,True
anticyclonic,0.5,1045.854248046875,190119.9018201836,2.28125,-2.0277348704658955e-05,-2.02773487046593e-05,-3.4558944247975454e-19,5.945543287683865e-05,3.917808417217935e-05,-2.0277348704658955e-05,8.341182114156836e-06,0.0,True
anticyclonic,0.5,1045.854248046875,195328.66625361328,2.34375,-2.0067423575456065e-05,-2.0067423575456403e-05,-3.3881317890172014e-19,6.877949222265921e-05,4.871206864720281e-05,-2.0067423575456065e-05,9.64928253969411e-06,0.0,True
anticyclonic,0.5,1045.854248046875,200537.43068704297,2.40625,-2.3512885217249923e-05,-2.3512885217250194e-05,-2.710505431213761e-19,7.453156950884152e-05,5.101868429159132e-05,-2.3512885217249923e-05,1.04562588218808e-05,0.0,True
anticyclonic,0.5,1045.854248046875,205746.19512047266,2.46875,-2.5168164749575477e-05,-2.516816474957585e-05,-3.7269449679189215e-19,7.637616586868652e-05,5.1208001119110665e-05,-2.5168164749575477e-05,1.0715042812175686e-05,0.0,True
anticyclonic,0.5,1151.9912109375,2604.3822167148437,0.03125,2.4895122245177434e-07,2.4895122245177434e-07,0.0,4.181925268026396e-08,2.907704751320383e-07,2.4895122245177434e-07,1.7040069302266067e-09,0.0,True
anticyclonic,0.5,1151.9912109375,7813.146650144531,0.09375,-1.461533342880687e-06,-1.461533342880687e-06,0.0,2.2000330955809158e-07,-1.2415300333225953e-06,-1.461533342880687e-06,8.964463497854436e-09,0.0,True
anticyclonic,0.5,1151.9912109375,13021.911083574218,0.15625,-2.753116527232667e-06,-2.753116527232668e-06,-8.470329472543003e-22,6.839806469777541e-07,-2.0691358802549137e-06,-2.753116527232667e-06,2.7870124114891636e-08,0.0,True
anticyclonic,0.5,1151.9912109375,18230.675517003907,0.21875,-4.057515915853596e-06,-4.057515915853599e-06,-3.3881317890172014e-21,1.997616417066224e-06,-2.059899498787375e-06,-4.057515915853596e-06,8.139677302798238e-08,0.0,True
anticyclonic,0.5,1151.9912109375,23439.439950433592,0.28125,-5.533467789549295e-06,-5.533467789549298e-06,-2.541098841762901e-21,3.4836425320842752e-06,-2.0498252574650227e-06,-5.533467789549295e-06,1.4194780242702083e-07,0.0,True
anticyclonic,0.5,1151.9912109375,28648.20438386328,0.34375,-7.04938210176006e-06,-7.049382101760063e-06,-3.3881317890172014e-21,5.025717618825967e-06,-2.0236644829340956e-06,-7.04938210176006e-06,2.047826563835993e-07,0.0,True
anticyclonic,0.5,1151.9912109375,33856.96881729297,0.40625,-8.530208012359602e-06,-8.530208012359607e-06,-5.082197683525802e-21,6.856918108352332e-06,-1.6732899040072747e-06,-8.530208012359602e-06,2.793984882026098e-07,0.0,True
anticyclonic,0.5,1151.9912109375,39065.73325072265,0.46874999999999994,-9.853740912074027e-06,-9.853740912074034e-06,-6.776263578034403e-21,9.057748715004774e-06,-7.959921970692594e-07,-9.853740912074027e-06,3.6907561932361763e-07,0.0,True
anticyclonic,0.5,1151.9912109375,44274.497684152346,0.53125,-1.1225695074938627e-05,-1.1225695074938629e-05,-1.6940658945086007e-21,1.210820043576958e-05,8.825053608309507e-07,-1.1225695074938627e-05,4.933722181233859e-07,0.0,True
anticyclonic,0.5,1151.9912109375,49483.26211758203,0.59375,-1.2824271366836342e-05,-1.2824271366836352e-05,-1.0164395367051604e-20,1.5288452594972845e-05,2.4641812281364936e-06,-1.2824271366836342e-05,6.229577886878261e-07,0.0,True
anticyclonic,0.5,1151.9912109375,54692.02655101172,0.65625,-1.4551569657886763e-05,-1.4551569657886773e-05,-1.0164395367051604e-20,1.82998533198688e-05,3.748283661982028e-06,-1.4551569657886763e-05,7.456631785747633e-07,0.0,True
anticyclonic,0.5,1151.9912109375,59900.7909844414,0.71875,-1.6364526577692655e-05,-1.6364526577692672e-05,-1.6940658945086007e-20,2.123783885471203e-05,4.873312277019356e-06,-1.6364526577692655e-05,8.653771235023602e-07,0.0,True
anticyclonic,0.5,1151.9912109375,65109.555417871095,0.78125,-1.8181194144028044e-05,-1.8181194144028068e-05,-2.371692252312041e-20,2.411115438685037e-05,5.9299602428223025e-06,-1.8181194144028044e-05,9.824559631680477e-07,0.0,True
anticyclonic,0.5,1151.9912109375,70318.31985130078,0.84375,-2.0096311976076116e-05,-2.0096311976076156e-05,-4.0657581468206416e-20,2.7173117537476536e-05,7.07680556140038e-06,-2.0096311976076116e-05,1.1072216176061494e-06,0.0,True
anticyclonic,0.5,1151.9912109375,75527.08428473047,0.9062500000000001,-2.2215865945276436e-05,-2.2215865945276473e-05,-3.7269449679189215e-20,3.017795526061168e-05,7.962089315335207e-06,-2.2215865945276436e-05,1.2296595851991253e-06,0.0,True
anticyclonic,0.5,1151.9912109375,80735.84871816015,0.96875,-2.4655604336803328e-05,-2.465560433680338e-05,-5.082197683525802e-20,3.2808802882775416e-05,8.153198545972037e-06,-2.4655604336803328e-05,1.3368585974534232e-06,0.0,True
anticyclonic,0.5,1151.9912109375,85944.61315158985,1.03125,-2.7214220283428946e-05,-2.721422028342902e-05,-7.453889935837843e-20,3.4498184863886386e-05,7.2839645804573655e-06,-2.7214220283428946e-05,1.405695757830792e-06,0.0,True
anticyclonic,0.5,1151.9912109375,91153.37758501952,1.09375,-2.9873449704551938e-05,-2.9873449704552036e-05,-9.825582188149884e-20,3.560603260102888e-05,5.732582896476846e-06,-2.9873449704551938e-05,1.4508371723883408e-06,0.0,True
anticyclonic,0.5,1151.9912109375,96362.14201844922,1.15625,-3.277001857941183e-05,-3.2770018579411934e-05,-1.0164395367051604e-19,3.617861321560497e-05,3.408594636193033e-06,-3.277001857941183e-05,1.4741680851335012e-06,0.0,True
anticyclonic,0.5,1151.9912109375,101570.90645187891,1.21875,-3.6531662387297335e-05,-3.653166238729735e-05,-1.3552527156068805e-20,3.6158906451613925e-05,-3.7275593568342343e-07,-3.6531662387297335e-05,1.4733650946384339e-06,0.0,True
anticyclonic,0.5,1151.9912109375,106779.67088530859,1.28125,-4.037568417399813e-05,-4.0375684173998216e-05,-8.809142651444724e-20,3.240187778690727e-05,-7.973806387090944e-06,-4.037568417399813e-05,1.320277641577813e-06,0.0,True
anticyclonic,0.5,1151.9912109375,111988.43531873828,1.34375,-4.313670472314037e-05,-4.313670472314044e-05,-6.776263578034403e-20,2.8546519687507614e-05,-1.4590185035632826e-05,-4.313670472314037e-05,1.1631835641175837e-06,0.0,True
anticyclonic,0.5,1151.9912109375,117197.19975216797,1.40625,-4.539312326308103e-05,-4.539312326308112e-05,-9.486769009248164e-20,2.5006780997674976e-05,-2.0386342265406146e-05,-4.539312326308103e-05,1.0189500144465092e-06,0.0,True
anticyclonic,0.5,1151.9912109375,122405.96418559765,1.46875,-4.705800323290569e-05,-4.7058003232905774e-05,-8.131516293641283e-20,2.2621596395104918e-05,-2.4436406837800856e-05,-4.705800323290569e-05,9.217610205703154e-07,0.0,True
anticyclonic,0.5,1151.9912109375,127614.72861902734,1.53125,-4.8605760539351846e-05,-4.86057605393519e-05,-5.421010862427522e-20,2.062734812433246e-05,-2.797841241501944e-05,-4.8605760539351846e-05,8.405014892254993e-07,0.0,True
anticyclonic,0.5,1151.9912109375,132823.49305245702,1.59375,-4.955883777720239e-05,-4.955883777720249e-05,-1.0164395367051604e-19,1.8740351581860352e-05,-3.081848619534214e-05,-4.955883777720239e-05,7.636121385173358e-07,0.0,True
anticyclonic,0.5,1151.9912109375,138032.25748588672,1.65625,-4.995592025367869e-05,-4.99559202536788e-05,-1.0842021724855044e-19,1.738010206437542e-05,-3.257581818930338e-05,-4.995592025367869e-05,7.081861216453125e-07,0.0,True
anticyclonic,0.5,1151.9912109375,143241.0219193164,1.71875,-5.016396060313425e-05,-5.016396060313436e-05,-1.0842021724855044e-19,1.651799461968893e-05,-3.364596598344543e-05,-5.016396060313425e-05,6.730578740992001e-07,0.0,True
anticyclonic,0.5,1151.9912109375,148449.7863527461,1.7812500000000002,-4.993268867404296e-05,-4.993268867404311e-05,-1.4907779871675686e-19,1.633642214482615e-05,-3.359626652921696e-05,-4.993268867404296e-05,6.656593498388518e-07,0.0,True
anticyclonic,0.5,1151.9912109375,153658.55078617577,1.8437499999999998,-4.908867564480149e-05,-4.908867564480169e-05,-2.0328790734103208e-19,1.639070228774063e-05,-3.2697973357061064e-05,-4.908867564480149e-05,6.67871100020213e-07,0.0,True
anticyclonic,0.5,1151.9912109375,158867.31521960546,1.90625,-4.902051883929755e-05,-4.902051883929761e-05,-6.098637220230962e-20,1.7077494081226852e-05,-3.194302475807076e-05,-4.902051883929755e-05,6.95855769776772e-07,0.0,True
anticyclonic,0.5,1151.9912109375,164076.07965303515,1.96875,-4.7897994478442736e-05,-4.789799447844282e-05,-8.131516293641283e-20,1.7955672740639705e-05,-2.9942321737803113e-05,-4.7897994478442736e-05,7.316388702797331e-07,0.0,True
anticyclonic,0.5,1151.9912109375,169284.84408646484,2.03125,-4.6946585364525814e-05,-4.6946585364525936e-05,-1.2197274440461925e-19,1.928776018608771e-05,-2.7658825178438226e-05,-4.6946585364525814e-05,7.859173686562117e-07,0.0,True
anticyclonic,0.5,1151.9912109375,174493.60851989454,2.09375,-4.5366896319761975e-05,-4.5366896319762185e-05,-2.1006417091906648e-19,2.0552196239518903e-05,-2.481470008024328e-05,-4.5366896319761975e-05,8.374392792543888e-07,0.0,True
anticyclonic,0.5,1151.9912109375,179702.37295332423,2.15625,-4.4480580380029376e-05,-4.448058038002956e-05,-1.8295911660692887e-19,2.197208784088948e-05,-2.250849253914008e-05,-4.4480580380029376e-05,8.952955290397388e-07,0.0,True
anticyclonic,0.5,1151.9912109375,184911.1373867539,2.21875,-4.359109645594304e-05,-4.359109645594318e-05,-1.3552527156068805e-19,2.3536985375956032e-05,-2.0054111079987146e-05,-4.359109645594304e-05,9.590603281201012e-07,0.0,True
anticyclonic,0.5,1151.9912109375,190119.9018201836,2.28125,-4.2069175105706085e-05,-4.20691751057062e-05,-1.1519648082658485e-19,2.6388744395173925e-05,-1.5680430710532275e-05,-4.2069175105706085e-05,1.0752608056665797e-06,0.0,True
anticyclonic,0.5,1151.9912109375,195328.66625361328,2.34375,-4.174184930655876e-05,-4.174184930655894e-05,-1.7618285302889447e-19,2.9898997507345703e-05,-1.1842851799213235e-05,-4.174184930655876e-05,1.218292908026771e-06,0.0,True
anticyclonic,0.5,1151.9912109375,200537.43068704297,2.40625,-4.251415676780355e-05,-4.2514156767803694e-05,-1.4230153513872246e-19,3.3536053458378314e-05,-8.97810330942538e-06,-4.251415676780355e-05,1.3664918391163824e-06,0.0,True
anticyclonic,0.5,1151.9912109375,205746.19512047266,2.46875,-4.1397182896530606e-05,-4.139718289653065e-05,-4.0657581468206416e-20,3.575731718873744e-05,-5.63986570779321e-06,-4.1397182896530606e-05,1.4570015576742958e-06,0.0,True
anticyclonic,0.5,1265.8614501953125,2604.3822167148437,0.03125,2.1696309128382356e-07,2.1696309128382356e-07,0.0,1.6825056739518413e-10,2.1713134185121875e-07,2.1696309128382356e-07,9.653466788294005e-10,1.0,False
anticyclonic,0.5,1265.8614501953125,7813.146650144531,0.09375,-1.6787440728818785e-06,-1.6787440728818785e-06,0.0,1.1623453398529764e-09,-1.6775817275420256e-06,-1.6787440728818785e-06,6.669018897537573e-09,1.0,False
anticyclonic,0.5,1265.8614501953125,13021.911083574218,0.15625,-3.1590015324847343e-06,-3.1590015324847343e-06,0.0,6.31991688619992e-09,-3.1526816155985345e-06,-3.1590015324847343e-06,3.626086301534558e-08,1.0,False
anticyclonic,0.5,1265.8614501953125,18230.675517003907,0.21875,-4.4682141376127985e-06,-4.468214137612799e-06,-8.470329472543003e-22,1.627887187946984e-08,-4.45193526573333e-06,-4.4682141376127985e-06,9.340090287496613e-08,1.0,False
anticyclonic,0.5,1265.8614501953125,23439.439950433592,0.28125,-5.5815957376291695e-06,-5.5815957376291695e-06,0.0,2.6728201147768392e-08,-5.554867536481401e-06,-5.5815957376291695e-06,1.5335449150955392e-07,1.0,False
anticyclonic,0.5,1265.8614501953125,28648.20438386328,0.34375,-6.227208663021584e-06,-6.227208663021586e-06,-1.6940658945086007e-21,3.6643530918472106e-08,-6.190565132103113e-06,-6.227208663021584e-06,2.1024422930856648e-07,1.0,False
anticyclonic,0.5,1265.8614501953125,33856.96881729297,0.40625,-6.378522463794661e-06,-6.3785224637946624e-06,-1.6940658945086007e-21,4.745259841596271e-08,-6.3310698653787e-06,-6.378522463794661e-06,2.7226183537961763e-07,1.0,False
anticyclonic,0.5,1265.8614501953125,39065.73325072265,0.46874999999999994,-6.086445096707362e-06,-6.086445096707366e-06,-3.3881317890172014e-21,6.180924632797545e-08,-6.02463585037939e-06,-6.086445096707362e-06,3.5463387486541877e-07,1.0,False
anticyclonic,0.5,1265.8614501953125,44274.497684152346,0.53125,-5.591327195238247e-06,-5.591327195238249e-06,-1.6940658945086007e-21,7.867135290642397e-08,-5.5126558423318255e-06,-5.591327195238247e-06,4.513811181917351e-07,1.0,False
anticyclonic,0.5,1265.8614501953125,49483.26211758203,0.59375,-5.067668514995932e-06,-5.067668514995935e-06,-3.3881317890172014e-21,9.362523589399109e-08,-4.974043279101944e-06,-5.067668514995932e-06,5.371798260424202e-07,1.0,False
anticyclonic,0.5,1265.8614501953125,54692.02655101172,0.65625,-4.512105913025924e-06,-4.512105913025929e-06,-4.235164736271502e-21,1.0617692353149857e-07,-4.40592898949443e-06,-4.512105913025924e-06,6.091958088837281e-07,1.0,False
anticyclonic,0.5,1265.8614501953125,59900.7909844414,0.71875,-4.011816480742658e-06,-4.011816480742666e-06,-7.623296525288703e-21,1.1836100166285567e-07,-3.89345547907981e-06,-4.011816480742658e-06,6.791026124137122e-07,1.0,False
anticyclonic,0.5,1265.8614501953125,65109.555417871095,0.78125,-3.6141566689687922e-06,-3.6141566689687956e-06,-3.3881317890172014e-21,1.299770371415074e-07,-3.484179631827288e-06,-3.6141566689687922e-06,7.457502406748571e-07,1.0,False
anticyclonic,0.5,1265.8614501953125,70318.31985130078,0.84375,-3.408864405631562e-06,-3.4088644056315707e-06,-8.470329472543003e-21,1.418414123242711e-07,-3.2670229933072994e-06,-3.408864405631562e-06,8.138227313438825e-07,1.0,False
anticyclonic,0.5,1265.8614501953125,75527.08428473047,0.9062500000000001,-3.485338863352665e-06,-3.4853388633526752e-06,-1.0164395367051604e-20,1.5183745347355382e-07,-3.3335014098791214e-06,-3.485338863352665e-06,8.711755550180944e-07,1.0,False
anticyclonic,0.5,1265.8614501953125,80735.84871816015,0.96875,-4.008208064507763e-06,-4.00820806450777e-06,-6.776263578034403e-21,1.590726204858645e-07,-3.8491354440219055e-06,-4.008208064507763e-06,9.126877148535214e-07,1.0,False
anticyclonic,0.5,1265.8614501953125,85944.61315158985,1.03125,-4.893320838798634e-06,-4.893320838798639e-06,-5.082197683525802e-21,1.6273022479242237e-07,-4.7305906140062165e-06,-4.893320838798634e-06,9.336734162658353e-07,1.0,False
anticyclonic,0.5,1265.8614501953125,91153.37758501952,1.09375,-6.117598003076603e-06,-6.117598003076611e-06,-7.623296525288703e-21,1.653386145389502e-07,-5.95225938853766e-06,-6.117598003076603e-06,9.486391927139413e-07,1.0,False
anticyclonic,0.5,1265.8614501953125,96362.14201844922,1.15625,-7.796111582845577e-06,-7.796111582845582e-06,-5.082197683525802e-21,1.664470524925935e-07,-7.629664530352987e-06,-7.796111582845577e-06,9.54998915083999e-07,1.0,False
anticyclonic,0.5,1265.8614501953125,101570.90645187891,1.21875,-1.0006705089174842e-05,-1.0006705089174845e-05,-3.3881317890172014e-21,1.6131405121050983e-07,-9.845391037964335e-06,-1.0006705089174842e-05,9.255480441787732e-07,1.0,False
anticyclonic,0.5,1265.8614501953125,106779.67088530859,1.28125,-1.233002339595518e-05,-1.233002339595518e-05,0.0,1.4841625432269874e-07,-1.2181607141632482e-05,-1.233002339595518e-05,8.515462409003315e-07,1.0,False
anticyclonic,0.5,1265.8614501953125,111988.43531873828,1.34375,-1.4320723021093942e-05,-1.4320723021093946e-05,-3.3881317890172014e-21,1.3182205245439072e-07,-1.4188900968639556e-05,-1.4320723021093942e-05,7.563361152561769e-07,1.0,False
anticyclonic,0.5,1265.8614501953125,117197.19975216797,1.40625,-1.5983228412169454e-05,-1.5983228412169457e-05,-3.3881317890172014e-21,1.1607819840565851e-07,-1.58671502137638e-05,-1.5983228412169454e-05,6.66004905957958e-07,1.0,False
anticyclonic,0.5,1265.8614501953125,122405.96418559765,1.46875,-1.7382629349517783e-05,-1.7382629349517783e-05,0.0,1.0096840555240747e-07,-1.7281660943965377e-05,-1.7382629349517783e-05,5.793116568681864e-07,1.0,False
anticyclonic,0.5,1265.8614501953125,127614.72861902734,1.53125,-1.8345076900466817e-05,-1.834507690046682e-05,-3.3881317890172014e-21,9.079779260317606e-08,-1.8254279107863644e-05,-1.8345076900466817e-05,5.209572181034178e-07,1.0,False
anticyclonic,0.5,1265.8614501953125,132823.49305245702,1.59375,-1.912405092047104e-05,-1.9124050920471048e-05,-6.776263578034403e-21,8.174243641276909e-08,-1.904230848405828e-05,-1.912405092047104e-05,4.690016249701442e-07,1.0,False
anticyclonic,0.5,1265.8614501953125,138032.25748588672,1.65625,-1.968722451654336e-05,-1.9687224516543367e-05,-6.776263578034403e-21,7.577318318666967e-08,-1.9611451333356697e-05,-1.968722451654336e-05,4.347527135630751e-07,1.0,False
anticyclonic,0.5,1265.8614501953125,143241.0219193164,1.71875,-1.9812039441755132e-05,-1.981203944175514e-05,-6.776263578034403e-21,7.12439997094935e-08,-1.9740795442045647e-05,-1.9812039441755132e-05,4.087662797864116e-07,1.0,False
anticyclonic,0.5,1265.8614501953125,148449.7863527461,1.7812500000000002,-2.018760347864944e-05,-2.0187603478649446e-05,-6.776263578034403e-21,7.009974572322313e-08,-2.0117503732926222e-05,-2.018760347864944e-05,4.022010610029948e-07,1.0,False
anticyclonic,0.5,1265.8614501953125,153658.55078617577,1.8437499999999998,-1.9502992637765598e-05,-1.9502992637765615e-05,-1.6940658945086007e-20,7.22564752391313e-08,-1.9430736162526485e-05,-1.9502992637765598e-05,4.145754125879445e-07,1.0,False
anticyclonic,0.5,1265.8614501953125,158867.31521960546,1.90625,-1.9825228657933778e-05,-1.982522865793379e-05,-1.3552527156068805e-20,7.803963612838484e-08,-1.9747189021805406e-05,-1.9825228657933778e-05,4.4775660920444275e-07,1.0,False
anticyclonic,0.5,1265.8614501953125,164076.07965303515,1.96875,-1.9417579622183235e-05,-1.9417579622183245e-05,-1.0164395367051604e-20,8.585948471534849e-08,-1.9331720137467896e-05,-1.9417579622183235e-05,4.926234110182132e-07,1.0,False
anticyclonic,0.5,1265.8614501953125,169284.84408646484,2.03125,-1.8691717282795776e-05,-1.8691717282795796e-05,-2.0328790734103208e-20,9.372679995122777e-08,-1.859799048284457e-05,-1.8691717282795776e-05,5.377625552828606e-07,1.0,False
anticyclonic,0.5,1265.8614501953125,174493.60851989454,2.09375,-1.766933895636709e-05,-1.766933895636712e-05,-3.049318610115481e-20,1.0410942843678661e-07,-1.7565229527930335e-05,-1.766933895636709e-05,5.973334445893571e-07,1.0,False
anticyclonic,0.5,1265.8614501953125,179702.37295332423,2.15625,-1.730545290581319e-05,-1.730545290581323e-05,-4.0657581468206416e-20,1.1321685305494859e-07,-1.719223605275828e-05,-1.730545290581319e-05,6.495877831270793e-07,1.0,False
anticyclonic,0.5,1265.8614501953125,184911.1373867539,2.21875,-1.4889965649813335e-05,-1.4889965649813366e-05,-3.049318610115481e-20,1.2191949004661452e-07,-1.4768046159766752e-05,-1.4889965649813335e-05,6.995196308885809e-07,1.0,False
anticyclonic,0.5,1265.8614501953125,190119.9018201836,2.28125,-1.2146795551821367e-05,-1.2146795551821397e-05,-3.049318610115481e-20,1.3609907610659996e-07,-1.2010696475714797e-05,-1.2146795551821367e-05,7.808757684761111e-07,1.0,False
anticyclonic,0.5,1265.8614501953125,195328.66625361328,2.34375,-1.0414970637181723e-05,-1.0414970637181767e-05,-4.404571325722362e-20,1.6293443304984008e-07,-1.0252036204131926e-05,-1.0414970637181723e-05,9.34845072124949e-07,1.0,False
anticyclonic,0.5,1265.8614501953125,200537.43068704297,2.40625,-7.700663703438131e-06,-7.700663703438185e-06,-5.421010862427522e-20,1.88813352176435e-07,-7.51185035126175e-06,-7.700663703438131e-06,1.0833267623642182e-06,1.0,False
anticyclonic,0.5,1265.8614501953125,205746.19512047266,2.46875,-4.824519229181948e-06,-4.82451922918198e-06,-3.218725199566341e-20,1.9870442769052327e-07,-4.625814801491457e-06,-4.824519229181948e-06,1.1400773400615224e-06,1.0,False
anticyclonic,0.5,1387.376953125,2604.3822167148437,0.03125,-1.54339046738483e-07,-1.54339046738483e-07,0.0,-9.811631175989503e-10,-1.5532020985608194e-07,-1.54339046738483e-07,-8.284948814521232e-10,1.0,False
anticyclonic,0.5,1387.376953125,7813.146650144531,0.09375,1.2654186922507114e-06,1.2654186922507114e-06,0.0,-1.036044688014378e-08,1.2550582453705677e-06,1.2654186922507114e-06,-8.748369211799371e-09,1.0,False
anticyclonic,0.5,1387.376953125,13021.911083574218,0.15625,2.8370786279447797e-06,2.8370786279447797e-06,0.0,2.498206919893704e-08,2.8620606971437166e-06,2.8370786279447797e-06,2.1094878199306898e-08,1.0,False
anticyclonic,0.5,1387.376953125,18230.675517003907,0.21875,4.271271729548868e-06,4.271271729548868e-06,0.0,1.7878806589659292e-07,4.450059795445461e-06,4.271271729548868e-06,1.5096877858855488e-07,1.0,False
anticyclonic,0.5,1387.376953125,23439.439950433592,0.28125,5.282219653469205e-06,5.282219653469205e-06,0.0,3.6923487879972175e-07,5.651454532268926e-06,5.282219653469205e-06,3.117822120013736e-07,1.0,False
anticyclonic,0.5,1387.376953125,28648.20438386328,0.34375,6.103379623454119e-06,6.103379623454119e-06,0.0,5.282457659954074e-07,6.631625389449526e-06,6.103379623454119e-06,4.4605112587898944e-07,0.0,True
anticyclonic,0.5,1387.376953125,33856.96881729297,0.40625,6.857433434425414e-06,6.857433434425414e-06,0.0,6.759663613957125e-07,7.533399795821127e-06,6.857433434425414e-06,5.70786508792392e-07,0.0,True
anticyclonic,0.5,1387.376953125,39065.73325072265,0.46874999999999994,7.485812346595121e-06,7.485812346595121e-06,0.0,8.377826228758965e-07,8.323594969471017e-06,7.485812346595121e-06,7.074242828458286e-07,0.0,True
anticyclonic,0.5,1387.376953125,44274.497684152346,0.53125,7.834052736895004e-06,7.834052736895004e-06,0.0,1.040896520946817e-06,8.874949257841821e-06,7.834052736895004e-06,8.789338125918599e-07,0.0,True
anticyclonic,0.5,1387.376953125,49483.26211758203,0.59375,7.854301393529654e-06,7.854301393529654e-06,0.0,1.2519891190293622e-06,9.106290512559015e-06,7.854301393529654e-06,1.0571805626855633e-06,0.0,True
anticyclonic,0.5,1387.376953125,54692.02655101172,0.65625,7.642574298792279e-06,7.64257429879228e-06,1.6940658945086007e-21,1.4567377747053959e-06,9.099312073497676e-06,7.642574298792279e-06,1.2300704829945475e-06,0.0,True
anticyclonic,0.5,1387.376953125,59900.7909844414,0.71875,7.308698797308761e-06,7.30869879730876e-06,-8.470329472543003e-22,1.6335704481959196e-06,8.94226924550468e-06,7.308698797308761e-06,1.379388126750779e-06,0.0,True
anticyclonic,0.5,1387.376953125,65109.555417871095,0.78125,6.931299830281725e-06,6.931299830281726e-06,8.470329472543003e-22,1.7977548513995994e-06,8.729054681681326e-06,6.931299830281725e-06,1.5180255614735556e-06,0.0,True
anticyclonic,0.5,1387.376953125,70318.31985130078,0.84375,6.562115383219034e-06,6.5621153832190375e-06,3.3881317890172014e-21,1.9516051771791213e-06,8.51372056039816e-06,6.562115383219034e-06,1.6479368933731881e-06,0.0,True
anticyclonic,0.5,1387.376953125,75527.08428473047,0.9062500000000001,6.2378589846233175e-06,6.237858984623317e-06,-8.470329472543003e-22,2.086521139668917e-06,8.324380124292234e-06,6.2378589846233175e-06,1.761860034534994e-06,0.0,True
anticyclonic,0.5,1387.376953125,80735.84871816015,0.96875,5.904665441818346e-06,5.904665441818346e-06,0.0,2.201098287742514e-06,8.10576372956086e-06,5.904665441818346e-06,1.858609065361444e-06,0.0,True
anticyclonic,0.5,1387.376953125,85944.61315158985,1.03125,5.645528852769686e-06,5.645528852769689e-06,3.3881317890172014e-21,2.2620005131547726e-06,7.907529365924462e-06,5.645528852769686e-06,1.9100349507397857e-06,0.0,True
anticyclonic,0.5,1387.376953125,91153.37758501952,1.09375,5.7363378980756244e-06,5.736337898075625e-06,8.470329472543003e-22,2.3268706324859016e-06,8.063208530561527e-06,5.7363378980756244e-06,1.9648113287558586e-06,0.0,True
anticyclonic,0.5,1387.376953125,96362.14201844922,1.15625,6.115190039661024e-06,6.115190039661022e-06,-1.6940658945086007e-21,2.364469620556293e-06,8.479659660217316e-06,6.115190039661024e-06,1.996559942829662e-06,0.0,True
anticyclonic,0.5,1387.376953125,101570.90645187891,1.21875,6.323247501413057e-06,6.3232475014130574e-06,8.470329472543003e-22,2.3726051854334526e-06,8.69585268684651e-06,6.323247501413057e-06,2.003429619988892e-06,0.0,True
anticyclonic,0.5,1387.376953125,106779.67088530859,1.28125,6.974497178444989e-06,6.974497178444991e-06,1.6940658945086007e-21,2.1312865650042954e-06,9.105783743449287e-06,6.974497178444989e-06,1.7996599936764949e-06,0.0,True
anticyclonic,0.5,1387.376953125,111988.43531873828,1.34375,8.632436238270559e-06,8.63243623827056e-06,1.6940658945086007e-21,1.941917464519607e-06,1.0574353702790168e-05,8.632436238270559e-06,1.6397565814480644e-06,0.0,True
anticyclonic,0.5,1387.376953125,117197.19975216797,1.40625,1.1140409256328928e-05,1.1140409256328923e-05,-5.082197683525802e-21,1.8029750548010815e-06,1.2943384311130004e-05,1.1140409256328928e-05,1.522433505189225e-06,0.0,True
anticyclonic,0.5,1387.376953125,122405.96418559765,1.46875,1.3909586461573415e-05,1.390958646157341e-05,-5.082197683525802e-21,1.686669679233433e-06,1.5596256140806842e-05,1.3909586461573415e-05,1.4242251577546345e-06,0.0,True
anticyclonic,0.5,1387.376953125,127614.72861902734,1.53125,1.682582900222034e-05,1.6825829002220334e-05,-6.776263578034403e-21,1.586680493406544e-06,1.8412509495626877e-05,1.682582900222034e-05,1.339794213325266e-06,0.0,True
anticyclonic,0.5,1387.376953125,132823.49305245702,1.59375,1.913957926752613e-05,1.9139579267526122e-05,-6.776263578034403e-21,1.4842207839815827e-06,2.0623800051507705e-05,1.913957926752613e-05,1.253277156893932e-06,0.0,True
anticyclonic,0.5,1387.376953125,138032.25748588672,1.65625,2.151318129780158e-05,2.151318129780157e-05,-1.0164395367051604e-20,1.4380508948693665e-06,2.2951232192670934e-05,2.151318129780158e-05,1.2142912674729247e-06,0.0,True
anticyclonic,0.5,1387.376953125,143241.0219193164,1.71875,2.3465012178271924e-05,2.3465012178271917e-05,-6.776263578034403e-21,1.411222147737677e-06,2.4876234326009595e-05,2.3465012178271924e-05,1.191637053025105e-06,0.0,True
anticyclonic,0.5,1387.376953125,148449.7863527461,1.7812500000000002,2.4829664916853696e-05,2.482966491685369e-05,-6.776263578034403e-21,1.4215706878179038e-06,2.6251235604671592e-05,2.4829664916853696e-05,1.2003753681260143e-06,0.0,True
anticyclonic,0.5,1387.376953125,153658.55078617577,1.8437499999999998,2.5304406802413e-05,2.530440680241299e-05,-1.0164395367051604e-20,1.4941766957113104e-06,2.6798583498124303e-05,2.5304406802413e-05,1.2616839363175752e-06,0.0,True
anticyclonic,0.5,1387.376953125,158867.31521960546,1.90625,2.7311890030182255e-05,2.731189003018224e-05,-1.3552527156068805e-20,1.5322506379372599e-06,2.88441406681195e-05,2.7311890030182255e-05,1.2938336020409423e-06,0.0,True
anticyclonic,0.5,1387.376953125,164076.07965303515,1.96875,2.7712667874185855e-05,2.771266787418585e-05,-3.3881317890172014e-21,1.6490158487100231e-06,2.9361683722895875e-05,2.7712667874185855e-05,1.3924302346718631e-06,0.0,True
anticyclonic,0.5,1387.376953125,169284.84408646484,2.03125,2.6962734824814106e-05,2.69627348248141e-05,-6.776263578034403e-21,1.784686047725168e-06,2.8747420872539267e-05,2.6962734824814106e-05,1.50699025372833e-06,0.0,True
anticyclonic,0.5,1387.376953125,174493.60851989454,2.09375,2.8703503347882515e-05,2.8703503347882502e-05,-1.3552527156068805e-20,1.9217819843176397e-06,3.062528533220014e-05,2.8703503347882515e-05,1.6227541666775884e-06,0.0,True
anticyclonic,0.5,1387.376953125,179702.37295332423,2.15625,2.9144796515205434e-05,2.914479651520542e-05,-1.3552527156068805e-20,2.0262428922500623e-06,3.117103940745548e-05,2.9144796515205434e-05,1.71096103664804e-06,0.0,True
anticyclonic,0.5,1387.376953125,184911.1373867539,2.21875,3.0048840593156613e-05,3.0048840593156592e-05,-2.0328790734103208e-20,2.1679629413440952e-06,3.221680353450069e-05,3.0048840593156613e-05,1.8306295537044905e-06,0.0,True
anticyclonic,0.5,1387.376953125,190119.9018201836,2.28125,3.092876735998046e-05,3.0928767359980455e-05,-6.776263578034403e-21,2.301414894082597e-06,3.323018225406305e-05,3.092876735998046e-05,1.943316483920749e-06,0.0,True
anticyclonic,0.5,1387.376953125,195328.66625361328,2.34375,3.510273006742107e-05,3.510273006742106e-05,-1.3552527156068805e-20,2.450149807738126e-06,3.7552879875159185e-05,3.510273006742107e-05,2.068908357938987e-06,0.0,True
anticyclonic,0.5,1387.376953125,200537.43068704297,2.40625,3.911948356520794e-05,3.9119483565207925e-05,-1.3552527156068805e-20,2.684822531530065e-06,4.180430609673799e-05,3.911948356520794e-05,2.2670661840849964e-06,0.0,True
anticyclonic,0.5,1387.376953125,205746.19512047266,2.46875,4.046558839162072e-05,4.0465588391620684e-05,-3.3881317890172014e-20,2.7602875888699447e-06,4.3225875980490626e-05,4.046558839162072e-05,2.3307889357999027e-06,0.0,True
anticyclonic,0.5,1516.3636474609375,2604.3822167148437,0.03125,-1.2036320806540057e-07,-1.2036320806540057e-07,0.0,4.268088145101378e-09,-1.160951199202992e-07,-1.2036320806540057e-07,1.235192654895624e-09,1.0,False
anticyclonic,0.5,1516.3636474609375,7813.146650144531,0.09375,3.5991201948814875e-06,3.5991201948814875e-06,0.0,-8.412906720146853e-09,3.5907072881613407e-06,3.5991201948814875e-06,-2.434710866731784e-09,1.0,False
anticyclonic,0.5,1516.3636474609375,13021.911083574218,0.15625,7.531840823982604e-06,7.531840823982604e-06,0.0,2.1955671806774923e-08,7.553796495789379e-06,7.531840823982604e-06,6.354012294744481e-09,1.0,False
anticyclonic,0.5,1516.3636474609375,18230.675517003907,0.21875,1.1053610973460891e-05,1.1053610973460891e-05,0.0,2.5280570968116547e-07,1.1306416683142056e-05,1.1053610973460891e-05,7.316244301848505e-08,1.0,False
anticyclonic,0.5,1516.3636474609375,23439.439950433592,0.28125,1.3820310921609246e-05,1.3820310921609246e-05,0.0,5.283889273399109e-07,1.4348699848949157e-05,1.3820310921609246e-05,1.5291673924952016e-07,0.0,True
anticyclonic,0.5,1516.3636474609375,28648.20438386328,0.34375,1.5941789211513953e-05,1.594178921151395e-05,-3.3881317890172014e-21,7.828416629537136e-07,1.6724630874467665e-05,1.5941789211513953e-05,2.2655583463910276e-07,0.0,True
anticyclonic,0.5,1516.3636474609375,33856.96881729297,0.40625,1.7636904079400196e-05,1.763690407940019e-05,-6.776263578034403e-21,1.0113207534522897e-06,1.864822483285248e-05,1.7636904079400196e-05,2.9267810877839905e-07,0.0,True
anticyclonic,0.5,1516.3636474609375,39065.73325072265,0.46874999999999994,1.881357321489481e-05,1.8813573214894805e-05,-3.3881317890172014e-21,1.2416835438375183e-06,2.0055256758732324e-05,1.881357321489481e-05,3.593455291716899e-07,0.0,True
anticyclonic,0.5,1516.3636474609375,44274.497684152346,0.53125,1.9269632015219857e-05,1.9269632015219857e-05,0.0,1.4938232392024302e-06,2.076345525442229e-05,1.9269632015219857e-05,4.32315226407163e-07,0.0,True
anticyclonic,0.5,1516.3636474609375,49483.26211758203,0.59375,1.9005314485966492e-05,1.900531448596649e-05,-3.3881317890172014e-21,1.7770716686394633e-06,2.0782386154605954e-05,1.9005314485966492e-05,5.142878491968066e-07,0.0,True
anticyclonic,0.5,1516.3636474609375,54692.02655101172,0.65625,1.8131540791669654e-05,1.813154079166965e-05,-3.3881317890172014e-21,2.0542725710807956e-06,2.0185813362750447e-05,1.8131540791669654e-05,5.945103064154916e-07,0.0,True
anticyclonic,0.5,1516.3636474609375,59900.7909844414,0.71875,1.683680908353557e-05,1.6836809083535574e-05,3.3881317890172014e-21,2.29861829521926e-06,1.9135427378754835e-05,1.683680908353557e-05,6.652244138683532e-07,0.0,True
anticyclonic,0.5,1516.3636474609375,65109.555417871095,0.78125,1.5190881640354403e-05,1.5190881640354406e-05,3.3881317890172014e-21,2.4921587360974485e-06,1.7683040376451856e-05,1.5190881640354403e-05,7.212353777638331e-07,0.0,True
anticyclonic,0.5,1516.3636474609375,70318.31985130078,0.84375,1.3284525564407404e-05,1.3284525564407404e-05,0.0,2.626310172784762e-06,1.5910835737192167e-05,1.3284525564407404e-05,7.600590532846978e-07,0.0,True
anticyclonic,0.5,1516.3636474609375,75527.08428473047,0.9062500000000001,1.117401212160331e-05,1.1174012121603316e-05,5.082197683525802e-21,2.755375834606721e-06,1.3929387956210036e-05,1.117401212160331e-05,7.974108960915758e-07,0.0,True
anticyclonic,0.5,1516.3636474609375,80735.84871816015,0.96875,8.999219936618844e-06,8.999219936618849e-06,5.082197683525802e-21,2.859268336229326e-06,1.1858488272848175e-05,8.999219936618844e-06,8.274775794730469e-07,0.0,True
anticyclonic,0.5,1516.3636474609375,85944.61315158985,1.03125,6.925929395784839e-06,6.9259293957848405e-06,1.6940658945086007e-21,2.9377093954757294e-06,9.86363879126057e-06,6.925929395784839e-06,8.501785680490663e-07,0.0,True
anticyclonic,0.5,1516.3636474609375,91153.37758501952,1.09375,5.208643408183661e-06,5.208643408183664e-06,3.3881317890172014e-21,2.9472070618689423e-06,8.155850470052607e-06,5.208643408183661e-06,8.529272103846305e-07,0.0,True
anticyclonic,0.5,1516.3636474609375,96362.14201844922,1.15625,3.842757832610809e-06,3.842757832610814e-06,5.082197683525802e-21,2.9292041111876314e-06,6.771961943798446e-06,3.842757832610809e-06,8.477171229421944e-07,0.0,True
anticyclonic,0.5,1516.3636474609375,101570.90645187891,1.21875,2.669249451385188e-06,2.6692494513851973e-06,9.317362419797304e-21,2.862678367926496e-06,5.5319278193116934e-06,2.669249451385188e-06,8.284644489945071e-07,0.0,True
anticyclonic,0.5,1516.3636474609375,106779.67088530859,1.28125,1.7988332772383834e-06,1.798833277238392e-06,8.682087709356578e-21,2.640354532322133e-06,4.439187809560525e-06,1.7988332772383834e-06,7.641235170805507e-07,0.0,True
anticyclonic,0.5,1516.3636474609375,111988.43531873828,1.34375,1.7195263845031314e-06,1.7195263845031422e-06,1.079967007749233e-20,2.420873550367535e-06,4.140399934870677e-06,1.7195263845031314e-06,7.006053123052465e-07,0.0,True
anticyclonic,0.5,1516.3636474609375,117197.19975216797,1.40625,2.715558131263121e-06,2.7155581312631314e-06,1.0164395367051604e-20,2.344826122456001e-06,5.060384253719132e-06,2.715558131263121e-06,6.785970450936516e-07,0.0,True
anticyclonic,0.5,1516.3636474609375,122405.96418559765,1.46875,4.82502184743542e-06,4.825021847435432e-06,1.1858461261560205e-20,2.394735254710632e-06,7.219757102146064e-06,4.82502184743542e-06,6.930408408816766e-07,0.0,True
anticyclonic,0.5,1516.3636474609375,127614.72861902734,1.53125,7.102229400718153e-06,7.102229400718164e-06,1.1011428314305904e-20,2.3328056731964825e-06,9.435035073914646e-06,7.102229400718153e-06,6.751183047000298e-07,0.0,True
anticyclonic,0.5,1516.3636474609375,132823.49305245702,1.59375,9.661728430364882e-06,9.6617284303649e-06,1.8634724839594607e-20,2.1044065842206816e-06,1.1766135014585582e-05,9.661728430364882e-06,6.090191831503597e-07,0.0,True
anticyclonic,0.5,1516.3636474609375,138032.25748588672,1.65625,1.2981776451638158e-05,1.2981776451638173e-05,1.5246593050577406e-20,2.0154679095812056e-06,1.4997244361219379e-05,1.2981776451638158e-05,5.832801651366578e-07,0.0,True
anticyclonic,0.5,1516.3636474609375,143241.0219193164,1.71875,1.4798076729016681e-05,1.4798076729016695e-05,1.3552527156068805e-20,1.963456637964392e-06,1.6761533366981086e-05,1.4798076729016681e-05,5.68228006303761e-07,0.0,True
anticyclonic,0.5,1516.3636474609375,148449.7863527461,1.7812500000000002,1.7131237042420854e-05,1.7131237042420868e-05,1.3552527156068805e-20,1.9333531526639013e-06,1.906459019508477e-05,1.7131237042420854e-05,5.595160016155257e-07,0.0,True
anticyclonic,0.5,1516.3636474609375,153658.55078617577,1.8437499999999998,1.924425352089943e-05,1.9244253520899444e-05,1.3552527156068805e-20,1.9482698968404e-06,2.1192523417739845e-05,1.924425352089943e-05,5.638329351500206e-07,0.0,True
anticyclonic,0.5,1516.3636474609375,158867.31521960546,1.90625,2.147377684917213e-05,2.1473776849172148e-05,1.6940658945086007e-20,1.932986978278645e-06,2.3406763827450792e-05,2.147377684917213e-05,5.594100300667426e-07,0.0,True
anticyclonic,0.5,1516.3636474609375,164076.07965303515,1.96875,2.4974343635277333e-05,2.4974343635277343e-05,1.0164395367051604e-20,1.992101146631584e-06,2.6966444781908928e-05,2.4974343635277333e-05,5.765177804382099e-07,0.0,True
anticyclonic,0.5,1516.3636474609375,169284.84408646484,2.03125,2.5681970763153853e-05,2.5681970763153867e-05,1.3552527156068805e-20,2.0877255074163898e-06,2.7769696270570257e-05,2.5681970763153853e-05,6.041916484688046e-07,0.0,True
anticyclonic,0.5,1516.3636474609375,174493.60851989454,2.09375,2.6475750990894024e-05,2.6475750990894037e-05,1.3552527156068805e-20,2.2030746689237976e-06,2.8678825659817835e-05,2.6475750990894024e-05,6.375739105492741e-07,0.0,True
anticyclonic,0.5,1516.3636474609375,179702.37295332423,2.15625,2.9044511855621302e-05,2.904451185562132e-05,1.6940658945086007e-20,2.287133492124258e-06,3.1331645347745575e-05,2.9044511855621302e-05,6.619006904719302e-07,0.0,True
anticyclonic,0.5,1516.3636474609375,184911.1373867539,2.21875,3.179284415796158e-05,3.1792844157961594e-05,1.3552527156068805e-20,2.381035911716297e-06,3.417388006967789e-05,3.179284415796158e-05,6.890762255156795e-07,0.0,True
anticyclonic,0.5,1516.3636474609375,190119.9018201836,2.28125,3.431700310264931e-05,3.431700310264932e-05,6.776263578034403e-21,2.451226361937393e-06,3.676822946458671e-05,3.431700310264931e-05,7.093894724799957e-07,0.0,True
anticyclonic,0.5,1516.3636474609375,195328.66625361328,2.34375,3.605087638046875e-05,3.605087638046876e-05,6.776263578034403e-21,2.5291712767162255e-06,3.858004765718499e-05,3.605087638046875e-05,7.319468759234508e-07,0.0,True
anticyclonic,0.5,1516.3636474609375,200537.43068704297,2.40625,3.860687761816579e-05,3.86068776181658e-05,6.776263578034403e-21,2.50433120721013e-06,4.111120882537593e-05,3.860687761816579e-05,7.247581135647725e-07,0.0,True
anticyclonic,0.5,1516.3636474609375,205746.19512047266,2.46875,4.306430741387975e-05,4.3064307413879745e-05,-6.776263578034403e-21,2.4761255857013575e-06,4.5540432999581104e-05,4.306430741387975e-05,7.165953541910261e-07,0.0,True
anticyclonic,0.5,1652.5684814453125,2604.3822167148437,0.03125,-1.0105229363652549e-07,-1.0105229363652549e-07,0.0,-1.1584198917917765e-08,-1.1263649255444326e-07,-1.0105229363652549e-07,-7.899357875195318e-10,1.0,False
anticyclonic,0.5,1652.5684814453125,7813.146650144531,0.09375,1.5973255560557092e-06,1.5973255560557092e-06,0.0,-2.447064106609339e-08,1.5728549149896158e-06,1.5973255560557092e-06,-1.6686725822493772e-09,1.0,False
anticyclonic,0.5,1652.5684814453125,13021.911083574218,0.15625,3.4878983486205766e-06,3.4878983486205766e-06,0.0,1.6763834419732788e-07,3.6555366928179044e-06,3.4878983486205766e-06,1.1431392742847459e-08,0.0,True
anticyclonic,0.5,1652.5684814453125,18230.675517003907,0.21875,5.419648166470988e-06,5.419648166470988e-06,0.0,6.495696276393753e-07,6.0692177941103635e-06,5.419648166470988e-06,4.429467233719696e-08,0.0,True
anticyclonic,0.5,1652.5684814453125,23439.439950433592,0.28125,7.374721621896442e-06,7.374721621896444e-06,1.6940658945086007e-21,1.1689557343089096e-06,8.543677356205353e-06,7.374721621896442e-06,7.971202627818483e-08,0.0,True
anticyclonic,0.5,1652.5684814453125,28648.20438386328,0.34375,9.441390863588904e-06,9.441390863588906e-06,1.6940658945086007e-21,1.6985998287188887e-06,1.1139990692307795e-05,9.441390863588904e-06,1.1582888060599532e-07,0.0,True
anticyclonic,0.5,1652.5684814453125,33856.96881729297,0.40625,1.1660244811399505e-05,1.166024481139951e-05,5.082197683525802e-21,2.1776179749934264e-06,1.3837862786392936e-05,1.1660244811399505e-05,1.484935110474017e-07,0.0,True
anticyclonic,0.5,1652.5684814453125,39065.73325072265,0.46874999999999994,1.3965254175843341e-05,1.396525417584335e-05,8.470329472543003e-21,2.73390895198001e-06,1.669916312782336e-05,1.3965254175843341e-05,1.8642743760629523e-07,0.0,True
anticyclonic,0.5,1652.5684814453125,44274.497684152346,0.53125,1.6165105311971463e-05,1.6165105311971473e-05,1.0164395367051604e-20,3.2992880891580104e-06,1.9464393401129485e-05,1.6165105311971463e-05,2.249810930759904e-07,0.0,True
anticyclonic,0.5,1652.5684814453125,49483.26211758203,0.59375,1.8029297779511887e-05,1.80292977795119e-05,1.3552527156068805e-20,3.850047852111736e-06,2.1879345631623638e-05,1.8029297779511887e-05,2.6253784172694715e-07,0.0,True
anticyclonic,0.5,1652.5684814453125,54692.02655101172,0.65625,1.938101940444724e-05,1.938101940444725e-05,1.0164395367051604e-20,4.353274345743841e-06,2.373429375019109e-05,1.938101940444724e-05,2.968532587328752e-07,0.0,True
anticyclonic,0.5,1652.5684814453125,59900.7909844414,0.71875,2.013403611348581e-05,2.0134036113485816e-05,6.776263578034403e-21,4.76046132453162e-06,2.4894497438017436e-05,2.013403611348581e-05,3.246196644235537e-07,0.0,True
anticyclonic,0.5,1652.5684814453125,65109.555417871095,0.78125,2.026513983650752e-05,2.0265139836507533e-05,1.3552527156068805e-20,5.022316349854522e-06,2.5287456186362056e-05,2.026513983650752e-05,3.424757679927398e-07,0.0,True
anticyclonic,0.5,1652.5684814453125,70318.31985130078,0.84375,1.9824638345896584e-05,1.98246383458966e-05,1.6940658945086007e-20,5.191849105178719e-06,2.501648745107532e-05,1.9824638345896584e-05,3.5403634214519466e-07,0.0,True
anticyclonic,0.5,1652.5684814453125,75527.08428473047,0.9062500000000001,1.884257771058525e-05,1.8842577710585262e-05,1.3552527156068805e-20,5.338486901512595e-06,2.4181064612097856e-05,1.884257771058525e-05,3.640356907361415e-07,0.0,True
anticyclonic,0.5,1652.5684814453125,80735.84871816015,0.96875,1.7346117047595367e-05,1.7346117047595377e-05,1.0164395367051604e-20,5.476941395117597e-06,2.2823058442712975e-05,1.7346117047595367e-05,3.73477013370227e-07,0.0,True
anticyclonic,0.5,1652.5684814453125,85944.61315158985,1.03125,1.5505156222309267e-05,1.550515622230928e-05,1.3552527156068805e-20,5.515624353962842e-06,2.1020780576272122e-05,1.5505156222309267e-05,3.7611483526671915e-07,0.0,True
anticyclonic,0.5,1652.5684814453125,91153.37758501952,1.09375,1.3237537567955736e-05,1.3237537567955743e-05,6.776263578034403e-21,5.405769744292521e-06,1.8643307312248265e-05,1.3237537567955736e-05,3.686237615880418e-07,0.0,True
anticyclonic,0.5,1652.5684814453125,96362.14201844922,1.15625,1.0737698525111438e-05,1.0737698525111442e-05,3.3881317890172014e-21,5.184580159163561e-06,1.5922278684275002e-05,1.0737698525111438e-05,3.5354066690380714e-07,0.0,True
anticyclonic,0.5,1652.5684814453125,101570.90645187891,1.21875,8.00461728675e-06,8.004617286750005e-06,5.082197683525802e-21,4.947598170046685e-06,1.295221545679669e-05,8.00461728675e-06,3.3738067556323766e-07,0.0,True
anticyclonic,0.5,1652.5684814453125,106779.67088530859,1.28125,5.408775009383192e-06,5.4087750093831935e-06,1.6940658945086007e-21,4.385084397313029e-06,9.793859406696223e-06,5.408775009383192e-06,2.9902241158629153e-07,0.0,True
anticyclonic,0.5,1652.5684814453125,111988.43531873828,1.34375,3.1755002338493075e-06,3.175500233849305e-06,-2.541098841762901e-21,4.060255747009678e-06,7.235755980858982e-06,3.1755002338493075e-06,2.768720861728182e-07,0.0,True
anticyclonic,0.5,1652.5684814453125,117197.19975216797,1.40625,1.8372021939486144e-06,1.8372021939486085e-06,-5.929230630780102e-21,3.870652774542617e-06,5.707854968491225e-06,1.8372021939486144e-06,2.6394290786423876e-07,0.0,True
anticyclonic,0.5,1652.5684814453125,122405.96418559765,1.46875,3.0817533455052284e-06,3.081753345505227e-06,-1.2705494208814505e-21,3.606831784220303e-06,6.68858512972553e-06,3.0817533455052284e-06,2.4595274356965846e-07,0.0,True
anticyclonic,0.5,1652.5684814453125,127614.72861902734,1.53125,5.675631068026654e-06,5.675631068026657e-06,2.541098841762901e-21,3.417621428990893e-06,9.09325249701755e-06,5.675631068026654e-06,2.3305033814447086e-07,0.0,True
anticyclonic,0.5,1652.5684814453125,132823.49305245702,1.59375,7.504280157286475e-06,7.504280157286484e-06,8.470329472543003e-21,3.461015939371469e-06,1.0965296096657952e-05,7.504280157286475e-06,2.3600944450775025e-07,0.0,True
anticyclonic,0.5,1652.5684814453125,138032.25748588672,1.65625,8.920039946506263e-06,8.920039946506272e-06,8.470329472543003e-21,3.5300779570642647e-06,1.2450117903570536e-05,8.920039946506263e-06,2.407188387196767e-07,0.0,True
anticyclonic,0.5,1652.5684814453125,143241.0219193164,1.71875,1.3798201990509824e-05,1.3798201990509846e-05,2.202285662861181e-20,3.3608470013287002e-06,1.7159048991838546e-05,1.3798201990509824e-05,2.291788445225048e-07,0.0,True
anticyclonic,0.5,1652.5684814453125,148449.7863527461,1.7812500000000002,1.3964810800282391e-05,1.3964810800282413e-05,2.202285662861181e-20,3.315008725164375e-06,1.7279819525446788e-05,1.3964810800282391e-05,2.2605309581627379e-07,0.0,True
anticyclonic,0.5,1652.5684814453125,153658.55078617577,1.8437499999999998,2.106110550403276e-05,2.1061105504032797e-05,3.7269449679189215e-20,3.272389222515064e-06,2.433349472654786e-05,2.106110550403276e-05,2.231468378499244e-07,0.0,True
anticyclonic,0.5,1652.5684814453125,158867.31521960546,1.90625,2.2088034200286716e-05,2.2088034200286757e-05,4.0657581468206416e-20,3.200520725858207e-06,2.5288554926144965e-05,2.2088034200286716e-05,2.1824606759323722e-07,0.0,True
anticyclonic,0.5,1652.5684814453125,164076.07965303515,1.96875,2.7461469462231727e-05,2.746146946223176e-05,3.3881317890172014e-20,3.2671346725502318e-06,3.072860413478199e-05,2.7461469462231727e-05,2.227885258860207e-07,0.0,True
anticyclonic,0.5,1652.5684814453125,169284.84408646484,2.03125,3.341222982678063e-05,3.34122298267807e-05,6.776263578034403e-20,3.3603752794175528e-06,3.6772605106198255e-05,3.341222982678063e-05,2.2914667742817113e-07,0.0,True
anticyclonic,0.5,1652.5684814453125,174493.60851989454,2.09375,3.475943288241242e-05,3.4759432882412496e-05,7.453889935837843e-20,3.4876733868260938e-06,3.824710626923859e-05,3.475943288241242e-05,2.378272371663137e-07,0.0,True
anticyclonic,0.5,1652.5684814453125,179702.37295332423,2.15625,4.051033606266907e-05,4.051033606266918e-05,1.0842021724855044e-19,3.5765705601484266e-06,4.40869066228176e-05,4.051033606266907e-05,2.43889206501804e-07,0.0,True
anticyclonic,0.5,1652.5684814453125,184911.1373867539,2.21875,4.769845007964661e-05,4.769845007964672e-05,1.0842021724855044e-19,3.6422150400126356e-06,5.1340665119659354e-05,4.769845007964661e-05,2.483655560763644e-07,0.0,True
anticyclonic,0.5,1652.5684814453125,190119.9018201836,2.28125,5.406071969040535e-05,5.406071969040546e-05,1.0842021724855044e-19,3.6069278005822113e-06,5.766764749098767e-05,5.406071969040535e-05,2.459592910021565e-07,0.0,True
anticyclonic,0.5,1652.5684814453125,195328.66625361328,2.34375,5.678159696152262e-05,5.678159696152275e-05,1.3552527156068805e-19,3.5365270430141432e-06,6.03181240045369e-05,5.678159696152262e-05,2.411586070476116e-07,0.0,True
anticyclonic,0.5,1652.5684814453125,200537.43068704297,2.40625,6.044384559985504e-05,6.044384559985518e-05,1.4230153513872246e-19,3.312809606079962e-06,6.375665520593514e-05,6.044384559985504e-05,2.2590313612738168e-07,0.0,True
anticyclonic,0.5,1652.5684814453125,205746.19512047266,2.46875,6.96301618082584e-05,6.963016180825849e-05,9.486769009248164e-20,3.3731793203660445e-06,7.300334112862454e-05,6.96301618082584e-05,2.300197952192024e-07,0.0,True
anticyclonic,0.5,1795.6707763671875,2604.3822167148437,0.03125,1.8636106475953604e-07,1.8636106475953604e-07,0.0,4.609456676021726e-09,1.9097052143555777e-07,1.8636106475953604e-07,1.715102559399759e-09,1.0,False
anticyclonic,0.5,1795.6707763671875,7813.146650144531,0.09375,-8.353334824827069e-07,-8.353334824827069e-07,0.0,6.407570809160988e-08,-7.71257774391097e-07,-8.353334824827069e-07,2.3841510760899482e-08,0.0,True
anticyclonic,0.5,1795.6707763671875,13021.911083574218,0.15625,-1.5508934632634628e-06,-1.5508934632634623e-06,4.235164736271502e-22,4.448186284107929e-07,-1.1060748348526694e-06,-1.5508934632634628e-06,1.6550965150072393e-07,0.0,True
anticyclonic,0.5,1795.6707763671875,18230.675517003907,0.21875,-1.9886724816613444e-06,-1.9886724816613444e-06,0.0,1.1697146026392613e-06,-8.189578790220831e-07,-1.9886724816613444e-06,4.352314491184976e-07,0.0,True
anticyclonic,0.5,1795.6707763671875,23439.439950433592,0.28125,-2.359893375617671e-06,-2.3598933756176686e-06,2.541098841762901e-21,2.0179443184587406e-06,-3.41949057158928e-07,-2.359893375617671e-06,7.508436912573067e-07,0.0,True
anticyclonic,0.5,1795.6707763671875,28648.20438386328,0.34375,-2.5774042305792536e-06,-2.5774042305792485e-06,5.082197683525802e-21,2.7324317319520463e-06,1.5502750137279775e-07,-2.5774042305792536e-06,1.0166926356493609e-06,0.0,True
anticyclonic,0.5,1795.6707763671875,33856.96881729297,0.40625,-2.8034968930144656e-06,-2.803496893014459e-06,6.776263578034403e-21,3.5246283779233345e-06,7.211314849088757e-07,-2.8034968930144656e-06,1.3114558996412269e-06,0.0,True
anticyclonic,0.5,1795.6707763671875,39065.73325072265,0.46874999999999994,-3.026847108827523e-06,-3.026847108827515e-06,8.046812998915853e-21,4.437434531025315e-06,1.4105874221978004e-06,-3.026847108827523e-06,1.6510959655876186e-06,0.0,True
anticyclonic,0.5,1795.6707763671875,44274.497684152346,0.53125,-3.1098299025271447e-06,-3.109829902527133e-06,1.1858461261560205e-20,5.386628722791042e-06,2.2767988202639095e-06,-3.1098299025271447e-06,2.0042754186310586e-06,0.0,True
anticyclonic,0.5,1795.6707763671875,49483.26211758203,0.59375,-3.2004184641351496e-06,-3.2004184641351373e-06,1.2281977735187355e-20,6.382187434293399e-06,3.181768970158262e-06,-3.2004184641351496e-06,2.3747063423042786e-06,0.0,True
anticyclonic,0.5,1795.6707763671875,54692.02655101172,0.65625,-3.547686676278809e-06,-3.5476866762787995e-06,9.317362419797304e-21,7.256952218372577e-06,3.7092655420937775e-06,-3.547686676278809e-06,2.7001918442836235e-06,0.0,True
anticyclonic,0.5,1795.6707763671875,59900.7909844414,0.71875,-4.309857007409993e-06,-4.30985700740999e-06,3.3881317890172014e-21,7.967761698221947e-06,3.6579046908119573e-06,-4.309857007409993e-06,2.964672290423198e-06,0.0,True
anticyclonic,0.5,1795.6707763671875,65109.555417871095,0.78125,-5.376660024456027e-06,-5.376660024456033e-06,-5.929230630780102e-21,8.450281646215046e-06,3.0736216217590136e-06,-5.376660024456027e-06,3.1442099791207414e-06,0.0,True
anticyclonic,0.5,1795.6707763671875,70318.31985130078,0.84375,-6.4560390907764275e-06,-6.456039090776445e-06,-1.7787691892340307e-20,8.753530701329637e-06,2.2974916105531916e-06,-6.4560390907764275e-06,3.2570439348596375e-06,0.0,True
anticyclonic,0.5,1795.6707763671875,75527.08428473047,0.9062500000000001,-7.415658002083528e-06,-7.415658002083565e-06,-3.6422416731934915e-20,8.994480614021641e-06,1.5788226119380763e-06,-7.415658002083528e-06,3.346697410527375e-06,0.0,True
anticyclonic,0.5,1795.6707763671875,80735.84871816015,0.96875,-8.265097727981006e-06,-8.265097727981059e-06,-5.251604272976662e-20,9.123359522202693e-06,8.582617942216338e-07,-8.265097727981006e-06,3.3946511197842196e-06,0.0,True
anticyclonic,0.5,1795.6707763671875,85944.61315158985,1.03125,-9.104163385730167e-06,-9.104163385730194e-06,-2.710505431213761e-20,9.058364886345118e-06,-4.57984993850758e-08,-9.104163385730167e-06,3.3704676912065185e-06,0.0,True
anticyclonic,0.5,1795.6707763671875,91153.37758501952,1.09375,-9.979145047319564e-06,-9.97914504731964e-06,-7.623296525288703e-20,8.7429726117848e-06,-1.2361724355348397e-06,-9.979145047319564e-06,3.253115444437996e-06,0.0,True
anticyclonic,0.5,1795.6707763671875,96362.14201844922,1.15625,-1.054594658907145e-05,-1.054594658907159e-05,-1.4060746924421386e-19,8.125016859521018e-06,-2.420929729550572e-06,-1.054594658907145e-05,3.0231843339414453e-06,0.0,True
anticyclonic,0.5,1795.6707763671875,101570.90645187891,1.21875,-1.0562514476766854e-05,-1.0562514476766988e-05,-1.3383120566617945e-19,7.454062613040375e-06,-3.108451863726613e-06,-1.0562514476766854e-05,2.773533360679176e-06,0.0,True
anticyclonic,0.5,1795.6707763671875,106779.67088530859,1.28125,-9.91133879047651e-06,-9.911338790476571e-06,-6.098637220230962e-20,6.784453231271332e-06,-3.126885559205239e-06,-9.91133879047651e-06,2.5243827893234726e-06,0.0,True
anticyclonic,0.5,1795.6707763671875,111988.43531873828,1.34375,-8.056970661534874e-06,-8.05697066153502e-06,-1.4568966692773966e-19,7.236261820019633e-06,-8.207088415153863e-07,-8.056970661534874e-06,2.6924932894073553e-06,0.0,True
anticyclonic,0.5,1795.6707763671875,117197.19975216797,1.40625,-4.187754343398436e-06,-4.187754343398526e-06,-8.978549240895584e-20,7.8344510244397e-06,3.6466966810411737e-06,-4.187754343398436e-06,2.915069594515755e-06,0.0,True
anticyclonic,0.5,1795.6707763671875,122405.96418559765,1.46875,2.9716679042433783e-06,2.9716679042433148e-06,-6.352747104407253e-20,7.911574372953853e-06,1.0883242277197167e-05,2.9716679042433783e-06,2.9437659163868752e-06,0.0,True
anticyclonic,0.5,1795.6707763671875,127614.72861902734,1.53125,1.172593871518277e-05,1.1725938715182823e-05,5.251604272976662e-20,8.995965125582745e-06,2.0721903840765568e-05,1.172593871518277e-05,3.347249772715993e-06,0.0,True
anticyclonic,0.5,1795.6707763671875,132823.49305245702,1.59375,1.9468611578731082e-05,1.9468611578731164e-05,8.131516293641283e-20,8.761539394753697e-06,2.823015097348486e-05,1.9468611578731082e-05,3.2600238371679735e-06,0.0,True
anticyclonic,0.5,1795.6707763671875,138032.25748588672,1.65625,2.1396374038172183e-05,2.1396374038172275e-05,9.147955830346444e-20,8.412895855068947e-06,2.980926989324122e-05,2.1396374038172183e-05,3.130299344834186e-06,0.0,True
anticyclonic,0.5,1795.6707763671875,143241.0219193164,1.71875,2.8198767573682464e-05,2.819876757368269e-05,2.270048298641525e-19,7.52241962189356e-06,3.572118719557625e-05,2.8198767573682464e-05,2.798967872613497e-06,0.0,True
anticyclonic,0.5,1795.6707763671875,148449.7863527461,1.7812500000000002,3.414499745724285e-05,3.414499745724321e-05,3.5914196963582334e-19,6.189551254800332e-06,4.033454871204354e-05,3.414499745724285e-05,2.30302960734325e-06,0.0,True
anticyclonic,0.5,1795.6707763671875,153658.55078617577,1.8437499999999998,3.59653349338121e-05,3.596533493381253e-05,4.2690460541616737e-19,5.211916355959191e-06,4.117725128977172e-05,3.59653349338121e-05,1.9392678377873408e-06,0.0,True
anticyclonic,0.5,1795.6707763671875,158867.31521960546,1.90625,4.031648520792671e-05,4.031648520792727e-05,5.55653613398821e-19,4.052957637948494e-06,4.436944284587576e-05,4.031648520792671e-05,1.5080384753683496e-06,0.0,True
anticyclonic,0.5,1795.6707763671875,164076.07965303515,1.96875,4.0405677529699896e-05,4.040567752970028e-05,3.8624702394796095e-19,2.9758276046182474e-06,4.338150513431853e-05,4.0405677529699896e-05,1.1072562125517532e-06,0.0,True
anticyclonic,0.5,1795.6707763671875,169284.84408646484,2.03125,4.420139658974776e-05,4.4201396589748454e-05,6.911788849595091e-19,2.2756687955343042e-06,4.6477065385282755e-05,4.420139658974776e-05,8.46738704774119e-07,0.0,True
anticyclonic,0.5,1795.6707763671875,174493.60851989454,2.09375,4.555997135107375e-05,4.555997135107413e-05,3.7947076036992655e-19,1.7503108254053565e-06,4.731028217647948e-05,4.555997135107375e-05,6.512616968533326e-07,0.0,True
anticyclonic,0.5,1795.6707763671875,179702.37295332423,2.15625,4.582357850517672e-05,4.582357850517755e-05,8.334804200982315e-19,9.682449900807532e-07,4.6791823495258305e-05,4.582357850517672e-05,3.602679398750177e-07,0.0,True
anticyclonic,0.5,1795.6707763671875,184911.1373867539,2.21875,4.520673957500591e-05,4.520673957500697e-05,1.0570971181733668e-18,8.154496030147445e-08,4.5288284535308445e-05,4.520673957500591e-05,3.0341530455584516e-08,0.0,True
anticyclonic,0.5,1795.6707763671875,190119.9018201836,2.28125,4.6963938890427485e-05,4.696393889042816e-05,6.776263578034403e-19,-4.6338157148843275e-07,4.650055731893973e-05,4.6963938890427485e-05,-1.7241661547070095e-07,0.0,True
anticyclonic,0.5,1795.6707763671875,195328.66625361328,2.34375,4.876220098521572e-05,4.87622009852164e-05,6.776263578034403e-19,-1.0841711893001333e-06,4.767802979591626e-05,4.876220098521572e-05,-4.034021604474616e-07,0.0,True
anticyclonic,0.5,1795.6707763671875,200537.43068704297,2.40625,4.871134865726064e-05,4.871134865726168e-05,1.043544591017298e-18,-1.4994391858494255e-06,4.7211909471412256e-05,4.871134865726064e-05,-5.579165107880319e-07,0.0,True
anticyclonic,0.5,1795.6707763671875,205746.19512047266,2.46875,4.699719612060848e-05,4.69971961206091e-05,6.2341624917916505e-19,-2.0474674410427835e-06,4.494972867956632e-05,4.699719612060848e-05,-7.618287566704969e-07,0.0,True
anticyclonic,0.5,1945.2955322265625,2604.3822167148437,0.03125,8.211439827222339e-07,8.211439827222344e-07,5.293955920339377e-22,1.0954960805272256e-06,1.9166400632494603e-06,8.211439827222339e-07,6.351587736250849e-08,0.0,True
anticyclonic,0.5,1945.2955322265625,7813.146650144531,0.09375,-2.537881169326175e-06,-2.5378811693261734e-06,1.6940658945086007e-21,3.406073513261471e-06,8.681923439352975e-07,-2.537881169326175e-06,1.9748107857390684e-07,0.0,True
anticyclonic,0.5,1945.2955322265625,13021.911083574218,0.15625,-4.995584966523975e-06,-4.995584966523966e-06,9.317362419797304e-21,4.669510179137569e-06,-3.260747873863972e-07,-4.995584966523975e-06,2.7073400001426657e-07,0.0,True
anticyclonic,0.5,1945.2955322265625,18230.675517003907,0.21875,-7.2552849155464026e-06,-7.255284915546386e-06,1.6940658945086007e-20,1.2013802193977757e-05,4.7585172784313715e-06,-7.2552849155464026e-06,6.965494449262548e-07,0.0,True
anticyclonic,0.5,1945.2955322265625,23439.439950433592,0.28125,-9.374576138861095e-06,-9.374576138861065e-06,3.049318610115481e-20,1.8413183069888955e-05,9.03860693102789e-06,-9.374576138861095e-06,1.0675797919401308e-06,0.0,True
anticyclonic,0.5,1945.2955322265625,28648.20438386328,0.34375,-1.1441444401100017e-05,-1.1441444401099973e-05,4.404571325722362e-20,2.7773506834471558e-05,1.6332062433371585e-05,-1.1441444401100017e-05,1.6102829443041956e-06,0.0,True
anticyclonic,0.5,1945.2955322265625,33856.96881729297,0.40625,-1.3976931519256602e-05,-1.3976931519256572e-05,3.049318610115481e-20,3.8054525186674726e-05,2.4077593667418156e-05,-1.3976931519256602e-05,2.2063671407040262e-06,0.0,True
anticyclonic,0.5,1945.2955322265625,39065.73325072265,0.46874999999999994,-1.664520835857865e-05,-1.6645208358578604e-05,4.404571325722362e-20,4.816654659468265e-05,3.152133823610404e-05,-1.664520835857865e-05,2.792653046290276e-06,0.0,True
anticyclonic,0.5,1945.2955322265625,44274.497684152346,0.53125,-1.9280952897546014e-05,-1.9280952897545922e-05,9.147955830346444e-20,5.83439161121887e-05,3.906296321464278e-05,-1.9280952897546014e-05,3.3827277764853344e-06,0.0,True
anticyclonic,0.5,1945.2955322265625,49483.26211758203,0.59375,-2.169287267255316e-05,-2.1692872672553044e-05,1.1519648082658485e-19,6.884410860960795e-05,4.715123593705491e-05,-2.169287267255316e-05,3.991519492680104e-06,0.0,True
anticyclonic,0.5,1945.2955322265625,54692.02655101172,0.65625,-2.405922542581155e-05,-2.405922542581146e-05,9.147955830346444e-20,7.983745197603746e-05,5.5778226550226e-05,-2.405922542581155e-05,4.628903652676402e-06,0.0,True
anticyclonic,0.5,1945.2955322265625,59900.7909844414,0.71875,-2.657699159259117e-05,-2.6576991592591025e-05,1.4568966692773966e-19,8.964080214236763e-05,6.30638105497766e-05,-2.657699159259117e-05,5.197293077316502e-06,0.0,True
anticyclonic,0.5,1945.2955322265625,65109.555417871095,0.78125,-2.898995038259992e-05,-2.898995038259981e-05,1.0842021724855044e-19,9.717637982433547e-05,6.818642944173566e-05,-2.898995038259992e-05,5.6341990931492355e-06,0.0,True
anticyclonic,0.5,1945.2955322265625,70318.31985130078,0.84375,-3.103698376037229e-05,-3.1036983760372154e-05,1.3552527156068805e-19,0.0001025366633785805,7.149967961820835e-05,-3.103698376037229e-05,5.944983512109315e-06,0.0,True
anticyclonic,0.5,1945.2955322265625,75527.08428473047,0.9062500000000001,-3.243629682235872e-05,-3.2436296822358575e-05,1.4230153513872246e-19,0.00010620032630699444,7.376402948463586e-05,-3.243629682235872e-05,6.157399393274967e-06,0.0,True
anticyclonic,0.5,1945.2955322265625,80735.84871816015,0.96875,-3.310428259581692e-05,-3.3104282595816824e-05,9.486769009248164e-20,0.0001081323080968663,7.502802550104947e-05,-3.310428259581692e-05,6.269413959655747e-06,0.0,True
anticyclonic,0.5,1945.2955322265625,85944.61315158985,1.03125,-3.3281558375786874e-05,-3.328155837578684e-05,3.3881317890172014e-20,0.0001085369138182299,7.525535544244307e-05,-3.3281558375786874e-05,6.292872635442091e-06,0.0,True
anticyclonic,0.5,1945.2955322265625,91153.37758501952,1.09375,-3.293692505182848e-05,-3.293692505182838e-05,9.486769009248164e-20,0.00010710988754313459,7.41729624913062e-05,-3.293692505182848e-05,6.2101349356062234e-06,0.0,True
anticyclonic,0.5,1945.2955322265625,96362.14201844922,1.15625,-3.18656946076216e-05,-3.186569460762154e-05,6.098637220230962e-20,0.00010303893202371505,7.117323741609352e-05,-3.18656946076216e-05,5.974104596369193e-06,0.0,True
anticyclonic,0.5,1945.2955322265625,101570.90645187891,1.21875,-2.987856045536731e-05,-2.9878560455367334e-05,-2.371692252312041e-20,9.627491003276821e-05,6.639634957740087e-05,-2.987856045536731e-05,5.581932685496151e-06,0.0,True
anticyclonic,0.5,1945.2955322265625,106779.67088530859,1.28125,-2.7483142346765523e-05,-2.7483142346765537e-05,-1.3552527156068805e-20,9.152205092027216e-05,6.403890857350662e-05,-2.7483142346765523e-05,5.3063661892971915e-06,0.0,True
anticyclonic,0.5,1945.2955322265625,111988.43531873828,1.34375,-2.325067431363568e-05,-2.3250674313635738e-05,-5.759824041329242e-20,9.280884159346428e-05,6.955816727982854e-05,-2.325067431363568e-05,5.3809731550750665e-06,0.0,True
anticyclonic,0.5,1945.2955322265625,117197.19975216797,1.40625,-1.5566944705178194e-05,-1.556694470517824e-05,-4.743384504624082e-20,9.34039968617748e-05,7.783705215659655e-05,-1.5566944705178194e-05,5.415479722196209e-06,0.0,True
anticyclonic,0.5,1945.2955322265625,122405.96418559765,1.46875,-6.114310854878721e-06,-6.114310854878731e-06,-1.0164395367051604e-20,0.00010858170228893802,0.00010246739143405929,-6.114310854878721e-06,6.2954694306870195e-06,0.0,True
anticyclonic,0.5,1945.2955322265625,127614.72861902734,1.53125,7.912480254060595e-06,7.912480254060619e-06,2.371692252312041e-20,0.00010485782305405735,0.00011277030330811797,7.912480254060595e-06,6.07956226223632e-06,0.0,True
anticyclonic,0.5,1945.2955322265625,132823.49305245702,1.59375,2.188737288964288e-05,2.1887372889642892e-05,1.3552527156068805e-20,0.00014222425021414716,0.00016411162310379004,2.188737288964288e-05,8.246034098295424e-06,0.0,True
anticyclonic,0.5,1945.2955322265625,138032.25748588672,1.65625,2.2309236639244186e-05,2.2309236639244268e-05,8.131516293641283e-20,0.0001310933408085217,0.00015340257744776595,2.2309236639244186e-05,7.600673983085657e-06,0.0,True
anticyclonic,0.5,1945.2955322265625,143241.0219193164,1.71875,2.6083403942300718e-05,2.6083403942300982e-05,2.642742795433417e-19,0.0001242820166041901,0.0001503654205464911,2.6083403942300718e-05,7.205759532428379e-06,0.0,True
anticyclonic,0.5,1945.2955322265625,148449.7863527461,1.7812500000000002,3.891472283116242e-05,3.891472283116272e-05,3.049318610115481e-19,0.00010714755371927233,0.00014606227655043506,3.891472283116242e-05,6.2123187866183865e-06,0.0,True
anticyclonic,0.5,1945.2955322265625,153658.55078617577,1.8437499999999998,3.153005711423653e-05,3.153005711423703e-05,5.014435047745458e-19,9.067414013043367e-05,0.0001222041972446707,3.153005711423653e-05,5.257205084388619e-06,0.0,True
anticyclonic,0.5,1945.2955322265625,158867.31521960546,1.90625,3.80165469530219e-05,3.801654695302249e-05,5.89534931288993e-19,7.299855622198174e-05,0.00011101510317500423,3.80165469530219e-05,4.2323906283664195e-06,0.0,True
anticyclonic,0.5,1945.2955322265625,164076.07965303515,1.96875,3.329325503176605e-05,3.329325503176651e-05,4.607859233063394e-19,5.874513224549277e-05,9.203838727725928e-05,3.329325503176605e-05,3.405989927004884e-06,0.0,True
anticyclonic,0.5,1945.2955322265625,169284.84408646484,2.03125,3.163751376783201e-05,3.1637513767832926e-05,9.147955830346444e-19,4.377777039840364e-05,7.541528416623656e-05,3.163751376783201e-05,2.538195750085074e-06,0.0,True
anticyclonic,0.5,1945.2955322265625,174493.60851989454,2.09375,3.026952785171491e-05,3.0269527851715426e-05,5.149960319306146e-19,3.236185246502634e-05,6.263138031674177e-05,3.026952785171491e-05,1.8763110967982351e-06,0.0,True
anticyclonic,0.5,1945.2955322265625,179702.37295332423,2.15625,2.2699677468014224e-05,2.2699677468015508e-05,1.2841019480375193e-18,1.7153821949622802e-05,3.985349941763831e-05,2.2699677468014224e-05,9.945631669683283e-07,0.0,True
anticyclonic,0.5,1945.2955322265625,184911.1373867539,2.21875,1.3692343381295725e-05,1.369234338129755e-05,1.824508968385763e-18,5.854833684249936e-06,1.9547177065547487e-05,1.3692343381295725e-05,3.394579906554588e-07,0.0,True
anticyclonic,0.5,1945.2955322265625,190119.9018201836,2.28125,9.435097520799613e-06,9.435097520800826e-06,1.212951180468158e-18,-8.789498980831045e-06,6.455985399697808e-07,9.435097520799613e-06,-5.096072448526516e-07,0.0,True
anticyclonic,0.5,1945.2955322265625,195328.66625361328,2.34375,7.084410202745378e-06,7.084410202746578e-06,1.2002456862593436e-18,-2.0641598950676468e-05,-1.355718874792989e-05,7.084410202745378e-06,-1.196781340273054e-06,0.0,True
anticyclonic,0.5,1945.2955322265625,200537.43068704297,2.40625,6.612067988472102e-07,6.612067988492551e-07,2.0449492929086946e-18,-3.2807241019795206e-05,-3.214603422094595e-05,6.612067988472102e-07,-1.902134324581715e-06,0.0,True
anticyclonic,0.5,1945.2955322265625,205746.19512047266,2.46875,-1.177931419256409e-05,-1.1779314192562769e-05,1.3213713977167085e-18,-4.4977642657781185e-05,-5.675695685034395e-05,-1.177931419256409e-05,-2.6077632644121196e-06,0.0,True
cyclonic,0.5,0.5057600140571594,2439.837571776047,0.03125,1.1601104538920197e-06,1.1601104538920197e-06,0.0,-4.298627840957119e-09,1.1558118260510627e-06,1.1601104538920197e-06,-1.0134335435668628e-08,1.0,False
cyclonic,0.5,0.5057600140571594,7319.512715328141,0.09375,-0.03597547700039824,-0.03597547700039824,0.0,8.470741164776503e-08,-0.035975392292986595,-0.03597547700039824,1.997040347029842e-07,1.0,False
cyclonic,0.5,0.5057600140571594,12199.187858880234,0.15625,-0.07215687120147955,-0.07215687120147955,0.0,2.7773411376075764e-07,-0.07215659346736579,-0.07215687120147955,6.54778867796326e-07,1.0,False
cyclonic,0.5,0.5057600140571594,17078.86300243233,0.21875,-0.10701923271307318,-0.10701923271307318,0.0,5.116976111714775e-07,-0.107018721015462,-0.10701923271307318,1.2063652460984982e-06,1.0,False
cyclonic,0.5,0.5057600140571594,21958.53814598442,0.28125,-0.13938700157297734,-0.13938700157297734,0.0,5.697862365076871e-07,-0.13938643178674084,-0.13938700157297734,1.3433135086452163e-06,0.0,True
cyclonic,0.5,0.5057600140571594,26838.213289536514,0.34375,-0.16812386348742323,-0.16812386348742323,0.0,4.0462795632725286e-07,-0.1681234588594669,-0.16812386348742323,9.539405567978693e-07,0.0,True
cyclonic,0.5,0.5057600140571594,31717.88843308861,0.40625,-0.19339888016464232,-0.19339888016464232,0.0,-3.5871821647161253e-09,-0.19339888375182449,-0.19339888016464232,-8.457049242482625e-09,0.0,True
cyclonic,0.5,0.5057600140571594,36597.5635766407,0.46874999999999994,-0.21485673290384097,-0.21485673290384097,0.0,-5.76637737150815e-07,-0.2148573095415781,-0.21485673290384097,-1.359466431932406e-06,0.0,True
cyclonic,0.5,0.5057600140571594,41477.2387201928,0.53125,-0.2316866165124739,-0.2316866165124739,0.0,-1.2775246611109188e-06,-0.23168789403713502,-0.2316866165124739,-3.0118595798593792e-06,0.0,True
cyclonic,0.5,0.5057600140571594,46356.91386374489,0.59375,-0.24393758039897737,-0.24393758039897737,0.0,-1.7175131570205558e-06,-0.2439392979121344,-0.24393758039897737,-4.049165243517565e-06,0.0,True
cyclonic,0.5,0.5057600140571594,51236.589007296985,0.65625,-0.2504323686412309,-0.2504323686412309,0.0,-2.0281289933985715e-06,-0.25043439677022433,-0.2504323686412309,-4.781465222476589e-06,0.0,True
cyclonic,0.5,0.5057600140571594,56116.26415084908,0.71875,-0.2508479758366481,-0.2508479758366481,0.0,-2.631573837294102e-06,-0.25085060741048537,-0.2508479758366481,-6.204131406018622e-06,0.0,True
cyclonic,0.5,0.5057600140571594,60995.93929440117,0.78125,-0.24495258424168556,-0.24495258424168556,0.0,-3.644544460187676e-06,-0.24495622878614576,-0.24495258424168556,-8.592285128252907e-06,0.0,True
cyclonic,0.5,0.5057600140571594,65875.61443795326,0.84375,-0.23194355939122888,-0.23194355939122888,0.0,-4.8838659372947865e-06,-0.23194844325716618,-0.23194355939122888,-1.1514077855216513e-05,0.0,True
cyclonic,0.5,0.5057600140571594,70755.28958150536,0.9062500000000001,-0.21427413304719367,-0.21427413304719375,-8.326672684688674e-17,-6.023814063998692e-06,-0.21428015686125776,-0.21427413304719367,-1.4201590504068476e-05,0.0,True
cyclonic,0.5,0.5057600140571594,75634.96472505745,0.96875,-0.19453650441160733,-0.19453650441160733,0.0,-7.160505614300971e-06,-0.19454366491722164,-0.19453650441160733,-1.688142553139863e-05,0.0,True
cyclonic,0.5,0.5057600140571594,80514.63986860955,1.03125,-0.17272950554431865,-0.17272950554431865,0.0,-8.227902076224771e-06,-0.17273773344639487,-0.17272950554431865,-1.9397892224540676e-05,0.0,True
cyclonic,0.5,0.5057600140571594,85394.31501216163,1.09375,-0.1480268846392688,-0.14802688463926886,-5.551115123125783e-17,-9.330857184036834e-06,-0.1480362154964529,-0.1480268846392688,-2.19981910749205e-05,0.0,True
cyclonic,0.5,0.5057600140571594,90273.99015571373,1.15625,-0.11965214441496043,-0.11965214441496048,-5.551115123125783e-17,-1.059606515005765e-05,-0.11966274048011054,-0.11965214441496043,-2.4981013128359785e-05,0.0,True
cyclonic,0.5,0.5057600140571594,95153.66529926582,1.21875,-0.09130902963237678,-0.09130902963237678,0.0,-1.1987230253593663e-05,-0.09132101686263037,-0.09130902963237678,-2.826078851884613e-05,0.0,True
cyclonic,0.5,0.5057600140571594,100033.34044281792,1.28125,-0.0669262278471695,-0.0669262278471695,0.0,-1.336020881116282e-05,-0.06693958805598067,-0.0669262278471695,-3.14976877720944e-05,0.0,True
cyclonic,0.5,0.5057600140571594,104913.01558637002,1.34375,-0.039357728899492135,-0.039357728899492135,0.0,-1.4892391829655665e-05,-0.03937262129132179,-0.039357728899492135,-3.510992340465952e-05,0.0,True
cyclonic,0.5,0.5057600140571594,109792.6907299221,1.40625,-0.01138569644188933,-0.01138569644188933,0.0,-1.621577034040221e-05,-0.011401912212229732,-0.01138569644188933,-3.822988685171031e-05,0.0,True
cyclonic,0.5,0.5057600140571594,114672.3658734742,1.46875,0.01777304527863057,0.01777304527863057,0.0,-1.725280194665478e-05,0.017755792476683917,0.01777304527863057,-4.0674766135052443e-05,0.0,True
cyclonic,0.5,0.5057600140571594,119552.04101702629,1.53125,0.0495513562362573,0.0495513562362573,0.0,-1.7723247722989213e-05,0.04953363298853431,0.0495513562362573,-4.178387710675385e-05,0.0,True
cyclonic,0.5,0.5057600140571594,124431.71616057839,1.59375,0.08117643598630432,0.08117643598630432,0.0,-1.724749783338733e-05,0.08115918848847094,0.08117643598630432,-4.0662261292802795e-05,0.0,True
cyclonic,0.5,0.5057600140571594,129311.39130413048,1.65625,0.10867157934939513,0.10867157934939516,2.7755575615628914e-17,-1.6276054323161544e-05,0.10865530329507199,0.10867157934939513,-3.837201083296316e-05,0.0,True
cyclonic,0.5,0.5057600140571594,134191.06644768256,1.7187499999999998,0.13431852254678972,0.13431852254678975,2.7755575615628914e-17,-1.51254975185923e-05,0.13430339704927116,0.13431852254678972,-3.5659487435566755e-05,0.0,True
cyclonic,0.5,0.5057600140571594,139070.74159123466,1.78125,0.15238310039682315,0.15238310039682318,2.7755575615628914e-17,-1.3660517825662742e-05,0.1523694398789975,0.15238310039682315,-3.2205688650490894e-05,0.0,True
cyclonic,0.5,0.5057600140571594,143950.41673478676,1.84375,0.17492729202648566,0.17492729202648563,-2.7755575615628914e-17,-1.1665915007535162e-05,0.1749156261114781,0.17492729202648566,-2.750326388432783e-05,0.0,True
cyclonic,0.5,0.5057600140571594,148830.09187833886,1.90625,0.18689163881434168,0.18689163881434168,0.0,-9.44666345190835e-06,0.18688219215088978,0.18689163881434168,-2.2271212980418028e-05,0.0,True
cyclonic,0.5,0.5057600140571594,153709.76702189096,1.9687500000000002,0.19325478752819894,0.19325478752819905,1.1102230246251565e-16,-7.214680762546719e-06,0.19324757284743652,0.19325478752819894,-1.700914748010244e-05,0.0,True
cyclonic,0.5,0.5057600140571594,158589.44216544303,2.03125,0.1941329722299099,0.19413297222990977,-1.3877787807814457e-16,-4.9881261683031825e-06,0.19412798410374146,0.1941329722299099,-1.1759879118487566e-05,0.0,True
cyclonic,0.5,0.5057600140571594,163469.11730899513,2.09375,0.19761454933663303,0.19761454933663314,1.1102230246251565e-16,-2.73032870897333e-06,0.19761181900792416,0.19761454933663303,-6.436953374454222e-06,0.0,True
cyclonic,0.5,0.5057600140571594,168348.79245254723,2.15625,0.19146985939301653,0.19146985939301658,5.551115123125783e-17,6.036676418293097e-08,0.19146991975978075,0.19146985939301653,1.423191446272103e-07,0.0,True
cyclonic,0.5,0.5057600140571594,173228.46759609933,2.21875,0.18527461873867812,0.18527461873867815,2.7755575615628914e-17,3.178504195218972e-06,0.18527779724287335,0.18527461873867812,7.493560477860952e-06,0.0,True
cyclonic,0.5,0.5057600140571594,178108.14273965143,2.28125,0.17769850391476633,0.17769850391476644,1.1102230246251565e-16,6.045122339309667e-06,0.17770454903710575,0.17769850391476633,1.4251826350842528e-05,0.0,True
cyclonic,0.5,0.5057600140571594,182987.8178832035,2.34375,0.1702131165921526,0.17021311659215252,-8.326672684688674e-17,8.712362430874734e-06,0.1702218289545834,0.1702131165921526,2.0540043608879298e-05,0.0,True
cyclonic,0.5,0.5057600140571594,187867.4930267556,2.40625,0.1631371994602519,0.16313719946025204,1.3877787807814457e-16,1.1052818587127812e-05,0.16314825227883917,0.1631371994602519,2.6057843389998097e-05,0.0,True
cyclonic,0.5,0.5057600140571594,192747.1681703077,2.46875,0.1574768661065978,0.15747686610659783,2.7755575615628914e-17,1.3633483269138808e-05,0.15749049958986697,0.1574768661065978,3.2141952669078955e-05,0.0,True
cyclonic,0.5,1.5558552742004395,2439.837571776047,0.03125,7.154676740489084e-07,7.154676740489084e-07,0.0,-1.2309741549483694e-08,7.031579324994248e-07,7.154676740489084e-07,-1.999606183580582e-08,1.0,False
cyclonic,0.5,1.5558552742004395,7319.512715328141,0.09375,-0.03383376785863161,-0.03383376785863161,0.0,7.20926859901529e-08,-0.03383369576594562,-0.03383376785863161,1.1710804822127993e-07,1.0,False
cyclonic,0.5,1.5558552742004395,12199.187858880234,0.15625,-0.06766549637265033,-0.06766549637265033,0.0,3.706466816430708e-07,-0.0676651257259687,-0.06766549637265033,6.020820124921255e-07,1.0,False
cyclonic,0.5,1.5558552742004395,17078.86300243233,0.21875,-0.10030463917819045,-0.10030463917819045,0.0,3.644527326717691e-07,-0.10030427472545778,-0.10030463917819045,5.920205025782014e-07,0.0,True
cyclonic,0.5,1.5558552742004395,21958.53814598442,0.28125,-0.13064694372920757,-0.13064694372920757,0.0,2.4183855951196242e-08,-0.13064691954535163,-0.13064694372920757,3.928448676882444e-08,0.0,True
cyclonic,0.5,1.5558552742004395,26838.213289536514,0.34375,-0.15774719291111733,-0.15774719291111733,0.0,-6.562082030258496e-07,-0.15774784911932035,-0.15774719291111733,-1.0659508773698229e-06,0.0,True
cyclonic,0.5,1.5558552742004395,31717.88843308861,0.40625,-0.18154456611591366,-0.18154456611591366,0.0,-1.7690206689662324e-06,-0.18154633513658264,-0.18154456611591366,-2.873614083875792e-06,0.0,True
cyclonic,0.5,1.5558552742004395,36597.5635766407,0.46874999999999994,-0.20161036723987788,-0.20161036723987788,0.0,-3.176561675884953e-06,-0.20161354380155377,-0.20161036723987788,-5.160037149513562e-06,0.0,True
cyclonic,0.5,1.5558552742004395,41477.2387201928,0.53125,-0.21718722401458718,-0.21718722401458718,0.0,-4.751321905120234e-06,-0.2171919753364923,-0.21718722401458718,-7.718092718249458e-06,0.0,True
cyclonic,0.5,1.5558552742004395,46356.91386374489,0.59375,-0.2280539155307315,-0.22805391553073157,-5.551115123125783e-17,-5.938637982118328e-06,-0.2280598541687137,-0.2280539155307315,-9.646780302701309e-06,0.0,True
cyclonic,0.5,1.5558552742004395,51236.589007296985,0.65625,-0.2340655666628007,-0.23406556666280076,-5.551115123125783e-17,-7.165034387195008e-06,-0.23407273169718795,-0.2340655666628007,-1.1638950345633837e-05,0.0,True
cyclonic,0.5,1.5558552742004395,56116.26415084908,0.71875,-0.23493133274023667,-0.23493133274023673,-5.551115123125783e-17,-8.994732021569026e-06,-0.2349403274722583,-0.23493133274023667,-1.4611128672099598e-05,0.0,True
cyclonic,0.5,1.5558552742004395,60995.93929440117,0.78125,-0.2300281141735166,-0.23002811417351662,-2.7755575615628914e-17,-1.1156590692942359e-05,-0.23003927076420957,-0.2300281141735166,-1.8122872562032634e-05,0.0,True
cyclonic,0.5,1.5558552742004395,65875.61443795326,0.84375,-0.21878767578921085,-0.2187876757892109,-5.551115123125783e-17,-1.3300632317567145e-05,-0.21880097642152846,-0.21878767578921085,-2.1605674270922856e-05,0.0,True
cyclonic,0.5,1.5558552742004395,70755.28958150536,0.9062500000000001,-0.20256639791797076,-0.20256639791797085,-8.326672684688674e-17,-1.5470273481965043e-05,-0.20258186819145282,-0.20256639791797076,-2.5130060116914056e-05,0.0,True
cyclonic,0.5,1.5558552742004395,75634.96472505745,0.96875,-0.18332720092422067,-0.18332720092422067,0.0,-1.7707100597578033e-05,-0.18334490802481826,-0.18332720092422067,-2.8763583464256838e-05,0.0,True
cyclonic,0.5,1.5558552742004395,80514.63986860955,1.03125,-0.16243013347235025,-0.1624301334723503,-5.551115123125783e-17,-1.9951891132063465e-05,-0.16245008536348238,-0.16243013347235025,-3.241004266533446e-05,0.0,True
cyclonic,0.5,1.5558552742004395,85394.31501216163,1.09375,-0.13957850917939982,-0.1395785091793999,-8.326672684688674e-17,-2.2339115405267432e-05,-0.13960084829480518,-0.13957850917939982,-3.628787259304121e-05,0.0,True
cyclonic,0.5,1.5558552742004395,90273.99015571373,1.15625,-0.11574538765403185,-0.11574538765403189,-4.163336342344337e-17,-2.468275263423141e-05,-0.11577007040666612,-0.11574538765403185,-4.009489930945719e-05,0.0,True
cyclonic,0.5,1.5558552742004395,95153.66529926582,1.21875,-0.09080239835895446,-0.09080239835895448,-2.7755575615628914e-17,-2.6904065245232748e-05,-0.09082930242419972,-0.09080239835895446,-4.370322074721321e-05,0.0,True
cyclonic,0.5,1.5558552742004395,100033.34044281792,1.28125,-0.06623058064232692,-0.06623058064232694,-1.3877787807814457e-17,-2.8708520504233566e-05,-0.06625928916283118,-0.06623058064232692,-4.6634395117843176e-05,0.0,True
cyclonic,0.5,1.5558552742004395,104913.01558637002,1.34375,-0.038888465202479204,-0.03888846520247921,-6.938893903907228e-18,-3.0662549657260115e-05,-0.03891912775213647,-0.038888465202479204,-4.980853875163254e-05,0.0,True
cyclonic,0.5,1.5558552742004395,109792.6907299221,1.40625,-0.010525729722649613,-0.010525729722649623,-1.0408340855860843e-17,-3.263882686965051e-05,-0.010558368549519274,-0.010525729722649613,-5.3018822345710915e-05,0.0,True
cyclonic,0.5,1.5558552742004395,114672.3658734742,1.46875,0.01835013545104306,0.018350135451043057,-3.469446951953614e-18,-3.4208782010129295e-05,0.01831592666903293,0.01835013545104306,-5.556907248234126e-05,0.0,True
cyclonic,0.5,1.5558552742004395,119552.04101702629,1.53125,0.04918718689473095,0.04918718689473096,6.938893903907228e-18,-3.4544929420413434e-05,0.049152641965310544,0.04918718689473095,-5.61151135486762e-05,0.0,True
cyclonic,0.5,1.5558552742004395,124431.71616057839,1.59375,0.08043455540241334,0.08043455540241337,2.7755575615628914e-17,-3.395950154662773e-05,0.08040059590086675,0.08043455540241334,-5.516413891467875e-05,0.0,True
cyclonic,0.5,1.5558552742004395,129311.39130413048,1.65625,0.10742736143395405,0.1074273614339541,4.163336342344337e-17,-3.236108834695695e-05,0.10739500034560713,0.10742736143395405,-5.256766123468021e-05,0.0,True
cyclonic,0.5,1.5558552742004395,134191.06644768256,1.7187499999999998,0.1317031188855458,0.13170311888554587,5.551115123125783e-17,-3.0393755856007956e-05,0.13167272512968986,0.1317031188855458,-4.93719075316095e-05,0.0,True
cyclonic,0.5,1.5558552742004395,139070.74159123466,1.78125,0.15319654990651316,0.15319654990651316,0.0,-2.7875365798117877e-05,0.15316867454071503,0.15319654990651316,-4.528101064950876e-05,0.0,True
cyclonic,0.5,1.5558552742004395,143950.41673478676,1.84375,0.1730737269054297,0.17307372690542974,5.551115123125783e-17,-2.4661812334654682e-05,0.1730490650930951,0.1730737269054297,-4.006088368666663e-05,0.0,True
cyclonic,0.5,1.5558552742004395,148830.09187833886,1.90625,0.1866300132367512,0.1866300132367512,0.0,-2.1328421371644977e-05,0.18660868481537957,0.1866300132367512,-3.464609154409284e-05,0.0,True
cyclonic,0.5,1.5558552742004395,153709.76702189096,1.9687500000000002,0.19551789823200513,0.19551789823200527,1.3877787807814457e-16,-1.7652206641681495e-05,0.1955002460253636,0.19551789823200513,-2.867441319759391e-05,0.0,True
cyclonic,0.5,1.5558552742004395,158589.44216544303,2.03125,0.19843041880222087,0.19843041880222081,-5.551115123125783e-17,-1.4159031216555792e-05,0.19841625977100427,0.19843041880222087,-2.300006564745704e-05,0.0,True
cyclonic,0.5,1.5558552742004395,163469.11730899513,2.09375,0.2001869037126447,0.20018690371264472,2.7755575615628914e-17,-1.0722271271320407e-05,0.2001761814413734,0.2001869037126447,-1.7417359942102104e-05,0.0,True
cyclonic,0.5,1.5558552742004395,168348.79245254723,2.15625,0.19734826661269847,0.1973482666126985,2.7755575615628914e-17,-6.143190780685591e-06,0.19734212342191781,0.19734826661269847,-9.979057823914553e-06,0.0,True
cyclonic,0.5,1.5558552742004395,173228.46759609933,2.21875,0.19375855742335887,0.19375855742335887,0.0,-1.3784579971456122e-06,0.19375717896536174,0.19375855742335887,-2.2391803465720045e-06,0.0,True
cyclonic,0.5,1.5558552742004395,178108.14273965143,2.28125,0.18809519843566364,0.1880951984356638,1.6653345369377348e-16,2.941194365540035e-06,0.18809813963002933,0.18809519843566364,4.777704240827783e-06,0.0,True
cyclonic,0.5,1.5558552742004395,182987.8178832035,2.34375,0.18197280118120251,0.18197280118120251,0.0,7.331152964106964e-06,0.18198013233416663,0.18197280118120251,1.1908794949816193e-05,0.0,True
cyclonic,0.5,1.5558552742004395,187867.4930267556,2.40625,0.17573004590060898,0.17573004590060917,1.942890293094024e-16,1.1077236493506841e-05,0.1757411231371027,0.17573004590060898,1.7993968841961432e-05,0.0,True
cyclonic,0.5,1.5558552742004395,192747.1681703077,2.46875,0.17104703680450464,0.17104703680450467,2.7755575615628914e-17,1.5184591747598647e-05,0.17106222139625227,0.17104703680450464,2.4665995976916715e-05,0.0,True
cyclonic,0.5,2.6676816940307617,2439.837571776047,0.03125,8.515952406294557e-07,8.515952406294557e-07,0.0,-1.1814180470295535e-07,7.334534359265003e-07,8.515952406294557e-07,-1.4897105832201585e-08,1.0,False
cyclonic,0.5,2.6676816940307617,7319.512715328141,0.09375,-0.016255776705689774,-0.016255776705689774,0.0,1.981771688930785e-07,-0.01625557852852088,-0.016255776705689774,2.4989175219975514e-08,0.0,True
cyclonic,0.5,2.6676816940307617,12199.187858880234,0.15625,-0.0324292699286722,-0.032429269928672205,-6.938893903907228e-18,1.411015281031212e-06,-0.03242785891339117,-0.0324292699286722,1.7792215063267785e-07,0.0,True
cyclonic,0.5,2.6676816940307617,17078.86300243233,0.21875,-0.04818442996822128,-0.04818442996822128,0.0,1.0138256550623282e-06,-0.04818341614256622,-0.04818442996822128,1.2783847442349758e-07,0.0,True
cyclonic,0.5,2.6676816940307617,21958.53814598442,0.28125,-0.06300177465088923,-0.06300177465088923,0.0,-9.093234632317681e-07,-0.06300268397435246,-0.06300177465088923,-1.1466125730453527e-07,0.0,True
cyclonic,0.5,2.6676816940307617,26838.213289536514,0.34375,-0.07630629652011925,-0.07630629652011928,-2.7755575615628914e-17,-3.3785085752141445e-06,-0.07630967502869448,-0.07630629652011925,-4.2601346683767637e-07,0.0,True
cyclonic,0.5,2.6676816940307617,31717.88843308861,0.40625,-0.08789508170015299,-0.08789508170015302,-2.7755575615628914e-17,-7.085158641708635e-06,-0.08790216685879473,-0.08789508170015299,-8.934039765928077e-07,0.0,True
cyclonic,0.5,2.6676816940307617,36597.5635766407,0.46874999999999994,-0.09761018431070764,-0.0976101843107077,-5.551115123125783e-17,-1.1651730049561188e-05,-0.09762183604075726,-0.09761018431070764,-1.469226376835721e-06,0.0,True
cyclonic,0.5,2.6676816940307617,41477.2387201928,0.53125,-0.1050922203270326,-0.10509222032703269,-9.71445146547012e-17,-1.6489387315095704e-05,-0.10510870971434778,-0.1050922203270326,-2.0792313826487384e-06,0.0,True
cyclonic,0.5,2.6676816940307617,46356.91386374489,0.59375,-0.11004708256620455,-0.11004708256620463,-8.326672684688674e-17,-2.0319037820666625e-05,-0.1100674016040253,-0.11004708256620455,-2.5621316483529676e-06,0.0,True
cyclonic,0.5,2.6676816940307617,51236.589007296985,0.65625,-0.11297139021011364,-0.11297139021011375,-1.1102230246251565e-16,-2.466305540325816e-05,-0.11299605326551701,-0.11297139021011364,-3.109891095802747e-06,0.0,True
cyclonic,0.5,2.6676816940307617,56116.26415084908,0.71875,-0.11367858565818906,-0.11367858565818914,-8.326672684688674e-17,-3.034188045845467e-05,-0.1137089275386476,-0.11367858565818906,-3.825963260626417e-06,0.0,True
cyclonic,0.5,2.6676816940307617,60995.93929440117,0.78125,-0.11154241228550549,-0.11154241228550554,-5.551115123125783e-17,-3.7146716809190434e-05,-0.11157955900231474,-0.11154241228550549,-4.6840199624230775e-06,0.0,True
cyclonic,0.5,2.6676816940307617,65875.61443795326,0.84375,-0.10641347823087265,-0.10641347823087274,-9.71445146547012e-17,-4.365668366236527e-05,-0.10645713491453511,-0.10641347823087265,-5.504895057565787e-06,0.0,True
cyclonic,0.5,2.6676816940307617,70755.28958150536,0.9062500000000001,-0.09830913486131294,-0.09830913486131297,-2.7755575615628914e-17,-5.0194241134130635e-05,-0.0983593291024471,-0.09830913486131294,-6.329249195255311e-06,0.0,True
cyclonic,0.5,2.6676816940307617,75634.96472505745,0.96875,-0.08785083756165496,-0.08785083756165507,-1.1102230246251565e-16,-5.6834143570021416e-05,-0.0879076717052251,-0.08785083756165496,-7.166508534163004e-06,0.0,True
cyclonic,0.5,2.6676816940307617,80514.63986860955,1.03125,-0.0766441958041013,-0.07664419580410137,-6.938893903907228e-17,-6.339561234289496e-05,-0.07670759141644426,-0.0766441958041013,-7.993877770395246e-06,0.0,True
cyclonic,0.5,2.6676816940307617,85394.31501216163,1.09375,-0.06474649279613615,-0.06474649279613624,-9.71445146547012e-17,-7.031233308936162e-05,-0.06481680512922561,-0.06474649279613615,-8.866042549246983e-06,0.0,True
cyclonic,0.5,2.6676816940307617,90273.99015571373,1.15625,-0.05423211176423115,-0.054232111764231185,-3.469446951953614e-17,-7.736648923746001e-05,-0.05430947825346864,-0.05423211176423115,-9.755537262480092e-06,0.0,True
cyclonic,0.5,2.6676816940307617,95153.66529926582,1.21875,-0.04233142260442842,-0.0423314226044285,-8.326672684688674e-17,-8.36947318292545e-05,-0.04241511733625775,-0.04233142260442842,-1.0553497813860174e-05,0.0,True
cyclonic,0.5,2.6676816940307617,100033.34044281792,1.28125,-0.028075104401302814,-0.028075104401302856,-4.163336342344337e-17,-8.874681235087572e-05,-0.02816385121365373,-0.028075104401302814,-1.1190540547316172e-05,0.0,True
cyclonic,0.5,2.6676816940307617,104913.01558637002,1.34375,-0.01239154842728537,-0.012391548427285418,-4.683753385137379e-17,-9.380509204845438e-05,-0.012485353519333872,-0.01239154842728537,-1.182836496664994e-05,0.0,True
cyclonic,0.5,2.6676816940307617,109792.6907299221,1.40625,0.00427410387294945,0.004274103872949422,-2.7755575615628914e-17,-9.87994099234246e-05,0.004175304463025998,0.00427410387294945,-1.2458124111858144e-05,0.0,True
cyclonic,0.5,2.6676816940307617,114672.3658734742,1.46875,0.021535310595330055,0.02153531059533005,-3.469446951953614e-18,-0.00010259272896850165,0.02143271786636155,0.021535310595330055,-1.293644315744832e-05,0.0,True
cyclonic,0.5,2.6676816940307617,119552.04101702629,1.53125,0.04002583713603901,0.040025837136039015,6.938893903907228e-18,-0.00010302305939184458,0.03992281407664717,0.04002583713603901,-1.2990705726701212e-05,0.0,True
cyclonic,0.5,2.6676816940307617,124431.71616057839,1.59375,0.05890988947274003,0.05890988947274008,5.551115123125783e-17,-0.00010113539281533161,0.05880875407992475,0.05890988947274003,-1.2752680170574595e-05,0.0,True
cyclonic,0.5,2.6676816940307617,129311.39130413048,1.65625,0.07572995161327065,0.07572995161327067,2.7755575615628914e-17,-9.635480355009397e-05,0.07563359680972058,0.07572995161327065,-1.2149871161489341e-05,0.0,True
cyclonic,0.5,2.6676816940307617,134191.06644768256,1.7187499999999998,0.09081643171895937,0.09081643171895946,9.71445146547012e-17,-9.000962395473543e-05,0.09072642209500473,0.09081643171895937,-1.1349774936498986e-05,0.0,True
cyclonic,0.5,2.6676816940307617,139070.74159123466,1.78125,0.10676968070511399,0.10676968070511397,-1.3877787807814457e-17,-8.330314476144136e-05,0.10668637756035253,0.10676968070511399,-1.0504120592931469e-05,0.0,True
cyclonic,0.5,2.6676816940307617,143950.41673478676,1.84375,0.11893725243456583,0.11893725243456596,1.249000902703301e-16,-7.35747438541409e-05,0.11886367769071182,0.11893725243456583,-9.27741664796866e-06,0.0,True
cyclonic,0.5,2.6676816940307617,148830.09187833886,1.90625,0.12968174897484705,0.12968174897484716,1.1102230246251565e-16,-6.43440534722261e-05,0.12961740492137494,0.12968174897484705,-8.113471574762662e-06,0.0,True
cyclonic,0.5,2.6676816940307617,153709.76702189096,1.9687500000000002,0.13738432351843718,0.13738432351843732,1.3877787807814457e-16,-5.4592414726571026e-05,0.13732973110371074,0.13738432351843718,-6.883837451628372e-06,0.0,True
cyclonic,0.5,2.6676816940307617,158589.44216544303,2.03125,0.1409123743091621,0.14091237430916229,1.942890293094024e-16,-4.473398321322821e-05,0.14086764032594906,0.1409123743091621,-5.640737280922198e-06,0.0,True
cyclonic,0.5,2.6676816940307617,163469.11730899513,2.09375,0.14174386909898842,0.1417438690989884,-2.7755575615628914e-17,-3.495583607904183e-05,0.14170891326290935,0.14174386909898842,-4.407760579177526e-06,0.0,True
cyclonic,0.5,2.6676816940307617,168348.79245254723,2.15625,0.1431958778841099,0.14319587788410998,8.326672684688674e-17,-2.178397520397416e-05,0.143174093908906,0.1431958778841099,-2.7468531133039336e-06,0.0,True
cyclonic,0.5,2.6676816940307617,173228.46759609933,2.21875,0.14358938098376475,0.14358938098376478,2.7755575615628914e-17,-8.974646651798261e-06,0.14358040633711297,0.14358938098376475,-1.1316592066170448e-06,0.0,True
cyclonic,0.5,2.6676816940307617,178108.14273965143,2.28125,0.14267699111180537,0.14267699111180557,1.942890293094024e-16,3.344801445851549e-06,0.1426803359132514,0.14267699111180537,4.2176316209011623e-07,0.0,True
cyclonic,0.5,2.6676816940307617,182987.8178832035,2.34375,0.14082091666452917,0.14082091666452942,2.498001805406602e-16,1.5033770536747446e-05,0.14083595043506617,0.14082091666452917,1.895685200561003e-06,0.0,True
cyclonic,0.5,2.6676816940307617,187867.4930267556,2.40625,0.13860661112678274,0.138606611126783,2.498001805406602e-16,2.5142135602589427e-05,0.13863175326238558,0.13860661112678274,3.1703007742353265e-06,0.0,True
cyclonic,0.5,2.6676816940307617,192747.1681703077,2.46875,0.13699748025703132,0.13699748025703143,1.1102230246251565e-16,3.619960203237609e-05,0.1370336798590638,0.13699748025703132,4.5645934046443105e-06,0.0,True
cyclonic,0.5,3.8562798500061035,2439.837571776047,0.03125,9.83717996927956e-07,9.83717996927956e-07,0.0,-2.7474755982358123e-07,7.089704371043747e-07,9.83717996927956e-07,-7.519412787019462e-08,1.0,False
cyclonic,0.5,3.8562798500061035,7319.512715328141,0.09375,0.0008145897599768631,0.0008145897599768631,0.0,3.2765248112150116e-07,0.0008149174124579846,0.0008145897599768631,8.967338082367957e-08,0.0,True
cyclonic,0.5,3.8562798500061035,12199.187858880234,0.15625,0.001430917239300686,0.0014309172393006861,2.168404344971009e-19,2.1764018801494065e-06,0.0014330936411808355,0.001430917239300686,5.956472966601407e-07,0.0,True
cyclonic,0.5,3.8562798500061035,17078.86300243233,0.21875,0.0017220906163715039,0.0017220906163715108,6.938893903907228e-18,5.22126923129811e-07,0.0017226127432946406,0.0017220906163715039,1.4289800661925505e-07,0.0,True
cyclonic,0.5,3.8562798500061035,21958.53814598442,0.28125,0.0016908560867448987,0.0016908560867449126,1.3877787807814457e-17,-2.897430515372995e-06,0.0016879586562295395,0.0016908560867448987,-7.929816039416609e-07,0.0,True
cyclonic,0.5,3.8562798500061035,26838.213289536514,0.34375,0.0015703437593844547,0.0015703437593844484,-6.288372600415926e-18,-7.95687283325482e-06,0.0015623868865511936,0.0015703437593844547,-2.1776721644218526e-06,0.0,True
cyclonic,0.5,3.8562798500061035,31717.88843308861,0.40625,0.001359985914243549,0.0013599859142435769,2.7972416050126014e-17,-1.5122022749712477e-05,0.0013448638914938644,0.001359985914243549,-4.138662097774443e-06,0.0,True
cyclonic,0.5,3.8562798500061035,36597.5635766407,0.46874999999999994,0.0009366569023860482,0.0009366569023860694,2.1250362580715887e-17,-2.3438019135034874e-05,0.0009132188832510345,0.0009366569023860482,-6.414620784969082e-06,0.0,True
cyclonic,0.5,3.8562798500061035,41477.2387201928,0.53125,0.0002760294775921638,0.0002760294775921709,7.101524229780054e-18,-3.212955153392681e-05,0.0002438999260582441,0.0002760294775921638,-8.793357830021905e-06,0.0,True
cyclonic,0.5,3.8562798500061035,46356.91386374489,0.59375,-0.0006180357146082418,-0.0006180357146081726,6.917209860457518e-17,-3.9176024574163416e-05,-0.000657211739182336,-0.0006180357146082418,-1.0721867750771178e-05,0.0,True
cyclonic,0.5,3.8562798500061035,51236.589007296985,0.65625,-0.0016939325508640434,-0.0016939325508639885,5.4860629927766524e-17,-4.715983431309471e-05,-0.0017410923851770832,-0.0016939325508640434,-1.2906912126728466e-05,0.0,True
cyclonic,0.5,3.8562798500061035,56116.26415084908,0.71875,-0.0027749807298240994,-0.002774980729824074,2.5587171270657905e-17,-5.750647510928844e-05,-0.0028324872049333622,-0.0027749807298240994,-1.5738626561446397e-05,0.0,True
cyclonic,0.5,3.8562798500061035,60995.93929440117,0.78125,-0.0036658692701144395,-0.003665869270114398,4.163336342344337e-17,-6.961703171108328e-05,-0.003735486301825481,-0.0036658692701144395,-1.905309727878171e-05,0.0,True
cyclonic,0.5,3.8562798500061035,65875.61443795326,0.84375,-0.004421652690170778,-0.004421652690170712,6.591949208711867e-17,-8.124218052510382e-05,-0.004502894870695816,-0.004421652690170778,-2.2234719444935976e-05,0.0,True
cyclonic,0.5,3.8562798500061035,70755.28958150536,0.9062500000000001,-0.004974570713281646,-0.004974570713281565,8.066464163292153e-17,-9.26503559980814e-05,-0.0050672210692796465,-0.004974570713281646,-2.535695938705417e-05,0.0,True
cyclonic,0.5,3.8562798500061035,75634.96472505745,0.96875,-0.005226040395069619,-0.005226040395069582,3.729655473350135e-17,-0.00010390370981058886,-0.00532994410488017,-0.005226040395069619,-2.843682705208302e-05,0.0,True
cyclonic,0.5,3.8562798500061035,80514.63986860955,1.03125,-0.005342129475087471,-0.005342129475087455,1.6479873021779667e-17,-0.00011527391748088888,-0.005457403392568344,-0.005342129475087471,-3.1548675797965226e-05,0.0,True
cyclonic,0.5,3.8562798500061035,85394.31501216163,1.09375,-0.005167342194995325,-0.005167342194995275,4.9439619065339e-17,-0.00012651566757144355,-0.0052938578625667185,-0.005167342194995325,-3.462536770502612e-05,0.0,True
cyclonic,0.5,3.8562798500061035,90273.99015571373,1.15625,-0.0052729069475985785,-0.00527290694759856,1.8214596497756474e-17,-0.00013771532264192444,-0.005410622270240485,-0.0052729069475985785,-3.769053886073198e-05,0.0,True
cyclonic,0.5,3.8562798500061035,95153.66529926582,1.21875,-0.004967625218560672,-0.004967625218560622,5.0306980803327406e-17,-0.00014778531501629302,-0.005115410533576914,-0.004967625218560672,-4.0446538931256236e-05,0.0,True
cyclonic,0.5,3.8562798500061035,100033.34044281792,1.28125,-0.0038441026457851084,-0.0038441026457850733,3.5128150388530344e-17,-0.00015635412841839472,-0.004000456774203468,-0.0038441026457851084,-4.279168969826287e-05,0.0,True
cyclonic,0.5,3.8562798500061035,104913.01558637002,1.34375,-0.002256640100382003,-0.002256640100381988,1.474514954580286e-17,-0.00016395359322116752,-0.0024205936936031558,-0.002256640100382003,-4.487154485145028e-05,0.0,True
cyclonic,0.5,3.8562798500061035,109792.6907299221,1.40625,-0.000411143983199584,-0.00041114398319957063,1.338989683019598e-17,-0.00017143701899188338,-0.000582581002191454,-0.000411143983199584,-4.691964192889708e-05,0.0,True
cyclonic,0.5,3.8562798500061035,114672.3658734742,1.46875,0.0025214852666575714,0.002521485266657576,4.7704895589362195e-18,-0.0001769455747559544,0.0023445396919016216,0.0025214852666575714,-4.842724784455881e-05,0.0,True
cyclonic,0.5,3.8562798500061035,119552.04101702629,1.53125,0.006332262733620527,0.006332262733620528,8.673617379884035e-19,-0.0001774249261368307,0.006154837807483697,0.006332262733620527,-4.855843885150173e-05,0.0,True
cyclonic,0.5,3.8562798500061035,124431.71616057839,1.59375,0.010340287808934265,0.010340287808934253,-1.214306433183765e-17,-0.00017304652833803304,0.01016724128059622,0.010340287808934265,-4.736013956847708e-05,0.0,True
cyclonic,0.5,3.8562798500061035,129311.39130413048,1.65625,0.014752044656410609,0.01475204465641059,-1.9081958235744878e-17,-0.00016527398829102268,0.014586770668119567,0.014752044656410609,-4.5232916416626744e-05,0.0,True
cyclonic,0.5,3.8562798500061035,134191.06644768256,1.7187499999999998,0.019249574183162543,0.019249574183162532,-1.0408340855860843e-17,-0.00015543961146667024,0.019094134571695863,0.019249574183162543,-4.254140065237803e-05,0.0,True
cyclonic,0.5,3.8562798500061035,139070.74159123466,1.78125,0.023667004738001995,0.023667004738001977,-1.734723475976807e-17,-0.00014281290488316848,0.02352419183311881,0.023667004738001995,-3.9085667724198744e-05,0.0,True
cyclonic,0.5,3.8562798500061035,143950.41673478676,1.84375,0.028259039697561873,0.028259039697561866,-6.938893903907228e-18,-0.00012856705355694965,0.028130472644004915,0.028259039697561873,-3.518680009847238e-05,0.0,True
cyclonic,0.5,3.8562798500061035,148830.09187833886,1.90625,0.031869263802410196,0.03186926380241023,3.469446951953614e-17,-0.000114152566435982,0.03175511123597425,0.031869263802410196,-3.124177948226275e-05,0.0,True
cyclonic,0.5,3.8562798500061035,153709.76702189096,1.9687500000000002,0.034131203736493546,0.03413120373649355,6.938893903907228e-18,-9.825505869270024e-05,0.03403294867780085,0.034131203736493546,-2.6890879220097296e-05,0.0,True
cyclonic,0.5,3.8562798500061035,158589.44216544303,2.03125,0.03558594583415518,0.03558594583415513,-5.551115123125783e-17,-8.039714367991727e-05,0.03550554869047521,0.03558594583415518,-2.200344602204267e-05,0.0,True
cyclonic,0.5,3.8562798500061035,163469.11730899513,2.09375,0.03685967296500372,0.03685967296500376,4.163336342344337e-17,-6.3281583401829e-05,0.03679639138160193,0.03685967296500372,-1.7319183752536124e-05,0.0,True
cyclonic,0.5,3.8562798500061035,168348.79245254723,2.15625,0.03905921187935935,0.039059211879359325,-2.7755575615628914e-17,-4.119276035199644e-05,0.039018019119007326,0.03905921187935935,-1.1273816922061897e-05,0.0,True
cyclonic,0.5,3.8562798500061035,173228.46759609933,2.21875,0.040886756062995744,0.040886756062995765,2.0816681711721685e-17,-2.013406861432555e-05,0.04086662199438144,0.040886756062995744,-5.510380987205135e-06,0.0,True
cyclonic,0.5,3.8562798500061035,178108.14273965143,2.28125,0.04315593050974774,0.043155930509747684,-5.551115123125783e-17,2.2066537107622245e-07,0.04315615117511876,0.04315593050974774,6.039267515199705e-08,0.0,True
cyclonic,0.5,3.8562798500061035,182987.8178832035,2.34375,0.044868043499345686,0.04486804349934564,-4.85722573273506e-17,1.9095821107938555e-05,0.04488713932045357,0.044868043499345686,5.226228815639702e-06,0.0,True
cyclonic,0.5,3.8562798500061035,187867.4930267556,2.40625,0.04690289118652307,0.04690289118652303,-4.163336342344337e-17,3.490671862561419e-05,0.04693779790514864,0.04690289118652307,9.553425208030022e-06,0.0,True
cyclonic,0.5,3.8562798500061035,192747.1681703077,2.46875,0.048430084561584236,0.04843008456158422,-1.3877787807814457e-17,5.24438566433414e-05,0.04848252841822756,0.048430084561584236,1.435306673870996e-05,0.0,True
cyclonic,0.5,5.140361309051514,2439.837571776047,0.03125,6.527419581088199e-07,6.527419581088199e-07,0.0,-2.6069419962967177e-07,3.920477584791481e-07,6.527419581088199e-07,-8.471316448351614e-08,1.0,False
cyclonic,0.5,5.140361309051514,7319.512715328141,0.09375,-0.0059314912154004975,-0.005931491215400497,8.673617379884035e-19,1.9842501331720224e-07,-0.00593129279038718,-0.0059314912154004975,6.447865282258792e-08,0.0,True
cyclonic,0.5,5.140361309051514,12199.187858880234,0.15625,-0.011884554985027662,-0.011884554985027652,1.0408340855860843e-17,2.6448909730316113e-06,-0.01188191009405462,-0.011884554985027662,8.594632498831101e-07,0.0,True
cyclonic,0.5,5.140361309051514,17078.86300243233,0.21875,-0.017623856424689353,-0.017623856424689346,6.938893903907228e-18,8.042226036506167e-07,-0.017623052202085696,-0.017623856424689353,2.6133393762191733e-07,0.0,True
cyclonic,0.5,5.140361309051514,21958.53814598442,0.28125,-0.023078959769645017,-0.023078959769645007,1.0408340855860843e-17,-4.410662105231517e-06,-0.02308337043175024,-0.023078959769645017,-1.4332545370494e-06,0.0,True
cyclonic,0.5,5.140361309051514,26838.213289536514,0.34375,-0.02824079145091468,-0.02824079145091466,1.734723475976807e-17,-1.1395302700545495e-05,-0.028252186753615207,-0.02824079145091468,-3.7029291537060108e-06,0.0,True
cyclonic,0.5,5.140361309051514,31717.88843308861,0.40625,-0.03313672660652289,-0.033136726606522865,2.7755575615628914e-17,-2.0326982078225306e-05,-0.03315705358860109,-0.03313672660652289,-6.605298386739382e-06,0.0,True
cyclonic,0.5,5.140361309051514,36597.5635766407,0.46874999999999994,-0.037799443784806,-0.03779944378480598,2.0816681711721685e-17,-3.005050491805591e-05,-0.037829494289724035,-0.037799443784806,-9.764978927617985e-06,0.0,True
cyclonic,0.5,5.140361309051514,41477.2387201928,0.53125,-0.04203157654687171,-0.04203157654687167,4.163336342344337e-17,-4.009696590011025e-05,-0.04207167351277178,-0.04203157654687171,-1.3029598941638158e-05,0.0,True
cyclonic,0.5,5.140361309051514,46356.91386374489,0.59375,-0.04568094535504308,-0.045680945355042996,8.326672684688674e-17,-4.8667837290661825e-05,-0.04572961319233366,-0.04568094535504308,-1.5814722810547663e-05,0.0,True
cyclonic,0.5,5.140361309051514,51236.589007296985,0.65625,-0.048662964652868027,-0.048662964652867964,6.245004513516506e-17,-5.8457665730003005e-05,-0.04872142231859797,-0.048662964652868027,-1.8995949504603042e-05,0.0,True
cyclonic,0.5,5.140361309051514,56116.26415084908,0.71875,-0.05091142626144914,-0.05091142626144908,6.245004513516506e-17,-7.020041304606793e-05,-0.05098162667449515,-0.05091142626144914,-2.2811781564876286e-05,0.0,True
cyclonic,0.5,5.140361309051514,60995.93929440117,0.78125,-0.05246424228259353,-0.05246424228259351,2.0816681711721685e-17,-8.398340341676657e-05,-0.05254822568601028,-0.05246424228259353,-2.729059517870561e-05,0.0,True
cyclonic,0.5,5.140361309051514,65875.61443795326,0.84375,-0.05338088888003948,-0.053380888880039376,1.0408340855860843e-16,-9.740693733894703e-05,-0.05347829581737832,-0.05338088888003948,-3.1652602613911714e-05,0.0,True
cyclonic,0.5,5.140361309051514,70755.28958150536,0.9062500000000001,-0.0537531106648026,-0.05375311066480252,8.326672684688674e-17,-0.00011111566943633968,-0.05386422633423886,-0.0537531106648026,-3.61072858353895e-05,0.0,True
cyclonic,0.5,5.140361309051514,75634.96472505745,0.96875,-0.05360806140023273,-0.05360806140023264,9.020562075079397e-17,-0.00012431704707155275,-0.05373237844730419,-0.05360806140023273,-4.039710308720967e-05,0.0,True
cyclonic,0.5,5.140361309051514,80514.63986860955,1.03125,-0.05301429610315653,-0.05301429610315647,5.551115123125783e-17,-0.00013719299685093015,-0.0531514891000074,-0.05301429610315653,-4.458117182786969e-05,0.0,True
cyclonic,0.5,5.140361309051514,85394.31501216163,1.09375,-0.0519155019110906,-0.05191550191109051,9.020562075079397e-17,-0.00014947974148061226,-0.052064981652571125,-0.0519155019110906,-4.857377703450563e-05,0.0,True
cyclonic,0.5,5.140361309051514,90273.99015571373,1.15625,-0.050349505337825534,-0.05034950533782549,4.163336342344337e-17,-0.0001611184533486555,-0.050510623791174145,-0.050349505337825534,-5.2355802542761626e-05,0.0,True
cyclonic,0.5,5.140361309051514,95153.66529926582,1.21875,-0.04846920583116522,-0.048469205831165145,7.632783294297951e-17,-0.00017186365088689594,-0.04864106948205204,-0.04846920583116522,-5.5847478566846175e-05,0.0,True
cyclonic,0.5,5.140361309051514,100033.34044281792,1.28125,-0.04637366433099819,-0.04637366433099813,6.245004513516506e-17,-0.00018126125682491775,-0.046554925587823044,-0.04637366433099819,-5.890125167997952e-05,0.0,True
cyclonic,0.5,5.140361309051514,104913.01558637002,1.34375,-0.043734214338228335,-0.043734214338228265,6.938893903907228e-17,-0.00018962344093309875,-0.04392383777916136,-0.043734214338228335,-6.161856214873593e-05,0.0,True
cyclonic,0.5,5.140361309051514,109792.6907299221,1.40625,-0.0407679515164822,-0.04076795151648218,2.0816681711721685e-17,-0.00019701420012922598,-0.04096496571661141,-0.0407679515164822,-6.40202059149915e-05,0.0,True
cyclonic,0.5,5.140361309051514,114672.3658734742,1.46875,-0.037639348194212156,-0.03763934819421218,-2.0816681711721685e-17,-0.00020248149254587758,-0.037841829686758054,-0.037639348194212156,-6.579681484004322e-05,0.0,True
cyclonic,0.5,5.140361309051514,119552.04101702629,1.53125,-0.034191455969458905,-0.03419145596945893,-2.7755575615628914e-17,-0.00020185567645650447,-0.034393311645915435,-0.034191455969458905,-6.559345449911195e-05,0.0,True
cyclonic,0.5,5.140361309051514,124431.71616057839,1.59375,-0.030297996795858116,-0.030297996795858127,-1.0408340855860843e-17,-0.00019625289609156809,-0.030494249691949693,-0.030297996795858116,-6.377281846158559e-05,0.0,True
cyclonic,0.5,5.140361309051514,129311.39130413048,1.65625,-0.026576031618822604,-0.026576031618822604,0.0,-0.0001880085990049934,-0.0267640402178276,-0.026576031618822604,-6.109381564472935e-05,0.0,True
cyclonic,0.5,5.140361309051514,134191.06644768256,1.7187499999999998,-0.022980191204769115,-0.022980191204769202,-8.673617379884035e-17,-0.00017697195564777253,-0.023157163160416976,-0.022980191204769115,-5.7507433648527294e-05,0.0,True
cyclonic,0.5,5.140361309051514,139070.74159123466,1.78125,-0.01946953880614683,-0.019469538806146894,-6.245004513516506e-17,-0.00016307935778993494,-0.01963261816393683,-0.01946953880614683,-5.299300283608053e-05,0.0,True
cyclonic,0.5,5.140361309051514,143950.41673478676,1.84375,-0.016601429758732616,-0.01660142975873272,-1.0408340855860843e-16,-0.000147100597498081,-0.0167485303562308,-0.016601429758732616,-4.780066886482468e-05,0.0,True
cyclonic,0.5,5.140361309051514,148830.09187833886,1.90625,-0.014722872057556104,-0.014722872057556152,-4.85722573273506e-17,-0.00013121150388359593,-0.014854083561439748,-0.014722872057556104,-4.263747228135662e-05,0.0,True
cyclonic,0.5,5.140361309051514,153709.76702189096,1.9687500000000002,-0.01245847017594445,-0.01245847017594455,-1.0061396160665481e-16,-0.00011345412160907706,-0.012571924297553628,-0.01245847017594445,-3.686717111027228e-05,0.0,True
cyclonic,0.5,5.140361309051514,158589.44216544303,2.03125,-0.010805101627035817,-0.010805101627035964,-1.474514954580286e-16,-9.411428783057831e-05,-0.010899215914866542,-0.010805101627035817,-3.058264877610005e-05,0.0,True
cyclonic,0.5,5.140361309051514,163469.11730899513,2.09375,-0.009434054301690482,-0.009434054301690645,-1.6306400674181987e-16,-7.435096825116871e-05,-0.009508405269941815,-0.009434054301690482,-2.416051378173071e-05,0.0,True
cyclonic,0.5,5.140361309051514,168348.79245254723,2.15625,-0.007239724538005705,-0.007239724538005843,-1.3791051634015616e-16,-5.081509790171184e-05,-0.007290539635907555,-0.007239724538005705,-1.651247995892785e-05,0.0,True
cyclonic,0.5,5.140361309051514,173228.46759609933,2.21875,-0.005051507283688335,-0.005051507283688478,-1.4311468676808659e-16,-2.83255154600442e-05,-0.005079832799148523,-0.005051507283688335,-9.204439736886236e-06,0.0,True
cyclonic,0.5,5.140361309051514,178108.14273965143,2.28125,-0.0026874338638893658,-0.0026874338638895766,-2.1076890233118206e-16,-6.666342240227102e-06,-0.002694100206129804,-0.0026874338638893658,-2.166242852744675e-06,0.0,True
cyclonic,0.5,5.140361309051514,182987.8178832035,2.34375,-0.0004638632541239464,-0.0004638632541241328,-1.863743534502582e-16,1.394635185925102e-05,-0.00044991690226488175,-0.0004638632541239464,4.531898295689021e-06,0.0,True
cyclonic,0.5,5.140361309051514,187867.4930267556,2.40625,0.0021149786071209915,0.002114978607120788,-2.0339632755828063e-16,3.116139201264437e-05,0.0021461399991334323,0.0021149786071209915,1.012596417892074e-05,0.0,True
cyclonic,0.5,5.140361309051514,192747.1681703077,2.46875,0.004365212413707996,0.00436521241370774,-2.5587171270657905e-16,4.980068472639515e-05,0.004415013098434136,0.004365212413707996,1.6182844123926833e-05,0.0,True
cyclonic,0.5,6.543033599853516,2439.837571776047,0.03125,3.538985235424351e-06,3.5389852354243527e-06,1.6940658945086007e-21,-3.6420848585302937e-07,3.174776749571323e-06,3.538985235424351e-06,-1.9300448353343696e-08,0.0,True
cyclonic,0.5,6.543033599853516,7319.512715328141,0.09375,-0.010514148363271305,-0.010514148363271303,1.734723475976807e-18,3.6199884792468685e-06,-0.010510528374792057,-0.010514148363271305,1.9183353325709512e-07,0.0,True
cyclonic,0.5,6.543033599853516,12199.187858880234,0.15625,-0.020756875835178486,-0.020756875835178476,1.0408340855860843e-17,8.350188759614426e-06,-0.020748525646418863,-0.020756875835178486,4.425003621707041e-07,0.0,True
cyclonic,0.5,6.543033599853516,17078.86300243233,0.21875,-0.03039311283161095,-0.030393112831610947,3.469446951953614e-18,3.3471501326423676e-06,-0.030389765681478303,-0.03039311283161095,1.773750496632317e-07,0.0,True
cyclonic,0.5,6.543033599853516,21958.53814598442,0.28125,-0.039236045523978955,-0.03923604552397895,6.938893903907228e-18,-1.3507167725687397e-05,-0.03924955269170464,-0.039236045523978955,-7.157834131156942e-07,0.0,True
cyclonic,0.5,6.543033599853516,26838.213289536514,0.34375,-0.04729522816927203,-0.047295228169272015,1.3877787807814457e-17,-3.475011430300854e-05,-0.047329978283575026,-0.04729522816927203,-1.8415078517655787e-06,0.0,True
cyclonic,0.5,6.543033599853516,31717.88843308861,0.40625,-0.054542651183879166,-0.05454265118387915,1.3877787807814457e-17,-6.000120073162596e-05,-0.054602652384610775,-0.054542651183879166,-3.1796350739797635e-06,0.0,True
cyclonic,0.5,6.543033599853516,36597.5635766407,0.46874999999999994,-0.06096604021315994,-0.06096604021315993,6.938893903907228e-18,-8.686763061273204e-05,-0.061052907843772666,-0.06096604021315994,-4.6033639614177785e-06,0.0,True
cyclonic,0.5,6.543033599853516,41477.2387201928,0.53125,-0.06625063722023342,-0.06625063722023339,2.7755575615628914e-17,-0.00011144135045583562,-0.06636207857068922,-0.06625063722023342,-5.905595592760788e-06,0.0,True
cyclonic,0.5,6.543033599853516,46356.91386374489,0.59375,-0.07014906777937806,-0.07014906777937804,1.3877787807814457e-17,-0.0001344937539186712,-0.07028356153329672,-0.07014906777937806,-7.12720832210955e-06,0.0,True
cyclonic,0.5,6.543033599853516,51236.589007296985,0.65625,-0.07264048533401148,-0.07264048533401149,-1.3877787807814457e-17,-0.00016308501004703687,-0.07280357034405853,-0.07264048533401148,-8.642340680902044e-06,0.0,True
cyclonic,0.5,6.543033599853516,56116.26415084908,0.71875,-0.07379208204061279,-0.07379208204061276,2.7755575615628914e-17,-0.00019727684822018504,-0.07398935888883294,-0.07379208204061279,-1.0454263885330156e-05,0.0,True
cyclonic,0.5,6.543033599853516,60995.93929440117,0.78125,-0.07380841912098413,-0.07380841912098406,6.938893903907228e-17,-0.00023593166732487807,-0.07404435078830894,-0.07380841912098413,-1.2502693201826175e-05,0.0,True
cyclonic,0.5,6.543033599853516,65875.61443795326,0.84375,-0.07276873529889438,-0.0727687352988944,-1.3877787807814457e-17,-0.00027283502363338087,-0.07304157032252778,-0.07276873529889438,-1.4458307500128706e-05,0.0,True
cyclonic,0.5,6.543033599853516,70755.28958150536,0.9062500000000001,-0.07071455391902895,-0.07071455391902885,9.71445146547012e-17,-0.0003095337956534199,-0.07102408771468227,-0.07071455391902895,-1.640308029240714e-05,0.0,True
cyclonic,0.5,6.543033599853516,75634.96472505745,0.96875,-0.06776689180974409,-0.06776689180974402,6.938893903907228e-17,-0.0003452353701452607,-0.06811212717988928,-0.06776689180974409,-1.8295008738277795e-05,0.0,True
cyclonic,0.5,6.543033599853516,80514.63986860955,1.03125,-0.06409560776205195,-0.06409560776205184,1.1102230246251565e-16,-0.00038004107493952167,-0.06447564883699136,-0.06409560776205195,-2.0139462489018906e-05,0.0,True
cyclonic,0.5,6.543033599853516,85394.31501216163,1.09375,-0.05981571068052097,-0.05981571068052095,1.3877787807814457e-17,-0.00041460479328788775,-0.06023031547380884,-0.05981571068052097,-2.1971092686540863e-05,0.0,True
cyclonic,0.5,6.543033599853516,90273.99015571373,1.15625,-0.05530700502783478,-0.05530700502783468,1.0408340855860843e-16,-0.00044695704547382414,-0.0557539620733085,-0.05530700502783478,-2.368553097308037e-05,0.0,True
cyclonic,0.5,6.543033599853516,95153.66529926582,1.21875,-0.050571944431180994,-0.050571944431180925,6.938893903907228e-17,-0.000476031771767712,-0.05104797620294864,-0.050571944431180994,-2.5226283797409762e-05,0.0,True
cyclonic,0.5,6.543033599853516,100033.34044281792,1.28125,-0.04581301757994995,-0.04581301757994989,5.551115123125783e-17,-0.0005011488091972414,-0.046314166389147135,-0.04581301757994995,-2.655730738013116e-05,0.0,True
cyclonic,0.5,6.543033599853516,104913.01558637002,1.34375,-0.040482031476925674,-0.04048203147692566,1.3877787807814457e-17,-0.0005208166953095016,-0.041002848172235165,-0.040482031476925674,-2.7599564864165463e-05,0.0,True
cyclonic,0.5,6.543033599853516,109792.6907299221,1.40625,-0.03486507893344261,-0.03486507893344254,6.938893903907228e-17,-0.0005377273783928437,-0.035402806311835386,-0.03486507893344261,-2.849571028127559e-05,0.0,True
cyclonic,0.5,6.543033599853516,114672.3658734742,1.46875,-0.02953667436168155,-0.02953667436168146,9.020562075079397e-17,-0.0005505455176426078,-0.03008721987932407,-0.02953667436168155,-2.917498010662466e-05,0.0,True
cyclonic,0.5,6.543033599853516,119552.04101702629,1.53125,-0.024228635665848087,-0.024228635665848024,6.245004513516506e-17,-0.0005501542998638958,-0.02477878996571192,-0.024228635665848087,-2.9154248358666466e-05,0.0,True
cyclonic,0.5,6.543033599853516,124431.71616057839,1.59375,-0.019088384419782396,-0.019088384419782372,2.42861286636753e-17,-0.000537374563571423,-0.019625758983353794,-0.019088384419782396,-2.8477013615756724e-05,0.0,True
cyclonic,0.5,6.543033599853516,129311.39130413048,1.65625,-0.014579412319020872,-0.014579412319020829,4.336808689942018e-17,-0.000517164532811626,-0.015096576851832454,-0.014579412319020872,-2.7406026337727306e-05,0.0,True
cyclonic,0.5,6.543033599853516,134191.06644768256,1.7187499999999998,-0.010453591518879956,-0.010453591518879908,4.85722573273506e-17,-0.0004909479574533638,-0.010944539476333271,-0.010453591518879956,-2.6016735098346722e-05,0.0,True
cyclonic,0.5,6.543033599853516,139070.74159123466,1.78125,-0.006818841671186356,-0.006818841671186324,3.122502256758253e-17,-0.000453626343423593,-0.007272468014609917,-0.006818841671186356,-2.4038956128266126e-05,0.0,True
cyclonic,0.5,6.543033599853516,143950.41673478676,1.84375,-0.00377343579026533,-0.003773435790265289,4.119968255444917e-17,-0.0004103434319222626,-0.004183779222187552,-0.00377343579026533,-2.1745270971378053e-05,0.0,True
cyclonic,0.5,6.543033599853516,148830.09187833886,1.90625,-0.0016176109606675997,-0.001617610960667568,3.165870343657673e-17,-0.0003671858157086808,-0.001984796776376249,-0.0016176109606675997,-1.945822556980607e-05,0.0,True
cyclonic,0.5,6.543033599853516,153709.76702189096,1.9687500000000002,0.0008170124009233643,0.0008170124009233841,1.984089975648473e-17,-0.0003245776261655258,0.0004924347747578583,0.0008170124009233643,-1.7200295857429763e-05,0.0,True
cyclonic,0.5,6.543033599853516,158589.44216544303,2.03125,0.002316974044138453,0.002316974044138541,8.803721640582296e-17,-0.0002755476827053543,0.002041426361433187,0.002316974044138453,-1.4602059055494658e-05,0.0,True
cyclonic,0.5,6.543033599853516,163469.11730899513,2.09375,0.0034905172628149983,0.003490517262815038,3.946495907847236e-17,-0.00022250501536016403,0.0032680122474548737,0.0034905172628149983,-1.1791176548949899e-05,0.0,True
cyclonic,0.5,6.543033599853516,168348.79245254723,2.15625,0.005009246022962301,0.005009246022962353,5.204170427930421e-17,-0.00016237139706934547,0.004846874625893007,0.005009246022962301,-8.604524290139072e-06,0.0,True
cyclonic,0.5,6.543033599853516,173228.46759609933,2.21875,0.006415198814422424,0.006415198814422417,-6.938893903907228e-18,-0.00010317632666046767,0.006312022487761949,0.006415198814422424,-5.467608365395561e-06,0.0,True
cyclonic,0.5,6.543033599853516,178108.14273965143,2.28125,0.007756691386065279,0.007756691386065317,3.8163916471489756e-17,-4.92398762786582e-05,0.007707451509786659,0.007756691386065279,-2.609361741847979e-06,0.0,True
cyclonic,0.5,6.543033599853516,182987.8178832035,2.34375,0.008816644072992333,0.008816644072992402,6.938893903907228e-17,3.51284542697646e-06,0.008820156918419378,0.008816644072992333,1.8615571676712157e-07,0.0,True
cyclonic,0.5,6.543033599853516,187867.4930267556,2.40625,0.009910650679768084,0.009910650679768117,3.2959746043559335e-17,4.719682281267235e-05,0.009957847502580788,0.009910650679768084,2.501094500871909e-06,0.0,True
cyclonic,0.5,6.543033599853516,192747.1681703077,2.46875,0.010758301321207482,0.01075830132120747,-1.214306433183765e-17,9.338626530313362e-05,0.010851687586510603,0.010758301321207482,4.948805039985014e-06,0.0,True
cyclonic,0.5,8.09251880645752,2439.837571776047,0.03125,5.707411365486698e-06,5.707411365486698e-06,0.0,-3.601778056679995e-08,5.671393584919898e-06,5.707411365486698e-06,-4.079393197123662e-08,1.0,False
cyclonic,0.5,8.09251880645752,7319.512715328141,0.09375,-0.00022700536474827554,-0.00022700536474827597,-4.336808689942018e-19,2.589745046291259e-06,-0.0002244156197019847,-0.00022700536474827554,2.9331591669097367e-06,0.0,True
cyclonic,0.5,8.09251880645752,12199.187858880234,0.15625,-0.0003609339877664299,-0.0003609339877664317,-1.7889335846010823e-18,5.699560493451129e-06,-0.00035523442727298057,-0.0003609339877664299,6.45535286674802e-06,0.0,True
cyclonic,0.5,8.09251880645752,17078.86300243233,0.21875,-0.000434557336860465,-0.00043455733686046587,-8.673617379884035e-19,3.698789916749893e-06,-0.00043085854694371596,-0.000434557336860465,4.189269351562295e-06,0.0,True
cyclonic,0.5,8.09251880645752,21958.53814598442,0.28125,-0.00041821480993292957,-0.00041821480993293304,-3.469446951953614e-18,-4.918218533424516e-06,-0.00042313302846635754,-0.00041821480993292957,-5.5704007608156845e-06,0.0,True
cyclonic,0.5,8.09251880645752,26838.213289536514,0.34375,-0.00037829078188305384,-0.00037829078188305904,-5.204170427930421e-18,-1.596321761680739e-05,-0.00039425399949986645,-0.00037829078188305384,-1.8080026121941124e-05,0.0,True
cyclonic,0.5,8.09251880645752,31717.88843308861,0.40625,-0.0002621015647940443,-0.0002621015647940547,-1.0408340855860843e-17,-2.7301773362902924e-05,-0.00028940333815695766,-0.0002621015647940443,-3.092213533798354e-05,0.0,True
cyclonic,0.5,8.09251880645752,36597.5635766407,0.46874999999999994,2.094710035665393e-05,2.0947100356653944e-05,1.3552527156068805e-20,-3.8500714113996724e-05,-1.755361375734278e-05,2.094710035665393e-05,-4.360611585984665e-05,0.0,True
cyclonic,0.5,8.09251880645752,41477.2387201928,0.53125,0.0004768915542325991,0.0004768915542325975,-1.6263032587282567e-18,-4.929671002618339e-05,0.0004275948442064141,0.0004768915542325991,-5.5833718890152416e-05,0.0,True
cyclonic,0.5,8.09251880645752,46356.91386374489,0.59375,0.0010479802850917846,0.001047980285091766,-1.8648277366750676e-17,-6.126460789058925e-05,0.0009867156772011766,0.0010479802850917846,-6.938862437395406e-05,0.0,True
cyclonic,0.5,8.09251880645752,51236.589007296985,0.65625,0.0016399477987898454,0.0016399477987898276,-1.7780915628762273e-17,-7.585310271650707e-05,0.0015640946960733205,0.0016399477987898454,-8.591163206976398e-05,0.0,True
cyclonic,0.5,8.09251880645752,56116.26415084908,0.71875,0.0023716798776315553,0.0023716798776315493,-6.071532165918825e-18,-9.098859182487303e-05,0.002280691285806676,0.0023716798776315553,-0.00010305416843157432,0.0,True
cyclonic,0.5,8.09251880645752,60995.93929440117,0.78125,0.0033087546012311093,0.003308754601231088,-2.1250362580715887e-17,-0.00010782798987384418,0.0032009266113572437,0.0033087546012311093,-0.00012212656122302545,0.0,True
cyclonic,0.5,8.09251880645752,65875.61443795326,0.84375,0.004403427928146025,0.004403427928146017,-7.806255641895632e-18,-0.00012526151242483495,0.004278166415721182,0.004403427928146025,-0.00014187186262062688,0.0,True
cyclonic,0.5,8.09251880645752,70755.28958150536,0.9062500000000001,0.005651661874541282,0.0056516618745412655,-1.6479873021779667e-17,-0.0001433122335240871,0.005508349641017179,0.005651661874541282,-0.00016231620641324278,0.0,True
cyclonic,0.5,8.09251880645752,75634.96472505745,0.96875,0.007027823723787158,0.007027823723787153,-4.336808689942018e-18,-0.00016032394988722967,0.006867499773899923,0.007027823723787158,-0.0001815837678540411,0.0,True
cyclonic,0.5,8.09251880645752,80514.63986860955,1.03125,0.008482298069814972,0.00848229806981498,6.938893903907228e-18,-0.00017672391750463644,0.008305574152310343,0.008482298069814972,-0.00020015845937547416,0.0,True
cyclonic,0.5,8.09251880645752,85394.31501216163,1.09375,0.009887222357567357,0.009887222357567352,-5.204170427930421e-18,-0.00019323507535504552,0.009693987282212307,0.009887222357567357,-0.00021885908555277947,0.0,True
cyclonic,0.5,8.09251880645752,90273.99015571373,1.15625,0.011094041410044954,0.011094041410044966,1.214306433183765e-17,-0.00020747927351036228,0.010886562136534604,0.011094041410044954,-0.00023499214098786152,0.0,True
cyclonic,0.5,8.09251880645752,95153.66529926582,1.21875,0.012458072246693616,0.012458072246693647,3.122502256758253e-17,-0.0002215925471878493,0.012236479699505799,0.012458072246693616,-0.00025097691065525035,0.0,True
cyclonic,0.5,8.09251880645752,100033.34044281792,1.28125,0.013845863669688662,0.013845863669688686,2.42861286636753e-17,-0.00023325568220889487,0.013612607987479791,0.013845863669688662,-0.0002641866401036674,0.0,True
cyclonic,0.5,8.09251880645752,104913.01558637002,1.34375,0.015493913983126365,0.015493913983126403,3.8163916471489756e-17,-0.00024259410071340363,0.015251319882413,0.015493913983126365,-0.0002747633831232808,0.0,True
cyclonic,0.5,8.09251880645752,109792.6907299221,1.40625,0.017304777542294786,0.017304777542294834,4.85722573273506e-17,-0.000250233905583262,0.01705454363671157,0.017304777542294786,-0.0002834162672052556,0.0,True
cyclonic,0.5,8.09251880645752,114672.3658734742,1.46875,0.01920233661820465,0.01920233661820474,9.020562075079397e-17,-0.000256199788209934,0.018946136829994808,0.01920233661820465,-0.0002901732579523526,0.0,True
cyclonic,0.5,8.09251880645752,119552.04101702629,1.53125,0.021008993125457166,0.021008993125457242,7.632783294297951e-17,-0.0002565953518816987,0.020752397773575543,0.021008993125457166,-0.00029062127549430903,0.0,True
cyclonic,0.5,8.09251880645752,124431.71616057839,1.59375,0.022559153267421934,0.022559153267421972,3.8163916471489756e-17,-0.0002511601641161089,0.022307993103305862,0.022559153267421934,-0.00028446535260091604,0.0,True
cyclonic,0.5,8.09251880645752,129311.39130413048,1.65625,0.023859705614962614,0.02385970561496266,4.5102810375396984e-17,-0.0002422971021828675,0.02361740851277979,0.023859705614962614,-0.00027442700099035677,0.0,True
cyclonic,0.5,8.09251880645752,134191.06644768256,1.7187499999999998,0.024839647382349235,0.024839647382349336,1.0061396160665481e-16,-0.00023065243132974143,0.024608994951019595,0.024839647382349235,-0.00026123818415782447,0.0,True
cyclonic,0.5,8.09251880645752,139070.74159123466,1.78125,0.02574702588394849,0.025747025883948563,7.28583859910259e-17,-0.00021339144300801577,0.025533634440940547,0.02574702588394849,-0.00024168829595616655,0.0,True
cyclonic,0.5,8.09251880645752,143950.41673478676,1.84375,0.026413257883948167,0.026413257883948257,9.020562075079397e-17,-0.0001950496107066554,0.026218208273241603,0.026413257883948167,-0.0002209142380504658,0.0,True
cyclonic,0.5,8.09251880645752,148830.09187833886,1.90625,0.026885433275080736,0.026885433275080788,5.204170427930421e-17,-0.00017477863423719157,0.026710654640843597,0.026885433275080736,-0.00019795522108515933,0.0,True
cyclonic,0.5,8.09251880645752,153709.76702189096,1.9687500000000002,0.026696552393707013,0.026696552393707083,6.938893903907228e-17,-0.0001554006758757765,0.026541151717831307,0.026696552393707013,-0.00017600764123162213,0.0,True
cyclonic,0.5,8.09251880645752,158589.44216544303,2.03125,0.026414398687246494,0.026414398687246658,1.6306400674181987e-16,-0.00013314800368660954,0.026281250683560048,0.026414398687246494,-0.00015080414503674934,0.0,True
cyclonic,0.5,8.09251880645752,163469.11730899513,2.09375,0.02597949783618931,0.025979497836189455,1.457167719820518e-16,-0.00010938088874307615,0.02587011694744638,0.02597949783618931,-0.0001238853828337066,0.0,True
cyclonic,0.5,8.09251880645752,168348.79245254723,2.15625,0.02579542598734614,0.025795425987346268,1.2836953722228372e-16,-8.298969722011743e-05,0.02571243629012615,0.02579542598734614,-9.39945773846937e-05,0.0,True
cyclonic,0.5,8.09251880645752,173228.46759609933,2.21875,0.02520145152105736,0.02520145152105746,1.0061396160665481e-16,-5.684311893994111e-05,0.02514460840211752,0.02520145152105736,-6.438082220997025e-05,0.0,True
cyclonic,0.5,8.09251880645752,178108.14273965143,2.28125,0.02464565682870106,0.024645656828701245,1.8388068845354155e-16,-3.3656902724630654e-05,0.024611999925976614,0.02464565682870106,-3.8119989030548336e-05,0.0,True
cyclonic,0.5,8.09251880645752,182987.8178832035,2.34375,0.023696035575057565,0.023696035575057686,1.214306433183765e-16,-1.19702354138936e-05,0.023684065339643793,0.023696035575057565,-1.3557553004922639e-05,0.0,True
cyclonic,0.5,8.09251880645752,187867.4930267556,2.40625,0.02281846091447233,0.022818460914472507,1.7694179454963432e-16,7.734419210770187e-06,0.022826195333683276,0.02281846091447233,8.760044793321288e-06,0.0,True
cyclonic,0.5,8.09251880645752,192747.1681703077,2.46875,0.02181620306433225,0.021816203064332407,1.5612511283791264e-16,2.9329168213708608e-05,0.021845532232546115,0.02181620306433225,3.321837364920358e-05,0.0,True
cyclonic,0.5,9.822750091552734,2439.837571776047,0.03125,6.172131741638083e-06,6.172131741638083e-06,0.0,-8.228416026794655e-08,6.089847581370137e-06,6.172131741638083e-06,-4.603958203995012e-08,0.0,True
cyclonic,0.5,9.822750091552734,7319.512715328141,0.09375,0.0017457486208236435,0.0017457486208236435,0.0,7.292636259680815e-06,0.0017530412570833244,0.0017457486208236435,4.080371292260485e-06,0.0,True
cyclonic,0.5,9.822750091552734,12199.187858880234,0.15625,0.003504341502329603,0.0035043415023296035,4.336808689942018e-19,1.5984723297583287e-05,0.003520326225627187,0.003504341502329603,8.943762411240967e-06,0.0,True
cyclonic,0.5,9.822750091552734,17078.86300243233,0.21875,0.005210177935320008,0.005210177935320009,8.673617379884035e-19,1.0355506340844742e-05,0.005220533441660853,0.005210177935320008,5.794106450038918e-06,0.0,True
cyclonic,0.5,9.822750091552734,21958.53814598442,0.28125,0.006785716653246292,0.006785716653246293,8.673617379884035e-19,-1.3704011372544192e-05,0.006772012641873749,0.006785716653246292,-7.667659897216364e-06,0.0,True
cyclonic,0.5,9.822750091552734,26838.213289536514,0.34375,0.008208498956889377,0.008208498956889378,1.734723475976807e-18,-4.3065608083382105e-05,0.008165433348805996,0.008208498956889377,-2.4096042178698283e-05,0.0,True
cyclonic,0.5,9.822750091552734,31717.88843308861,0.40625,0.009552318329652677,0.009552318329652679,1.734723475976807e-18,-7.282451300355167e-05,0.009479493816649127,0.009552318329652677,-4.0746726101700344e-05,0.0,True
cyclonic,0.5,9.822750091552734,36597.5635766407,0.46874999999999994,0.010917414484623248,0.010917414484623246,-1.734723475976807e-18,-0.00010206084480927369,0.010815353639813972,0.010917414484623248,-5.710502024158818e-05,0.0,True
cyclonic,0.5,9.822750091552734,41477.2387201928,0.53125,0.012251045514603912,0.012251045514603912,0.0,-0.00012975543919375724,0.012121290075410155,0.012251045514603912,-7.260068242098653e-05,0.0,True
cyclonic,0.5,9.822750091552734,46356.91386374489,0.59375,0.013427921486239043,0.013427921486239044,1.734723475976807e-18,-0.00016230292893568423,0.01326561855730336,0.013427921486239043,-9.081163358447074e-05,0.0,True
cyclonic,0.5,9.822750091552734,51236.589007296985,0.65625,0.014323371576179385,0.01432337157617939,5.204170427930421e-18,-0.0002037058671723172,0.014119665709007074,0.014323371576179385,-0.00011397737976737241,0.0,True
cyclonic,0.5,9.822750091552734,56116.26415084908,0.71875,0.015062670789752637,0.015062670789752635,-1.734723475976807e-18,-0.0002467825442982637,0.014815888245454371,0.015062670789752637,-0.00013807961528986356,0.0,True
cyclonic,0.5,9.822750091552734,60995.93929440117,0.78125,0.015785262208498893,0.0157852622084989,6.938893903907228e-18,-0.0002926843913665697,0.015492577817132331,0.015785262208498893,-0.00016376258813670134,0.0,True
cyclonic,0.5,9.822750091552734,65875.61443795326,0.84375,0.01653370217931227,0.01653370217931227,0.0,-0.0003397549272819411,0.01619394725203033,0.01653370217931227,-0.00019009946503844384,0.0,True
cyclonic,0.5,9.822750091552734,70755.28958150536,0.9062500000000001,0.017230633078138692,0.017230633078138692,0.0,-0.0003891870322808504,0.01684144604585784,0.017230633078138692,-0.00021775768560111094,0.0,True
cyclonic,0.5,9.822750091552734,75634.96472505745,0.96875,0.01783951771187016,0.017839517711870152,-6.938893903907228e-18,-0.00043727032517394535,0.017402247386696205,0.01783951771187016,-0.0002446612196554646,0.0,True
cyclonic,0.5,9.822750091552734,80514.63986860955,1.03125,0.018331073435978826,0.018331073435978826,0.0,-0.0004842327037957129,0.017846840732183112,0.018331073435978826,-0.0002709375804557378,0.0,True
cyclonic,0.5,9.822750091552734,85394.31501216163,1.09375,0.018588765410459923,0.01858876541045993,6.938893903907228e-18,-0.0005305846174068718,0.018058180793053057,0.018588765410459923,-0.0002968723742539669,0.0,True
cyclonic,0.5,9.822750091552734,90273.99015571373,1.15625,0.01875651773653333,0.018756517736533328,-3.469446951953614e-18,-0.0005701385891705294,0.018186379147362798,0.01875651773653333,-0.00031900358786894216,0.0,True
cyclonic,0.5,9.822750091552734,95153.66529926582,1.21875,0.018927904731284372,0.01892790473128435,-2.0816681711721685e-17,-0.0006091968432364083,0.018318707888047944,0.018927904731284372,-0.00034085743782679047,0.0,True
cyclonic,0.5,9.822750091552734,100033.34044281792,1.28125,0.019124031433215484,0.01912403143321548,-3.469446951953614e-18,-0.0006424357786292974,0.018481595654586184,0.019124031433215484,-0.0003594552662297091,0.0,True
cyclonic,0.5,9.822750091552734,104913.01558637002,1.34375,0.019314405504224266,0.01931440550422423,-3.469446951953614e-17,-0.0006691337306803711,0.01864527177354386,0.019314405504224266,-0.00037439328771223337,0.0,True
cyclonic,0.5,9.822750091552734,109792.6907299221,1.40625,0.019579299281721373,0.019579299281721387,1.3877787807814457e-17,-0.0006911213304831096,0.018888177951238278,0.019579299281721373,-0.0003866957758421889,0.0,True
cyclonic,0.5,9.822750091552734,114672.3658734742,1.46875,0.019848415963468143,0.019848415963468105,-3.8163916471489756e-17,-0.0007074853145688828,0.019140930648899223,0.019848415963468143,-0.0003958517420131273,0.0,True
cyclonic,0.5,9.822750091552734,119552.04101702629,1.53125,0.020134937065221258,0.020134937065221264,6.938893903907228e-18,-0.0007083438878043842,0.01942659317741688,0.020134937065221258,-0.0003963321303744408,0.0,True
cyclonic,0.5,9.822750091552734,124431.71616057839,1.59375,0.020382347698615057,0.020382347698615078,2.0816681711721685e-17,-0.00069434808877294,0.019687999609842136,0.020382347698615057,-0.00038850120962827814,0.0,True
cyclonic,0.5,9.822750091552734,129311.39130413048,1.65625,0.020523004490761658,0.020523004490761616,-4.163336342344337e-17,-0.000671414022741565,0.019851590468020052,0.020523004490761658,-0.00037566915530430113,0.0,True
cyclonic,0.5,9.822750091552734,134191.06644768256,1.7187499999999998,0.020568800823032418,0.02056880082303238,-3.8163916471489756e-17,-0.0006417537189681781,0.0199270471040642,0.020568800823032418,-0.0003590736406334583,0.0,True
cyclonic,0.5,9.822750091552734,139070.74159123466,1.78125,0.02054245665295074,0.020542456652950784,4.5102810375396984e-17,-0.0005971101786446407,0.019945346474306142,0.02054245665295074,-0.00033409471479176165,0.0,True
cyclonic,0.5,9.822750091552734,143950.41673478676,1.84375,0.02041539053476399,0.020415390534763985,-3.469446951953614e-18,-0.0005464264213495085,0.019868964113414475,0.02041539053476399,-0.000305736170516854,0.0,True
cyclonic,0.5,9.822750091552734,148830.09187833886,1.90625,0.020295543288650186,0.02029554328865016,-2.7755575615628914e-17,-0.0004907707936460562,0.019804772495004102,0.020295543288650186,-0.0002745957684115879,0.0,True
cyclonic,0.5,9.822750091552734,153709.76702189096,1.9687500000000002,0.019730299753132327,0.019730299753132275,-5.204170427930421e-17,-0.00044158001891199633,0.019288719734220278,0.019730299753132327,-0.0002470725768082136,0.0,True
cyclonic,0.5,9.822750091552734,158589.44216544303,2.03125,0.019128098056976062,0.019128098056976038,-2.42861286636753e-17,-0.0003860683675220662,0.018742029689453973,0.019128098056976062,-0.00021601273224010448,0.0,True
cyclonic,0.5,9.822750091552734,163469.11730899513,2.09375,0.018440198261577324,0.01844019826157727,-5.204170427930421e-17,-0.0003229829460485114,0.018117215315528762,0.018440198261577324,-0.00018071521655787953,0.0,True
cyclonic,0.5,9.822750091552734,168348.79245254723,2.15625,0.017778011080654306,0.01777801108065427,-3.469446951953614e-17,-0.00024932629423145524,0.017528684786422815,0.017778011080654306,-0.00013950289266617666,0.0,True
cyclonic,0.5,9.822750091552734,173228.46759609933,2.21875,0.016986352905905347,0.016986352905905316,-3.122502256758253e-17,-0.00017963365346965762,0.016806719252435657,0.016986352905905347,-0.00010050850976811775,0.0,True
cyclonic,0.5,9.822750091552734,178108.14273965143,2.28125,0.016164892466802323,0.01616489246680232,-3.469446951953614e-18,-0.00011405681331984274,0.016050835653482476,0.016164892466802323,-6.38169970618237e-05,0.0,True
cyclonic,0.5,9.822750091552734,182987.8178832035,2.34375,0.015338297054047136,0.015338297054047075,-6.071532165918825e-17,-5.524710110641085e-05,0.015283049952940664,0.015338297054047136,-3.0911823558450436e-05,0.0,True
cyclonic,0.5,9.822750091552734,187867.4930267556,2.40625,0.014539227336606706,0.014539227336606703,-3.469446951953614e-18,-9.011604065064899e-07,0.014538326176200196,0.014539227336606706,-5.042167086764599e-07,0.0,True
cyclonic,0.5,9.822750091552734,192747.1681703077,2.46875,0.01386910484532508,0.013869104845325105,2.6020852139652106e-17,5.7862974053602935e-05,0.013926967819378707,0.01386910484532508,3.237545515858053e-05,0.0,True
cyclonic,0.5,11.773679733276367,2439.837571776047,0.03125,6.955648908948891e-06,6.955648908948892e-06,8.470329472543003e-22,2.3956426492337358e-06,9.351291558182629e-06,6.955648908948891e-06,4.34007982193652e-07,0.0,True
cyclonic,0.5,11.773679733276367,7319.512715328141,0.09375,-0.002834889676398014,-0.0028348896763980137,4.336808689942018e-19,1.5249399311119918e-05,-0.002819640277086894,-0.002834889676398014,2.7626662210248075e-06,0.0,True
cyclonic,0.5,11.773679733276367,12199.187858880234,0.15625,-0.005606548456641596,-0.005606548456641593,3.469446951953614e-18,2.57071062497679e-05,-0.005580841350391825,-0.005606548456641596,4.657242729865519e-06,0.0,True
cyclonic,0.5,11.773679733276367,17078.86300243233,0.21875,-0.008280415624321153,-0.00828041562432115,3.469446951953614e-18,9.71086476345427e-06,-0.008270704759557695,-0.008280415624321153,1.7592744154435106e-06,0.0,True
cyclonic,0.5,11.773679733276367,21958.53814598442,0.28125,-0.010790180461678598,-0.010790180461678593,5.204170427930421e-18,-3.258224707471352e-05,-0.010822762708753306,-0.010790180461678598,-5.90278158253466e-06,0.0,True
cyclonic,0.5,11.773679733276367,26838.213289536514,0.34375,-0.013043694223758236,-0.013043694223758224,1.214306433183765e-17,-8.690287773971066e-05,-0.013130597101497934,-0.013043694223758236,-1.5743809965437614e-05,0.0,True
cyclonic,0.5,11.773679733276367,31717.88843308861,0.40625,-0.015034025708553769,-0.015034025708553748,2.0816681711721685e-17,-0.0001422762543217943,-0.015176301962875543,-0.015034025708553769,-2.5775559669562444e-05,0.0,True
cyclonic,0.5,11.773679733276367,36597.5635766407,0.46874999999999994,-0.01670712412596511,-0.016707124125965103,6.938893903907228e-18,-0.00019214736905888842,-0.01689927149502399,-0.01670712412596511,-3.481048893320595e-05,0.0,True
cyclonic,0.5,11.773679733276367,41477.2387201928,0.53125,-0.0180048331542845,-0.018004833154284493,6.938893903907228e-18,-0.00024518115186656817,-0.01825001430615106,-0.0180048331542845,-4.441838478187088e-05,0.0,True
cyclonic,0.5,11.773679733276367,46356.91386374489,0.59375,-0.01893429753526281,-0.018934297535262788,2.0816681711721685e-17,-0.00031027755681795397,-0.019244575092080742,-0.01893429753526281,-5.621161252810779e-05,0.0,True
cyclonic,0.5,11.773679733276367,51236.589007296985,0.65625,-0.019527146529714788,-0.01952714652971473,5.898059818321144e-17,-0.0003875295151154941,-0.019914676044830222,-0.019527146529714788,-7.020700810680468e-05,0.0,True
cyclonic,0.5,11.773679733276367,56116.26415084908,0.71875,-0.019795373853132854,-0.019795373853132854,0.0,-0.0004691823848297185,-0.020264556237962573,-0.019795373853132854,-8.499969734045429e-05,0.0,True
cyclonic,0.5,11.773679733276367,60995.93929440117,0.78125,-0.01973089575669329,-0.019730895756693245,4.5102810375396984e-17,-0.0005559264189936432,-0.020286822175686888,-0.01973089575669329,-0.00010071473031787437,0.0,True
cyclonic,0.5,11.773679733276367,65875.61443795326,0.84375,-0.019297306036688108,-0.019297306036688104,3.469446951953614e-18,-0.0006438387117587138,-0.01994114474844682,-0.019297306036688108,-0.0001166414115385439,0.0,True
cyclonic,0.5,11.773679733276367,70755.28958150536,0.9062500000000001,-0.018532805692400806,-0.018532805692400782,2.42861286636753e-17,-0.0007352598846877164,-0.0192680655770885,-0.018532805692400806,-0.0001332037810577977,0.0,True
cyclonic,0.5,11.773679733276367,75634.96472505745,0.96875,-0.017504928399850333,-0.01750492839985036,-2.7755575615628914e-17,-0.0008244294450961292,-0.01832935784494649,-0.017504928399850333,-0.00014935823589618056,0.0,True
cyclonic,0.5,11.773679733276367,80514.63986860955,1.03125,-0.016319713874260792,-0.01631971387426072,7.28583859910259e-17,-0.0009071225514296608,-0.01722683642569038,-0.016319713874260792,-0.00016433938019690534,0.0,True
cyclonic,0.5,11.773679733276367,85394.31501216163,1.09375,-0.015085506933491704,-0.015085506933491704,0.0,-0.0009885284737012332,-0.016074035407192936,-0.015085506933491704,-0.00017908733105468424,0.0,True
cyclonic,0.5,11.773679733276367,90273.99015571373,1.15625,-0.013812954601907115,-0.013812954601907101,1.3877787807814457e-17,-0.0010621146963195726,-0.014875069298226674,-0.013812954601907115,-0.00019241862151490944,0.0,True
cyclonic,0.5,11.773679733276367,95153.66529926582,1.21875,-0.012548348249366,-0.012548348249366,0.0,-0.0011333686884279028,-0.013681716937793902,-0.012548348249366,-0.00020532739208971548,0.0,True
cyclonic,0.5,11.773679733276367,100033.34044281792,1.28125,-0.011248028152726582,-0.011248028152726573,8.673617379884035e-18,-0.0011955708023559852,-0.012443598955082558,-0.011248028152726582,-0.00021659627393348361,0.0,True
cyclonic,0.5,11.773679733276367,104913.01558637002,1.34375,-0.009920205166499383,-0.009920205166499383,0.0,-0.0012450485400892306,-0.011165253706588614,-0.009920205166499383,-0.00022555993682535155,0.0,True
cyclonic,0.5,11.773679733276367,109792.6907299221,1.40625,-0.008575743017754725,-0.008575743017754737,-1.214306433183765e-17,-0.0012900780370353616,-0.009865821054790098,-0.008575743017754725,-0.00023371773160957637,0.0,True
cyclonic,0.5,11.773679733276367,114672.3658734742,1.46875,-0.007444238107764583,-0.007444238107764554,2.862293735361732e-17,-0.0013135423032583557,-0.00875778041102291,-0.007444238107764583,-0.00023796864893247245,0.0,True
cyclonic,0.5,11.773679733276367,119552.04101702629,1.53125,-0.006252859036607432,-0.006252859036607421,1.1275702593849246e-17,-0.0013099500148117532,-0.007562809051419174,-0.006252859036607432,-0.00023731784992425382,0.0,True
cyclonic,0.5,11.773679733276367,124431.71616057839,1.59375,-0.005156505101623688,-0.005156505101623663,2.5153490401663703e-17,-0.0012816963465774832,-0.0064382014482011465,-0.005156505101623688,-0.00023219925782378068,0.0,True
cyclonic,0.5,11.773679733276367,129311.39130413048,1.65625,-0.004193202265480607,-0.004193202265480596,1.1275702593849246e-17,-0.001243028982278723,-0.005436231247759319,-0.004193202265480607,-0.00022519406246986607,0.0,True
cyclonic,0.5,11.773679733276367,134191.06644768256,1.7187499999999998,-0.0033775444212258213,-0.003377544421225827,-5.637851296924623e-18,-0.0011898411910033744,-0.0045673856122292016,-0.0033775444212258213,-0.00021555826558833423,0.0,True
cyclonic,0.5,11.773679733276367,139070.74159123466,1.78125,-0.002665319696984946,-0.0026653196969849496,-3.469446951953614e-18,-0.0011059926579525966,-0.003771312354937546,-0.002665319696984946,-0.00020036779774000729,0.0,True
cyclonic,0.5,11.773679733276367,143950.41673478676,1.84375,-0.0019640052687769204,-0.0019640052687769157,4.7704895589362195e-18,-0.0010169482505466407,-0.002980953519323556,-0.0019640052687769204,-0.0001842360163174944,0.0,True
cyclonic,0.5,11.773679733276367,148830.09187833886,1.90625,-0.001588781173621692,-0.0015887811736216852,6.7220534694101275e-18,-0.0009189245643752505,-0.002507705737996936,-0.001588781173621692,-0.00016647749867879875,0.0,True
cyclonic,0.5,11.773679733276367,153709.76702189096,1.9687500000000002,-0.001214233205346381,-0.0012142332053463772,3.903127820947816e-18,-0.0008212411073503264,-0.0020354743126967034,-0.001214233205346381,-0.0001487806188496439,0.0,True
cyclonic,0.5,11.773679733276367,158589.44216544303,2.03125,-0.0010037044144547628,-0.0010037044144547743,-1.1492543028346347e-17,-0.0007328342851905584,-0.0017365386996453327,-0.0010037044144547628,-0.00013276434592597277,0.0,True
cyclonic,0.5,11.773679733276367,163469.11730899513,2.09375,-0.001026198254112708,-0.0010261982541127103,-2.3852447794681098e-18,-0.0006096569304980315,-0.001635855184610742,-0.001026198254112708,-0.00011044884942270466,0.0,True
cyclonic,0.5,11.773679733276367,168348.79245254723,2.15625,-0.0009400647518646465,-0.000940064751864653,-6.5052130349130266e-18,-0.0004754953326942982,-0.0014155600845589512,-0.0009400647518646465,-8.614338618122374e-05,0.0,True
cyclonic,0.5,11.773679733276367,173228.46759609933,2.21875,-0.0006642177238444946,-0.0006642177238444776,1.702197410802242e-17,-0.0003468581200198747,-0.0010110758438643523,-0.0006642177238444946,-6.283875135778722e-05,0.0,True
cyclonic,0.5,11.773679733276367,178108.14273965143,2.28125,-0.00034210396196160365,-0.0003421039619616112,-7.535205098774256e-18,-0.0002245294065779295,-0.0005666333685395407,-0.00034210396196160365,-4.067699943611983e-05,0.0,True
cyclonic,0.5,11.773679733276367,182987.8178832035,2.34375,0.00010455649969935606,0.00010455649969936758,1.1519648082658485e-17,-0.00011819487512596666,-1.3638375426599077e-05,0.00010455649969935606,-2.141284271903381e-05,0.0,True
cyclonic,0.5,11.773679733276367,187867.4930267556,2.40625,0.000534794816057976,0.0005347948160579451,-3.0899761915836876e-17,-1.5280264512025296e-05,0.0005195145515459198,0.000534794816057976,-2.7682579329477974e-06,0.0,True
cyclonic,0.5,11.773679733276367,192747.1681703077,2.46875,0.0011043643499344595,0.001104364349934435,-2.45029690981724e-17,9.233113499391013e-05,0.001196695484928345,0.0011043643499344595,1.6727223321547602e-05,0.0,True
cyclonic,0.5,13.99103832244873,2439.837571776047,0.03125,8.81814156651328e-06,8.81814156651328e-06,0.0,9.939346489690976e-07,9.812076215482378e-06,8.81814156651328e-06,1.0777980449005508e-06,1.0,False
cyclonic,0.5,13.99103832244873,7319.512715328141,0.09375,-0.0009341566046875153,-0.0009341566046875153,0.0,6.020721227764981e-06,-0.0009281358834597504,-0.0009341566046875153,6.528720550095334e-06,0.0,True
cyclonic,0.5,13.99103832244873,12199.187858880234,0.15625,-0.001782672299509828,-0.001782672299509828,0.0,9.775563778340007e-06,-0.001772896735731488,-0.001782672299509828,1.0600378545031564e-05,0.0,True
cyclonic,0.5,13.99103832244873,17078.86300243233,0.21875,-0.002568255469500446,-0.0025682554695004465,-4.336808689942018e-19,3.6659527942535472e-06,-0.002564589516706193,-0.002568255469500446,3.97526815112271e-06,0.0,True
cyclonic,0.5,13.99103832244873,21958.53814598442,0.28125,-0.0033165329575241633,-0.0033165329575241638,-4.336808689942018e-19,-1.1981969171135343e-05,-0.003328514926695299,-0.0033165329575241633,-1.2992949747855966e-05,0.0,True
cyclonic,0.5,13.99103832244873,26838.213289536514,0.34375,-0.004043518412747135,-0.004043518412747137,-1.734723475976807e-18,-2.8621596002139144e-05,-0.004072140008749277,-0.004043518412747135,-3.103654777005172e-05,0.0,True
cyclonic,0.5,13.99103832244873,31717.88843308861,0.40625,-0.004766006053187639,-0.004766006053187641,-1.734723475976807e-18,-4.632682756933807e-05,-0.0048123328807569785,-0.004766006053187639,-5.023566109951552e-05,0.0,True
cyclonic,0.5,13.99103832244873,36597.5635766407,0.46874999999999994,-0.005478797653803531,-0.00547879765380353,8.673617379884035e-19,-6.198204639300622e-05,-0.005540779700196536,-0.005478797653803531,-6.721179153036483e-05,0.0,True
cyclonic,0.5,13.99103832244873,41477.2387201928,0.53125,-0.0061353638180626615,-0.006135363818062662,-8.673617379884035e-19,-7.822334001466493e-05,-0.006213587158077327,-0.0061353638180626615,-8.482344691458494e-05,0.0,True
cyclonic,0.5,13.99103832244873,46356.91386374489,0.59375,-0.006743641717647789,-0.00674364171764779,-8.673617379884035e-19,-9.997868101139205e-05,-0.006843620398659182,-0.006743641717647789,-0.00010841439830835843,0.0,True
cyclonic,0.5,13.99103832244873,51236.589007296985,0.65625,-0.007339366462302392,-0.007339366462302395,-3.469446951953614e-18,-0.0001235780471328846,-0.0074629445094352796,-0.007339366462302392,-0.00013400496474350417,0.0,True
cyclonic,0.5,13.99103832244873,56116.26415084908,0.71875,-0.007923738800687445,-0.00792373880068744,5.204170427930421e-18,-0.00014832836464279776,-0.008072067165330238,-0.007923738800687445,-0.00016084359427565728,0.0,True
cyclonic,0.5,13.99103832244873,60995.93929440117,0.78125,-0.00849480106875724,-0.008494801068757237,1.734723475976807e-18,-0.00017446358802054613,-0.008669264656777784,-0.00849480106875724,-0.0001891839813310764,0.0,True
cyclonic,0.5,13.99103832244873,65875.61443795326,0.84375,-0.009030015046524193,-0.009030015046524193,0.0,-0.000202142375604749,-0.009232157422128942,-0.009030015046524193,-0.00021919817107123006,0.0,True
cyclonic,0.5,13.99103832244873,70755.28958150536,0.9062500000000001,-0.0095358546802993,-0.009535854680299289,1.0408340855860843e-17,-0.0002321689488437461,-0.009768023629143035,-0.0095358546802993,-0.0002517582412585613,0.0,True
cyclonic,0.5,13.99103832244873,75634.96472505745,0.96875,-0.010012029270119247,-0.010012029270119243,3.469446951953614e-18,-0.0002606502777964639,-0.010272679547915707,-0.010012029270119247,-0.0002826426869243277,0.0,True
cyclonic,0.5,13.99103832244873,80514.63986860955,1.03125,-0.010433642637953752,-0.010433642637953747,5.204170427930421e-18,-0.00028656792835551984,-0.010720210566309268,-0.010433642637953752,-0.0003107471434194696,0.0,True
cyclonic,0.5,13.99103832244873,85394.31501216163,1.09375,-0.010806462900325041,-0.010806462900325033,8.673617379884035e-18,-0.0003119104804145932,-0.011118373380739626,-0.010806462900325041,-0.00033822797738615923,0.0,True
cyclonic,0.5,13.99103832244873,90273.99015571373,1.15625,-0.011208600000111197,-0.011208600000111193,3.469446951953614e-18,-0.0003352627789660893,-0.011543862779077282,-0.011208600000111197,-0.0003635506298853368,0.0,True
cyclonic,0.5,13.99103832244873,95153.66529926582,1.21875,-0.011641742116052773,-0.01164174211605276,1.3877787807814457e-17,-0.00035623323726061015,-0.01199797535331337,-0.011641742116052773,-0.0003862904739726172,0.0,True
cyclonic,0.5,13.99103832244873,100033.34044281792,1.28125,-0.01199516529926649,-0.011995165299266485,5.204170427930421e-18,-0.0003760396759595262,-0.012371204975226011,-0.01199516529926649,-0.0004077680841236222,0.0,True
cyclonic,0.5,13.99103832244873,104913.01558637002,1.34375,-0.0121558588008511,-0.012155858800851096,3.469446951953614e-18,-0.0003929971388513934,-0.012548855939702489,-0.0121558588008511,-0.0004261563356754568,0.0,True
cyclonic,0.5,13.99103832244873,109792.6907299221,1.40625,-0.012254323999148688,-0.012254323999148687,1.734723475976807e-18,-0.0004077384291999226,-0.01266206242834861,-0.012254323999148688,-0.0004421414247690257,0.0,True
cyclonic,0.5,13.99103832244873,114672.3658734742,1.46875,-0.012318014951771568,-0.012318014951771563,5.204170427930421e-18,-0.00041468402910904305,-0.012732698980880607,-0.012318014951771568,-0.0004496730607880294,0.0,True
cyclonic,0.5,13.99103832244873,119552.04101702629,1.53125,-0.012325042114375146,-0.012325042114375125,2.0816681711721685e-17,-0.00041285098900932434,-0.01273789310338445,-0.012325042114375146,-0.0004476853576349596,0.0,True
cyclonic,0.5,13.99103832244873,124431.71616057839,1.59375,-0.012355453311310036,-0.012355453311310039,-3.469446951953614e-18,-0.0004032966359499865,-0.012758749947260025,-0.012355453311310036,-0.00043732485449893895,0.0,True
cyclonic,0.5,13.99103832244873,129311.39130413048,1.65625,-0.012260981968560625,-0.012260981968560595,2.949029909160572e-17,-0.00039030113077283827,-0.012651283099333433,-0.012260981968560625,-0.0004232328514814842,0.0,True
cyclonic,0.5,13.99103832244873,134191.06644768256,1.7187499999999998,-0.012096712976378661,-0.01209671297637864,2.0816681711721685e-17,-0.0003736245453308369,-0.012470337521709477,-0.012096712976378661,-0.0004051491764595413,0.0,True
cyclonic,0.5,13.99103832244873,139070.74159123466,1.78125,-0.011872272835847847,-0.011872272835847842,5.204170427930421e-18,-0.00034781151853074754,-0.01222008435437859,-0.011872272835847847,-0.0003771581713698628,0.0,True
cyclonic,0.5,13.99103832244873,143950.41673478676,1.84375,-0.01160045120182256,-0.011600451201822555,5.204170427930421e-18,-0.00032110553719410346,-0.011921556739016658,-0.01160045120182256,-0.0003481988685609309,0.0,True
cyclonic,0.5,13.99103832244873,148830.09187833886,1.90625,-0.011387399439807959,-0.011387399439807952,6.938893903907228e-18,-0.00028691395352486765,-0.01167431339333282,-0.011387399439807959,-0.00031112236451815676,0.0,True
cyclonic,0.5,13.99103832244873,153709.76702189096,1.9687500000000002,-0.011025354251965476,-0.011025354251965446,2.949029909160572e-17,-0.0002559436681029225,-0.011281297920068368,-0.011025354251965476,-0.0002775389562805974,0.0,True
cyclonic,0.5,13.99103832244873,158589.44216544303,2.03125,-0.010622802247298002,-0.01062280224729798,2.2551405187698492e-17,-0.00022893829300368778,-0.010851740540301667,-0.010622802247298002,-0.00024825499831218357,0.0,True
cyclonic,0.5,13.99103832244873,163469.11730899513,2.09375,-0.01030489758598608,-0.01030489758598604,3.9898639947466563e-17,-0.00019096314264941113,-0.010495860728635452,-0.01030489758598608,-0.0002070756885365402,0.0,True
cyclonic,0.5,13.99103832244873,168348.79245254723,2.15625,-0.009915754771410682,-0.00991575477141064,4.163336342344337e-17,-0.00014914685750314776,-0.010064901628913788,-0.009915754771410682,-0.00016173114760279533,0.0,True
cyclonic,0.5,13.99103832244873,173228.46759609933,2.21875,-0.00940444808577361,-0.009404448085773601,8.673617379884035e-18,-0.00010968839139322001,-0.009514136477166821,-0.00940444808577361,-0.00011894336706595138,0.0,True
cyclonic,0.5,13.99103832244873,178108.14273965143,2.28125,-0.008877850963668386,-0.008877850963668367,1.9081958235744878e-17,-7.284822535547601e-05,-0.008950699189023843,-0.008877850963668386,-7.899480609116776e-05,0.0,True
cyclonic,0.5,13.99103832244873,182987.8178832035,2.34375,-0.008421748720753445,-0.00842174872075343,1.3877787807814457e-17,-4.012401528132348e-05,-0.008461872736034754,-0.008421748720753445,-4.350948552666344e-05,0.0,True
cyclonic,0.5,13.99103832244873,187867.4930267556,2.40625,-0.007968328104695891,-0.007968328104695867,2.42861286636753e-17,-8.585927710278391e-06,-0.007976914032406145,-0.007968328104695891,-9.310366742314086e-06,0.0,True
cyclonic,0.5,13.99103832244873,192747.1681703077,2.46875,-0.007518791036660626,-0.007518791036660599,2.688821387764051e-17,2.523208270961791e-05,-0.0074935589539509816,-0.007518791036660626,2.736104374809927e-05,0.0,True
cyclonic,0.5,16.52532196044922,2439.837571776047,0.03125,7.844672145046023e-06,7.844672145046023e-06,0.0,9.306684681630662e-08,7.93773899186233e-06,7.844672145046023e-06,1.1790812500686851e-07,1.0,False
cyclonic,0.5,16.52532196044922,7319.512715328141,0.09375,-0.0003740088722227523,-0.0003740088722227521,2.168404344971009e-19,3.6439105858243788e-06,-0.00037036496163692773,-0.0003740088722227523,4.616538322344367e-06,0.0,True
cyclonic,0.5,16.52532196044922,12199.187858880234,0.15625,-0.0007133255652607948,-0.0007133255652607944,3.2526065174565133e-19,4.661980150073481e-06,-0.0007086635851107209,-0.0007133255652607948,5.906349652087826e-06,0.0,True
cyclonic,0.5,16.52532196044922,17078.86300243233,0.21875,-0.00102771624111248,-0.001027716241112479,8.673617379884035e-19,3.2875218215701715e-07,-0.001027387488930322,-0.00102771624111248,4.1650227461298974e-07,0.0,True
cyclonic,0.5,16.52532196044922,21958.53814598442,0.28125,-0.001336622135907763,-0.001336622135907762,8.673617379884035e-19,-1.1063729200957387e-05,-0.0013476858651087194,-0.001336622135907763,-1.4016844991465402e-05,0.0,True
cyclonic,0.5,16.52532196044922,26838.213289536514,0.34375,-0.0016464857082819297,-0.0016464857082819258,3.903127820947816e-18,-2.285929171220919e-05,-0.001669344999994135,-0.0016464857082819297,-2.8960863260915602e-05,0.0,True
cyclonic,0.5,16.52532196044922,31717.88843308861,0.40625,-0.00194537298760893,-0.001945372987608928,2.168404344971009e-18,-3.5584222275917185e-05,-0.001980957209884845,-0.00194537298760893,-4.508231525950763e-05,0.0,True
cyclonic,0.5,16.52532196044922,36597.5635766407,0.46874999999999994,-0.002240748602459487,-0.0022407486024594823,4.7704895589362195e-18,-4.776471345106508e-05,-0.0022885133159105476,-0.002240748602459487,-6.051400683662849e-05,0.0,True
cyclonic,0.5,16.52532196044922,41477.2387201928,0.53125,-0.002546415196014454,-0.002546415196014453,8.673617379884035e-19,-6.085878221741219e-05,-0.0026072739782318655,-0.002546415196014454,-7.710312691284961e-05,0.0,True
cyclonic,0.5,16.52532196044922,46356.91386374489,0.59375,-0.002874424545497086,-0.0028744245454970785,7.37257477290143e-18,-7.571136662621991e-05,-0.0029501359121232983,-0.002874424545497086,-9.59201432732011e-05,0.0,True
cyclonic,0.5,16.52532196044922,51236.589007296985,0.65625,-0.003235654553467694,-0.003235654553467688,6.071532165918825e-18,-9.186502618107408e-05,-0.0033275195796487623,-0.003235654553467694,-0.00011638551601620908,0.0,True
cyclonic,0.5,16.52532196044922,56116.26415084908,0.71875,-0.0036180870735126464,-0.0036180870735126333,1.3010426069826053e-17,-0.00010834101038472896,-0.0037264280838973625,-0.0036180870735126464,-0.000137259247871873,0.0,True
cyclonic,0.5,16.52532196044922,60995.93929440117,0.78125,-0.004005436422432578,-0.004005436422432562,1.5612511283791264e-17,-0.000127588125021363,-0.004133024547453925,-0.004005436422432578,-0.00016164377658677673,0.0,True
cyclonic,0.5,16.52532196044922,65875.61443795326,0.84375,-0.004384587428300072,-0.004384587428300059,1.3010426069826053e-17,-0.00014826957564625516,-0.004532857003946314,-0.004384587428300072,-0.00018784549233219404,0.0,True
cyclonic,0.5,16.52532196044922,70755.28958150536,0.9062500000000001,-0.0047544724975796425,-0.00475447249757962,2.2551405187698492e-17,-0.00017059470828447243,-0.004925067205864092,-0.0047544724975796425,-0.00021612961949401193,0.0,True
cyclonic,0.5,16.52532196044922,75634.96472505745,0.96875,-0.005114239966639374,-0.005114239966639357,1.734723475976807e-17,-0.00019195953630376383,-0.0053061995029431205,-0.005114239966639374,-0.00024319711881330203,0.0,True
cyclonic,0.5,16.52532196044922,80514.63986860955,1.03125,-0.005447607847452701,-0.0054476078474526915,9.540979117872439e-18,-0.00021107809814929423,-0.005658685945601986,-0.005447607847452701,-0.0002674187815981572,0.0,True
cyclonic,0.5,16.52532196044922,85394.31501216163,1.09375,-0.005764435378736289,-0.005764435378736276,1.3010426069826053e-17,-0.0002293385768479656,-0.005993773955584241,-0.005764435378736289,-0.0002905533228310611,0.0,True
cyclonic,0.5,16.52532196044922,90273.99015571373,1.15625,-0.00604991383128143,-0.006049913831281422,7.806255641895632e-18,-0.000246715518337017,-0.006296629349618439,-0.00604991383128143,-0.0003125684942848889,0.0,True
cyclonic,0.5,16.52532196044922,95153.66529926582,1.21875,-0.006281731625494529,-0.006281731625494509,1.9949319973733282e-17,-0.0002615940324194296,-0.006543325657913939,-0.006281731625494529,-0.0003314183614326193,0.0,True
cyclonic,0.5,16.52532196044922,100033.34044281792,1.28125,-0.006413826360850321,-0.0064138263608502985,2.2551405187698492e-17,-0.00027694086055353803,-0.0066907672214038365,-0.006413826360850321,-0.00035086154439192775,0.0,True
cyclonic,0.5,16.52532196044922,104913.01558637002,1.34375,-0.006421457397303849,-0.006421457397303824,2.5153490401663703e-17,-0.0002910680438930922,-0.006712525441196916,-0.006421457397303849,-0.000368759536600505,0.0,True
cyclonic,0.5,16.52532196044922,109792.6907299221,1.40625,-0.006357381573859745,-0.0063573815738597215,2.3418766925686896e-17,-0.00030276723809769245,-0.006660148811957414,-0.006357381573859745,-0.00038358146406387253,0.0,True
cyclonic,0.5,16.52532196044922,114672.3658734742,1.46875,-0.0062006583900251116,-0.00620065839002509,2.168404344971009e-17,-0.0003087607469947569,-0.006509419137019847,-0.0062006583900251116,-0.00039117475233396606,0.0,True
cyclonic,0.5,16.52532196044922,119552.04101702629,1.53125,-0.006046622077149466,-0.006046622077149438,2.862293735361732e-17,-0.0003071172580743098,-0.006353739335223748,-0.006046622077149466,-0.00038909258555053607,0.0,True
cyclonic,0.5,16.52532196044922,124431.71616057839,1.59375,-0.005802930973380818,-0.005802930973380811,6.938893903907228e-18,-0.00029960816558452497,-0.006102539138965336,-0.005802930973380818,-0.0003795791761436263,0.0,True
cyclonic,0.5,16.52532196044922,129311.39130413048,1.65625,-0.005474664072080882,-0.00547466407208085,3.209238430557093e-17,-0.0002912744086569448,-0.005765938480737794,-0.005474664072080882,-0.00036902098397092434,0.0,True
cyclonic,0.5,16.52532196044922,134191.06644768256,1.7187499999999998,-0.0051706413452197765,-0.005170641345219749,2.7755575615628914e-17,-0.0002795159549058819,-0.005450157300125631,-0.0051706413452197765,-0.0003541239794822659,0.0,True
cyclonic,0.5,16.52532196044922,139070.74159123466,1.78125,-0.004820514393702703,-0.004820514393702676,2.688821387764051e-17,-0.00026155826364448787,-0.005082072657347164,-0.004820514393702703,-0.00033137304530414345,0.0,True
cyclonic,0.5,16.52532196044922,143950.41673478676,1.84375,-0.004513996274326205,-0.004513996274326183,2.2551405187698492e-17,-0.0002422624209645429,-0.004756258695290725,-0.004513996274326205,-0.00030692678212182635,0.0,True
cyclonic,0.5,16.52532196044922,148830.09187833886,1.90625,-0.004292743535782642,-0.004292743535782622,1.9949319973733282e-17,-0.00021554159172842952,-0.004508285127511052,-0.004292743535782642,-0.0002730736649094485,0.0,True
cyclonic,0.5,16.52532196044922,153709.76702189096,1.9687500000000002,-0.003983222792574519,-0.003983222792574485,3.382710778154774e-17,-0.00019327014603626598,-0.004176492938610751,-0.003983222792574519,-0.0002448575547414698,0.0,True
cyclonic,0.5,16.52532196044922,158589.44216544303,2.03125,-0.0036691859432195838,-0.003669185943219564,1.9949319973733282e-17,-0.000172867852089261,-0.0038420537953088247,-0.0036691859432195838,-0.00021900950780077508,0.0,True
cyclonic,0.5,16.52532196044922,163469.11730899513,2.09375,-0.003424882144969447,-0.0034248821449694056,4.119968255444917e-17,-0.0001451495608610418,-0.0035700317058304475,-0.003424882144969447,-0.00018389268737637214,0.0,True
cyclonic,0.5,16.52532196044922,168348.79245254723,2.15625,-0.003251566980000593,-0.0032515669800005638,2.905661822261152e-17,-0.00011471681940707292,-0.0033662837994076367,-0.003251566980000593,-0.00014533687930501113,0.0,True
cyclonic,0.5,16.52532196044922,173228.46759609933,2.21875,-0.002998323291362839,-0.0029983232913628165,2.2551405187698492e-17,-8.766208832290367e-05,-0.0030859853796857202,-0.002998323291362839,-0.00011106073561019207,0.0,True
cyclonic,0.5,16.52532196044922,178108.14273965143,2.28125,-0.0027482791872771896,-0.002748279187277154,3.5561831257524545e-17,-6.148437214937757e-05,-0.0028097635594265314,-0.0027482791872771896,-7.789569847215906e-05,0.0,True
cyclonic,0.5,16.52532196044922,182987.8178832035,2.34375,-0.0025271841563856774,-0.0025271841563856427,3.469446951953614e-17,-3.733235998774232e-05,-0.002564516516373385,-0.0025271841563856774,-4.729706354964723e-05,0.0,True
cyclonic,0.5,16.52532196044922,187867.4930267556,2.40625,-0.002383642490513349,-0.0023836424905133284,2.0816681711721685e-17,-1.3729192024492119e-05,-0.0023973716825378207,-0.002383642490513349,-1.7393769584374544e-05,0.0,True
cyclonic,0.5,16.52532196044922,192747.1681703077,2.46875,-0.002246154532743436,-0.002246154532743404,3.209238430557093e-17,9.87553472895979e-06,-0.002236278998014444,-0.002246154532743436,1.2511499241294185e-05,0.0,True
cyclonic,0.5,19.42980194091797,2439.837571776047,0.03125,4.598295250133513e-06,4.598295250133511e-06,-1.6940658945086007e-21,1.5758476208397472e-06,6.174142870973258e-06,4.598295250133513e-06,2.0175501410083463e-07,0.0,True
cyclonic,0.5,19.42980194091797,7319.512715328141,0.09375,-0.00046574352196311565,-0.00046574352196311576,-1.0842021724855044e-19,5.825776415632738e-06,-0.000459917745547483,-0.00046574352196311565,7.458713566848231e-07,0.0,True
cyclonic,0.5,19.42980194091797,12199.187858880234,0.15625,-0.0009868270196322234,-0.0009868270196322238,-4.336808689942018e-19,1.0076824788611137e-05,-0.0009767501948436128,-0.0009868270196322234,1.290131038326216e-06,0.0,True
cyclonic,0.5,19.42980194091797,17078.86300243233,0.21875,-0.0015296188963683191,-0.0015296188963683198,-6.505213034913027e-19,-4.3523261874338935e-06,-0.0015339712225557536,-0.0015296188963683191,-5.572262315878156e-07,0.0,True
cyclonic,0.5,19.42980194091797,21958.53814598442,0.28125,-0.0020587485918701943,-0.002058748591870195,-4.336808689942018e-19,-3.241370468836129e-05,-0.002091162296558556,-0.0020587485918701943,-4.149911044683207e-06,0.0,True
cyclonic,0.5,19.42980194091797,26838.213289536514,0.34375,-0.0025202503554878357,-0.002520250355487838,-2.168404344971009e-18,-5.9333275046751646e-05,-0.0025795836305345897,-0.0025202503554878357,-7.596410709638927e-06,0.0,True
cyclonic,0.5,19.42980194091797,31717.88843308861,0.40625,-0.002876359288081581,-0.0028763592880815835,-2.6020852139652106e-18,-9.224796280580179e-05,-0.0029686072508873854,-0.002876359288081581,-1.181046237626707e-05,0.0,True
cyclonic,0.5,19.42980194091797,36597.5635766407,0.46874999999999994,-0.0031149871838151368,-0.0031149871838151407,-3.903127820947816e-18,-0.0001231175664894802,-0.003238104750304621,-0.0031149871838151368,-1.5762682910869807e-05,0.0,True
cyclonic,0.5,19.42980194091797,41477.2387201928,0.53125,-0.0032798796528971247,-0.003279879652897127,-2.168404344971009e-18,-0.00015598124803941276,-0.0034358609009365396,-0.0032798796528971247,-1.9970204277040176e-05,0.0,True
cyclonic,0.5,19.42980194091797,46356.91386374489,0.59375,-0.0033890069397467947,-0.0033890069397468007,-6.071532165918825e-18,-0.00018981241498494642,-0.003578819354731747,-0.0033890069397467947,-2.43015923337779e-05,0.0,True
cyclonic,0.5,19.42980194091797,51236.589007296985,0.65625,-0.0034180331057317593,-0.0034180331057317636,-4.336808689942018e-18,-0.0002267522974468435,-0.003644785403178607,-0.0034180331057317593,-2.9030987745125937e-05,0.0,True
cyclonic,0.5,19.42980194091797,56116.26415084908,0.71875,-0.0033576885343351136,-0.0033576885343351215,-7.806255641895632e-18,-0.00026522132613584744,-0.003622909860470969,-0.0033576885343351136,-3.395615901356336e-05,0.0,True
cyclonic,0.5,19.42980194091797,60995.93929440117,0.78125,-0.0031959458261844893,-0.0031959458261844945,-5.204170427930421e-18,-0.00031271684072542357,-0.003508662666909918,-0.0031959458261844893,-4.003698693691294e-05,0.0,True
cyclonic,0.5,19.42980194091797,65875.61443795326,0.84375,-0.00293426266262345,-0.0029342626626234544,-4.336808689942018e-18,-0.0003637767244040057,-0.00329803938702746,-0.00293426266262345,-4.657415932295223e-05,0.0,True
cyclonic,0.5,19.42980194091797,70755.28958150536,0.9062500000000001,-0.002555836118228051,-0.0025558361182280555,-4.336808689942018e-18,-0.0004168417937319218,-0.002972677911959977,-0.002555836118228051,-5.33680546646924e-05,0.0,True
cyclonic,0.5,19.42980194091797,75634.96472505745,0.96875,-0.0020775741658818785,-0.0020775741658818807,-2.168404344971009e-18,-0.00046778345353757906,-0.00254535761941946,-0.0020775741658818785,-5.989009090505772e-05,0.0,True
cyclonic,0.5,19.42980194091797,80514.63986860955,1.03125,-0.001550221513529077,-0.0015502215135290841,-7.15573433840433e-18,-0.0005151525316012639,-0.0020653740451303483,-0.001550221513529077,-6.595473122071813e-05,0.0,True
cyclonic,0.5,19.42980194091797,85394.31501216163,1.09375,-0.0009818030066152342,-0.0009818030066152405,-6.288372600415926e-18,-0.0005598686852153281,-0.0015416716918305686,-0.0009818030066152342,-7.167971889315124e-05,0.0,True
cyclonic,0.5,19.42980194091797,90273.99015571373,1.15625,-0.0002879084089304749,-0.0002879084089304806,-5.692061405548898e-18,-0.0006017844713342774,-0.0008896928802647581,-0.0002879084089304749,-7.704617686005145e-05,0.0,True
cyclonic,0.5,19.42980194091797,95153.66529926582,1.21875,0.0004979008250722657,0.0004979008250722629,-2.8189256484623115e-18,-0.0006436852847417543,-0.00014578445966949142,0.0004979008250722657,-8.241071787789243e-05,0.0,True
cyclonic,0.5,19.42980194091797,100033.34044281792,1.28125,0.0012903884473510357,0.0012903884473510377,1.951563910473908e-18,-0.0006848765737079964,0.0006055118736430412,0.0012903884473510357,-8.768441882226873e-05,0.0,True
cyclonic,0.5,19.42980194091797,104913.01558637002,1.34375,0.0020039162148823395,0.002003916214882346,6.5052130349130266e-18,-0.000721724256363397,0.001282191958518949,0.0020039162148823395,-9.240200993666965e-05,0.0,True
cyclonic,0.5,19.42980194091797,109792.6907299221,1.40625,0.0027083738725383155,0.002708373872538326,1.0408340855860843e-17,-0.0007536224086245152,0.001954751463913811,0.0027083738725383155,-9.648591505168518e-05,0.0,True
cyclonic,0.5,19.42980194091797,114672.3658734742,1.46875,0.00343178856016822,0.0034317885601682246,4.7704895589362195e-18,-0.0007694676448080261,0.0026623209153601984,0.00343178856016822,-9.851457303064111e-05,0.0,True
cyclonic,0.5,19.42980194091797,119552.04101702629,1.53125,0.004153955514033096,0.004153955514033102,6.071532165918825e-18,-0.0007593045432219345,0.003394650970811167,0.004153955514033096,-9.72133960153676e-05,0.0,True
cyclonic,0.5,19.42980194091797,124431.71616057839,1.59375,0.004959269551548956,0.004959269551548961,4.336808689942018e-18,-0.0007486837419327042,0.004210585809616256,0.004959269551548956,-9.58536199269099e-05,0.0,True
cyclonic,0.5,19.42980194091797,129311.39130413048,1.65625,0.00562105698242075,0.00562105698242076,1.0408340855860843e-17,-0.000726190273702384,0.004894866708718376,0.00562105698242075,-9.297379199179104e-05,0.0,True
cyclonic,0.5,19.42980194091797,134191.06644768256,1.7187499999999998,0.006181696862194292,0.0061816968621943,7.806255641895632e-18,-0.0006980654863852705,0.005483631375809029,0.006181696862194292,-8.937298897841119e-05,0.0,True
cyclonic,0.5,19.42980194091797,139070.74159123466,1.78125,0.006696801698873182,0.006696801698873204,2.168404344971009e-17,-0.0006524927244112049,0.006044308974461999,0.006696801698873182,-8.353833014903026e-05,0.0,True
cyclonic,0.5,19.42980194091797,143950.41673478676,1.84375,0.007124683077838904,0.007124683077838928,2.3418766925686896e-17,-0.0006036261403513198,0.006521056937487608,0.007124683077838904,-7.728196485984832e-05,0.0,True
cyclonic,0.5,19.42980194091797,148830.09187833886,1.90625,0.007416393765650931,0.007416393765650953,2.168404344971009e-17,-0.0005435676546172604,0.006872826111033692,0.007416393765650931,-6.959270577419325e-05,0.0,True
cyclonic,0.5,19.42980194091797,153709.76702189096,1.9687500000000002,0.007639943004994171,0.0076399430049941906,1.9949319973733282e-17,-0.0004883314986490804,0.00715161150634511,0.007639943004994171,-6.252084725255683e-05,0.0,True
cyclonic,0.5,19.42980194091797,158589.44216544303,2.03125,0.007777701801786485,0.00777770180178649,5.204170427930421e-18,-0.00043665432982729175,0.007341047471959198,0.007777701801786485,-5.590464414608182e-05,0.0,True
cyclonic,0.5,19.42980194091797,163469.11730899513,2.09375,0.007858610417467826,0.007858610417467866,3.9898639947466563e-17,-0.00036572557594201225,0.007492884841525854,0.007858610417467826,-4.6823669849434115e-05,0.0,True
cyclonic,0.5,19.42980194091797,168348.79245254723,2.15625,0.007869424365761962,0.007869424365761978,1.5612511283791264e-17,-0.00029342579822077083,0.007575998567541207,0.007869424365761962,-3.756716402949757e-05,0.0,True
cyclonic,0.5,19.42980194091797,173228.46759609933,2.21875,0.007874503065021302,0.007874503065021327,2.42861286636753e-17,-0.00022837155757648655,0.00764613150744484,0.007874503065021302,-2.9238300841880152e-05,0.0,True
cyclonic,0.5,19.42980194091797,178108.14273965143,2.28125,0.00783578578333628,0.007835785783336319,3.9898639947466563e-17,-0.00016213590638936793,0.007673649876946951,0.00783578578333628,-2.075818222983191e-05,0.0,True
cyclonic,0.5,19.42980194091797,182987.8178832035,2.34375,0.007909319091503572,0.007909319091503601,2.949029909160572e-17,-9.861362849747296e-05,0.0078107054630061285,0.007909319091503572,-1.2625455497683166e-05,0.0,True
cyclonic,0.5,19.42980194091797,187867.4930267556,2.40625,0.007907457878871866,0.007907457878871893,2.7755575615628914e-17,-3.934631279888614e-05,0.007868111566073007,0.007907457878871866,-5.037489531713038e-06,0.0,True
cyclonic,0.5,19.42980194091797,192747.1681703077,2.46875,0.007933995345698346,0.007933995345698384,3.8163916471489756e-17,1.8243545028548882e-05,0.007952238890726934,0.007933995345698346,2.335712308606769e-06,0.0,True
cyclonic,0.5,22.75761604309082,2439.837571776047,0.03125,6.889591403978861e-06,6.889591403978861e-06,0.0,1.3600369975101882e-07,7.02559510372988e-06,6.889591403978861e-06,6.361479115734344e-08,1.0,False
cyclonic,0.5,22.75761604309082,7319.512715328141,0.09375,0.0004504159603935863,0.0004504159603935862,-1.0842021724855044e-19,6.19693114138922e-07,0.0004510356535077251,0.0004504159603935863,2.898571738104206e-07,1.0,False
cyclonic,0.5,22.75761604309082,12199.187858880234,0.15625,0.000856904397518766,0.0008569043975187655,-4.336808689942018e-19,7.420999244780762e-07,0.0008576464974432436,0.000856904397518766,3.47112113861443e-07,1.0,False
cyclonic,0.5,22.75761604309082,17078.86300243233,0.21875,0.0012361039970456636,0.0012361039970456627,-8.673617379884035e-19,-3.63021825772793e-07,0.00123574097521989,0.0012361039970456636,-1.6980095155036946e-07,1.0,False
cyclonic,0.5,22.75761604309082,21958.53814598442,0.28125,0.001587591427510229,0.001587591427510228,-1.0842021724855044e-18,-2.337290423561019e-06,0.0015852541370866668,0.001587591427510229,-1.0932514515494215e-06,0.0,True
cyclonic,0.5,22.75761604309082,26838.213289536514,0.34375,0.0019217166968176084,0.0019217166968176042,-4.119968255444917e-18,-4.3559349297193445e-06,0.001917360761887885,0.0019217166968176084,-2.0374584761764748e-06,0.0,True
cyclonic,0.5,22.75761604309082,31717.88843308861,0.40625,0.0022468759975089758,0.002246875997508973,-2.6020852139652106e-18,-6.5294138667032675e-06,0.0022403465836422698,0.0022468759975089758,-3.054088236353872e-06,0.0,True
cyclonic,0.5,22.75761604309082,36597.5635766407,0.46874999999999994,0.0025797493913931055,0.0025797493913931003,-5.204170427930421e-18,-8.550438099526755e-06,0.0025711989532935737,0.0025797493913931055,-3.999408361691369e-06,0.0,True
cyclonic,0.5,22.75761604309082,41477.2387201928,0.53125,0.0029147367038356484,0.0029147367038356445,-3.903127820947816e-18,-1.0664875441565548e-05,0.002904071828394079,0.0029147367038356484,-4.988421823643741e-06,0.0,True
cyclonic,0.5,22.75761604309082,46356.91386374489,0.59375,0.003239316120120494,0.0032393161201204833,-1.0842021724855044e-17,-1.2785464997185708e-05,0.0032265306551232976,0.003239316120120494,-5.98031294100439e-06,0.0,True
cyclonic,0.5,22.75761604309082,51236.589007296985,0.65625,0.0035706790977320766,0.003570679097732069,-7.37257477290143e-18,-1.4977809619088912e-05,0.00355570128811298,0.0035706790977320766,-7.005766994994217e-06,0.0,True
cyclonic,0.5,22.75761604309082,56116.26415084908,0.71875,0.003909967246538669,0.003909967246538654,-1.474514954580286e-17,-1.7276020505898183e-05,0.003892691226032756,0.003909967246538669,-8.080739263157162e-06,0.0,True
cyclonic,0.5,22.75761604309082,60995.93929440117,0.78125,0.004247412732185405,0.0042474127321853895,-1.5612511283791264e-17,-2.0279966184450622e-05,0.004227132766000939,0.004247412732185405,-9.485814105525089e-06,0.0,True
cyclonic,0.5,22.75761604309082,65875.61443795326,0.84375,0.004570970824452103,0.004570970824452086,-1.6479873021779667e-17,-2.3662808063018426e-05,0.004547308016389068,0.004570970824452103,-1.1068115028348286e-05,0.0,True
cyclonic,0.5,22.75761604309082,70755.28958150536,0.9062500000000001,0.0048871021265885495,0.004887102126588529,-2.0816681711721685e-17,-2.7198305904010554e-05,0.004859903820684518,0.0048871021265885495,-1.2721819723174194e-05,0.0,True
cyclonic,0.5,22.75761604309082,75634.96472505745,0.96875,0.005201642666393248,0.0052016426663932264,-2.168404344971009e-17,-3.0571566488907814e-05,0.0051710710999043185,0.005201642666393248,-1.4299639062062656e-05,0.0,True
cyclonic,0.5,22.75761604309082,80514.63986860955,1.03125,0.0054983902410135795,0.005498390241013569,-1.0408340855860843e-17,-3.371500279790785e-05,0.005464675238215661,0.0054983902410135795,-1.5769959683336418e-05,0.0,True
cyclonic,0.5,22.75761604309082,85394.31501216163,1.09375,0.005760099896294792,0.005760099896294775,-1.734723475976807e-17,-3.66525341908984e-05,0.005723447362103877,0.005760099896294792,-1.7143969702367783e-05,0.0,True
cyclonic,0.5,22.75761604309082,90273.99015571373,1.15625,0.006014920194773298,0.006014920194773279,-1.9081958235744878e-17,-3.981369741624128e-05,0.0059751064973570375,0.006014920194773298,-1.8622581966318017e-05,0.0,True
cyclonic,0.5,22.75761604309082,95153.66529926582,1.21875,0.006198906597241939,0.006198906597241913,-2.6020852139652106e-17,-4.2859054481295964e-05,0.006156047542760616,0.006198906597241939,-2.0047026698686725e-05,0.0,True
cyclonic,0.5,22.75761604309082,100033.34044281792,1.28125,0.006326287247123278,0.006326287247123245,-3.2959746043559335e-17,-4.5803588266829693e-05,0.0062804836588564155,0.006326287247123278,-2.142431203846342e-05,0.0,True
cyclonic,0.5,22.75761604309082,104913.01558637002,1.34375,0.006427124301378808,0.006427124301378774,-3.469446951953614e-17,-4.8589396192711795e-05,0.006378534905186062,0.006427124301378808,-2.2727354453735176e-05,0.0,True
cyclonic,0.5,22.75761604309082,109792.6907299221,1.40625,0.006479720266273344,0.006479720266273315,-2.949029909160572e-17,-5.096277093219037e-05,0.006428757495341124,0.006479720266273344,-2.3837484094814394e-05,0.0,True
cyclonic,0.5,22.75761604309082,114672.3658734742,1.46875,0.006494701660546795,0.006494701660546762,-3.2959746043559335e-17,-5.217139106547427e-05,0.006442530269481287,0.006494701660546795,-2.440280781400858e-05,0.0,True
cyclonic,0.5,22.75761604309082,119552.04101702629,1.53125,0.00654590018665705,0.006545900186657014,-3.642919299551295e-17,-5.2019989529278346e-05,0.006493880197127736,0.00654590018665705,-2.4331990791209667e-05,0.0,True
cyclonic,0.5,22.75761604309082,124431.71616057839,1.59375,0.006537255811122464,0.0065372558111224345,-2.949029909160572e-17,-5.13726597819679e-05,0.006485883151340467,0.006537255811122464,-2.4029206773124295e-05,0.0,True
cyclonic,0.5,22.75761604309082,129311.39130413048,1.65625,0.00648816248478974,0.006488162484789706,-3.382710778154774e-17,-5.004510003684193e-05,0.006438117384752864,0.00648816248478974,-2.340824987202755e-05,0.0,True
cyclonic,0.5,22.75761604309082,134191.06644768256,1.7187499999999998,0.00644573585071135,0.006445735850711317,-3.2959746043559335e-17,-4.793324115694054e-05,0.006397802609554376,0.00644573585071135,-2.242044246793006e-05,0.0,True
cyclonic,0.5,22.75761604309082,139070.74159123466,1.78125,0.006406089634760442,0.006406089634760403,-3.903127820947816e-17,-4.488177613739745e-05,0.006361207858623006,0.006406089634760442,-2.0993140782038103e-05,0.0,True
cyclonic,0.5,22.75761604309082,143950.41673478676,1.84375,0.00637401805109955,0.006374018051099516,-3.469446951953614e-17,-4.165098796976323e-05,0.0063323670631297525,0.00637401805109955,-1.948196193224268e-05,0.0,True
cyclonic,0.5,22.75761604309082,148830.09187833886,1.90625,0.006455030557565385,0.006455030557565353,-3.209238430557093e-17,-3.740192986677468e-05,0.006417628627698578,0.006455030557565385,-1.7494494353552715e-05,0.0,True
cyclonic,0.5,22.75761604309082,153709.76702189096,1.9687500000000002,0.006423956534026036,0.006423956534026001,-3.469446951953614e-17,-3.3870018472619274e-05,0.006390086515553382,0.006423956534026036,-1.5842467194462474e-05,0.0,True
cyclonic,0.5,22.75761604309082,158589.44216544303,2.03125,0.0063319678518400915,0.006331967851840078,-1.3877787807814457e-17,-3.0006738370488287e-05,0.00630196111346959,0.0063319678518400915,-1.4035444611037918e-05,0.0,True
cyclonic,0.5,22.75761604309082,163469.11730899513,2.09375,0.006336377171371569,0.006336377171371529,-3.9898639947466563e-17,-2.5116599961819972e-05,0.006311260571409709,0.006336377171371569,-1.1748116147419353e-05,0.0,True
cyclonic,0.5,22.75761604309082,168348.79245254723,2.15625,0.006375189721128861,0.006375189721128834,-2.7755575615628914e-17,-2.0079539407822955e-05,0.00635511018172101,0.006375189721128861,-9.392065865140084e-06,0.0,True
cyclonic,0.5,22.75761604309082,173228.46759609933,2.21875,0.006337462426556525,0.006337462426556494,-3.0357660829594124e-17,-1.575269516561194e-05,0.006321709731390883,0.006337462426556525,-7.3682143571111954e-06,0.0,True
cyclonic,0.5,22.75761604309082,178108.14273965143,2.28125,0.006259953659013142,0.006259953659013103,-3.903127820947816e-17,-1.1152858898826469e-05,0.006248800800114277,0.006259953659013142,-5.216672715190972e-06,0.0,True
cyclonic,0.5,22.75761604309082,182987.8178832035,2.34375,0.006215654192412419,0.006215654192412392,-2.688821387764051e-17,-6.913150982439191e-06,0.006208741041429953,0.006215654192412419,-3.233578621700387e-06,0.0,True
cyclonic,0.5,22.75761604309082,187867.4930267556,2.40625,0.0062329502835097575,0.0062329502835097375,-1.9949319973733282e-17,-2.6255968815953895e-06,0.006230324686628142,0.0062329502835097575,-1.2281048059121765e-06,0.0,True
cyclonic,0.5,22.75761604309082,192747.1681703077,2.46875,0.006268310805787839,0.006268310805787811,-2.862293735361732e-17,1.3340583902533722e-06,0.006269644864178064,0.006268310805787839,6.239965974678148e-07,0.0,True
cyclonic,0.5,26.558300018310547,2439.837571776047,0.03125,6.559648434401799e-06,6.559648434401801e-06,1.6940658945086007e-21,6.243691842208996e-07,7.184017618622701e-06,6.559648434401799e-06,3.8865142785146985e-09,0.0,True
cyclonic,0.5,26.558300018310547,7319.512715328141,0.09375,0.0009843141088165806,0.0009843141088165803,-2.168404344971009e-19,7.272424508819849e-06,0.0009915865333254001,0.0009843141088165806,4.526870064578451e-08,0.0,True
cyclonic,0.5,26.558300018310547,12199.187858880234,0.15625,0.0019265073966858875,0.0019265073966858869,-6.505213034913027e-19,1.0632936990986328e-05,0.0019371403336768732,0.0019265073966858875,6.618690108734582e-08,0.0,True
cyclonic,0.5,26.558300018310547,17078.86300243233,0.21875,0.0028309684037616063,0.0028309684037616054,-8.673617379884035e-19,-2.544770318938893e-06,0.0028284236334426664,0.0028309684037616063,-1.5840445733140574e-08,0.0,True
cyclonic,0.5,26.558300018310547,21958.53814598442,0.28125,0.0036916373346646196,0.0036916373346646183,-1.3010426069826053e-18,-2.5836158574747532e-05,0.0036658011760898708,0.0036916373346646196,-1.608224776948643e-07,0.0,True
cyclonic,0.5,26.558300018310547,26838.213289536514,0.34375,0.004492048989719759,0.004492048989719754,-4.336808689942018e-18,-5.107496030579357e-05,0.00444097402941396,0.004492048989719759,-3.1792658497509754e-07,0.0,True
cyclonic,0.5,26.558300018310547,31717.88843308861,0.40625,0.005214699260846112,0.005214699260846107,-5.204170427930421e-18,-8.120186529980708e-05,0.0051334973955463,0.005214699260846112,-5.054576953914369e-07,0.0,True
cyclonic,0.5,26.558300018310547,36597.5635766407,0.46874999999999994,0.005842940144932335,0.00584294014493233,-5.204170427930421e-18,-0.00011038265709737749,0.005732557487834952,0.005842940144932335,-6.870995298153111e-07,0.0,True
cyclonic,0.5,26.558300018310547,41477.2387201928,0.53125,0.006368437569237583,0.006368437569237577,-6.071532165918825e-18,-0.00013848826214432072,0.006229949307093256,0.006368437569237583,-8.62048643387504e-07,0.0,True
cyclonic,0.5,26.558300018310547,46356.91386374489,0.59375,0.006797250967367232,0.006797250967367225,-6.938893903907228e-18,-0.00016471114882691875,0.0066325398185403065,0.006797250967367232,-1.025278389652068e-06,0.0,True
cyclonic,0.5,26.558300018310547,51236.589007296985,0.65625,0.0071589563927665755,0.007158956392766569,-6.938893903907228e-18,-0.00019067754258534505,0.006968278850181224,0.0071589563927665755,-1.1869115430076219e-06,0.0,True
cyclonic,0.5,26.558300018310547,56116.26415084908,0.71875,0.007463438182545848,0.007463438182545841,-7.806255641895632e-18,-0.00021964663220976616,0.007243791550336075,0.007463438182545848,-1.3672355937555382e-06,0.0,True
cyclonic,0.5,26.558300018310547,60995.93929440117,0.78125,0.0076997047353831475,0.007699704735383139,-8.673617379884035e-18,-0.0002564021761807743,0.007443302559202365,0.0076997047353831475,-1.5960280294939394e-06,0.0,True
cyclonic,0.5,26.558300018310547,65875.61443795326,0.84375,0.007849641715472361,0.007849641715472352,-8.673617379884035e-18,-0.00029967798202386835,0.007549963733448484,0.007849641715472361,-1.8654071749962725e-06,0.0,True
cyclonic,0.5,26.558300018310547,70755.28958150536,0.9062500000000001,0.007897102446038709,0.007897102446038693,-1.5612511283791264e-17,-0.0003462977282715367,0.007550804717767157,0.007897102446038709,-2.1556013646380712e-06,0.0,True
cyclonic,0.5,26.558300018310547,75634.96472505745,0.96875,0.007863373393411534,0.007863373393411519,-1.5612511283791264e-17,-0.0003877909042915989,0.00747558248911992,0.007863373393411534,-2.413884164523725e-06,0.0,True
cyclonic,0.5,26.558300018310547,80514.63986860955,1.03125,0.007769005386100602,0.007769005386100584,-1.8214596497756474e-17,-0.00042474639729496607,0.0073442589888056175,0.007769005386100602,-2.643921224098276e-06,0.0,True
cyclonic,0.5,26.558300018310547,85394.31501216163,1.09375,0.007570686762304622,0.007570686762304606,-1.6479873021779667e-17,-0.0004627251708363262,0.00710796159146828,0.007570686762304622,-2.880327903638613e-06,0.0,True
cyclonic,0.5,26.558300018310547,90273.99015571373,1.15625,0.007298186642769114,0.007298186642769096,-1.8214596497756474e-17,-0.0005001339248605021,0.006798052717908593,0.007298186642769114,-3.113186379570324e-06,0.0,True
cyclonic,0.5,26.558300018310547,95153.66529926582,1.21875,0.006957472243183587,0.006957472243183568,-1.9081958235744878e-17,-0.0005371401373219855,0.0064203321058615825,0.006957472243183587,-3.3435391528334237e-06,0.0,True
cyclonic,0.5,26.558300018310547,100033.34044281792,1.28125,0.006563131881699683,0.006563131881699667,-1.5612511283791264e-17,-0.0005738300639233023,0.005989301817776365,0.006563131881699683,-3.57192313977155e-06,0.0,True
cyclonic,0.5,26.558300018310547,104913.01558637002,1.34375,0.006130882851418648,0.00613088285141863,-1.8214596497756474e-17,-0.0006091591809292466,0.005521723670489384,0.006130882851418648,-3.791836487772946e-06,0.0,True
cyclonic,0.5,26.558300018310547,109792.6907299221,1.40625,0.0056781250476006274,0.005678125047600615,-1.214306433183765e-17,-0.0006392098497054007,0.005038915197895215,0.0056781250476006274,-3.978893050186696e-06,0.0,True
cyclonic,0.5,26.558300018310547,114672.3658734742,1.46875,0.005190066633698195,0.0051900666336981765,-1.8214596497756474e-17,-0.0006556830649279546,0.004534383568770222,0.005190066633698195,-4.081433963148939e-06,0.0,True
cyclonic,0.5,26.558300018310547,119552.04101702629,1.53125,0.004648287078902697,0.004648287078902686,-1.1275702593849246e-17,-0.0006554531075230217,0.003992833971379664,0.004648287078902697,-4.080002546031777e-06,0.0,True
cyclonic,0.5,26.558300018310547,124431.71616057839,1.59375,0.004069589647152935,0.004069589647152922,-1.3010426069826053e-17,-0.000645526333364659,0.0034240633137882625,0.004069589647152935,-4.018211300593857e-06,0.0,True
cyclonic,0.5,26.558300018310547,129311.39130413048,1.65625,0.0035274924032977217,0.003527492403297704,-1.7780915628762273e-17,-0.0006299059831802689,0.002897586420117435,0.0035274924032977217,-3.920979221302843e-06,0.0,True
cyclonic,0.5,26.558300018310547,134191.06644768256,1.7187499999999998,0.002990436477456739,0.0029904364774567256,-1.3444106938820255e-17,-0.0006030733865777931,0.0023873630908789324,0.002990436477456739,-3.7539542103627597e-06,0.0,True
cyclonic,0.5,26.558300018310547,139070.74159123466,1.78125,0.0025007159444833996,0.0025007159444833883,-1.1275702593849246e-17,-0.0005662554324467399,0.0019344605120366486,0.0025007159444833996,-3.524773289759523e-06,0.0,True
cyclonic,0.5,26.558300018310547,143950.41673478676,1.84375,0.0020579197975111314,0.0020579197975111197,-1.1709383462843448e-17,-0.0005278143442134588,0.001530105453297661,0.0020579197975111314,-3.2854888374258977e-06,0.0,True
cyclonic,0.5,26.558300018310547,148830.09187833886,1.90625,0.0017354988252156042,0.001735498825215595,-9.107298248878237e-18,-0.00047549072803609556,0.0012600080971794997,0.0017354988252156042,-2.9597897374125025e-06,0.0,True
cyclonic,0.5,26.558300018310547,153709.76702189096,1.9687500000000002,0.001417895019823032,0.0014178950198230217,-1.0408340855860843e-17,-0.0004308588062280569,0.0009870362135949648,0.001417895019823032,-2.6819691694404556e-06,0.0,True
cyclonic,0.5,26.558300018310547,158589.44216544303,2.03125,0.0011299391751062246,0.001129939175106219,-5.637851296924623e-18,-0.000381328493634382,0.0007486106814718369,0.0011299391751062246,-2.373657561533638e-06,0.0,True
cyclonic,0.5,26.558300018310547,163469.11730899513,2.09375,0.0009200633718798425,0.0009200633718798371,-5.421010862427522e-18,-0.0003217603556306633,0.0005983030162491738,0.0009200633718798425,-2.0028634468547194e-06,0.0,True
cyclonic,0.5,26.558300018310547,168348.79245254723,2.15625,0.000744917544884202,0.0007449175448841966,-5.421010862427522e-18,-0.00025967039920890496,0.0004852471456752916,0.000744917544884202,-1.6163717552658157e-06,0.0,True
cyclonic,0.5,26.558300018310547,173228.46759609933,2.21875,0.0005500493141465499,0.0005500493141465448,-5.095750210681871e-18,-0.0002034996898463892,0.00034654962430015555,0.0005500493141465499,-1.2667256332456745e-06,0.0,True
cyclonic,0.5,26.558300018310547,178108.14273965143,2.28125,0.0003683387783077901,0.0003683387783077874,-2.656295322589486e-18,-0.00014519629459233555,0.00022314248371545187,0.0003683387783077901,-9.038041696831864e-07,0.0,True
cyclonic,0.5,26.558300018310547,182987.8178832035,2.34375,0.0001982208056759075,0.00019822080567590347,-4.038653092508504e-18,-9.274615628342017e-05,0.0001054746493924833,0.0001982208056759075,-5.773175066649975e-07,0.0,True
cyclonic,0.5,26.558300018310547,187867.4930267556,2.40625,7.7735579969751e-05,7.773557996974931e-05,-1.6940658945086007e-18,-3.801463265285237e-05,3.9720947316896936e-05,7.7735579969751e-05,-2.3662989194791907e-07,0.0,True
cyclonic,0.5,26.558300018310547,192747.1681703077,2.46875,-8.954401079284406e-06,-8.954401079284833e-06,-4.2690460541616737e-19,1.0999299824515844e-05,2.044898745231011e-06,-8.954401079284406e-06,6.846740182250991e-08,0.0,True
cyclonic,0.5,30.874561309814453,2439.837571776047,0.03125,7.892827534705513e-06,7.892827534705513e-06,0.0,1.5172563416001643e-06,9.410083876305678e-06,7.892827534705513e-06,7.859820407690867e-07,0.0,True
cyclonic,0.5,30.874561309814453,7319.512715328141,0.09375,-3.213042513076302e-05,-3.2130425130763e-05,1.3552527156068805e-20,6.911207676472845e-06,-2.521921745429016e-05,-3.213042513076302e-05,3.580202609668576e-06,0.0,True
cyclonic,0.5,30.874561309814453,12199.187858880234,0.15625,-7.727434214178687e-05,-7.72743421417868e-05,6.776263578034403e-20,6.37853146086963e-06,-7.089581068091718e-05,-7.727434214178687e-05,3.3042611437937872e-06,0.0,True
cyclonic,0.5,30.874561309814453,17078.86300243233,0.21875,-0.0001325931811664495,-0.00013259318116644935,1.3552527156068805e-19,-4.1236441566017715e-06,-0.0001367168253230511,-0.0001325931811664495,-2.136165235067111e-06,0.0,True
cyclonic,0.5,30.874561309814453,21958.53814598442,0.28125,-0.00017752375469790079,-0.00017752375469790054,2.439454888092385e-19,-2.2300607508098816e-05,-0.00019982436220599935,-0.00017752375469790079,-1.1552350462493546e-05,0.0,True
cyclonic,0.5,30.874561309814453,26838.213289536514,0.34375,-0.00020151689042395928,-0.00020151689042395871,5.692061405548898e-19,-4.37598793830198e-05,-0.0002452767698069785,-0.00020151689042395928,-2.266886508116425e-05,0.0,True
cyclonic,0.5,30.874561309814453,31717.88843308861,0.40625,-0.00020831201217538672,-0.00020831201217538572,1.0028870095490916e-18,-6.709255960684642e-05,-0.00027540457178223217,-0.00020831201217538672,-3.475585863401016e-05,0.0,True
cyclonic,0.5,30.874561309814453,36597.5635766407,0.46874999999999994,-0.0002146513640429421,-0.00021465136404294114,9.486769009248164e-19,-9.215531474538723e-05,-0.00030680667878832835,-0.0002146513640429421,-4.77390803157933e-05,0.0,True
cyclonic,0.5,30.874561309814453,41477.2387201928,0.53125,-0.00022379959445465437,-0.00022379959445465299,1.3823577699190182e-18,-0.00011176305200390775,-0.00033556264645856075,-0.00022379959445465437,-5.7896447217329896e-05,0.0,True
cyclonic,0.5,30.874561309814453,46356.91386374489,0.59375,-0.00023175270550144933,-0.00023175270550144814,1.1926223897340549e-18,-0.00013413358883466512,-0.00036588629433611326,-0.00023175270550144933,-6.948502306259219e-05,0.0,True
cyclonic,0.5,30.874561309814453,51236.589007296985,0.65625,-0.0002348791797426284,-0.000234879179742627,1.4094628242311558e-18,-0.00015720223295534678,-0.00039208141269797374,-0.0002348791797426284,-8.143523838654124e-05,0.0,True
cyclonic,0.5,30.874561309814453,56116.26415084908,0.71875,-0.00022946846751294216,-0.00022946846751294072,1.4365678785432934e-18,-0.0001820156924414161,-0.0004114841599543568,-0.00022946846751294216,-9.428931781311539e-05,0.0,True
cyclonic,0.5,30.874561309814453,60995.93929440117,0.78125,-0.00021589540762558877,-0.00021589540762558774,1.0299920638612292e-18,-0.00021268099394094987,-0.0004285764015665376,-0.00021589540762558877,-0.0001101748182342133,0.0,True
cyclonic,0.5,30.874561309814453,65875.61443795326,0.84375,-0.00019598566669405787,-0.00019598566669405654,1.328147661294743e-18,-0.00024728562795253776,-0.0004432712946465943,-0.00019598566669405787,-0.00012810100520391834,0.0,True
cyclonic,0.5,30.874561309814453,70755.28958150536,0.9062500000000001,-0.00017727053411056807,-0.00017727053411056626,1.81603863891322e-18,-0.00028391315931483444,-0.0004611836934254007,-0.00017727053411056807,-0.00014707511067254994,0.0,True
cyclonic,0.5,30.874561309814453,75634.96472505745,0.96875,-0.00016435914841822532,-0.00016435914841822323,2.087089182034596e-18,-0.0003186162831613097,-0.0004829754315795329,-0.00016435914841822532,-0.00016505231818459665,0.0,True
cyclonic,0.5,30.874561309814453,80514.63986860955,1.03125,-0.0001652957220797659,-0.00016529572207976445,1.4365678785432934e-18,-0.0003497618617040453,-0.0005150575837838097,-0.0001652957220797659,-0.000181186615806405,0.0,True
cyclonic,0.5,30.874561309814453,85394.31501216163,1.09375,-0.0001765532109977043,-0.00017655321099770203,2.2768245622195593e-18,-0.0003784600699330574,-0.0005550132809307594,-0.0001765532109977043,-0.000196053105833045,0.0,True
cyclonic,0.5,30.874561309814453,90273.99015571373,1.15625,-0.0002075749903577188,-0.0002075749903577165,2.303929616531697e-18,-0.0004078630814558116,-0.000615438071813528,-0.0002075749903577188,-0.00021128470405924738,0.0,True
cyclonic,0.5,30.874561309814453,95153.66529926582,1.21875,-0.00021346922763406436,-0.0002134692276340607,3.6591823321385775e-18,-0.0004349311842200452,-0.0006484004118541059,-0.00021346922763406436,-0.00022530675298206953,0.0,True
cyclonic,0.5,30.874561309814453,100033.34044281792,1.28125,-0.0002549073727188496,-0.0002549073727188462,3.415236843329339e-18,-0.0004630685597337966,-0.0007179759324526428,-0.0002549073727188496,-0.00023988271567329183,0.0,True
cyclonic,0.5,30.874561309814453,104913.01558637002,1.34375,-0.0003298420872272065,-0.00032984208722720284,3.63207727782644e-18,-0.0004900239694062573,-0.0008198660566334601,-0.0003298420872272065,-0.0002538463863617816,0.0,True
cyclonic,0.5,30.874561309814453,109792.6907299221,1.40625,-0.0004299346220549358,-0.00042993462205493266,3.144186300207963e-18,-0.0005125503015665392,-0.0009424849236214718,-0.0004299346220549358,-0.0002655156686293435,0.0,True
cyclonic,0.5,30.874561309814453,114672.3658734742,1.46875,-0.0005616293049652308,-0.0005616293049652266,4.228388472693467e-18,-0.0005237653681662653,-0.001085394673131492,-0.0005616293049652308,-0.0002713253928609901,0.0,True
cyclonic,0.5,30.874561309814453,119552.04101702629,1.53125,-0.000714674638649735,-0.0007146746386497304,4.553649124439119e-18,-0.000522442086153217,-0.0012371167248029474,-0.000714674638649735,-0.0002706398950524709,0.0,True
cyclonic,0.5,30.874561309814453,124431.71616057839,1.59375,-0.0008886240520338392,-0.0008886240520338351,4.119968255444917e-18,-0.000515307737719251,-0.001403931789753086,-0.0008886240520338392,-0.00026694409916884823,0.0,True
cyclonic,0.5,30.874561309814453,129311.39130413048,1.65625,-0.0010652030625315002,-0.001065203062531495,5.204170427930421e-18,-0.000502488580479631,-0.001567691643011126,-0.0010652030625315002,-0.00026030341025433683,0.0,True
cyclonic,0.5,30.874561309814453,134191.06644768256,1.7187499999999998,-0.001258491458121421,-0.0012584914581214167,4.336808689942018e-18,-0.00047869300068269823,-0.001737184458804115,-0.001258491458121421,-0.00024797662152570846,0.0,True
cyclonic,0.5,30.874561309814453,139070.74159123466,1.78125,-0.001445507204041516,-0.0014455072040415093,6.7220534694101275e-18,-0.000452156459057715,-0.0018976636630992244,-0.001445507204041516,-0.00023422993642742033,0.0,True
cyclonic,0.5,30.874561309814453,143950.41673478676,1.84375,-0.0016433665260784927,-0.0016433665260784866,6.071532165918825e-18,-0.0004251424183949341,-0.0020685089444734206,-0.0016433665260784927,-0.0002202358932144199,0.0,True
cyclonic,0.5,30.874561309814453,148830.09187833886,1.90625,-0.0018556294090810402,-0.001855629409081035,5.204170427930421e-18,-0.0003861710972216836,-0.0022418005063027185,-0.0018556294090810402,-0.00020004763780405568,0.0,True
cyclonic,0.5,30.874561309814453,153709.76702189096,1.9687500000000002,-0.0020614840251269814,-0.002061484025126972,9.540979117872439e-18,-0.00034642790684463894,-0.0024079119319716106,-0.0020614840251269814,-0.00017945953214072426,0.0,True
cyclonic,0.5,30.874561309814453,158589.44216544303,2.03125,-0.0022224380289549697,-0.0022224380289549645,5.204170427930421e-18,-0.00030903348183509885,-0.0025314715107900634,-0.0022224380289549697,-0.00016008815389926802,0.0,True
cyclonic,0.5,30.874561309814453,163469.11730899513,2.09375,-0.0023775244765227434,-0.002377524476522736,7.37257477290143e-18,-0.0002643754886285029,-0.002641899965151239,-0.0023775244765227434,-0.00013695404025295172,0.0,True
cyclonic,0.5,30.874561309814453,168348.79245254723,2.15625,-0.002547999417530953,-0.002547999417530945,7.806255641895632e-18,-0.00021630215036370635,-0.0027643015678946517,-0.002547999417530953,-0.00011205068049760679,0.0,True
cyclonic,0.5,30.874561309814453,173228.46759609933,2.21875,-0.0026913782042020675,-0.002691378204202057,1.0408340855860843e-17,-0.0001709199095379104,-0.0028622981137399676,-0.0026913782042020675,-8.85413859367981e-05,0.0,True
cyclonic,0.5,30.874561309814453,178108.14273965143,2.28125,-0.0028338325595520762,-0.002833832559552071,5.204170427930421e-18,-0.00012995426500035252,-0.0029637868245524237,-0.0028338325595520762,-6.732001416708576e-05,0.0,True
cyclonic,0.5,30.874561309814453,182987.8178832035,2.34375,-0.002956981726056866,-0.0029569817260568566,9.540979117872439e-18,-8.867632306174453e-05,-0.0030456580491186012,-0.002956981726056866,-4.5936863440268945e-05,0.0,True
cyclonic,0.5,30.874561309814453,187867.4930267556,2.40625,-0.0030764096542071112,-0.003076409654207105,6.071532165918825e-18,-4.739568810905659e-05,-0.003123805342316162,-0.0030764096542071112,-2.4552317655382932e-05,0.0,True
cyclonic,0.5,30.874561309814453,192747.1681703077,2.46875,-0.003200586414207995,-0.0032005864142079896,5.637851296924623e-18,-9.658679373606137e-06,-0.0032102450935815956,-0.003200586414207995,-5.0034712771046055e-06,0.0,True
cyclonic,0.5,35.740203857421875,2439.837571776047,0.03125,7.702352841171362e-06,7.702352841171362e-06,0.0,1.1800256616376245e-06,8.882378502808986e-06,7.702352841171362e-06,1.8795702828519571e-06,1.0,False
cyclonic,0.5,35.740203857421875,7319.512715328141,0.09375,-0.0004963905576233795,-0.0004963905576233795,0.0,4.1050780166592345e-06,-0.0004922854796067203,-0.0004963905576233795,6.5386566578507145e-06,0.0,True
cyclonic,0.5,35.740203857421875,12199.187858880234,0.15625,-0.0009748303752083348,-0.000974830375208335,-2.168404344971009e-19,4.297274068170289e-06,-0.0009705331011401647,-0.0009748303752083348,6.844790667174148e-06,0.0,True
cyclonic,0.5,35.740203857421875,17078.86300243233,0.21875,-0.0014372806874077796,-0.0014372806874077798,-2.168404344971009e-19,-1.938366158287663e-06,-0.0014392190535660674,-0.0014372806874077796,-3.0874713549426424e-06,0.0,True
cyclonic,0.5,35.740203857421875,21958.53814598442,0.28125,-0.001867433512515524,-0.0018674335125155248,-6.505213034913027e-19,-1.2525428857872267e-05,-0.001879958941373397,-0.001867433512515524,-1.995077278960287e-05,0.0,True
cyclonic,0.5,35.740203857421875,26838.213289536514,0.34375,-0.0022524796632955955,-0.0022524796632955963,-8.673617379884035e-19,-2.6977051111825804e-05,-0.002279456714407422,-0.0022524796632955955,-4.296962789639507e-05,0.0,True
cyclonic,0.5,35.740203857421875,31717.88843308861,0.40625,-0.00258065247119625,-0.002580652471196252,-1.734723475976807e-18,-4.1306267911223555e-05,-0.0026219587391074755,-0.00258065247119625,-6.579351295946573e-05,0.0,True
cyclonic,0.5,35.740203857421875,36597.5635766407,0.46874999999999994,-0.002846124095694804,-0.002846124095694805,-1.3010426069826053e-18,-5.720956838500614e-05,-0.0029033336640798112,-0.002846124095694804,-9.112463239317731e-05,0.0,True
cyclonic,0.5,35.740203857421875,41477.2387201928,0.53125,-0.003049668230800212,-0.0030496682308002146,-2.6020852139652106e-18,-6.884459318740963e-05,-0.003118512823987624,-0.003049668230800212,-0.00010965715043053402,0.0,True
cyclonic,0.5,35.740203857421875,46356.91386374489,0.59375,-0.0031930731821138785,-0.003193073182113881,-2.6020852139652106e-18,-8.147316613467132e-05,-0.0032745463482485525,-0.0031930731821138785,-0.00012977221334667459,0.0,True
cyclonic,0.5,35.740203857421875,51236.589007296985,0.65625,-0.003292194226830803,-0.0032921942268308063,-3.469446951953614e-18,-9.584569584587291e-05,-0.0033880399226766792,-0.003292194226830803,-0.00015266508814830508,0.0,True
cyclonic,0.5,35.740203857421875,56116.26415084908,0.71875,-0.00335056054295135,-0.003350560542951352,-2.168404344971009e-18,-0.00011180677415946385,-0.003462367317110816,-0.00335056054295135,-0.00017808823736936932,0.0,True
cyclonic,0.5,35.740203857421875,60995.93929440117,0.78125,-0.0033654126233221607,-0.003365412623322162,-1.3010426069826053e-18,-0.0001312000934908436,-0.0034966127168130057,-0.0033654126233221607,-0.00020897833398856772,0.0,True
cyclonic,0.5,35.740203857421875,65875.61443795326,0.84375,-0.003336227370040665,-0.0033362273700406676,-2.6020852139652106e-18,-0.00015303524153475318,-0.003489262611575421,-0.003336227370040665,-0.0002437578279599528,0.0,True
cyclonic,0.5,35.740203857421875,70755.28958150536,0.9062500000000001,-0.003262177123777818,-0.0032621771237778207,-2.6020852139652106e-18,-0.0001760447086350145,-0.0034382218324128353,-0.003262177123777818,-0.0002804078026104126,0.0,True
cyclonic,0.5,35.740203857421875,75634.96472505745,0.96875,-0.0031628179166548072,-0.0031628179166548107,-3.469446951953614e-18,-0.00019868823854201162,-0.003361506155196822,-0.0031628179166548072,-0.0003164749046198697,0.0,True
cyclonic,0.5,35.740203857421875,80514.63986860955,1.03125,-0.0030523882343683837,-0.003052388234368385,-1.3010426069826053e-18,-0.00021869253475000747,-0.0032710807691183927,-0.0030523882343683837,-0.00034833817836405,0.0,True
cyclonic,0.5,35.740203857421875,85394.31501216163,1.09375,-0.002905503421426398,-0.0029055034214264005,-2.6020852139652106e-18,-0.00023718086847816534,-0.003142684289904566,-0.002905503421426398,-0.00037778679442776274,0.0,True
cyclonic,0.5,35.740203857421875,90273.99015571373,1.15625,-0.0027566899200308875,-0.0027566899200308905,-3.0357660829594124e-18,-0.0002549144601575921,-0.0030116043801884824,-0.0027566899200308875,-0.0004060332411047141,0.0,True
cyclonic,0.5,35.740203857421875,95153.66529926582,1.21875,-0.002567121211205332,-0.0025671212112053365,-4.336808689942018e-18,-0.0002717789767243812,-0.002838900187929718,-0.002567121211205332,-0.00043289540622882763,0.0,True
cyclonic,0.5,35.740203857421875,100033.34044281792,1.28125,-0.0023711320571796414,-0.0023711320571796445,-3.0357660829594124e-18,-0.0002886221637158453,-0.0026597542208954897,-0.0023711320571796414,-0.0004597235971460829,0.0,True
cyclonic,0.5,35.740203857421875,104913.01558637002,1.34375,-0.0021993646275691807,-0.002199364627569184,-3.469446951953614e-18,-0.00030417707429553564,-0.0025035417018647197,-0.0021993646275691807,-0.0004844997936547514,0.0,True
cyclonic,0.5,35.740203857421875,109792.6907299221,1.40625,-0.0020346003895607015,-0.0020346003895607033,-1.734723475976807e-18,-0.0003170664390738431,-0.0023516668286345465,-0.0020346003895607015,-0.0005050302514149024,0.0,True
cyclonic,0.5,35.740203857421875,114672.3658734742,1.46875,-0.001872602515646157,-0.0018726025156461591,-2.168404344971009e-18,-0.0003235877133581659,-0.002196190229004325,-0.001872602515646157,-0.0005154174775148242,0.0,True
cyclonic,0.5,35.740203857421875,119552.04101702629,1.53125,-0.0017019016761509614,-0.0017019016761509631,-1.734723475976807e-18,-0.00032162934590462746,-0.0020235310220555907,-0.0017019016761509614,-0.0005122981476661266,0.0,True
cyclonic,0.5,35.740203857421875,124431.71616057839,1.59375,-0.001531939248988205,-0.001531939248988205,0.0,-0.00031784694232527206,-0.0018497861913134772,-0.001531939248988205,-0.0005062734538000262,0.0,True
cyclonic,0.5,35.740203857421875,129311.39130413048,1.65625,-0.0013937205966634775,-0.0013937205966634784,-8.673617379884035e-19,-0.00030974279085558924,-0.0017034633875190677,-0.0013937205966634775,-0.0004933649868358352,0.0,True
cyclonic,0.5,35.740203857421875,134191.06644768256,1.7187499999999998,-0.0012527197211985716,-0.001252719721198571,6.505213034913027e-19,-0.0002954919435181241,-0.001548211664716695,-0.0012527197211985716,-0.00047066593033922747,0.0,True
cyclonic,0.5,35.740203857421875,139070.74159123466,1.78125,-0.0011399222183371635,-0.0011399222183371617,1.734723475976807e-18,-0.00028021039850364455,-0.0014201326168408062,-0.0011399222183371635,-0.0004463251563890922,0.0,True
cyclonic,0.5,35.740203857421875,143950.41673478676,1.84375,-0.001053554065553239,-0.001053554065553237,1.951563910473908e-18,-0.0002643659794621986,-0.0013179200450154356,-0.001053554065553239,-0.0004210878245686755,0.0,True
cyclonic,0.5,35.740203857421875,148830.09187833886,1.90625,-0.000999767238772434,-0.0009997672387724325,1.5178830414797062e-18,-0.00024003871405168143,-0.001239805952824114,-0.000999767238772434,-0.00038233883239404423,0.0,True
cyclonic,0.5,35.740203857421875,153709.76702189096,1.9687500000000002,-0.0009745344102951554,-0.0009745344102951533,2.0599841277224584e-18,-0.00021568672521621367,-0.0011902211355113669,-0.0009745344102951554,-0.0003435504602157926,0.0,True
cyclonic,0.5,35.740203857421875,158589.44216544303,2.03125,-0.0009496808359755463,-0.0009496808359755457,6.505213034913027e-19,-0.00019336569791413098,-0.0011430465338896766,-0.0009496808359755463,-0.0003079970472997559,0.0,True
cyclonic,0.5,35.740203857421875,163469.11730899513,2.09375,-0.000931135474382069,-0.0009311354743820675,1.5178830414797062e-18,-0.00016745205657747476,-0.0010985875309595422,-0.000931135474382069,-0.0002667212413912057,0.0,True
cyclonic,0.5,35.740203857421875,168348.79245254723,2.15625,-0.0009326354273308372,-0.0009326354273308339,3.2526065174565133e-18,-0.00013670057609047265,-0.0010693360034213066,-0.0009326354273308372,-0.00021773962111283193,0.0,True
cyclonic,0.5,35.740203857421875,173228.46759609933,2.21875,-0.0009233138429789538,-0.0009233138429789514,2.3852447794681098e-18,-0.00010724635643885175,-0.0010305601994178033,-0.0009233138429789538,-0.0001708243058264244,0.0,True
cyclonic,0.5,35.740203857421875,178108.14273965143,2.28125,-0.0009242692112568285,-0.0009242692112568268,1.6263032587282567e-18,-8.300169718357545e-05,-0.0010072709084404023,-0.0009242692112568285,-0.00013220689051458436,0.0,True
cyclonic,0.5,35.740203857421875,182987.8178832035,2.34375,-0.0009365679183736702,-0.000936567918373667,3.2526065174565133e-18,-5.6518978878660255e-05,-0.0009930868972523271,-0.0009365679183736702,-9.002464655729662e-05,0.0,True
cyclonic,0.5,35.740203857421875,187867.4930267556,2.40625,-0.000959430698662808,-0.0009594306986628058,2.168404344971009e-18,-3.177752525240448e-05,-0.0009912082239152103,-0.000959430698662808,-5.061592647409652e-05,0.0,True
cyclonic,0.5,35.740203857421875,192747.1681703077,2.46875,-0.0010045652971555805,-0.0010045652971555786,1.951563910473908e-18,-8.465544927625334e-06,-0.001013030842083204,-0.0010045652971555805,-1.3484102245734896e-05,0.0,True
cyclonic,0.5,41.180023193359375,2439.837571776047,0.03125,9.718802861828488e-06,9.718802861828488e-06,0.0,4.0530698252368413e-07,1.0124109844352172e-05,9.718802861828488e-06,3.850485856071748e-08,1.0,False
cyclonic,0.5,41.180023193359375,7319.512715328141,0.09375,-8.555558484657026e-05,-8.555558484657026e-05,0.0,2.7045193634139875e-06,-8.285106548315627e-05,-8.555558484657026e-05,2.569339785723825e-07,0.0,True
cyclonic,0.5,41.180023193359375,12199.187858880234,0.15625,-0.0001620185876389502,-0.0001620185876389502,0.0,3.7067793246691965e-06,-0.000158311808314281,-0.0001620185876389502,3.521503940629468e-07,0.0,True
cyclonic,0.5,41.180023193359375,17078.86300243233,0.21875,-0.00022981613088642335,-0.00022981613088642335,0.0,2.8993428751735903e-07,-0.000229526196598906,-0.00022981613088642335,2.7544254636930524e-08,0.0,True
cyclonic,0.5,41.180023193359375,21958.53814598442,0.28125,-0.00029551642384624544,-0.00029551642384624565,-2.168404344971009e-19,-6.137077487582727e-06,-0.0003016535013338284,-0.00029551642384624544,-5.830328882175812e-07,0.0,True
cyclonic,0.5,41.180023193359375,26838.213289536514,0.34375,-0.00035725904604225385,-0.0003572590460422544,-5.421010862427522e-19,-1.4318311261744036e-05,-0.00037157735730399845,-0.00035725904604225385,-1.3602641299908167e-06,0.0,True
cyclonic,0.5,41.180023193359375,31717.88843308861,0.40625,-0.0004108404575736036,-0.0004108404575736044,-7.589415207398531e-19,-2.2875600146328657e-05,-0.000433716057719933,-0.0004108404575736036,-2.1732212522996496e-06,0.0,True
cyclonic,0.5,41.180023193359375,36597.5635766407,0.46874999999999994,-0.0004519227285795338,-0.00045192272857953443,-6.505213034913027e-19,-3.1157920736944e-05,-0.00048308064931647845,-0.0004519227285795338,-2.9600559150297106e-06,0.0,True
cyclonic,0.5,41.180023193359375,41477.2387201928,0.53125,-0.0004815767849315374,-0.0004815767849315383,-8.673617379884035e-19,-3.7407258762348364e-05,-0.0005189840436938866,-0.0004815767849315374,-3.5537537469002667e-06,0.0,True
cyclonic,0.5,41.180023193359375,46356.91386374489,0.59375,-0.0005041626382696602,-0.0005041626382696607,-5.421010862427522e-19,-4.42993789108604e-05,-0.0005484620171805211,-0.0005041626382696602,-4.2085169830268974e-06,0.0,True
cyclonic,0.5,41.180023193359375,51236.589007296985,0.65625,-0.0005229779807774566,-0.0005229779807774578,-1.1926223897340549e-18,-5.193240375976447e-05,-0.0005749103845372223,-0.0005229779807774566,-4.933667436560765e-06,0.0,True
cyclonic,0.5,41.180023193359375,56116.26415084908,0.71875,-0.0005378655184695301,-0.000537865518469531,-8.673617379884035e-19,-6.076939193670678e-05,-0.0005986349104062377,-0.0005378655184695301,-5.773196471410325e-06,0.0,True
cyclonic,0.5,41.180023193359375,60995.93929440117,0.78125,-0.0005480740669672002,-0.000548074066967201,-7.589415207398531e-19,-7.098755195716918e-05,-0.0006190616189243702,-0.0005480740669672002,-6.743939200511204e-06,0.0,True
cyclonic,0.5,41.180023193359375,65875.61443795326,0.84375,-0.000554533855553035,-0.0005545338555530356,-6.505213034913027e-19,-8.313737559083864e-05,-0.0006376712311438743,-0.000554533855553035,-7.89819328623934e-06,0.0,True
cyclonic,0.5,41.180023193359375,70755.28958150536,0.9062500000000001,-0.0005616196593772887,-0.0005616196593772897,-9.75781955236954e-19,-9.595069318531178e-05,-0.0006575703525626015,-0.0005616196593772887,-9.11548043633158e-06,0.0,True
cyclonic,0.5,41.180023193359375,75634.96472505745,0.96875,-0.0005714840135264956,-0.000571484013526497,-1.4094628242311558e-18,-0.00010790521645145191,-0.0006793892299779489,-0.0005714840135264956,-1.0251180652146724e-05,0.0,True
cyclonic,0.5,41.180023193359375,80514.63986860955,1.03125,-0.0005735831900518837,-0.0005735831900518841,-3.2526065174565133e-19,-0.00011860906706599038,-0.0006921922571178744,-0.0005735831900518837,-1.1268064820787385e-05,0.0,True
cyclonic,0.5,41.180023193359375,85394.31501216163,1.09375,-0.0005621325388301578,-0.0005621325388301592,-1.4094628242311558e-18,-0.0001282233352200961,-0.0006903558740502553,-0.0005621325388301578,-1.2181436786731791e-05,0.0,True
cyclonic,0.5,41.180023193359375,90273.99015571373,1.15625,-0.0005416245484420095,-0.0005416245484420105,-1.0842021724855044e-18,-0.0001374677913965369,-0.0006790923398385474,-0.0005416245484420095,-1.3059675980461454e-05,0.0,True
cyclonic,0.5,41.180023193359375,95153.66529926582,1.21875,-0.0005276890856591224,-0.0005276890856591246,-2.168404344971009e-18,-0.0001464235076543079,-0.0006741125933134325,-0.0005276890856591224,-1.3910484386643404e-05,0.0,True
cyclonic,0.5,41.180023193359375,100033.34044281792,1.28125,-0.0004993608199118473,-0.0004993608199118486,-1.3010426069826053e-18,-0.00015531503279960613,-0.0006546758527114548,-0.0004993608199118473,-1.4755194527033755e-05,0.0,True
cyclonic,0.5,41.180023193359375,104913.01558637002,1.34375,-0.0004644367922467898,-0.0004644367922467925,-2.710505431213761e-18,-0.0001632805198705076,-0.0006277173121173002,-0.0004644367922467898,-1.5511929461928106e-05,0.0,True
cyclonic,0.5,41.180023193359375,109792.6907299221,1.40625,-0.0004219219233342867,-0.00042192192333428865,-1.951563910473908e-18,-0.00017015014419508156,-0.0005920720675293702,-0.0004219219233342867,-1.616455555619365e-05,0.0,True
cyclonic,0.5,41.180023193359375,114672.3658734742,1.46875,-0.0003680054368315719,-0.0003680054368315739,-2.0057740190981832e-18,-0.00017344635387103396,-0.0005414517907026079,-0.0003680054368315719,-1.6477701129380508e-05,0.0,True
cyclonic,0.5,41.180023193359375,119552.04101702629,1.53125,-0.00030118021349055066,-0.00030118021349055305,-2.3852447794681098e-18,-0.00017274082976977877,-0.0004739210432603318,-0.00030118021349055066,-1.6410675129579426e-05,0.0,True
cyclonic,0.5,41.180023193359375,124431.71616057839,1.59375,-0.0002234214713029214,-0.00022342147130292438,-2.9815559743351372e-18,-0.00017024245013252376,-0.00039366392143544817,-0.0002234214713029214,-1.6173324778582553e-05,0.0,True
cyclonic,0.5,41.180023193359375,129311.39130413048,1.65625,-0.0001458877250757884,-0.0001458877250757912,-2.791820594150174e-18,-0.00016595290130894363,-0.00031184062638473485,-0.0001458877250757884,-1.5765810282501566e-05,0.0,True
cyclonic,0.5,41.180023193359375,134191.06644768256,1.7187499999999998,-5.5224293577655647e-05,-5.5224293577658465e-05,-2.8189256484623115e-18,-0.00015824278329963878,-0.00021346707687729723,-5.5224293577655647e-05,-1.5033335846492125e-05,0.0,True
cyclonic,0.5,41.180023193359375,139070.74159123466,1.78125,2.4582491656835805e-05,2.4582491656832996e-05,-2.80876125309526e-18,-0.00014960122865408985,-0.00012501873699725686,2.4582491656835805e-05,-1.4212373332351059e-05,0.0,True
cyclonic,0.5,41.180023193359375,143950.41673478676,1.84375,0.00010933271140921736,0.00010933271140921522,-2.1412992906588713e-18,-0.0001408877790538413,-3.155506764462607e-05,0.00010933271140921736,-1.3384580674192485e-05,0.0,True
cyclonic,0.5,41.180023193359375,148830.09187833886,1.90625,0.00019615636920225767,0.00019615636920225504,-2.6291902682773483e-18,-0.00012821723524884612,6.793913395340893e-05,0.00019615636920225767,-1.2180857278999791e-05,0.0,True
cyclonic,0.5,41.180023193359375,153709.76702189096,1.9687500000000002,0.00027869757290124094,0.00027869757290123557,-5.366800753803247e-18,-0.00011562702449492506,0.0001630705484063105,0.00027869757290124094,-1.0984765661454008e-05,0.0,True
cyclonic,0.5,41.180023193359375,158589.44216544303,2.03125,0.0003425052808699072,0.00034250528086990356,-3.63207727782644e-18,-0.00010307825228918662,0.00023942702858071696,0.0003425052808699072,-9.792610777064898e-06,0.0,True
cyclonic,0.5,41.180023193359375,163469.11730899513,2.09375,0.0003967856812414961,0.0003967856812414923,-3.7947076036992655e-18,-8.969494036384582e-05,0.00030709074087764644,0.0003967856812414961,-8.521173187831908e-06,0.0,True
cyclonic,0.5,41.180023193359375,168348.79245254723,2.15625,0.0004451417611252673,0.00044514176112526386,-3.415236843329339e-18,-7.283632437517774e-05,0.00037230543675008615,0.0004451417611252673,-6.919575751411768e-06,0.0,True
cyclonic,0.5,41.180023193359375,173228.46759609933,2.21875,0.00048307827016310625,0.00048307827016309997,-6.288372600415926e-18,-5.703355561059499e-05,0.000426044714552505,0.00048307827016310625,-5.418285612369008e-06,0.0,True
cyclonic,0.5,41.180023193359375,178108.14273965143,2.28125,0.0005268976339504161,0.0005268976339504125,-3.577867169202165e-18,-4.404427380802799e-05,0.0004828533601423845,0.0005268976339504161,-4.184281560677357e-06,0.0,True
cyclonic,0.5,41.180023193359375,182987.8178832035,2.34375,0.0005565759154425859,0.0005565759154425831,-2.8189256484623115e-18,-2.986281684402899e-05,0.0005267130985985541,0.0005565759154425859,-2.8370188237177866e-06,0.0,True
cyclonic,0.5,41.180023193359375,187867.4930267556,2.40625,0.0005846493707521,0.000584649370752096,-4.0115480381963664e-18,-1.650314623033635e-05,0.0005681462245217596,0.0005846493707521,-1.5678271996431897e-06,0.0,True
cyclonic,0.5,41.180023193359375,192747.1681703077,2.46875,0.0005980895459199879,0.0005980895459199838,-4.119968255444917e-18,-3.779541548148258e-06,0.0005943100043718356,0.0005980895459199879,-3.590629301021226e-07,0.0,True
cyclonic,0.5,47.21189498901367,2439.837571776047,0.03125,8.496976776390761e-06,8.496976776390761e-06,0.0,7.360601388040365e-07,9.233036915194798e-06,8.496976776390761e-06,2.9339885442659935e-06,1.0,False
cyclonic,0.5,47.21189498901367,7319.512715328141,0.09375,5.85861314334054e-05,5.858613143340559e-05,1.8973538018496328e-19,4.062249834926231e-06,6.264838126833182e-05,5.85861314334054e-05,1.6192419411524618e-05,0.0,True
cyclonic,0.5,47.21189498901367,12199.187858880234,0.15625,0.00010818218158512625,0.00010818218158512668,4.336808689942018e-19,4.71823162360964e-06,0.00011290041320873633,0.00010818218158512625,1.8807209904556113e-05,0.0,True
cyclonic,0.5,47.21189498901367,17078.86300243233,0.21875,0.0001534030123938647,0.00015340301239386546,7.589415207398531e-19,3.0442344123287753e-07,0.00015370743583509834,0.0001534030123938647,1.213453686861159e-06,0.0,True
cyclonic,0.5,47.21189498901367,21958.53814598442,0.28125,0.0001921147933987247,0.00019211479339872604,1.3552527156068805e-18,-9.809598140111933e-06,0.0001823051952586141,0.0001921147933987247,-3.9101762274079514e-05,0.0,True
cyclonic,0.5,47.21189498901367,26838.213289536514,0.34375,0.00021786670645921704,0.00021786670645921856,1.5178830414797062e-18,-2.5094662478876526e-05,0.00019277204398034204,0.00021786670645921704,-0.00010002912581963284,0.0,True
cyclonic,0.5,47.21189498901367,31717.88843308861,0.40625,0.0002317971174432097,0.00023179711744321252,2.8189256484623115e-18,-4.034326110497988e-05,0.00019145385633823265,0.0002317971174432097,-0.00016081113441717825,0.0,True
cyclonic,0.5,47.21189498901367,36597.5635766407,0.46874999999999994,0.00023992914157953623,0.00023992914157954003,3.7947076036992655e-18,-5.452834296892577e-05,0.00018540079861061425,0.00023992914157953623,-0.0002173538888664487,0.0,True
cyclonic,0.5,47.21189498901367,41477.2387201928,0.53125,0.00024023936181831343,0.00024023936181831858,5.149960319306146e-18,-6.542308755446345e-05,0.00017481627426385512,0.00024023936181831343,-0.0002607811227587892,0.0,True
cyclonic,0.5,47.21189498901367,46356.91386374489,0.59375,0.00022783079422060721,0.00022783079422061255,5.339695699491109e-18,-7.660870389419663e-05,0.00015122209032641593,0.00022783079422060721,-0.0003053677923407824,0.0,True
cyclonic,0.5,47.21189498901367,51236.589007296985,0.65625,0.00020868287263675872,0.00020868287263676384,5.1228552649940085e-18,-8.914605352308506e-05,0.00011953681911367878,0.00020868287263675872,-0.0003553425678345134,0.0,True
cyclonic,0.5,47.21189498901367,56116.26415084908,0.71875,0.000185411419520148,0.00018541141952015485,6.8575787409708155e-18,-0.0001050851291814331,8.032629033872175e-05,0.000185411419520148,-0.0004188768674418346,0.0,True
cyclonic,0.5,47.21189498901367,60995.93929440117,0.78125,0.00015522846575650908,0.00015522846575651635,7.26415455565288e-18,-0.00012302079621988684,3.2207669536629506e-05,0.00015522846575650908,-0.0004903697235963539,0.0,True
cyclonic,0.5,47.21189498901367,65875.61443795326,0.84375,0.00011906400757022109,0.00011906400757023273,1.1641620827063104e-17,-0.00014341865342752894,-2.435464585729621e-05,0.00011906400757022109,-0.0005716770464898827,0.0,True
cyclonic,0.5,47.21189498901367,70755.28958150536,0.9062500000000001,7.791714636888836e-05,7.791714636889978e-05,1.1424780392566003e-17,-0.00016464090706696423,-8.672376069806445e-05,7.791714636888836e-05,-0.0006562704727319029,0.0,True
cyclonic,0.5,47.21189498901367,75634.96472505745,0.96875,3.594269797576978e-05,3.594269797577778e-05,7.995991022080595e-18,-0.00018460750749219986,-0.0001486648095164221,3.594269797576978e-05,-0.0007358587751371419,0.0,True
cyclonic,0.5,47.21189498901367,80514.63986860955,1.03125,-3.9935737868403005e-07,-3.993573786743061e-07,9.723938234479368e-18,-0.00020376479028657408,-0.0002041641476652484,-3.9935737868403005e-07,-0.0008122210793766901,0.0,True
cyclonic,0.5,47.21189498901367,85394.31501216163,1.09375,-1.871484369763724e-05,-1.871484369762619e-05,1.1048697763985094e-17,-0.00022031584748464445,-0.00023903069118227065,-1.871484369763724e-05,-0.0008781947813265497,0.0,True
cyclonic,0.5,47.21189498901367,90273.99015571373,1.15625,-2.7518539029113733e-05,-2.751853902910052e-05,1.3213713977167085e-17,-0.0002369116774070121,-0.0002644302164361126,-2.7518539029113733e-05,-0.0009443469505690371,0.0,True
cyclonic,0.5,47.21189498901367,95153.66529926582,1.21875,-4.229468899984952e-05,-4.22946889998358e-05,1.3721933745519665e-17,-0.00025186848845895886,-0.0002941631774587947,-4.229468899984952e-05,-0.0010039658729528314,0.0,True
cyclonic,0.5,47.21189498901367,100033.34044281792,1.28125,-4.249010976468563e-05,-4.249010976466547e-05,2.0159384144652348e-17,-0.00026641613704393946,-0.0003089062468086049,-4.249010976468563e-05,-0.001061953844375509,0.0,True
cyclonic,0.5,47.21189498901367,104913.01558637002,1.34375,-2.481607825973486e-05,-2.4816078259719957e-05,1.490439173988667e-17,-0.00027828423473275765,-0.00030310031299247763,-2.481607825973486e-05,-0.0011092609336003105,0.0,True
cyclonic,0.5,47.21189498901367,109792.6907299221,1.40625,8.67166136156695e-06,8.67166136157779e-06,1.0838633593066027e-17,-0.0002884002962648401,-0.0002797286349032623,8.67166136156695e-06,-0.0011495842809513095,0.0,True
cyclonic,0.5,47.21189498901367,114672.3658734742,1.46875,5.130184228589917e-05,5.130184228591671e-05,1.7536970139953034e-17,-0.0002940971784712608,-0.00024279533618534407,5.130184228589917e-05,-0.0011722924623219638,0.0,True
cyclonic,0.5,47.21189498901367,119552.04101702629,1.53125,8.740514469864772e-05,8.740514469866404e-05,1.6317242695906842e-17,-0.0002935874639486379,-0.00020618231924997385,8.740514469864772e-05,-0.0011702607036498378,0.0,True
cyclonic,0.5,47.21189498901367,124431.71616057839,1.59375,0.00012012256923055393,0.00012012256923057081,1.6886448836461732e-17,-0.0002888779104385447,-0.00016875534120797388,0.00012012256923055393,-0.0011514880853286328,0.0,True
cyclonic,0.5,47.21189498901367,129311.39130413048,1.65625,0.00014640203564273265,0.00014640203564274642,1.3769367590565906e-17,-0.000280700585392742,-0.00013429854974999556,0.00014640203564273265,-0.0011188926807654848,0.0,True
cyclonic,0.5,47.21189498901367,134191.06644768256,1.7187499999999998,0.0001655067061889907,0.00016550670618900885,1.81603863891322e-17,-0.0002680501374262671,-0.00010254343123725828,0.0001655067061889907,-0.0010684670871804586,0.0,True
cyclonic,0.5,47.21189498901367,139070.74159123466,1.78125,0.00017963289021584984,0.00017963289021586447,1.463672932855431e-17,-0.00025269866842664047,-7.306577821077599e-05,0.00017963289021584984,-0.0010072750298904896,0.0,True
cyclonic,0.5,47.21189498901367,143950.41673478676,1.84375,0.00019955914797206375,0.00019955914797208202,1.826880660638075e-17,-0.00023754368889478301,-3.7984540922700994e-05,0.00019955914797206375,-0.0009468661937221541,0.0,True
cyclonic,0.5,47.21189498901367,148830.09187833886,1.90625,0.00022542810474889888,0.00022542810474891962,2.0735366548785272e-17,-0.00021669724990474367,8.730854844175948e-06,0.00022542810474889888,-0.0008637707916468639,0.0,True
cyclonic,0.5,47.21189498901367,153709.76702189096,1.9687500000000002,0.00026441131352755997,0.00026441131352758073,2.076247160309741e-17,-0.0001948122179862432,6.959909554133753e-05,0.00026441131352755997,-0.0007765354836133297,0.0,True
cyclonic,0.5,47.21189498901367,158589.44216544303,2.03125,0.0002733616286906358,0.00027336162869064735,1.1546753136970622e-17,-0.00017312215106353817,0.00010023947762710918,0.0002733616286906358,-0.0006900773200467221,0.0,True
cyclonic,0.5,47.21189498901367,163469.11730899513,2.09375,0.00029316841330593907,0.0002931684133059574,1.8323016715005025e-17,-0.0001495796182676276,0.0001435887950383298,0.00029316841330593907,-0.0005962350945480829,0.0,True
cyclonic,0.5,47.21189498901367,168348.79245254723,2.15625,0.00030868878945185073,0.0003086887894518726,2.1846673775582914e-17,-0.0001222713699824026,0.00018641741946946998,0.00030868878945185073,-0.00048738245682339174,0.0,True
cyclonic,0.5,47.21189498901367,173228.46759609933,2.21875,0.00032152913859633084,0.0003215291385963533,2.2442984970449942e-17,-9.559678714189185e-05,0.00022593235145446143,0.00032152913859633084,-0.0003810556550429072,0.0,True
cyclonic,0.5,47.21189498901367,178108.14273965143,2.28125,0.00034096882765201694,0.0003409688276520428,2.585822181377928e-17,-7.306626874202203e-05,0.0002679025589100208,0.00034096882765201694,-0.0002912473915646,0.0,True
cyclonic,0.5,47.21189498901367,182987.8178832035,2.34375,0.0003565296199083458,0.000356529619908362,1.620882247865829e-17,-4.9730376821816155e-05,0.00030679924308654586,0.0003565296199083458,-0.00019822885142824627,0.0,True
cyclonic,0.5,47.21189498901367,187867.4930267556,2.40625,0.00037566394879893713,0.00037566394879895714,2.0003530082357557e-17,-2.798709745262938e-05,0.00034767685134632774,0.00037566394879893713,-0.00011155857923061907,0.0,True
cyclonic,0.5,47.21189498901367,192747.1681703077,2.46875,0.0003946405276876128,0.0003946405276876368,2.3960868011929648e-17,-7.127638338973196e-06,0.0003875128893486636,0.0003946405276876128,-2.8411278008067792e-05,0.0,True
cyclonic,0.5,53.85063552856445,2439.837571776047,0.03125,6.083580477535763e-06,6.0835804775357575e-06,-5.082197683525802e-21,2.4534101422659872e-06,8.536990619801745e-06,6.083580477535763e-06,2.4889272512358236e-06,0.0,True
cyclonic,0.5,53.85063552856445,7319.512715328141,0.09375,-5.399325885207947e-05,-5.3993258852079226e-05,2.439454888092385e-19,2.3996566717332532e-05,-2.9996692134746694e-05,-5.399325885207947e-05,2.434395611640556e-05,0.0,True
cyclonic,0.5,53.85063552856445,12199.187858880234,0.15625,-0.00011993460274823429,-0.00011993460274823341,8.809142651444724e-19,3.626780806483922e-05,-8.366679468339418e-05,-0.00011993460274823429,3.679284367504758e-05,0.0,True
cyclonic,0.5,53.85063552856445,17078.86300243233,0.21875,-0.00018609234916854277,-0.00018609234916854163,1.1384122811097797e-18,-6.2942346799357045e-06,-0.00019238658384847733,-0.00018609234916854277,-6.385353981660986e-06,0.0,True
cyclonic,0.5,53.85063552856445,21958.53814598442,0.28125,-0.0002477797973553665,-0.00024777979735536435,2.168404344971009e-18,-9.089186883492532e-05,-0.0003386716661902897,-0.0002477797973553665,-9.220767671974172e-05,0.0,True
cyclonic,0.5,53.85063552856445,26838.213289536514,0.34375,-0.00031158997139355866,-0.00031158997139355525,3.415236843329339e-18,-0.00021902636568783815,-0.0005306163370813934,-0.00031158997139355866,-0.00022219712917470353,0.0,True
cyclonic,0.5,53.85063552856445,31717.88843308861,0.40625,-0.0003805304232722999,-0.00038053042327229543,4.445228907190568e-18,-0.0003605988242159954,-0.0007411292474882908,-0.0003805304232722999,-0.0003658190796936406,0.0,True
cyclonic,0.5,53.85063552856445,36597.5635766407,0.46874999999999994,-0.00045270934182017273,-0.00045270934182016525,7.48099499014998e-18,-0.0004908146668748203,-0.0009435240086949855,-0.00045270934182017273,-0.0004979200088260386,0.0,True
cyclonic,0.5,53.85063552856445,41477.2387201928,0.53125,-0.0005280537081578332,-0.0005280537081578275,5.637851296924623e-18,-0.0005879552394127088,-0.0011160089475705363,-0.0005280537081578332,-0.0005964668494153968,0.0,True
cyclonic,0.5,53.85063552856445,46356.91386374489,0.59375,-0.00060167400294512,-0.0006016740029451106,9.432558900623889e-18,-0.0006779364033350804,-0.001279610406280191,-0.00060167400294512,-0.0006877506372852311,0.0,True
cyclonic,0.5,53.85063552856445,51236.589007296985,0.65625,-0.0006682021501970247,-0.0006682021501970163,8.456776945386935e-18,-0.0007853785898938567,-0.001453580740090873,-0.0006682021501970247,-0.0007967482245420909,0.0,True
cyclonic,0.5,53.85063552856445,56116.26415084908,0.71875,-0.0007265252906632756,-0.0007265252906632658,9.75781955236954e-18,-0.0009177935282675414,-0.0016443188189308074,-0.0007265252906632756,-0.0009310800848826461,0.0,True
cyclonic,0.5,53.85063552856445,60995.93929440117,0.78125,-0.0007777333431751576,-0.0007777333431751467,1.0950441942103595e-17,-0.0010640340022366036,-0.0018417673454117502,-0.0007777333431751576,-0.0010794376279712492,0.0,True
cyclonic,0.5,53.85063552856445,65875.61443795326,0.84375,-0.0008195261168391988,-0.0008195261168391871,1.1709383462843448e-17,-0.0012321428805027728,-0.00205166899734196,-0.0008195261168391988,-0.0012499801561377411,0.0,True
cyclonic,0.5,53.85063552856445,70755.28958150536,0.9062500000000001,-0.0008478996589280631,-0.0008478996589280521,1.0950441942103595e-17,-0.0014001875614654102,-0.0022480872203934623,-0.0008478996589280631,-0.0014204575576401406,0.0,True
cyclonic,0.5,53.85063552856445,75634.96472505745,0.96875,-0.0008623891053515391,-0.0008623891053515228,1.6263032587282567e-17,-0.0015615152222283966,-0.0024239043275799195,-0.0008623891053515391,-0.001584120699131953,0.0,True
cyclonic,0.5,53.85063552856445,80514.63986860955,1.03125,-0.0008605981207137337,-0.0008605981207137196,1.4094628242311558e-17,-0.0017230995645594526,-0.0025836976852731722,-0.0008605981207137337,-0.0017480442380757247,0.0,True
cyclonic,0.5,53.85063552856445,85394.31501216163,1.09375,-0.0008380880178281975,-0.0008380880178281769,2.0599841277224584e-17,-0.0018637402846116704,-0.0027018283024398473,-0.0008380880178281975,-0.0018907209616862704,0.0,True
cyclonic,0.5,53.85063552856445,90273.99015571373,1.15625,-0.0007877442586943844,-0.0007877442586943694,1.5070410197548512e-17,-0.0019756419701181306,-0.0027633862288125,-0.0007877442586943844,-0.002004242606403615,0.0,True
cyclonic,0.5,53.85063552856445,95153.66529926582,1.21875,-0.0007283664132282553,-0.0007283664132282371,1.8106176280507924e-17,-0.002088492714427789,-0.002816859127656026,-0.0007283664132282553,-0.002118727049096566,0.0,True
cyclonic,0.5,53.85063552856445,100033.34044281792,1.28125,-0.0006488356946109837,-0.0006488356946109664,1.734723475976807e-17,-0.00219638033718756,-0.0028452160317985263,-0.0006488356946109837,-0.002228176520969146,0.0,True
cyclonic,0.5,53.85063552856445,104913.01558637002,1.34375,-0.0005493624332120332,-0.0005493624332120148,1.8323016715005025e-17,-0.002290781190882697,-0.002840143624094712,-0.0005493624332120332,-0.002323943980821882,0.0,True
cyclonic,0.5,53.85063552856445,109792.6907299221,1.40625,-0.00042933636066142954,-0.0004293363606614102,1.9353008778866254e-17,-0.0023629837641272644,-0.0027923201247886747,-0.00042933636066142954,-0.002397191803948502,0.0,True
cyclonic,0.5,53.85063552856445,114672.3658734742,1.46875,-0.0003015088606488519,-0.00030150886064882855,2.336455681706262e-17,-0.0024007422716399002,-0.0027022511322887287,-0.0003015088606488519,-0.0024354969273745392,0.0,True
cyclonic,0.5,53.85063552856445,119552.04101702629,1.53125,-0.0001792780284375546,-0.00017927802843753412,2.0491421059976034e-17,-0.002390209075164034,-0.0025694871036015684,-0.0001792780284375546,-0.002424811245718724,0.0,True
cyclonic,0.5,53.85063552856445,124431.71616057839,1.59375,-6.785527191785518e-05,-6.78552719178339e-05,2.1277467635028025e-17,-0.0023517549770651273,-0.0024196102489829614,-6.785527191785518e-05,-0.002385800461899404,0.0,True
cyclonic,0.5,53.85063552856445,129311.39130413048,1.65625,1.5291815873369105e-05,1.5291815873393134e-05,2.4028630647709992e-17,-0.002282493132977804,-0.002267201317104411,1.5291815873369105e-05,-0.0023155359397756927,0.0,True
cyclonic,0.5,53.85063552856445,134191.06644768256,1.7187499999999998,7.919697222592559e-05,7.919697222594923e-05,2.3649159887340065e-17,-0.0021799246973038763,-0.002100727725077927,7.919697222592559e-05,-0.0022114826588881835,0.0,True
cyclonic,0.5,53.85063552856445,139070.74159123466,1.78125,0.00012313024114052895,0.0001231302411405499,2.0952206983282373e-17,-0.0020555983956334583,-0.0019324681544929084,0.00012313024114052895,-0.002085356531445395,0.0,True
cyclonic,0.5,53.85063552856445,143950.41673478676,1.84375,0.0001537319862791713,0.000153731986279198,2.6698478497455547e-17,-0.0019300582725173066,-0.0017763262862381087,0.0001537319862791713,-0.001957999010513856,0.0,True
cyclonic,0.5,53.85063552856445,148830.09187833886,1.90625,0.0001801923543307522,0.00018019235433077823,2.6020852139652106e-17,-0.0017713796313334632,-0.0015911872770026849,0.0001801923543307522,-0.0017970232374754477,0.0,True
cyclonic,0.5,53.85063552856445,153709.76702189096,1.9687500000000002,0.0001906467532904233,0.0001906467532904539,3.060160631840336e-17,-0.0016065538789465652,-0.0014159071256561113,0.0001906467532904233,-0.0016298113637842847,0.0,True
cyclonic,0.5,53.85063552856445,158589.44216544303,2.03125,0.00017537854556039185,0.00017537854556041776,2.5912431922403556e-17,-0.001401646548578129,-0.0012262680030177113,0.00017537854556039185,-0.0014219376659683363,0.0,True
cyclonic,0.5,53.85063552856445,163469.11730899513,2.09375,0.00018920863768081964,0.0001892086376808458,2.6156377411212794e-17,-0.0011962992456921572,-0.0010070906080113114,0.00018920863768081964,-0.0012136176263158464,0.0,True
cyclonic,0.5,53.85063552856445,168348.79245254723,2.15625,0.00020783501080393944,0.00020783501080397324,3.38000027272356e-17,-0.0009712214589766998,-0.0007633864481727266,0.00020783501080393944,-0.000985281471935014,0.0,True
cyclonic,0.5,53.85063552856445,173228.46759609933,2.21875,0.00023518460793597225,0.00023518460793599724,2.4990860075790877e-17,-0.0007516990508066797,-0.0005165144428706824,0.00023518460793597225,-0.0007625811192550333,0.0,True
cyclonic,0.5,53.85063552856445,178108.14273965143,2.28125,0.0002601395688797385,0.0002601395688797709,3.241764495731658e-17,-0.0005612296712556335,-0.0003010901023758626,0.0002601395688797385,-0.0005693543851172471,0.0,True
cyclonic,0.5,53.85063552856445,182987.8178832035,2.34375,0.0002834782390490156,0.0002834782390490423,2.6725583551767684e-17,-0.00036913089089945584,-8.565265185041352e-05,0.0002834782390490156,-0.0003744746619430123,0.0,True
cyclonic,0.5,53.85063552856445,187867.4930267556,2.40625,0.00030970464622504304,0.00030970464622507367,3.06287113727155e-17,-0.00019039467494717653,0.00011930997127789715,0.00030970464622504304,-0.00019315094806306483,0.0,True
cyclonic,0.5,53.85063552856445,192747.1681703077,2.46875,0.00034615154468098364,0.00034615154468101725,3.361026734705064e-17,-2.40175324892084e-05,0.00032213401219180883,0.00034615154468098364,-2.436522540198732e-05,0.0,True
cyclonic,0.5,61.11283874511719,2439.837571776047,0.03125,7.002493669290337e-06,7.002493669290329e-06,-7.623296525288703e-21,4.301133018329374e-06,1.1303626687619702e-05,7.002493669290337e-06,4.864891536504758e-06,0.0,True
cyclonic,0.5,61.11283874511719,7319.512715328141,0.09375,8.77734718155296e-05,8.777347181552956e-05,-4.0657581468206416e-20,2.911746076258702e-05,0.00011689093257811658,8.77734718155296e-05,3.2933947363348296e-05,0.0,True
cyclonic,0.5,61.11283874511719,12199.187858880234,0.15625,0.0001654328355977117,0.00016543283559771182,1.0842021724855044e-19,3.917837092578189e-05,0.0002046112065234937,0.0001654328355977117,4.431356210529657e-05,0.0,True
cyclonic,0.5,61.11283874511719,17078.86300243233,0.21875,0.00023783629404349239,0.0002378362940434925,1.0842021724855044e-19,-6.53424980509347e-06,0.000231302044238399,0.00023783629404349239,-7.390707620234029e-06,0.0,True
cyclonic,0.5,61.11283874511719,21958.53814598442,0.28125,0.0003047847325239644,0.00030478473252396434,-5.421010862427522e-20,-8.64939958904768e-05,0.00021829073663348755,0.0003047847325239644,-9.783094518883234e-05,0.0,True
cyclonic,0.5,61.11283874511719,26838.213289536514,0.34375,0.0003671792571767756,0.0003671792571767761,4.87890977618477e-19,-0.00020797053192241814,0.00015920872525435796,0.0003671792571767756,-0.00023522966536495204,0.0,True
cyclonic,0.5,61.11283874511719,31717.88843308861,0.40625,0.0004222043122986466,0.00042220431229864677,1.6263032587282567e-19,-0.00034796742894210083,7.423688335654594e-05,0.0004222043122986466,-0.00039357624905478187,0.0,True
cyclonic,0.5,61.11283874511719,36597.5635766407,0.46874999999999994,0.0004676869863718788,0.00046768698637187977,9.75781955236954e-19,-0.00047038913041734645,-2.7021440454666782e-06,0.0004676869863718788,-0.0005320440194895503,0.0,True
cyclonic,0.5,61.11283874511719,41477.2387201928,0.53125,0.0005025465724684741,0.0005025465724684731,-9.75781955236954e-19,-0.0005587308829793245,-5.6184310510851436e-05,0.0005025465724684741,-0.0006319649106889801,0.0,True
cyclonic,0.5,61.11283874511719,46356.91386374489,0.59375,0.0005285081175215684,0.0005285081175215699,1.4094628242311558e-18,-0.0006463659975914362,-0.00011785788006986634,0.0005285081175215684,-0.0007310865434216227,0.0,True
cyclonic,0.5,61.11283874511719,51236.589007296985,0.65625,0.0005443308723642542,0.0005443308723642551,9.75781955236954e-19,-0.0007618496673788442,-0.0002175187950145891,0.0005443308723642542,-0.0008617068998158756,0.0,True
cyclonic,0.5,61.11283874511719,56116.26415084908,0.71875,0.0005490867331429984,0.0005490867331429982,-2.168404344971009e-19,-0.0008937434338293542,-0.000344656700686356,0.0005490867331429984,-0.0010108882586318947,0.0,True
cyclonic,0.5,61.11283874511719,60995.93929440117,0.78125,0.0005474092510519973,0.0005474092510519974,1.0842021724855044e-19,-0.0010316915522999618,-0.00048428230124796434,0.0005474092510519973,-0.0011669175260747978,0.0,True
cyclonic,0.5,61.11283874511719,65875.61443795326,0.84375,0.0005425390714114792,0.0005425390714114766,-2.6020852139652106e-18,-0.001189469749747036,-0.0006469306783355594,0.0005425390714114792,-0.001345376042501566,0.0,True
cyclonic,0.5,61.11283874511719,70755.28958150536,0.9062500000000001,0.0005379501683896381,0.0005379501683896353,-2.8189256484623115e-18,-0.0013479286370849546,-0.0008099784686953194,0.0005379501683896381,-0.0015246044682696268,0.0,True
cyclonic,0.5,61.11283874511719,75634.96472505745,0.96875,0.0005343036745559841,0.0005343036745559867,2.6020852139652106e-18,-0.0014999766842549137,-0.000965673009698927,0.0005343036745559841,-0.0016965817716143442,0.0,True
cyclonic,0.5,61.11283874511719,80514.63986860955,1.03125,0.0005321667311255572,0.0005321667311255582,1.0842021724855044e-18,-0.0016638904335632265,-0.0011317237024376682,0.0005321667311255572,-0.0018819800395424781,0.0,True
cyclonic,0.5,61.11283874511719,85394.31501216163,1.09375,0.0005302338592650621,0.0005302338592650646,2.4936649967166602e-18,-0.0018274451752946337,-0.0012972113160295692,0.0005302338592650621,-0.0020669722440182646,0.0,True
cyclonic,0.5,61.11283874511719,90273.99015571373,1.15625,0.0005342876487620265,0.0005342876487620241,-2.3852447794681098e-18,-0.0019525540057717908,-0.0014182663570097669,0.0005342876487620265,-0.0022084793510843783,0.0,True
cyclonic,0.5,61.11283874511719,95153.66529926582,1.21875,0.0005367332903869347,0.000536733290386934,-7.589415207398531e-19,-0.0020815066508358946,-0.0015447733604489608,0.0005367332903869347,-0.002354334089570455,0.0,True
cyclonic,0.5,61.11283874511719,100033.34044281792,1.28125,0.0005336220909221312,0.000533622090922125,-6.288372600415926e-18,-0.002223351982393404,-0.0016897298914712792,0.0005336220909221312,-0.0025147713859865676,0.0,True
cyclonic,0.5,61.11283874511719,104913.01558637002,1.34375,0.0005298592667170565,0.0005298592667170542,-2.2768245622195593e-18,-0.002337861299724387,-0.0018080020330073327,0.0005298592667170565,-0.002644289679506077,0.0,True
cyclonic,0.5,61.11283874511719,109792.6907299221,1.40625,0.0005303387872017364,0.0005303387872017389,2.4936649967166602e-18,-0.0024222730183247904,-0.0018919342311230515,0.0005303387872017364,-0.0027397654189568015,0.0,True
cyclonic,0.5,61.11283874511719,114672.3658734742,1.46875,0.0005341707381779226,0.0005341707381779205,-2.0599841277224584e-18,-0.0024608607766777903,-0.0019266900384998697,0.0005341707381779226,-0.0027834109556617126,0.0,True
cyclonic,0.5,61.11283874511719,119552.04101702629,1.53125,0.0005466845263114735,0.0005466845263114705,-3.0357660829594124e-18,-0.0024288872722662,-0.0018822027459547293,0.0005466845263114735,-0.002747246617023155,0.0,True
cyclonic,0.5,61.11283874511719,124431.71616057839,1.59375,0.0005674745936451069,0.0005674745936451028,-4.119968255444917e-18,-0.0023491283346838876,-0.0017816537410387848,0.0005674745936451069,-0.0026570335083489403,0.0,True
cyclonic,0.5,61.11283874511719,129311.39130413048,1.65625,0.00058391217007695,0.0005839121700769525,2.4936649967166602e-18,-0.0022610279272140686,-0.001677115757137116,0.00058391217007695,-0.0025573855958486618,0.0,True
cyclonic,0.5,61.11283874511719,134191.06644768256,1.7187499999999998,0.0006062355889172487,0.0006062355889172437,-4.9873299934333204e-18,-0.0021340812765337407,-0.001527845687616497,0.0006062355889172487,-0.0024137997816340087,0.0,True
cyclonic,0.5,61.11283874511719,139070.74159123466,1.78125,0.000623857559059942,0.0006238575590599415,-5.421010862427522e-19,-0.0020045333641807695,-0.0013806758051208281,0.000623857559059942,-0.0022672717529280692,0.0,True
cyclonic,0.5,61.11283874511719,143950.41673478676,1.84375,0.0006383058548469721,0.0006383058548469716,-5.421010862427522e-19,-0.0018721747662013236,-0.0012338689113543522,0.0006383058548469721,-0.0021175646361405146,0.0,True
cyclonic,0.5,61.11283874511719,148830.09187833886,1.90625,0.0006464271981961024,0.0006464271981960986,-3.7947076036992655e-18,-0.0017200046806271497,-0.001073577482431051,0.0006464271981961024,-0.001945449298562198,0.0,True
cyclonic,0.5,61.11283874511719,153709.76702189096,1.9687500000000002,0.0006363926808048802,0.0006363926808048819,1.734723475976807e-18,-0.0015538519929419142,-0.0009174593121370323,0.0006363926808048802,-0.0017575186299121541,0.0,True
cyclonic,0.5,61.11283874511719,158589.44216544303,2.03125,0.0006285237136499991,0.000628523713650008,8.890457814381136e-18,-0.0013695987625879213,-0.0007410750489379133,0.0006285237136499991,-0.0015491149425342257,0.0,True
cyclonic,0.5,61.11283874511719,163469.11730899513,2.09375,0.000620875246754359,0.0006208752467543591,1.0842021724855044e-19,-0.0011716442218176774,-0.0005507689750633183,0.000620875246754359,-0.0013252140852712943,0.0,True
cyclonic,0.5,61.11283874511719,168348.79245254723,2.15625,0.0006290061841414784,0.0006290061841414797,1.3010426069826053e-18,-0.0009564423143974004,-0.0003274361302559207,0.0006290061841414784,-0.0010818052128678942,0.0,True
cyclonic,0.5,61.11283874511719,173228.46759609933,2.21875,0.000626285387536077,0.000626285387536068,-8.998878031629687e-18,-0.0007407708292482266,-0.0001144854417121586,0.000626285387536077,-0.0008378652141986226,0.0,True
cyclonic,0.5,61.11283874511719,178108.14273965143,2.28125,0.0006234369320427069,0.0006234369320427031,-3.7947076036992655e-18,-0.0005549215653184248,6.851536672427834e-05,0.0006234369320427069,-0.0006276562977794526,0.0,True
cyclonic,0.5,61.11283874511719,182987.8178832035,2.34375,0.0006174637620509609,0.0006174637620509649,4.0115480381963664e-18,-0.00036481489601829144,0.0002526488660326735,0.0006174637620509609,-0.00041263194894623447,0.0,True
cyclonic,0.5,61.11283874511719,187867.4930267556,2.40625,0.0006127095978807165,0.0006127095978807172,6.505213034913027e-19,-0.00019334635078281683,0.00041936324709790037,0.0006127095978807165,-0.00021868866215691996,0.0,True
cyclonic,0.5,61.11283874511719,192747.1681703077,2.46875,0.0006153649066503702,0.0006153649066503693,-8.673617379884035e-19,-2.8506586697936078e-05,0.0005868583199524333,0.0006153649066503702,-3.224300475489464e-05,0.0,True
cyclonic,0.5,69.02168273925781,2439.837571776047,0.03125,6.441995893580415e-06,6.441995893580414e-06,-8.470329472543003e-22,7.493312498120875e-07,7.1913271433925015e-06,6.441995893580415e-06,1.775572737438428e-06,0.0,True
cyclonic,0.5,69.02168273925781,7319.512715328141,0.09375,0.00020930942965793493,0.00020930942965793474,-1.8973538018496328e-19,5.611350227531982e-06,0.00021492077988546674,0.00020930942965793493,1.3296336549053912e-05,0.0,True
cyclonic,0.5,69.02168273925781,12199.187858880234,0.15625,0.0004071273865606113,0.0004071273865606106,-7.047314121155779e-19,7.799153052273987e-06,0.00041492653961288457,0.0004071273865606113,1.8480429767476133e-05,0.0,True
cyclonic,0.5,69.02168273925781,17078.86300243233,0.21875,0.0005928192215171659,0.0005928192215171649,-9.75781955236954e-19,-1.3680163803869765e-06,0.0005914512051367779,0.0005928192215171659,-3.241573856680135e-06,0.0,True
cyclonic,0.5,69.02168273925781,21958.53814598442,0.28125,0.0007650896974439382,0.0007650896974439366,-1.5178830414797062e-18,-1.632910228919262e-05,0.000748760595154744,0.0007650896974439382,-3.8692512635506197e-05,0.0,True
cyclonic,0.5,69.02168273925781,26838.213289536514,0.34375,0.0009224428196014073,0.0009224428196014045,-2.8189256484623115e-18,-3.9731691125313225e-05,0.0008827111284760913,0.0009224428196014073,-9.41459569344288e-05,0.0,True
cyclonic,0.5,69.02168273925781,31717.88843308861,0.40625,0.001063380112466844,0.0010633801124668408,-3.2526065174565133e-18,-6.646768795316987e-05,0.000996912424513671,0.001063380112466844,-0.00015749805533908924,0.0,True
cyclonic,0.5,69.02168273925781,36597.5635766407,0.46874999999999994,0.0011876314398723432,0.001187631439872337,-6.071532165918825e-18,-9.03723021336391e-05,0.001097259137738698,0.0011876314398723432,-0.000214141070358774,0.0,True
cyclonic,0.5,69.02168273925781,41477.2387201928,0.53125,0.0012914900688729431,0.001291490068872938,-5.204170427930421e-18,-0.00010726586494383922,0.0011842242039290986,0.0012914900688729431,-0.00025417109656082707,0.0,True
cyclonic,0.5,69.02168273925781,46356.91386374489,0.59375,0.0013726269760077768,0.0013726269760077686,-8.239936510889834e-18,-0.0001237776365930133,0.0012488493394147552,0.0013726269760077768,-0.0002932964521287877,0.0,True
cyclonic,0.5,69.02168273925781,51236.589007296985,0.65625,0.0014321073090033144,0.0014321073090033068,-7.589415207398531e-18,-0.00014443706500393363,0.001287670243999373,0.0014321073090033144,-0.00034224985940586313,0.0,True
cyclonic,0.5,69.02168273925781,56116.26415084908,0.71875,0.0014697061983642028,0.0014697061983641937,-9.107298248878237e-18,-0.000168521079486909,0.0013011851188772846,0.0014697061983642028,-0.0003993179711852226,0.0,True
cyclonic,0.5,69.02168273925781,60995.93929440117,0.78125,0.0014861389289802453,0.001486138928980235,-1.0191500421363742e-17,-0.00019495877597091186,0.0012911801530093232,0.0014861389289802453,-0.0004619632340505296,0.0,True
cyclonic,0.5,69.02168273925781,65875.61443795326,0.84375,0.0014836061093484233,0.0014836061093484098,-1.3444106938820255e-17,-0.00022462096783315927,0.0012589851415152505,0.0014836061093484233,-0.0005322490778832565,0.0,True
cyclonic,0.5,69.02168273925781,70755.28958150536,0.9062500000000001,0.0014662220572411555,0.0014662220572411433,-1.214306433183765e-17,-0.00025345258312430686,0.0012127694741168365,0.0014662220572411555,-0.0006005668346832196,0.0,True
cyclonic,0.5,69.02168273925781,75634.96472505745,0.96875,0.0014343382488089275,0.0014343382488089104,-1.713039432527097e-17,-0.0002818758237293557,0.0011524624250795548,0.0014343382488089275,-0.00066791693003909,0.0,True
cyclonic,0.5,69.02168273925781,80514.63986860955,1.03125,0.0013851594264301284,0.0013851594264301145,-1.3877787807814457e-17,-0.00031491762171838826,0.0010702418047117263,0.0013851594264301284,-0.0007462108964524574,0.0,True
cyclonic,0.5,69.02168273925781,85394.31501216163,1.09375,0.0013227230124440378,0.0013227230124440161,-2.168404344971009e-17,-0.00034830516134152486,0.0009744178511024912,0.0013227230124440378,-0.0008253241125899839,0.0,True
cyclonic,0.5,69.02168273925781,90273.99015571373,1.15625,0.0012487339858152915,0.0012487339858152742,-1.734723475976807e-17,-0.0003738584429768485,0.0008748755428384257,0.0012487339858152915,-0.0008858737163001517,0.0,True
cyclonic,0.5,69.02168273925781,95153.66529926582,1.21875,0.0011707129781644452,0.0011707129781644262,-1.9081958235744878e-17,-0.00039972946681973676,0.0007709835113446894,0.0011707129781644452,-0.0009471762238848435,0.0,True
cyclonic,0.5,69.02168273925781,100033.34044281792,1.28125,0.0010837000754997724,0.00108370007549975,-2.233456475320139e-17,-0.00042775109421916804,0.000655948981280582,0.0010837000754997724,-0.0010135746794164458,0.0,True
cyclonic,0.5,69.02168273925781,104913.01558637002,1.34375,0.0009898085244706763,0.000989808524470657,-1.929879867024198e-17,-0.0004503498792398175,0.0005394586452308395,0.0009898085244706763,-0.0010671234758825743,0.0,True
cyclonic,0.5,69.02168273925781,109792.6907299221,1.40625,0.0008905560290613221,0.0008905560290613023,-1.973247953923618e-17,-0.0004675345685993716,0.0004230214604619307,0.0008905560290613221,-0.0011078433390082937,0.0,True
cyclonic,0.5,69.02168273925781,114672.3658734742,1.46875,0.0007935661576715953,0.0007935661576715726,-2.2659825404947043e-17,-0.00047492446653499835,0.0003186416911365743,0.0007935661576715953,-0.0011253540211134932,0.0,True
cyclonic,0.5,69.02168273925781,119552.04101702629,1.53125,0.0007010108346938151,0.0007010108346937956,-1.951563910473908e-17,-0.0004679477030974874,0.00023306313159630822,0.0007010108346938151,-0.0011088222790323933,0.0,True
cyclonic,0.5,69.02168273925781,124431.71616057839,1.59375,0.0006174405447750371,0.0006174405447750195,-1.7564075194265172e-17,-0.0004508357707253762,0.00016660477404964328,0.0006174405447750371,-0.0010682748167285992,0.0,True
cyclonic,0.5,69.02168273925781,129311.39130413048,1.65625,0.0005518371383863712,0.0005518371383863496,-2.1575623232461538e-17,-0.00043290543891444513,0.00011893169947190446,0.0005518371383863712,-0.001025788121632541,0.0,True
cyclonic,0.5,69.02168273925781,134191.06644768256,1.7187499999999998,0.0004973780420128955,0.0004973780420128768,-1.8648277366750676e-17,-0.00040684431718486676,9.053372482801007e-05,0.0004973780420128955,-0.0009640351689007449,0.0,True
cyclonic,0.5,69.02168273925781,139070.74159123466,1.78125,0.0004533082253949015,0.0004533082253948838,-1.7726705520137997e-17,-0.000380968947871572,7.233927752331177e-05,0.0004533082253949015,-0.0009027223645363754,0.0,True
cyclonic,0.5,69.02168273925781,143950.41673478676,1.84375,0.00041945986960760653,0.0004194598696075832,-2.3310346708438345e-17,-0.00035467680832467516,6.478306128290806e-05,0.00041945986960760653,-0.0008404220051157536,0.0,True
cyclonic,0.5,69.02168273925781,148830.09187833886,1.90625,0.0003842846743401266,0.00038428467434010696,-1.962405932198763e-17,-0.0003252397854450159,5.9044888895091064e-05,0.0003842846743401266,-0.000770669708905524,0.0,True
cyclonic,0.5,69.02168273925781,153709.76702189096,1.9687500000000002,0.0003594146225209244,0.00035941462252089655,-2.7863995832877464e-17,-0.0002916387242780412,6.777589824285537e-05,0.0003594146225209244,-0.0006910505442543196,0.0,True
cyclonic,0.5,69.02168273925781,158589.44216544303,2.03125,0.0003476101710537858,0.0003476101710537601,-2.5695591487906455e-17,-0.0002560629176749788,9.154725337878132e-05,0.0003476101710537858,-0.0006067521350626299,0.0,True
cyclonic,0.5,69.02168273925781,163469.11730899513,2.09375,0.0003209103958361344,0.0003209103958361113,-2.314771638256552e-17,-0.00021859310602198907,0.00010231728981412221,0.0003209103958361344,-0.0005179657991602031,0.0,True
cyclonic,0.5,69.02168273925781,168348.79245254723,2.15625,0.00029534643387842135,0.00029534643387839457,-2.677979366039196e-17,-0.00018100487424701567,0.0001143415596313789,0.00029534643387842135,-0.00042889886166774376,0.0,True
cyclonic,0.5,69.02168273925781,173228.46759609933,2.21875,0.0002523383783909779,0.00025233837839096034,-1.7564075194265172e-17,-0.00013835902675541167,0.00011397935163554867,0.0002523383783909779,-0.00032784768544889825,0.0,True
cyclonic,0.5,69.02168273925781,178108.14273965143,2.28125,0.00022716815128548585,0.00022716815128546016,-2.5695591487906455e-17,-9.735788742553389e-05,0.00012981026385992626,0.00022716815128548585,-0.00023069371620458614,0.0,True
cyclonic,0.5,69.02168273925781,182987.8178832035,2.34375,0.00020705176649282443,0.0002070517664928014,-2.303929616531697e-17,-6.181493145723436e-05,0.00014523683503556704,0.00020705176649282443,-0.0001464731480097948,0.0,True
cyclonic,0.5,69.02168273925781,187867.4930267556,2.40625,0.0001890573882724506,0.0001890573882724274,-2.3201926491189795e-17,-2.789094229715103e-05,0.00016116644597527637,0.0001890573882724506,-6.608879154140255e-05,0.0,True
cyclonic,0.5,69.02168273925781,192747.1681703077,2.46875,0.00017862124415609734,0.00017862124415607292,-2.4421653935235987e-17,4.812012994174183e-06,0.0001834332571502471,0.00017862124415609734,1.140227247535422e-05,0.0,True
cyclonic,0.5,77.61116027832031,2439.837571776047,0.03125,8.46811112738052e-06,8.468111127380526e-06,5.082197683525802e-21,1.7379335731392334e-06,1.020604470051976e-05,8.46811112738052e-06,5.894072456584731e-07,0.0,True
cyclonic,0.5,77.61116027832031,7319.512715328141,0.09375,4.794649552510162e-05,4.794649552510157e-05,-5.421010862427522e-20,2.1090562321099874e-05,6.903705784620144e-05,4.794649552510162e-05,7.152707352683124e-06,0.0,True
cyclonic,0.5,77.61116027832031,12199.187858880234,0.15625,8.463999170171197e-05,8.463999170171185e-05,-1.2197274440461925e-19,2.6847160084678544e-05,0.0001114871517863904,8.463999170171197e-05,9.105014670198075e-06,0.0,True
cyclonic,0.5,77.61116027832031,17078.86300243233,0.21875,0.00011592598302930557,0.00011592598302930539,-1.7618285302889447e-19,-3.2435397286230885e-06,0.0001126824433006823,0.00011592598302930557,-1.1000223755263205e-06,0.0,True
cyclonic,0.5,77.61116027832031,21958.53814598442,0.28125,0.00014218841360507046,0.0001421884136050701,-3.5236570605778894e-19,-4.794144601381228e-05,9.424696759125783e-05,0.00014218841360507046,-1.6258984856851998e-05,0.0,True
cyclonic,0.5,77.61116027832031,26838.213289536514,0.34375,0.00016443902036269558,0.00016443902036269517,-4.0657581468206416e-19,-0.00010873230912601836,5.570671123667681e-05,0.00016443902036269558,-3.687575395663169e-05,0.0,True
cyclonic,0.5,77.61116027832031,31717.88843308861,0.40625,0.00018439518093912733,0.0001843951809391267,-6.2341624917916505e-19,-0.00018104087722024966,3.354303718877043e-06,0.00018439518093912733,-6.139866703952119e-05,0.0,True
cyclonic,0.5,77.61116027832031,36597.5635766407,0.46874999999999994,0.00020228366268552734,0.00020228366268552637,-9.75781955236954e-19,-0.0002463838092566454,-4.4100146571119026e-05,0.00020228366268552734,-8.355923645947527e-05,0.0,True
cyclonic,0.5,77.61116027832031,41477.2387201928,0.53125,0.0002136606530498407,0.00021366065304983975,-9.486769009248164e-19,-0.00029304494420950757,-7.938429115966783e-05,0.0002136606530498407,-9.93840133421654e-05,0.0,True
cyclonic,0.5,77.61116027832031,46356.91386374489,0.59375,0.00021556093055935058,0.00021556093055934944,-1.1384122811097797e-18,-0.00034235124457670846,-0.00012679031401735901,0.00021556093055935058,-0.00011610587840202923,0.0,True
cyclonic,0.5,77.61116027832031,51236.589007296985,0.65625,0.0002118584008977268,0.00021185840089772565,-1.1384122811097797e-18,-0.0004008680056206177,-0.00018900960472289206,0.0002118584008977268,-0.00013595140269870637,0.0,True
cyclonic,0.5,77.61116027832031,56116.26415084908,0.71875,0.0002070340033962189,0.00020703400339621778,-1.111307226797642e-18,-0.0004626473786804603,-0.0002556133752842425,0.0002070340033962189,-0.00015690341759530327,0.0,True
cyclonic,0.5,77.61116027832031,60995.93929440117,0.78125,0.0001997141329075727,0.0001997141329075712,-1.4907779871675686e-18,-0.0005302578545209916,-0.0003305437216134204,0.0001997141329075727,-0.00017983300763184588,0.0,True
cyclonic,0.5,77.61116027832031,65875.61443795326,0.84375,0.00018908730316174452,0.00018908730316174354,-9.75781955236954e-19,-0.0006094392050194974,-0.00042035190185775386,0.00018908730316174452,-0.00020668677375165347,0.0,True
cyclonic,0.5,77.61116027832031,70755.28958150536,0.9062500000000001,0.00017457770447372822,0.00017457770447372732,-8.944667923005412e-19,-0.0006899902844969655,-0.0005154125800232382,0.00017457770447372822,-0.00023400507326748176,0.0,True
cyclonic,0.5,77.61116027832031,75634.96472505745,0.96875,0.00015386760267090314,0.00015386760267090192,-1.2197274440461925e-18,-0.0007743778868289368,-0.0006205102841580349,0.00015386760267090314,-0.000262624500975738,0.0,True
cyclonic,0.5,77.61116027832031,80514.63986860955,1.03125,0.00012518784732898586,0.00012518784732898475,-1.111307226797642e-18,-0.0008653409964796752,-0.0007401531491506904,0.00012518784732898586,-0.0002934739630866101,0.0,True
cyclonic,0.5,77.61116027832031,85394.31501216163,1.09375,9.460628280201071e-05,9.46062828020095e-05,-1.2197274440461925e-18,-0.0009603599807872023,-0.0008657536979851928,9.460628280201071e-05,-0.00032569894492225266,0.0,True
cyclonic,0.5,77.61116027832031,90273.99015571373,1.15625,6.413816219859633e-05,6.413816219859618e-05,-1.4907779871675686e-19,-0.0010357563372914514,-0.0009716181750928552,6.413816219859633e-05,-0.0003512690584793452,0.0,True
cyclonic,0.5,77.61116027832031,95153.66529926582,1.21875,3.5864472443723446e-05,3.586447244372211e-05,-1.3349239248727773e-18,-0.0011106723876528413,-0.001074807915209119,3.5864472443723446e-05,-0.0003766762797803061,0.0,True
cyclonic,0.5,77.61116027832031,100033.34044281792,1.28125,8.607489794104727e-06,8.607489794104381e-06,-3.4558944247975454e-19,-0.0011979525318528443,-0.0011893450420587398,8.607489794104727e-06,-0.0004062766915501735,0.0,True
cyclonic,0.5,77.61116027832031,104913.01558637002,1.34375,-1.687257436571207e-05,-1.6872574365712154e-05,-8.470329472543003e-20,-0.0012725136448171965,-0.0012893862191829086,-1.687257436571207e-05,-0.0004315635384727332,0.0,True
cyclonic,0.5,77.61116027832031,109792.6907299221,1.40625,-4.4008108152384844e-05,-4.400810815238589e-05,-1.043544591017298e-18,-0.0013231288846523026,-0.0013671369928046884,-4.4008108152384844e-05,-0.0004487293206180574,0.0,True
cyclonic,0.5,77.61116027832031,114672.3658734742,1.46875,-6.647196731286846e-05,-6.647196731286858e-05,-1.2197274440461925e-19,-0.0013471489588977078,-0.0014136209262105763,-6.647196731286846e-05,-0.00045687555015197647,0.0,True
cyclonic,0.5,77.61116027832031,119552.04101702629,1.53125,-8.696160241685338e-05,-8.696160241685321e-05,1.6263032587282567e-19,-0.0013185701948817212,-0.0014055317972985744,-8.696160241685338e-05,-0.000447183274887071,0.0,True
cyclonic,0.5,77.61116027832031,124431.71616057839,1.59375,-0.0001063437144305154,-0.00010634371443051435,1.0570971181733668e-18,-0.0012675925369584561,-0.0013739362513889705,-0.0001063437144305154,-0.0004298945813425886,0.0,True
cyclonic,0.5,77.61116027832031,129311.39130413048,1.65625,-0.0001180816198104359,-0.00011808161981043462,1.2739375526704677e-18,-0.0012093983775051456,-0.0013274799973155803,-0.0001180816198104359,-0.0004101584649760525,0.0,True
cyclonic,0.5,77.61116027832031,134191.06644768256,1.7187499999999998,-0.00012847400744452438,-0.0001284740074445232,1.1926223897340549e-18,-0.0011358011118162417,-0.001264275119260765,-0.00012847400744452438,-0.00038519849968846303,0.0,True
cyclonic,0.5,77.61116027832031,139070.74159123466,1.78125,-0.00013811866826440498,-0.00013811866826440395,1.0299920638612292e-18,-0.0010634423407750416,-0.0012015610090394455,-0.00013811866826440498,-0.0003606585606494874,0.0,True
cyclonic,0.5,77.61116027832031,143950.41673478676,1.84375,-0.00014715718266730638,-0.00014715718266730454,1.8431436932253575e-18,-0.000989184278585221,-0.0011363414612525257,-0.00014715718266730638,-0.0003354744911432064,0.0,True
cyclonic,0.5,77.61116027832031,148830.09187833886,1.90625,-0.00015648121866406532,-0.0001564812186640642,1.111307226797642e-18,-0.0009091730272320351,-0.0010656542458960994,-0.00015648121866406532,-0.00030833927032082175,0.0,True
cyclonic,0.5,77.61116027832031,153709.76702189096,1.9687500000000002,-0.00015729195061431366,-0.00015729195061431225,1.4094628242311558e-18,-0.0008202842938245698,-0.000977576244438882,-0.00015729195061431366,-0.00027819331748493215,0.0,True
cyclonic,0.5,77.61116027832031,158589.44216544303,2.03125,-0.00015337382260408272,-0.00015337382260408074,1.9786689647860456e-18,-0.0007083415184728732,-0.0008617153410769539,-0.00015337382260408272,-0.00024022875778531767,0.0,True
cyclonic,0.5,77.61116027832031,163469.11730899513,2.09375,-0.0001527127017625494,-0.00015271270176254754,1.870248747537495e-18,-0.0006020787846935833,-0.0007547914864561308,-0.0001527127017625494,-0.00020419054194035965,0.0,True
cyclonic,0.5,77.61116027832031,168348.79245254723,2.15625,-0.00016735326060056199,-0.0001673532606005591,2.8731357570865868e-18,-0.0004937192701642677,-0.0006610725307648268,-0.00016735326060056199,-0.00016744121849858478,0.0,True
cyclonic,0.5,77.61116027832031,173228.46759609933,2.21875,-0.0001748247125005124,-0.0001748247125005098,2.6020852139652106e-18,-0.0003803078289968725,-0.0005551325414973823,-0.0001748247125005124,-0.0001289785717106013,0.0,True
cyclonic,0.5,77.61116027832031,178108.14273965143,2.28125,-0.00017450492460763456,-0.00017450492460763223,2.3310346708438345e-18,-0.00026319803560724916,-0.0004377029602148814,-0.00017450492460763456,-8.926165627249854e-05,0.0,True
cyclonic,0.5,77.61116027832031,182987.8178832035,2.34375,-0.00016869464215112586,-0.0001686946421511234,2.4665599424045226e-18,-0.00016504779488894146,-0.0003337424370400649,-0.00016869464215112586,-5.597473211348224e-05,0.0,True
cyclonic,0.5,77.61116027832031,187867.4930267556,2.40625,-0.00016238599374051378,-0.00016238599374051148,2.303929616531697e-18,-6.907890881385663e-05,-0.00023146490255436812,-0.00016238599374051378,-2.3427598158152473e-05,0.0,True
cyclonic,0.5,77.61116027832031,192747.1681703077,2.46875,-0.00015336196275551788,-0.0001533619627555152,2.6834003769016235e-18,1.649182301441474e-05,-0.00013687013974110045,-0.00015336196275551788,5.5930791193907524e-06,0.0,True
cyclonic,0.5,86.92942810058594,2439.837571776047,0.03125,6.935502407718683e-06,6.935502407718683e-06,0.0,4.567034194482099e-07,7.392205827166893e-06,6.935502407718683e-06,1.4969139262165492e-06,0.0,True
cyclonic,0.5,86.92942810058594,7319.512715328141,0.09375,6.184785265835503e-05,6.184785265835511e-05,8.131516293641283e-20,8.229263717233542e-06,7.007711637558865e-05,6.184785265835503e-05,2.697264556442055e-05,0.0,True
cyclonic,0.5,86.92942810058594,12199.187858880234,0.15625,0.00011173597057053762,0.00011173597057053795,3.2526065174565133e-19,1.0556798182677464e-05,0.0001222927687532154,0.00011173597057053762,3.46014887188719e-05,0.0,True
cyclonic,0.5,86.92942810058594,17078.86300243233,0.21875,0.00015797463108011011,0.0001579746310801104,2.981555974335137e-19,-3.1114558622292003e-06,0.0001548631752178812,0.00015797463108011011,-1.0198263057908154e-05,0.0,True
cyclonic,0.5,86.92942810058594,21958.53814598442,0.28125,0.00020368227049542522,0.00020368227049542684,1.6263032587282567e-18,-2.3300757118974015e-05,0.00018038151337645283,0.00020368227049542522,-7.637172470686286e-05,0.0,True
cyclonic,0.5,86.92942810058594,26838.213289536514,0.34375,0.0002525187139382756,0.0002525187139382772,1.5720931501039814e-18,-4.904955504987143e-05,0.00020346915888840576,0.0002525187139382756,-0.00016076727018507462,0.0,True
cyclonic,0.5,86.92942810058594,31717.88843308861,0.40625,0.0003050883310669592,0.00030508833106696195,2.7647155398380363e-18,-8.26255783895692e-05,0.00022246275267739273,0.0003050883310669592,-0.00027081772039823533,0.0,True
cyclonic,0.5,86.92942810058594,36597.5635766407,0.46874999999999994,0.00035884470315892793,0.00035884470315893275,4.824699667560495e-18,-0.00011254805261502035,0.0002462966505439124,0.00035884470315892793,-0.0003688931156493824,0.0,True
cyclonic,0.5,86.92942810058594,41477.2387201928,0.53125,0.00040891373320542254,0.00040891373320542666,4.119968255444917e-18,-0.0001316514673387753,0.00027726226586665136,0.00040891373320542254,-0.00043150742139035764,0.0,True
cyclonic,0.5,86.92942810058594,46356.91386374489,0.59375,0.0004520441692295913,0.0004520441692295968,5.4752209710517974e-18,-0.0001525619460971706,0.00029948222313242617,0.0004520441692295913,-0.0005000446504199003,0.0,True
cyclonic,0.5,86.92942810058594,51236.589007296985,0.65625,0.0004888531748677791,0.0004888531748677874,8.239936510889834e-18,-0.0001798301444912758,0.0003090230303765116,0.0004888531748677791,-0.0005894202587047875,0.0,True
cyclonic,0.5,86.92942810058594,56116.26415084908,0.71875,0.0005194874461928262,0.0005194874461928329,6.7220534694101275e-18,-0.00021008667249690577,0.00030940077369592713,0.0005194874461928262,-0.0006885905653018123,0.0,True
cyclonic,0.5,86.92942810058594,60995.93929440117,0.78125,0.0005443684197323983,0.0005443684197324039,5.637851296924623e-18,-0.0002394132794505553,0.0003049551402818486,0.0005443684197323983,-0.0007847129162372103,0.0,True
cyclonic,0.5,86.92942810058594,65875.61443795326,0.84375,0.0005657977513578066,0.000565797751357815,8.348356728138384e-18,-0.000272270102544012,0.000293527648813803,0.0005657977513578066,-0.0008924060798208174,0.0,True
cyclonic,0.5,86.92942810058594,70755.28958150536,0.9062500000000001,0.000583703350201212,0.0005837033502012225,1.0516761073109393e-17,-0.00030657094769824875,0.00027713240250297374,0.000583703350201212,-0.0010048322421964135,0.0,True
cyclonic,0.5,86.92942810058594,75634.96472505745,0.96875,0.0005970326009683353,0.0005970326009683446,9.324138683375338e-18,-0.00034150312794220235,0.00025552947302614224,0.0005970326009683353,-0.0011193276999783112,0.0,True
cyclonic,0.5,86.92942810058594,80514.63986860955,1.03125,0.0006069319097464722,0.0006069319097464819,9.75781955236954e-18,-0.00038158409537319016,0.00022534781437329177,0.0006069319097464722,-0.0012506990796718703,0.0,True
cyclonic,0.5,86.92942810058594,85394.31501216163,1.09375,0.0006149887830388751,0.0006149887830388905,1.5395670849294163e-17,-0.00043027656161516355,0.00018471222142372692,0.0006149887830388751,-0.0014102959377543063,0.0,True
cyclonic,0.5,86.92942810058594,90273.99015571373,1.15625,0.0006155223441080221,0.0006155223441080309,8.782037597132586e-18,-0.0004687536012314289,0.000146768742876602,0.0006155223441080221,-0.00153641020357426,0.0,True
cyclonic,0.5,86.92942810058594,95153.66529926582,1.21875,0.0006042965655573276,0.000604296565557336,8.456776945386935e-18,-0.0005046355908096958,9.966097474764025e-05,0.0006042965655573276,-0.0016540188038447815,0.0,True
cyclonic,0.5,86.92942810058594,100033.34044281792,1.28125,0.0005883880287508508,0.0005883880287508652,1.441988889405721e-17,-0.0005460993532060281,4.228867554483711e-05,0.0005883880287508508,-0.0017899225013458739,0.0,True
cyclonic,0.5,86.92942810058594,104913.01558637002,1.34375,0.000567652721274109,0.0005676527212741191,1.0083080204115191e-17,-0.000582541715877023,-1.4888994602903953e-05,0.000567652721274109,-0.0019093678084389433,0.0,True
cyclonic,0.5,86.92942810058594,109792.6907299221,1.40625,0.0005432677544298073,0.0005432677544298164,9.107298248878237e-18,-0.0006067411376326821,-6.347338320286569e-05,0.0005432677544298073,-0.0019886850412203405,0.0,True
cyclonic,0.5,86.92942810058594,114672.3658734742,1.46875,0.0005209348571819984,0.0005209348571820056,7.26415455565288e-18,-0.0006195660512296029,-9.863119404759728e-05,0.0005209348571819984,-0.0020307206182452503,0.0,True
cyclonic,0.5,86.92942810058594,119552.04101702629,1.53125,0.0004978200584544236,0.0004978200584544335,9.86623976961809e-18,-0.0006091546632424904,-0.00011133460478805692,0.0004978200584544236,-0.0019965957332422385,0.0,True
cyclonic,0.5,86.92942810058594,124431.71616057839,1.59375,0.00047225265791507956,0.00047225265791508736,7.806255641895632e-18,-0.0005862787948864266,-0.00011402613697133925,0.00047225265791507956,-0.0019216166451551356,0.0,True
cyclonic,0.5,86.92942810058594,129311.39130413048,1.65625,0.0004488346181380534,0.0004488346181380629,9.486769009248164e-18,-0.0005588234898693473,-0.00010998887173128443,0.0004488346181380534,-0.0018316277668624264,0.0,True
cyclonic,0.5,86.92942810058594,134191.06644768256,1.7187499999999998,0.00042878729041273366,0.00042878729041274217,8.51098705401121e-18,-0.0005237344735806783,-9.494718316793618e-05,0.00042878729041273366,-0.001716618255431115,0.0,True
cyclonic,0.5,86.92942810058594,139070.74159123466,1.78125,0.0004074688623231744,0.0004074688623231813,6.884683795282953e-18,-0.0004888707951676793,-8.140193284449798e-05,0.0004074688623231744,-0.0016023473226699652,0.0,True
cyclonic,0.5,86.92942810058594,143950.41673478676,1.84375,0.0003889993837908868,0.0003889993837908945,7.752045533271357e-18,-0.0004537816188842161,-6.478223509332159e-05,0.0003889993837908868,-0.0014873372868317294,0.0,True
cyclonic,0.5,86.92942810058594,148830.09187833886,1.90625,0.0003716531380025167,0.0003716531380025224,5.692061405548898e-18,-0.000417873195695975,-4.622005769345264e-05,0.0003716531380025167,-0.0013696420464415907,0.0,True
cyclonic,0.5,86.92942810058594,153709.76702189096,1.9687500000000002,0.00035256584839833146,0.0003525658483983387,7.26415455565288e-18,-0.0003803153184798108,-2.77494700814721e-05,0.00035256584839833146,-0.0012465404731887922,0.0,True
cyclonic,0.5,86.92942810058594,158589.44216544303,2.03125,0.00033706206274186905,0.0003370620627418749,5.854691731421724e-18,-0.00033023810316612615,6.823959575748761e-06,0.00033706206274186905,-0.0010824048924222465,0.0,True
cyclonic,0.5,86.92942810058594,163469.11730899513,2.09375,0.00032534411785546604,0.000325344117855472,5.9631119486702744e-18,-0.0002820519105591088,4.3292207296363185e-05,0.00032534411785546604,-0.0009244674220789206,0.0,True
cyclonic,0.5,86.92942810058594,168348.79245254723,2.15625,0.000316642729131784,0.0003166427291317889,4.933119884809045e-18,-0.00022857312568522328,8.806960344656564e-05,0.000316642729131784,-0.0007491826871155201,0.0,True
cyclonic,0.5,86.92942810058594,173228.46759609933,2.21875,0.0003173002767228665,0.0003173002767228707,4.228388472693467e-18,-0.0001801153317443868,0.0001371849449784839,0.0003173002767228665,-0.000590355002682131,0.0,True
cyclonic,0.5,86.92942810058594,178108.14273965143,2.28125,0.0003091860918330282,0.0003091860918330344,6.2341624917916505e-18,-0.0001335342952246806,0.00017565179660835383,0.0003091860918330282,-0.0004376786720599623,0.0,True
cyclonic,0.5,86.92942810058594,182987.8178832035,2.34375,0.0002998085715223331,0.0002998085715223365,3.415236843329339e-18,-8.690645985219271e-05,0.00021290211167014378,0.0002998085715223331,-0.00028484895118171773,0.0,True
cyclonic,0.5,86.92942810058594,187867.4930267556,2.40625,0.00028972316889950113,0.00028972316889950704,5.908901840045999e-18,-4.401464266903856e-05,0.00024570852623046846,0.00028972316889950113,-0.00014426459002284838,0.0,True
cyclonic,0.5,86.92942810058594,192747.1681703077,2.46875,0.00027897581911768003,0.00027897581911768686,6.830473686658678e-18,-5.533846383520463e-06,0.0002734419727341664,0.00027897581911768003,-1.8138011156218722e-05,0.0,True
cyclonic,0.5,97.04131317138672,2439.837571776047,0.03125,7.148854373120183e-06,7.148854373120185e-06,2.541098841762901e-21,4.41311135417804e-06,1.1561965727298226e-05,7.148854373120183e-06,1.2713971410773335e-05,0.0,True
cyclonic,0.5,97.04131317138672,7319.512715328141,0.09375,0.00016986844181931718,0.0001698684418193172,2.710505431213761e-20,5.797593521834908e-05,0.00022784437703766627,0.00016986844181931718,0.00016702601038632206,0.0,True
cyclonic,0.5,97.04131317138672,12199.187858880234,0.15625,0.0003296626206419295,0.0003296626206419294,-1.0842021724855044e-19,5.842269221406408e-05,0.0003880853128559935,0.0003296626206419295,0.00016831309680114955,0.0,True
cyclonic,0.5,97.04131317138672,17078.86300243233,0.21875,0.0004842152149254405,0.00048421521492544086,3.7947076036992655e-19,-3.199230516743072e-05,0.00045222290975801014,0.0004842152149254405,-9.21683639091425e-05,0.0,True
cyclonic,0.5,97.04131317138672,21958.53814598442,0.28125,0.0006351585403976064,0.0006351585403976047,-1.6263032587282567e-18,-0.0001795914983940277,0.00045556704200357703,0.0006351585403976064,-0.0005173948701833497,0.0,True
cyclonic,0.5,97.04131317138672,26838.213289536514,0.34375,0.0007807567106922662,0.0007807567106922653,-8.673617379884035e-19,-0.000366951445609287,0.0004138052650829783,0.0007807567106922662,-0.0010571702851326246,0.0,True
cyclonic,0.5,97.04131317138672,31717.88843308861,0.40625,0.0009163670926583356,0.0009163670926583337,-1.951563910473908e-18,-0.0005971564641997864,0.00031921062845854725,0.0009163670926583356,-0.0017203803856901906,0.0,True
cyclonic,0.5,97.04131317138672,36597.5635766407,0.46874999999999994,0.0010372922321071594,0.0010372922321071557,-3.686287386450715e-18,-0.0007970615748313117,0.00024023065727584402,0.0010372922321071594,-0.0022962978410769634,0.0,True
cyclonic,0.5,97.04131317138672,41477.2387201928,0.53125,0.0011411012376355916,0.0011411012376355894,-2.168404344971009e-18,-0.000918848877115271,0.0002222523605203184,0.0011411012376355916,-0.002647161473368396,0.0,True
cyclonic,0.5,97.04131317138672,46356.91386374489,0.59375,0.001227713825080761,0.0012277138250807575,-3.469446951953614e-18,-0.0010501471714829164,0.0001775666535978411,0.001227713825080761,-0.0030254258376457986,0.0,True
cyclonic,0.5,97.04131317138672,51236.589007296985,0.65625,0.0012980252972449827,0.0012980252972449745,-8.239936510889834e-18,-0.0012245499648890757,7.347533235589881e-05,0.0012980252972449827,-0.003527872286731131,0.0,True
cyclonic,0.5,97.04131317138672,56116.26415084908,0.71875,0.0013490325856918817,0.0013490325856918776,-4.119968255444917e-18,-0.0014176349195968085,-6.86023339049309e-05,0.0013490325856918817,-0.004084141185697495,0.0,True
cyclonic,0.5,97.04131317138672,60995.93929440117,0.78125,0.0013798579463396158,0.0013798579463396147,-1.0842021724855044e-18,-0.001602485292474098,-0.00022262734613448325,0.0013798579463396158,-0.004616686632076874,0.0,True
cyclonic,0.5,97.04131317138672,65875.61443795326,0.84375,0.0013950043374566631,0.0013950043374566564,-6.7220534694101275e-18,-0.0018074871404027272,-0.0004124828029460708,0.0013950043374566631,-0.00520728755386253,0.0,True
cyclonic,0.5,97.04131317138672,70755.28958150536,0.9062500000000001,0.0013984352118872991,0.0013984352118872915,-7.589415207398531e-18,-0.0020140010020968956,-0.0006155657902096041,0.0013984352118872991,-0.005802244517960502,0.0,True
cyclonic,0.5,97.04131317138672,75634.96472505745,0.96875,0.0013937287500401568,0.0013937287500401505,-6.288372600415926e-18,-0.002235334784179268,-0.0008416060341391173,0.0013937287500401568,-0.006439896993003869,0.0,True
cyclonic,0.5,97.04131317138672,80514.63986860955,1.03125,0.0013819532209485212,0.0013819532209485106,-1.0625181290357943e-17,-0.0024851954667014704,-0.0011032422457529598,0.0013819532209485212,-0.007159734159871659,0.0,True
cyclonic,0.5,97.04131317138672,85394.31501216163,1.09375,0.0013633061647956334,0.0013633061647956124,-2.1033522146218786e-17,-0.0028289708090641235,-0.0014656646442685111,0.0013633061647956334,-0.008150135154487318,0.0,True
cyclonic,0.5,97.04131317138672,90273.99015571373,1.15625,0.0013305894151816224,0.0013305894151816175,-4.9873299934333204e-18,-0.0030765735586343523,-0.0017459841434527348,0.0013305894151816224,-0.00886346732007712,0.0,True
cyclonic,0.5,97.04131317138672,95153.66529926582,1.21875,0.0012836235106745417,0.0012836235106745352,-6.5052130349130266e-18,-0.0032977137127302813,-0.002014090202055746,0.0012836235106745417,-0.009500561961771996,0.0,True
cyclonic,0.5,97.04131317138672,100033.34044281792,1.28125,0.0012325584118785778,0.0012325584118785577,-2.0166160408230382e-17,-0.003567232621425823,-0.0023346742095472655,0.0012325584118785778,-0.01027703357665065,0.0,True
cyclonic,0.5,97.04131317138672,104913.01558637002,1.34375,0.0011741174312375837,0.0011741174312375705,-1.3227266504323154e-17,-0.003789310059365463,-0.0026151926281278923,0.0011741174312375837,-0.010916828490112166,0.0,True
cyclonic,0.5,97.04131317138672,109792.6907299221,1.40625,0.0011079475026867442,0.00110794750268674,-4.119968255444917e-18,-0.00394935744681429,-0.00284140994412755,0.0011079475026867442,-0.011377917673023197,0.0,True
cyclonic,0.5,97.04131317138672,114672.3658734742,1.46875,0.0010379765784383807,0.001037976578438376,-4.553649124439119e-18,-0.0040083356102209216,-0.0029703590317825455,0.0010379765784383807,-0.011547831056854297,0.0,True
cyclonic,0.5,97.04131317138672,119552.04101702629,1.53125,0.0009610911873306517,0.0009610911873306348,-1.691355389077387e-17,-0.00395226728437771,-0.0029911760970470756,0.0009610911873306517,-0.011386300781588156,0.0,True
cyclonic,0.5,97.04131317138672,124431.71616057839,1.59375,0.0008729997910824402,0.0008729997910824317,-8.456776945386935e-18,-0.003776009903037856,-0.0029030101119554242,0.0008729997910824402,-0.010878511349723691,0.0,True
cyclonic,0.5,97.04131317138672,129311.39130413048,1.65625,0.0007872786892781769,0.0007872786892781567,-2.0274580625478933e-17,-0.003606066167785818,-0.002818787478507661,0.0007872786892781769,-0.010388911242672489,0.0,True
cyclonic,0.5,97.04131317138672,134191.06644768256,1.7187499999999998,0.0007032939086169934,0.0007032939086169752,-1.8214596497756474e-17,-0.003366952012560362,-0.0026636581039433866,0.0007032939086169934,-0.009700034328073561,0.0,True
cyclonic,0.5,97.04131317138672,139070.74159123466,1.78125,0.0006242979449385654,0.0006242979449385543,-1.1167282376600696e-17,-0.0031332307945379483,-0.002508932849599394,0.0006242979449385654,-0.009026694218217769,0.0,True
cyclonic,0.5,97.04131317138672,143950.41673478676,1.84375,0.0005522185889554681,0.000552218588955456,-1.214306433183765e-17,-0.00292468301984181,-0.002372464430886354,0.0005522185889554681,-0.008425877644043435,0.0,True
cyclonic,0.5,97.04131317138672,148830.09187833886,1.90625,0.0004870137231945917,0.0004870137231945714,-2.0274580625478933e-17,-0.0026980163163855264,-0.002211002593190955,0.0004870137231945917,-0.0077728612671081245,0.0,True
cyclonic,0.5,97.04131317138672,153709.76702189096,1.9687500000000002,0.0004241113113317192,0.00042411131133170355,-1.566672139241554e-17,-0.0024594501508562847,-0.002035338839524581,0.0004241113113317192,-0.007085563085691278,0.0,True
cyclonic,0.5,97.04131317138672,158589.44216544303,2.03125,0.0003720216217635845,0.00037202162176356744,-1.7076184216646695e-17,-0.0021472533754937095,-0.001775231753730142,0.0003720216217635845,-0.006186138494300088,0.0,True
cyclonic,0.5,97.04131317138672,163469.11730899513,2.09375,0.0003248295457139955,0.0003248295457139796,-1.588356182691264e-17,-0.001835237165653515,-0.0015104076199395353,0.0003248295457139955,-0.005287234103897515,0.0,True
cyclonic,0.5,97.04131317138672,168348.79245254723,2.15625,0.00029331264432168823,0.0002933126443216731,-1.5124620306172787e-17,-0.0014956810068577117,-0.0012023683625360386,0.00029331264432168823,-0.004308988383631539,0.0,True
cyclonic,0.5,97.04131317138672,173228.46759609933,2.21875,0.0002603777925008256,0.0002603777925008107,-1.4907779871675686e-17,-0.0011894291689979392,-0.0009290513764971286,0.0002603777925008256,-0.003426690884530442,0.0,True
cyclonic,0.5,97.04131317138672,178108.14273965143,2.28125,0.00022749211135622875,0.0002274921113562151,-1.3633842319005218e-17,-0.000888372103954786,-0.0006608799925985709,0.00022749211135622875,-0.0025593592876637025,0.0,True
cyclonic,0.5,97.04131317138672,182987.8178832035,2.34375,0.0001952821027534693,0.00019528210275345244,-1.6859343782149594e-17,-0.0005868703891049704,-0.000391588286351518,0.0001952821027534693,-0.0016907466750971534,0.0,True
cyclonic,0.5,97.04131317138672,187867.4930267556,2.40625,0.00016702756270950026,0.00016702756270948845,-1.1817803680091998e-17,-0.00030130105411370844,-0.00013427349140422,0.00016702756270950026,-0.0008680345181888229,0.0,True
cyclonic,0.5,97.04131317138672,192747.1681703077,2.46875,0.00014219108204922398,0.0001421910820492128,-1.1167282376600696e-17,-4.2693700309836996e-05,9.949738173937581e-05,0.00014219108204922398,-0.0001229985925112674,0.0,True
cyclonic,0.5,108.03028106689453,2439.837571776047,0.03125,5.2542483876930075e-06,5.254248387693013e-06,5.082197683525802e-21,1.0956062095852464e-05,1.6210310483545475e-05,5.2542483876930075e-06,1.586122380203016e-05,0.0,True
cyclonic,0.5,108.03028106689453,7319.512715328141,0.09375,2.4602123269056613e-05,2.4602123269056562e-05,-5.082197683525802e-20,2.5939054556299745e-05,5.0541177825356304e-05,2.4602123269056613e-05,3.7552283469285e-05,0.0,True
cyclonic,0.5,108.03028106689453,12199.187858880234,0.15625,4.6206413424293814e-05,4.620641342429355e-05,-2.642742795433417e-19,1.214597196129244e-05,5.835238538558599e-05,4.6206413424293814e-05,1.758387072707194e-05,0.0,True
cyclonic,0.5,108.03028106689453,17078.86300243233,0.21875,6.665929598483324e-05,6.665929598483309e-05,-1.4907779871675686e-19,-4.610243266254552e-05,2.055686332228757e-05,6.665929598483324e-05,-6.674305018364939e-05,0.0,True
cyclonic,0.5,108.03028106689453,21958.53814598442,0.28125,8.701852420781039e-05,8.701852420780877e-05,-1.6263032587282567e-18,-0.00013622246814543772,-4.920394393762896e-05,8.701852420781039e-05,-0.0001972109171357884,0.0,True
cyclonic,0.5,108.03028106689453,26838.213289536514,0.34375,0.00010630006179428559,0.0001063000617942843,-1.2874900798265365e-18,-0.000233297936076038,-0.00012699787428175371,0.00010630006179428559,-0.00033774824789050697,0.0,True
cyclonic,0.5,108.03028106689453,31717.88843308861,0.40625,0.0001262248336286438,0.00012622483362864133,-2.4665599424045226e-18,-0.0003392467019587001,-0.0002130218683300588,0.0001262248336286438,-0.0004911315595687024,0.0,True
cyclonic,0.5,108.03028106689453,36597.5635766407,0.46874999999999994,0.00014684532257898636,0.00014684532257898164,-4.716279450311944e-18,-0.0004335892509007177,-0.00028674392832173605,0.00014684532257898636,-0.0006277124104010283,0.0,True
cyclonic,0.5,108.03028106689453,41477.2387201928,0.53125,0.0001652663022123794,0.0001652663022123759,-3.496552006265752e-18,-0.0005012935130862015,-0.00033602721087382564,0.0001652663022123794,-0.0007257286908383045,0.0,True
cyclonic,0.5,108.03028106689453,46356.91386374489,0.59375,0.00017965451563642628,0.00017965451563642214,-4.1470733097570545e-18,-0.0005729146705466383,-0.00039326015491021615,0.00017965451563642628,-0.000829415508008725,0.0,True
cyclonic,0.5,108.03028106689453,51236.589007296985,0.65625,0.0001922066219467982,0.0001922066219467911,-7.101524229780054e-18,-0.0006640905630258079,-0.00047188394107901683,0.0001922066219467982,-0.0009614119519234971,0.0,True
cyclonic,0.5,108.03028106689453,56116.26415084908,0.71875,0.00020440495437104952,0.00020440495437104418,-5.339695699491109e-18,-0.0007579302878102291,-0.0005535253334391849,0.00020440495437104952,-0.0010972648581323871,0.0,True
cyclonic,0.5,108.03028106689453,60995.93929440117,0.78125,0.00021505215246545115,0.00021505215246544606,-5.095750210681871e-18,-0.000852307839939428,-0.0006372556874739819,0.00021505215246545115,-0.0012338963835027733,0.0,True
cyclonic,0.5,108.03028106689453,65875.61443795326,0.84375,0.00022359905103091807,0.00022359905103091173,-6.342582709040201e-18,-0.0009589255353366428,-0.0007353264843057311,0.00022359905103091807,-0.0013882481125416298,0.0,True
cyclonic,0.5,108.03028106689453,70755.28958150536,0.9062500000000001,0.00023052451192118737,0.0002305245119211796,-7.779150587583494e-18,-0.0010759797909994178,-0.0008454552790782382,0.00023052451192118737,-0.0015577089762903095,0.0,True
cyclonic,0.5,108.03028106689453,75634.96472505745,0.96875,0.0002360184306066653,0.00023601843060665827,-7.020209066843641e-18,-0.0012049896879139674,-0.0009689712573073091,0.0002360184306066653,-0.001744478166692502,0.0,True
cyclonic,0.5,108.03028106689453,80514.63986860955,1.03125,0.00024218957969652716,0.00024218957969651914,-8.023096076392733e-18,-0.0013553852017052094,-0.0011131956220086902,0.00024218957969652716,-0.001962207573681464,0.0,True
cyclonic,0.5,108.03028106689453,85394.31501216163,1.09375,0.0002514837483107624,0.0002514837483107492,-1.3227266504323154e-17,-0.0015243918144082387,-0.0012729080660974896,0.0002514837483107624,-0.0022068804939929117,0.0,True
cyclonic,0.5,108.03028106689453,90273.99015571373,1.15625,0.0002604875891958089,0.0002604875891958026,-6.288372600415926e-18,-0.0016468695204483995,-0.0013863819312525969,0.0002604875891958089,-0.0023841929525447543,0.0,True
cyclonic,0.5,108.03028106689453,95153.66529926582,1.21875,0.00026516575593111825,0.00026516575593111186,-6.396792817664476e-18,-0.0017572801266966752,-0.0014921143707655633,0.00026516575593111825,-0.002544035724564519,0.0,True
cyclonic,0.5,108.03028106689453,100033.34044281792,1.28125,0.00026851084256538954,0.0002685108425653795,-1.0028870095490916e-17,-0.0018922922593752624,-0.001623781416809883,0.00026851084256538954,-0.0027394944243846974,0.0,True
cyclonic,0.5,108.03028106689453,104913.01558637002,1.34375,0.0002699556322084991,0.00026995563220849194,-7.15573433840433e-18,-0.00199064529026357,-0.0017206896580550784,0.0002699556322084991,-0.002881881298507836,0.0,True
cyclonic,0.5,108.03028106689453,109792.6907299221,1.40625,0.00026675791338193135,0.0002667579133819256,-5.7462715141731735e-18,-0.0020650598819300045,-0.001798301968548079,0.00026675791338193135,-0.002989612204213895,0.0,True
cyclonic,0.5,108.03028106689453,114672.3658734742,1.46875,0.00025808439812232325,0.0002580843981223184,-4.87890977618477e-18,-0.002087871200456164,-0.0018297868023338458,0.00025808439812232325,-0.0030226364263474825,0.0,True
cyclonic,0.5,108.03028106689453,119552.04101702629,1.53125,0.00024382563055854305,0.00024382563055853733,-5.719166459861036e-18,-0.0020437096737594873,-0.00179988404320095,0.00024382563055854305,-0.0029587032492399447,0.0,True
cyclonic,0.5,108.03028106689453,124431.71616057839,1.59375,0.00022035072521105645,0.00022035072521105285,-3.604972223514302e-18,-0.0019355487619037595,-0.0017151980366927066,0.00022035072521105645,-0.00280211738704181,0.0,True
cyclonic,0.5,108.03028106689453,129311.39130413048,1.65625,0.0001968533837226675,0.00019685338372266265,-4.851804721872632e-18,-0.0018493026953825956,-0.001652449311659933,0.0001968533837226675,-0.002677257911879213,0.0,True
cyclonic,0.5,108.03028106689453,134191.06644768256,1.7187499999999998,0.00016863793663802768,0.00016863793663802337,-4.30970363562988e-18,-0.0017119524453270073,-0.001543314508688984,0.00016863793663802768,-0.0024784142912117834,0.0,True
cyclonic,0.5,108.03028106689453,139070.74159123466,1.78125,0.00013963848200243588,0.00013963848200243363,-2.2497195079074217e-18,-0.0015945508514233527,-0.001454912369420919,0.00013963848200243588,-0.00230845058168463,0.0,True
cyclonic,0.5,108.03028106689453,143950.41673478676,1.84375,0.00011159746917108712,0.00011159746917108428,-2.846030702774449e-18,-0.0014886939478326471,-0.0013770964786615628,0.00011159746917108712,-0.0021552002601591866,0.0,True
cyclonic,0.5,108.03028106689453,148830.09187833886,1.90625,8.42164737510173e-05,8.421647375101596e-05,-1.3417001884508117e-18,-0.00137478500666926,-0.0012905685329182442,8.42164737510173e-05,-0.0019902929063090537,0.0,True
cyclonic,0.5,108.03028106689453,153709.76702189096,1.9687500000000002,5.928637431982641e-05,5.9286374319826364e-05,-4.743384504624082e-20,-0.0012358612722195726,-0.0011765748978997462,5.928637431982641e-05,-0.0017891713332253765,0.0,True
cyclonic,0.5,108.03028106689453,158589.44216544303,2.03125,3.871677499764731e-05,3.8716774997648454e-05,1.145188544687814e-18,-0.0011053036191167058,-0.0010665868441190574,3.871677499764731e-05,-0.001600161437442081,0.0,True
cyclonic,0.5,108.03028106689453,163469.11730899513,2.09375,1.5275170150289466e-05,1.5275170150291506e-05,2.0396553369883552e-18,-0.0009560143533816169,-0.0009407391832313254,1.5275170150289466e-05,-0.0013840335591634978,0.0,True
cyclonic,0.5,108.03028106689453,168348.79245254723,2.15625,-5.14192893197341e-06,-5.141928931970998e-06,2.4123498337802474e-18,-0.0007865721657437899,-0.0007917140946757609,-5.14192893197341e-06,-0.00113873005174302,0.0,True
cyclonic,0.5,108.03028106689453,173228.46759609933,2.21875,-3.018115081200605e-05,-3.0181150812002665e-05,3.384743657228184e-18,-0.0006283489793967407,-0.0006585301302087434,-3.018115081200605e-05,-0.00090966842838193,0.0,True
cyclonic,0.5,108.03028106689453,178108.14273965143,2.28125,-5.0035252176777884e-05,-5.0035252176774496e-05,3.3881317890172014e-18,-0.00047524469159514226,-0.0005252799437719168,-5.0035252176777884e-05,-0.0006880174964480105,0.0,True
cyclonic,0.5,108.03028106689453,182987.8178832035,2.34375,-6.685775477555525e-05,-6.685775477554952e-05,5.732718987017105e-18,-0.0003197939567158086,-0.00038665171149135813,-6.685775477555525e-05,-0.00046296958465819304,0.0,True
cyclonic,0.5,108.03028106689453,187867.4930267556,2.40625,-8.100766262248518e-05,-8.10076626224815e-05,3.686287386450715e-18,-0.00017645952677064925,-0.00025746718939313073,-8.100766262248518e-05,-0.00025546259428094523,0.0,True
cyclonic,0.5,108.03028106689453,192747.1681703077,2.46875,-9.350514483696784e-05,-9.350514483696395e-05,3.889575293791747e-18,-4.5195119311478086e-05,-0.00013870026414844204,-9.350514483696784e-05,-6.542952165542952e-05,0.0,True
cyclonic,0.5,120.0,2439.837571776047,0.03125,2.0571206994319355e-06,2.0571206994319364e-06,8.470329472543003e-22,2.2986072416427373e-06,4.355727941074674e-06,2.0571206994319355e-06,1.7828665445567398e-06,0.0,True
cyclonic,0.5,120.0,7319.512715328141,0.09375,-8.330866934600153e-05,-8.330866934600168e-05,-1.4907779871675686e-19,3.2399004673282437e-06,-8.006876887867344e-05,-8.330866934600153e-05,2.512960912263174e-06,0.0,True
cyclonic,0.5,120.0,12199.187858880234,0.15625,-0.00016774559515735194,-0.00016774559515735234,-4.0657581468206416e-19,-2.2639058699850134e-06,-0.00017000950102733737,-0.00016774559515735194,-1.7559511527238265e-06,0.0,True
cyclonic,0.5,120.0,17078.86300243233,0.21875,-0.0002515192425374808,-0.00025151924253748165,-8.673617379884035e-19,-2.0268233141396298e-05,-0.00027178747567887797,-0.0002515192425374808,-1.572063035842815e-05,0.0,True
cyclonic,0.5,120.0,21958.53814598442,0.28125,-0.0003336086529166236,-0.0003336086529166253,-1.6805133673525319e-18,-4.720360615481787e-05,-0.00038081225907144313,-0.0003336086529166236,-3.661248806286396e-05,0.0,True
cyclonic,0.5,120.0,26838.213289536514,0.34375,-0.0004116886742431923,-0.0004116886742431942,-1.8973538018496328e-18,-7.735311628315879e-05,-0.000489041790526353,-0.0004116886742431923,-5.9997323875083214e-05,0.0,True
cyclonic,0.5,120.0,31717.88843308861,0.40625,-0.0004796343449200398,-0.00047963434492004315,-3.3610267347050637e-18,-0.00010545464644781472,-0.0005850889913678579,-0.0004796343449200398,-8.179368693953236e-05,0.0,True
cyclonic,0.5,120.0,36597.5635766407,0.46874999999999994,-0.0005331564678487129,-0.0005331564678487189,-5.9631119486702744e-18,-0.00013114936136495814,-0.000664305829213677,-0.0005331564678487129,-0.00010172325418694039,0.0,True
cyclonic,0.5,120.0,41477.2387201928,0.53125,-0.0005746539537380398,-0.0005746539537380452,-5.421010862427522e-18,-0.0001492636545121349,-0.0007239176082501801,-0.0005746539537380398,-0.00011577322612008128,0.0,True
cyclonic,0.5,120.0,46356.91386374489,0.59375,-0.0006062626788158386,-0.0006062626788158441,-5.5294310796760726e-18,-0.00016822216635204178,-0.000774484845167886,-0.0006062626788158386,-0.00013047799859343203,0.0,True
cyclonic,0.5,120.0,51236.589007296985,0.65625,-0.0006262239486822088,-0.0006262239486822162,-7.37257477290143e-18,-0.00019224604400550394,-0.0008184699926877202,-0.0006262239486822088,-0.0001491116159261051,0.0,True
cyclonic,0.5,120.0,56116.26415084908,0.71875,-0.0006326391389234772,-0.0006326391389234849,-7.697835424647081e-18,-0.00021747954605968217,-0.000850118684983167,-0.0006326391389234772,-0.0001686834530800883,0.0,True
cyclonic,0.5,120.0,60995.93929440117,0.78125,-0.0006264754087832197,-0.0006264754087832293,-9.64939933512099e-18,-0.00024365503760748972,-0.0008701304463907191,-0.0006264754087832197,-0.00018898592464741971,0.0,True
cyclonic,0.5,120.0,65875.61443795326,0.84375,-0.0006098913959165753,-0.000609891395916583,-7.697835424647081e-18,-0.0002736517265876098,-0.0008835431225041929,-0.0006098913959165753,-0.00021225222793806346,0.0,True
cyclonic,0.5,120.0,70755.28958150536,0.9062500000000001,-0.0005853325036342652,-0.0005853325036342764,-1.1167282376600696e-17,-0.00030773778860148114,-0.0008930702922357574,-0.0005853325036342652,-0.00023869036773822635,0.0,True
cyclonic,0.5,120.0,75634.96472505745,0.96875,-0.0005548329909989552,-0.0005548329909989656,-1.0408340855860843e-17,-0.0003467155436543681,-0.0009015485346533337,-0.0005548329909989552,-0.0002689226467490833,0.0,True
cyclonic,0.5,120.0,80514.63986860955,1.03125,-0.0005195863121936783,-0.0005195863121936884,-1.0083080204115191e-17,-0.00039235328993707854,-0.000911939602130767,-0.0005195863121936783,-0.0003043206084114087,0.0,True
cyclonic,0.5,120.0,85394.31501216163,1.09375,-0.0004787445204235357,-0.00047874452042354906,-1.3335686721571705e-17,-0.0004417965197512323,-0.0009205410401747813,-0.0004787445204235357,-0.00034267021363908857,0.0,True
cyclonic,0.5,120.0,90273.99015571373,1.15625,-0.00043449415617067357,-0.00043449415617068424,-1.0679391398982219e-17,-0.00047454875632050957,-0.0009090429124911938,-0.00043449415617067357,-0.000368073799680626,0.0,True
cyclonic,0.5,120.0,95153.66529926582,1.21875,-0.00039175533703045376,-0.0003917553370304651,-1.1329912702473521e-17,-0.0005041503111201958,-0.0008959056481506609,-0.00039175533703045376,-0.00039103362542341206,0.0,True
cyclonic,0.5,120.0,100033.34044281792,1.28125,-0.0003483231858399786,-0.00034832318583998955,-1.0950441942103595e-17,-0.0005406527503942029,-0.0008889759362341925,-0.0003483231858399786,-0.00041934597761535575,0.0,True
cyclonic,0.5,120.0,104913.01558637002,1.34375,-0.000301745429925766,-0.00030174542992577463,-8.61940727125976e-18,-0.0005651619991072706,-0.0008669074290330452,-0.000301745429925766,-0.00043835606284049414,0.0,True
cyclonic,0.5,120.0,109792.6907299221,1.40625,-0.00025281912015565403,-0.0002528191201556648,-1.0787811616230769e-17,-0.0005817186829858877,-0.0008345378031415526,-0.00025281912015565403,-0.0004511979077808645,0.0,True
cyclonic,0.5,120.0,114672.3658734742,1.46875,-0.0002032123416297655,-0.00020321234162977474,-9.242823520438925e-18,-0.0005832596405431755,-0.0007864719821729502,-0.0002032123416297655,-0.0004523931192226882,0.0,True
cyclonic,0.5,120.0,119552.04101702629,1.53125,-0.00015627951662332057,-0.00015627951662332772,-7.15573433840433e-18,-0.0005661511580740694,-0.0007224306746973972,-0.00015627951662332057,-0.00043912328326737037,0.0,True
cyclonic,0.5,120.0,124431.71616057839,1.59375,-0.00011409094914188575,-0.00011409094914189068,-4.933119884809045e-18,-0.00053336148749862,-0.0006474524366405107,-0.00011409094914188575,-0.0004136906623232955,0.0,True
cyclonic,0.5,120.0,129311.39130413048,1.65625,-7.629278301383958e-05,-7.629278301384428e-05,-4.7027269231558755e-18,-0.0005072691956661705,-0.0005835619786800148,-7.629278301383958e-05,-0.0003934527228719085,0.0,True
cyclonic,0.5,120.0,134191.06644768256,1.7187499999999998,-4.4568112001159036e-05,-4.456811200116371e-05,-4.675621868843738e-18,-0.00046757704473142733,-0.0005121451567325911,-4.4568112001159036e-05,-0.0003626663376639353,0.0,True
cyclonic,0.5,120.0,139070.74159123466,1.78125,-1.8906090224395732e-05,-1.89060902243983e-05,-2.5682038960750386e-18,-0.00043354673770977834,-0.0004524528279341766,-1.8906090224395732e-05,-0.0003362714430552624,0.0,True
cyclonic,0.5,120.0,143950.41673478676,1.84375,2.720902985386258e-06,2.7209029853838607e-06,-2.39710324072967e-18,-0.0004055030495903115,-0.00040278214660492765,2.720902985386258e-06,-0.00031451994396120724,0.0,True
cyclonic,0.5,120.0,148830.09187833886,1.90625,1.9959690184799506e-05,1.9959690184797894e-05,-1.6127507315721878e-18,-0.0003737240947873727,-0.0003537644046025748,1.9959690184799506e-05,-0.0002898712635286819,0.0,True
cyclonic,0.5,120.0,153709.76702189096,1.9687500000000002,3.434164990185188e-05,3.4341649901851406e-05,-4.743384504624082e-19,-0.0003343240494348222,-0.0002999823995329708,3.434164990185188e-05,-0.0002593114438950856,0.0,True
cyclonic,0.5,120.0,158589.44216544303,2.03125,4.713655233121961e-05,4.713655233122031e-05,6.979551485375435e-19,-0.00029920299424763695,-0.00025206644191641666,4.713655233121961e-05,-0.00023207053332612124,0.0,True
cyclonic,0.5,120.0,163469.11730899513,2.09375,5.47880438962026e-05,5.4788043896204195e-05,1.5924219408380846e-18,-0.00026071621103351204,-0.00020592816713730784,5.47880438962026e-05,-0.00020221906633472996,0.0,True
cyclonic,0.5,120.0,168348.79245254723,2.15625,5.74894781212922e-05,5.7489478121295625e-05,3.4220131069073734e-18,-0.0002159353765074302,-0.0001584458983861346,5.74894781212922e-05,-0.00016748575032167113,0.0,True
cyclonic,0.5,120.0,173228.46759609933,2.21875,5.745233884662389e-05,5.7452338846627086e-05,3.198396408832238e-18,-0.00017246259099042182,-0.00011501025214379473,5.745233884662389e-05,-0.0001337669951151166,0.0,True
cyclonic,0.5,120.0,178108.14273965143,2.28125,5.684580748636399e-05,5.684580748636762e-05,3.63207727782644e-18,-0.00013203145066615596,-7.518564317978834e-05,5.684580748636399e-05,-0.00010240742827111021,0.0,True
cyclonic,0.5,120.0,182987.8178832035,2.34375,5.803983234863381e-05,5.803983234863819e-05,4.3842425349882586e-18,-9.224805883700694e-05,-3.4208226488368745e-05,5.803983234863381e-05,-7.155027397514986e-05,0.0,True
cyclonic,0.5,120.0,187867.4930267556,2.40625,5.809890223348702e-05,5.809890223349248e-05,5.454892180317694e-18,-5.40423180967031e-05,4.056584136789377e-06,5.809890223348702e-05,-4.1916791689930874e-05,0.0,True
cyclonic,0.5,120.0,192747.1681703077,2.46875,5.7723334779479843e-05,5.7723334779485515e-05,5.671732614814795e-18,-1.8444967408780618e-05,3.92783673707049e-05,5.7723334779479843e-05,-1.4306452495578425e-05,0.0,True
cyclonic,0.5,133.07582092285156,2439.837571776047,0.03125,8.750237793105212e-07,8.750237793105212e-07,0.0,2.4662403323377706e-07,1.1216478125442983e-06,8.750237793105212e-07,1.7527750858058447e-07,1.0,False
cyclonic,0.5,133.07582092285156,7319.512715328141,0.09375,3.380212438835691e-06,3.3802124388356775e-06,-1.3552527156068805e-20,2.983346419685829e-07,3.6785470808042604e-06,3.380212438835691e-06,2.1202861733254705e-07,0.0,True
cyclonic,0.5,133.07582092285156,12199.187858880234,0.15625,2.3872174868027525e-06,2.3872174868026983e-06,-5.421010862427522e-20,-7.073419945299001e-07,1.6798754922727982e-06,2.3872174868027525e-06,-5.027131414970393e-07,0.0,True
cyclonic,0.5,133.07582092285156,17078.86300243233,0.21875,-2.292314755475672e-06,-2.2923147554757804e-06,-1.0842021724855044e-19,-4.091974693207716e-06,-6.384289448683496e-06,-2.292314755475672e-06,-2.908196415393062e-06,0.0,True
cyclonic,0.5,133.07582092285156,21958.53814598442,0.28125,-9.219492051445219e-06,-9.219492051445381e-06,-1.6263032587282567e-19,-9.221593621915126e-06,-1.8441085673360508e-05,-9.219492051445219e-06,-6.5538541966011515e-06,0.0,True
cyclonic,0.5,133.07582092285156,26838.213289536514,0.34375,-1.8196448178858974e-05,-1.8196448178859137e-05,-1.6263032587282567e-19,-1.5318798946306124e-05,-3.351524712516526e-05,-1.8196448178858974e-05,-1.0887182723227329e-05,0.0,True
cyclonic,0.5,133.07582092285156,31717.88843308861,0.40625,-2.836031611065228e-05,-2.836031611065255e-05,-2.710505431213761e-19,-2.1363427380449568e-05,-4.972374349110212e-05,-2.836031611065228e-05,-1.5183144468479158e-05,0.0,True
cyclonic,0.5,133.07582092285156,36597.5635766407,0.46874999999999994,-3.659799394761028e-05,-3.659799394761028e-05,0.0,-2.6424945365666625e-05,-6.302293931327691e-05,-3.659799394761028e-05,-1.8780402409856305e-05,0.0,True
cyclonic,0.5,133.07582092285156,41477.2387201928,0.53125,-4.24286072322926e-05,-4.2428607232293156e-05,-5.55653613398821e-19,-2.970835225873867e-05,-7.213695949103182e-05,-4.24286072322926e-05,-2.1113943761556026e-05,0.0,True
cyclonic,0.5,133.07582092285156,46356.91386374489,0.59375,-4.5576951304914006e-05,-4.557695130491518e-05,-1.1722935989999517e-18,-3.334389139076129e-05,-7.892084269567646e-05,-4.5576951304914006e-05,-2.3697748077188605e-05,0.0,True
cyclonic,0.5,133.07582092285156,51236.589007296985,0.65625,-4.477328717343103e-05,-4.4773287173432e-05,-9.690056916589196e-19,-3.846748388072045e-05,-8.324077105415245e-05,-4.477328717343103e-05,-2.7339122824194565e-05,0.0,True
cyclonic,0.5,133.07582092285156,56116.26415084908,0.71875,-3.9476922491482074e-05,-3.947692249148262e-05,-5.488773498207866e-19,-4.3709454420767e-05,-8.318637691224962e-05,-3.9476922491482074e-05,-3.106462971930418e-05,0.0,True
cyclonic,0.5,133.07582092285156,60995.93929440117,0.78125,-3.065570838531048e-05,-3.0655708385310694e-05,-2.168404344971009e-19,-4.898629340196355e-05,-7.964200178727423e-05,-3.065570838531048e-05,-3.481491787118235e-05,0.0,True
cyclonic,0.5,133.07582092285156,65875.61443795326,0.84375,-1.90250613944511e-05,-1.9025061394451743e-05,-6.437450399132683e-19,-5.489844010949591e-05,-7.392350150394765e-05,-1.90250613944511e-05,-3.90167238820219e-05,0.0,True
cyclonic,0.5,133.07582092285156,70755.28958150536,0.9062500000000001,-5.252305819096843e-06,-5.252305819098035e-06,-1.1926223897340549e-18,-6.168380666030722e-05,-6.693611247940526e-05,-5.252305819096843e-06,-4.383913363762294e-05,0.0,True
cyclonic,0.5,133.07582092285156,75634.96472505745,0.96875,1.2624512485236695e-05,1.2624512485236695e-05,0.0,-6.981633830552382e-05,-5.719182582028713e-05,1.2624512485236695e-05,-4.961898350276212e-05,0.0,True
cyclonic,0.5,133.07582092285156,80514.63986860955,1.03125,3.1814340997917705e-05,3.1814340997917055e-05,-6.505213034913027e-19,-8.07030911664157e-05,-4.8888750168498646e-05,3.1814340997917705e-05,-5.735627857887044e-05,0.0,True
cyclonic,0.5,133.07582092285156,85394.31501216163,1.09375,4.8368854264599985e-05,4.836885426459932e-05,-6.640738306473715e-19,-9.053097834620981e-05,-4.2162124081610486e-05,4.8368854264599985e-05,-6.434103005218895e-05,0.0,True
cyclonic,0.5,133.07582092285156,90273.99015571373,1.15625,5.701137903039091e-05,5.701137903039046e-05,-4.472333961502706e-19,-9.737485142344248e-05,-4.036347239305202e-05,5.701137903039091e-05,-6.920502082506708e-05,0.0,True
cyclonic,0.5,133.07582092285156,95153.66529926582,1.21875,5.9125749229988e-05,5.912574922998692e-05,-1.0842021724855044e-18,-0.00010292978173009554,-4.380403250010862e-05,5.9125749229988e-05,-7.315295052081574e-05,0.0,True
cyclonic,0.5,133.07582092285156,100033.34044281792,1.28125,5.999349017166066e-05,5.99934901716599e-05,-7.589415207398531e-19,-0.00010990170007733152,-4.990820990567162e-05,5.999349017166066e-05,-7.810794400586845e-05,0.0,True
cyclonic,0.5,133.07582092285156,104913.01558637002,1.34375,6.069952341982868e-05,6.0699523419827415e-05,-1.2671612890924333e-18,-0.00011434194652872683,-5.364242310889941e-05,6.069952341982868e-05,-8.126365971321241e-05,0.0,True
cyclonic,0.5,133.07582092285156,109792.6907299221,1.40625,6.310846509729738e-05,6.310846509729551e-05,-1.870248747537495e-18,-0.0001171279690527213,-5.40195039554258e-05,6.310846509729738e-05,-8.32437063471601e-05,0.0,True
cyclonic,0.5,133.07582092285156,114672.3658734742,1.46875,6.616082808037756e-05,6.61608280803767e-05,-8.538092108323347e-19,-0.00011704930164786457,-5.088847356748787e-05,6.616082808037756e-05,-8.318779684576647e-05,0.0,True
cyclonic,0.5,133.07582092285156,119552.04101702629,1.53125,6.908594440524684e-05,6.908594440524592e-05,-9.215718466126788e-19,-0.00011273428021542786,-4.3648335810181934e-05,6.908594440524684e-05,-8.01210794775025e-05,0.0,True
cyclonic,0.5,133.07582092285156,124431.71616057839,1.59375,6.660707792176224e-05,6.660707792176162e-05,-6.2341624917916505e-19,-0.00010615803915897268,-3.9550961237211056e-05,6.660707792176224e-05,-7.54472967439755e-05,0.0,True
cyclonic,0.5,133.07582092285156,129311.39130413048,1.65625,6.393397342022835e-05,6.393397342022768e-05,-6.640738306473715e-19,-0.00010072615797848051,-3.679218455825283e-05,6.393397342022835e-05,-7.158681896434266e-05,0.0,True
cyclonic,0.5,133.07582092285156,134191.06644768256,1.7187499999999998,5.9131412213420245e-05,5.9131412213419947e-05,-2.981555974335137e-19,-9.200865126734462e-05,-3.2877239053924676e-05,5.9131412213420245e-05,-6.539122303102161e-05,0.0,True
cyclonic,0.5,133.07582092285156,139070.74159123466,1.78125,5.4983280381064244e-05,5.498328038106377e-05,-4.743384504624082e-19,-8.519796002364588e-05,-3.0214679642582114e-05,5.4983280381064244e-05,-6.055081483051367e-05,0.0,True
cyclonic,0.5,133.07582092285156,143950.41673478676,1.84375,5.134533378934068e-05,5.1345333789340566e-05,-1.1519648082658485e-19,-8.002994497283318e-05,-2.8684611183492615e-05,5.134533378934068e-05,-5.687786864381838e-05,0.0,True
cyclonic,0.5,133.07582092285156,148830.09187833886,1.90625,4.7347412751560285e-05,4.734741275156025e-05,-3.3881317890172014e-20,-7.319229574313408e-05,-2.5844882991573832e-05,4.7347412751560285e-05,-5.201830120501344e-05,0.0,True
cyclonic,0.5,133.07582092285156,153709.76702189096,1.9687500000000002,4.199820654258948e-05,4.199820654258936e-05,-1.2197274440461925e-19,-6.546771759079911e-05,-2.3469511048209747e-05,4.199820654258948e-05,-4.652838687823786e-05,0.0,True
cyclonic,0.5,133.07582092285156,158589.44216544303,2.03125,3.950865949764364e-05,3.9508659497643706e-05,6.776263578034403e-20,-5.867787394514594e-05,-1.9169214447502235e-05,3.950865949764364e-05,-4.1702795218508225e-05,0.0,True
cyclonic,0.5,133.07582092285156,163469.11730899513,2.09375,3.7897370614713194e-05,3.789737061471351e-05,3.1848438816761693e-19,-5.1468865708460575e-05,-1.3571495093747062e-05,3.7897370614713194e-05,-3.657930021076351e-05,0.0,True
cyclonic,0.5,133.07582092285156,168348.79245254723,2.15625,3.38921625543592e-05,3.389216255435922e-05,2.0328790734103208e-20,-4.2969828454208705e-05,-9.077665899849484e-06,3.38921625543592e-05,-3.053897212219175e-05,0.0,True
cyclonic,0.5,133.07582092285156,173228.46759609933,2.21875,2.9544765254424096e-05,2.9544765254424445e-05,3.4897757426877174e-19,-3.501246382762259e-05,-5.467698573198142e-06,2.9544765254424096e-05,-2.4883614741456696e-05,0.0,True
cyclonic,0.5,133.07582092285156,178108.14273965143,2.28125,2.51338348523136e-05,2.5133834852314048e-05,4.472333961502706e-19,-2.7273346964543242e-05,-2.139512112229194e-06,2.51338348523136e-05,-1.9383367646362342e-05,0.0,True
cyclonic,0.5,133.07582092285156,182987.8178832035,2.34375,2.259376889706261e-05,2.2593768897062863e-05,2.541098841762901e-19,-1.9753583862029466e-05,2.840185035033397e-06,2.259376889706261e-05,-1.4039016877127155e-05,0.0,True
cyclonic,0.5,133.07582092285156,187867.4930267556,2.40625,1.9706825542761502e-05,1.970682554276205e-05,5.488773498207866e-19,-1.2486354972385984e-05,7.220470570376067e-06,1.9706825542761502e-05,-8.874144024471599e-06,0.0,True
cyclonic,0.5,133.07582092285156,192747.1681703077,2.46875,1.6217126749631872e-05,1.6217126749632234e-05,3.6253010142484055e-19,-5.833162315463978e-06,1.0383964434168258e-05,1.6217126749631872e-05,-4.145671224310554e-06,0.0,True
cyclonic,0.5,147.40625,2439.837571776047,0.03125,1.3006425681951112e-07,1.3006425681951112e-07,0.0,5.674126396085672e-07,6.974768964280783e-07,1.3006425681951112e-07,2.930282947758579e-07,0.0,True
cyclonic,0.5,147.40625,7319.512715328141,0.09375,5.284405411811011e-05,5.284405411811011e-05,0.0,2.853749827951646e-07,5.312942910090527e-05,5.284405411811011e-05,1.473758932085909e-07,0.0,True
cyclonic,0.5,147.40625,12199.187858880234,0.15625,9.982118488269447e-05,9.982118488269445e-05,-2.710505431213761e-20,-2.3041919497510262e-06,9.751699293294342e-05,9.982118488269447e-05,-1.1899513524012937e-06,0.0,True
cyclonic,0.5,147.40625,17078.86300243233,0.21875,0.00014069271839399462,0.00014069271839399456,-5.421010862427522e-20,-1.2583295336333234e-05,0.00012810942305766133,0.00014069271839399462,-6.498377578635561e-06,0.0,True
cyclonic,0.5,147.40625,21958.53814598442,0.28125,0.0001771849425957288,0.00017718494259572875,-5.421010862427522e-20,-2.668100831977208e-05,0.00015050393427595667,0.0001771849425957288,-1.3778844222146306e-05,0.0,True
cyclonic,0.5,147.40625,26838.213289536514,0.34375,0.00021016826363306354,0.00021016826363306338,-1.6263032587282567e-19,-4.3354831118543825e-05,0.00016681343251451956,0.00021016826363306354,-2.2389688466803026e-05,0.0,True
cyclonic,0.5,147.40625,31717.88843308861,0.40625,0.00023794632941671626,0.0002379463294167161,-1.6263032587282567e-19,-6.0147509562371016e-05,0.0001777988198543451,0.00023794632941671626,-3.106191320347541e-05,0.0,True
cyclonic,0.5,147.40625,36597.5635766407,0.46874999999999994,0.00026074535775419644,0.0002607453577541962,-2.168404344971009e-19,-7.552664221438042e-05,0.00018521871553981578,0.00026074535775419644,-3.900414201822103e-05,0.0,True
cyclonic,0.5,147.40625,41477.2387201928,0.53125,0.0002784435601454291,0.0002784435601454289,-1.6263032587282567e-19,-8.786721538853695e-05,0.00019057634475689195,0.0002784435601454291,-4.537717085359276e-05,0.0,True
cyclonic,0.5,147.40625,46356.91386374489,0.59375,0.0002906405509592793,0.00029064055095927895,-3.2526065174565133e-19,-0.0001010243900051758,0.00018961616095410316,0.0002906405509592793,-5.217191628725382e-05,0.0,True
cyclonic,0.5,147.40625,51236.589007296985,0.65625,0.0002991145776169828,0.00029911457761698274,-5.421010862427522e-20,-0.00011731814728259663,0.0001817964303343861,0.0002991145776169828,-6.058648370645704e-05,0.0,True
cyclonic,0.5,147.40625,56116.26415084908,0.71875,0.0003057370269351227,0.00030573702693512236,-3.2526065174565133e-19,-0.00013417238801786876,0.0001715646389172536,0.0003057370269351227,-6.929050099060784e-05,0.0,True
cyclonic,0.5,147.40625,60995.93929440117,0.78125,0.0003106827062884386,0.00031068270628843806,-5.421010862427522e-19,-0.00015105664561808368,0.00015962606067035438,0.0003106827062884386,-7.801001985180276e-05,0.0,True
cyclonic,0.5,147.40625,65875.61443795326,0.84375,0.000314003615691793,0.00031400361569179267,-3.2526065174565133e-19,-0.00017008857284486653,0.00014391504284692614,0.000314003615691793,-8.783865741160341e-05,0.0,True
cyclonic,0.5,147.40625,70755.28958150536,0.9062500000000001,0.0003148351307465224,0.0003148351307465221,-3.2526065174565133e-19,-0.0001915486500247493,0.00012328648072177278,0.0003148351307465224,-9.892126182118696e-05,0.0,True
cyclonic,0.5,147.40625,75634.96472505745,0.96875,0.00031667378672145703,0.00031667378672145627,-7.589415207398531e-19,-0.00022241201631461037,9.42617704068459e-05,0.00031667378672145703,-0.00011485999663893729,0.0,True
cyclonic,0.5,147.40625,80514.63986860955,1.03125,0.0003181539632393861,0.0003181539632393857,-3.7947076036992655e-19,-0.00025321140670114226,6.494255653824346e-05,0.0003181539632393861,-0.00013076569245023859,0.0,True
cyclonic,0.5,147.40625,85394.31501216163,1.09375,0.0003162723150420805,0.00031627231504208,-4.87890977618477e-19,-0.00028054108757159536,3.573122747048467e-05,0.0003162723150420805,-0.00014487952993500426,0.0,True
cyclonic,0.5,147.40625,90273.99015571373,1.15625,0.0003073357825940643,0.00030733578259406366,-6.505213034913027e-19,-0.00029729186833133477,1.004391426272889e-05,0.0003073357825940643,-0.00015353011749607242,0.0,True
cyclonic,0.5,147.40625,95153.66529926582,1.21875,0.00029220001800617175,0.0002922000180061712,-5.421010862427522e-19,-0.0003143357727058434,-2.2135754699672172e-05,0.00029220001800617175,-0.00016233208256796508,0.0,True
cyclonic,0.5,147.40625,100033.34044281792,1.28125,0.0002733661601049604,0.00027336616010496025,-1.6263032587282567e-19,-0.000332848870219818,-5.948271011485773e-05,0.0002733661601049604,-0.00017189278146124585,0.0,True
cyclonic,0.5,147.40625,104913.01558637002,1.34375,0.00025242019052753385,0.00025242019052753326,-5.963111948670274e-19,-0.00034578723143640727,-9.336704090887401e-05,0.00025242019052753385,-0.00017857452532776724,0.0,True
cyclonic,0.5,147.40625,109792.6907299221,1.40625,0.00022955164173702107,0.0002295516417370204,-6.776263578034403e-19,-0.0003550644006656378,-0.00012551275892861742,0.00022955164173702107,-0.00018336552378254935,0.0,True
cyclonic,0.5,147.40625,114672.3658734742,1.46875,0.0002041319825869732,0.0002041319825869727,-5.149960319306146e-19,-0.00035215344281397794,-0.00014802146022700524,0.0002041319825869732,-0.00018186222097275518,0.0,True
cyclonic,0.5,147.40625,119552.04101702629,1.53125,0.00017794594257888695,0.00017794594257888646,-4.87890977618477e-19,-0.0003381918725730341,-0.00016024592999414766,0.00017794594257888695,-0.00017465206237826314,0.0,True
cyclonic,0.5,147.40625,124431.71616057839,1.59375,0.00014812755363456624,0.00014812755363456575,-4.87890977618477e-19,-0.00031882494904284534,-0.0001706973954082796,0.00014812755363456624,-0.0001646504230404073,0.0,True
cyclonic,0.5,147.40625,129311.39130413048,1.65625,0.00011861426837161984,0.0001186142683716191,-7.318364664277155e-19,-0.00029831303080398385,-0.00017969876243236475,0.00011861426837161984,-0.0001540574753255629,0.0,True
cyclonic,0.5,147.40625,134191.06644768256,1.7187499999999998,8.981313363689098e-05,8.981313363689077e-05,-2.168404344971009e-19,-0.0002740381976200603,-0.0001842250639831695,8.981313363689098e-05,-0.0001415212495221324,0.0,True
cyclonic,0.5,147.40625,139070.74159123466,1.78125,6.189008979155867e-05,6.18900897915584e-05,-2.710505431213761e-19,-0.0002551561036790749,-0.0001932660138875165,6.189008979155867e-05,-0.0001317699902037967,0.0,True
cyclonic,0.5,147.40625,143950.41673478676,1.84375,3.6348355534132366e-05,3.6348355534131946e-05,-4.2012834183813297e-19,-0.00023774382540090084,-0.0002013954698667689,3.6348355534132366e-05,-0.0001227777861959059,0.0,True
cyclonic,0.5,147.40625,148830.09187833886,1.90625,1.3561164801298968e-05,1.3561164801298917e-05,-5.082197683525802e-20,-0.0002173239889841452,-0.00020376282418284628,1.3561164801298968e-05,-0.00011223239219669628,0.0,True
cyclonic,0.5,147.40625,153709.76702189096,1.9687500000000002,-7.221521273902566e-06,-7.221521273902522e-06,4.404571325722362e-20,-0.00019541196127035695,-0.00020263348254425948,-7.221521273902566e-06,-0.00010091638746250114,0.0,True
cyclonic,0.5,147.40625,158589.44216544303,2.03125,-2.394712727544864e-05,-2.3947127275448762e-05,-1.2197274440461925e-19,-0.00017612407300594392,-0.0002000712002813927,-2.394712727544864e-05,-9.095556422132832e-05,0.0,True
cyclonic,0.5,147.40625,163469.11730899513,2.09375,-3.965043099952737e-05,-3.9650430999527336e-05,3.3881317890172014e-20,-0.0001551835707577064,-0.00019483400175723375,-3.965043099952737e-05,-8.014128333082133e-05,0.0,True
cyclonic,0.5,147.40625,168348.79245254723,2.15625,-5.319740905648337e-05,-5.3197409056483184e-05,1.8295911660692887e-19,-0.00012988727337199182,-0.000183084682428475,-5.319740905648337e-05,-6.70775438762464e-05,0.0,True
cyclonic,0.5,147.40625,173228.46759609933,2.21875,-6.691276516573984e-05,-6.691276516573963e-05,2.0328790734103208e-19,-0.00010663953063570289,-0.00017355229580144253,-6.691276516573984e-05,-5.507173728000625e-05,0.0,True
cyclonic,0.5,147.40625,178108.14273965143,2.28125,-7.895256510881582e-05,-7.895256510881539e-05,4.336808689942018e-19,-8.580985597288573e-05,-0.00016476242108170113,-7.895256510881582e-05,-4.431469095937463e-05,0.0,True
cyclonic,0.5,147.40625,182987.8178832035,2.34375,-8.813223901501666e-05,-8.813223901501613e-05,5.285485590866834e-19,-6.453126208070686e-05,-0.000152663501095723,-8.813223901501666e-05,-3.332580976745307e-05,0.0,True
cyclonic,0.5,147.40625,187867.4930267556,2.40625,-9.507754291708951e-05,-9.507754291708928e-05,2.303929616531697e-19,-4.3717997112102584e-05,-0.00013879554002919187,-9.507754291708951e-05,-2.257723788742664e-05,0.0,True
cyclonic,0.5,147.40625,192747.1681703077,2.46875,-0.00010255967498835283,-0.00010255967498835262,2.0328790734103208e-19,-2.5144173636626353e-05,-0.00012770384862497897,-0.00010255967498835283,-1.2985178351634055e-05,0.0,True
cyclonic,0.5,163.16445922851562,2439.837571776047,0.03125,9.709298250146899e-08,9.709298250146899e-08,0.0,4.750536523633062e-07,5.721466348647752e-07,9.709298250146899e-08,5.610206780843149e-07,1.0,False
cyclonic,0.5,163.16445922851562,7319.512715328141,0.09375,-3.7854423924289386e-06,-3.785442392428952e-06,-1.3552527156068805e-20,2.1198386359456393e-07,-3.573458528834388e-06,-3.7854423924289386e-06,2.503450511434091e-07,0.0,True
cyclonic,0.5,163.16445922851562,12199.187858880234,0.15625,-8.99925302279866e-06,-8.999253022798729e-06,-6.945670167485263e-20,-1.3254089496248168e-06,-1.0324661972423545e-05,-8.99925302279866e-06,-1.565258627016862e-06,0.0,True
cyclonic,0.5,163.16445922851562,17078.86300243233,0.21875,-1.5485093463527535e-05,-1.5485093463527646e-05,-1.1180834903756764e-19,-7.310522321825418e-06,-2.2795615785353065e-05,-1.5485093463527535e-05,-8.63345470503704e-06,0.0,True
cyclonic,0.5,163.16445922851562,21958.53814598442,0.28125,-2.1553380012429844e-05,-2.1553380012429932e-05,-8.809142651444724e-20,-1.7779067800751555e-05,-3.9332447813181484e-05,-2.1553380012429844e-05,-2.09964171913292e-05,0.0,True
cyclonic,0.5,163.16445922851562,26838.213289536514,0.34375,-2.6624704278015682e-05,-2.662470427801585e-05,-1.6940658945086007e-19,-2.9443257794140533e-05,-5.606796207215639e-05,-2.6624704278015682e-05,-3.477139133759853e-05,0.0,True
cyclonic,0.5,163.16445922851562,31717.88843308861,0.40625,-3.080657313114583e-05,-3.0806573131146115e-05,-2.846030702774449e-19,-4.150131336222484e-05,-7.230788649337095e-05,-3.080657313114583e-05,-4.9011506064706215e-05,0.0,True
cyclonic,0.5,163.16445922851562,36597.5635766407,0.46874999999999994,-3.371454067757471e-05,-3.3714540677575095e-05,-3.8624702394796095e-19,-5.302232411907248e-05,-8.673686479664757e-05,-3.371454067757471e-05,-6.261739086291473e-05,0.0,True
cyclonic,0.5,163.16445922851562,41477.2387201928,0.53125,-3.714056873869948e-05,-3.7140568738699975e-05,-4.946672411965114e-19,-6.305823106658666e-05,-0.00010019879980528663,-3.714056873869948e-05,-7.44694233499307e-05,0.0,True
cyclonic,0.5,163.16445922851562,46356.91386374489,0.59375,-4.3135714509418916e-05,-4.313571450941947e-05,-5.55653613398821e-19,-7.381984238440823e-05,-0.0001169555568938277,-4.3135714509418916e-05,-8.717848568166669e-05,0.0,True
cyclonic,0.5,163.16445922851562,51236.589007296985,0.65625,-4.9183434243513116e-05,-4.9183434243513076e-05,4.0657581468206416e-20,-8.776334558109856e-05,-0.00013694677982461164,-4.9183434243513116e-05,-0.00010364524386647809,0.0,True
cyclonic,0.5,163.16445922851562,56116.26415084908,0.71875,-5.268594900863715e-05,-5.2685949008637795e-05,-6.437450399132683e-19,-0.00010179909309389119,-0.00015448504210252898,-5.268594900863715e-05,-0.00012022093915452337,0.0,True
cyclonic,0.5,163.16445922851562,60995.93929440117,0.78125,-5.305281676104636e-05,-5.305281676104711e-05,-7.453889935837843e-19,-0.00011548171043806415,-0.00016853452719911127,-5.305281676104636e-05,-0.0001363796008598029,0.0,True
cyclonic,0.5,163.16445922851562,65875.61443795326,0.84375,-5.0119756489152285e-05,-5.011975648915319e-05,-9.0801931945661e-19,-0.0001310166085445305,-0.00018113636503368368,-5.0119756489152285e-05,-0.00015472573718841115,0.0,True
cyclonic,0.5,163.16445922851562,70755.28958150536,0.9062500000000001,-4.609970880942341e-05,-4.609970880942428e-05,-8.74138001566438e-19,-0.00014828233591737683,-0.00019438204472680112,-4.609970880942341e-05,-0.00017511591844508587,0.0,True
cyclonic,0.5,163.16445922851562,75634.96472505745,0.96875,-4.330595320263403e-05,-4.330595320263553e-05,-1.497554250745603e-18,-0.00017585610351545413,-0.00021916205671808966,-4.330595320263403e-05,-0.00020767951145874846,0.0,True
cyclonic,0.5,163.16445922851562,80514.63986860955,1.03125,-3.5855012102194235e-05,-3.585501210219528e-05,-1.043544591017298e-18,-0.00020032281151497402,-0.0002361778236171693,-3.5855012102194235e-05,-0.0002365737827565178,0.0,True
cyclonic,0.5,163.16445922851562,85394.31501216163,1.09375,-2.6808123436140983e-05,-2.6808123436141914e-05,-9.317362419797304e-19,-0.0002192117764360686,-0.0002460198998722105,-2.6808123436140983e-05,-0.00025888094712758335,0.0,True
cyclonic,0.5,163.16445922851562,90273.99015571373,1.15625,-1.5541021940809974e-05,-1.554102194081099e-05,-1.0164395367051604e-18,-0.00022976460666972133,-0.0002453056286105323,-1.5541021940809974e-05,-0.00027134344677144423,0.0,True
cyclonic,0.5,163.16445922851562,95153.66529926582,1.21875,-5.51895074160109e-06,-5.518950741602896e-06,-1.8058742435461683e-18,-0.00024098491450783507,-0.000246503865249438,-5.51895074160109e-06,-0.00028459421261723387,0.0,True
cyclonic,0.5,163.16445922851562,100033.34044281792,1.28125,2.8207323079460947e-06,2.8207323079452663e-06,-8.283982224147057e-19,-0.0002535293218171744,-0.0002507085895092292,2.8207323079460947e-06,-0.0002994086906448004,0.0,True
cyclonic,0.5,163.16445922851562,104913.01558637002,1.34375,1.1879871540799343e-05,1.1879871540798263e-05,-1.0791199748019786e-18,-0.00026245585621206477,-0.0002505759846712665,1.1879871540799343e-05,-0.00030995059544702765,0.0,True
cyclonic,0.5,163.16445922851562,109792.6907299221,1.40625,1.688889842346936e-05,1.68888984234681e-05,-1.260385025514399e-18,-0.0002677416869876398,-0.0002508527885641717,1.688889842346936e-05,-0.0003161929648114129,0.0,True
cyclonic,0.5,163.16445922851562,114672.3658734742,1.46875,2.077215618928891e-05,2.0772156189287625e-05,-1.2841019480375193e-18,-0.0002641496397379934,-0.0002433774835487058,2.077215618928891e-05,-0.0003119508907347645,0.0,True
cyclonic,0.5,163.16445922851562,119552.04101702629,1.53125,2.0304418498920882e-05,2.030441849891958e-05,-1.3010426069826053e-18,-0.0002532303387916092,-0.0002329259202926896,2.0304418498920882e-05,-0.0002990556028221853,0.0,True
cyclonic,0.5,163.16445922851562,124431.71616057839,1.59375,1.6848374125667443e-05,1.6848374125666474e-05,-9.690056916589196e-19,-0.0002372382615238283,-0.00022038988739816182,1.6848374125667443e-05,-0.00028016955492398755,0.0,True
cyclonic,0.5,163.16445922851562,129311.39130413048,1.65625,8.946395537533758e-06,8.946395537532913e-06,-8.453388813597917e-19,-0.00022037524621762886,-0.00021142885068009594,8.946395537533758e-06,-0.0002602549616258076,0.0,True
cyclonic,0.5,163.16445922851562,134191.06644768256,1.7187499999999998,5.508357389675383e-07,5.508357389668014e-07,-7.369186641112413e-19,-0.0002034952587766206,-0.00020294442303765378,5.508357389675383e-07,-0.0002403203248682592,0.0,True
cyclonic,0.5,163.16445922851562,139070.74159123466,1.78125,-1.5289132310782934e-05,-1.528913231078341e-05,-4.743384504624082e-19,-0.00018896012022278115,-0.00020424925253356455,-1.5289132310782934e-05,-0.00022315486735212972,0.0,True
cyclonic,0.5,163.16445922851562,143950.41673478676,1.84375,-2.9398999185203783e-05,-2.939899918520427e-05,-4.87890977618477e-19,-0.0001749725708562586,-0.00020437157004146288,-2.9398999185203783e-05,-0.0002066360922805028,0.0,True
cyclonic,0.5,163.16445922851562,148830.09187833886,1.90625,-4.170414257539689e-05,-4.1704142575397146e-05,-2.574980159653073e-19,-0.00016084092801385615,-0.0002025450705892533,-4.170414257539689e-05,-0.0001899471481781916,0.0,True
cyclonic,0.5,163.16445922851562,153709.76702189096,1.9687500000000002,-5.573083552217946e-05,-5.573083552217938e-05,8.131516293641283e-20,-0.0001449765379176747,-0.00020070737343985407,-5.573083552217946e-05,-0.0001712118940760988,0.0,True
cyclonic,0.5,163.16445922851562,158589.44216544303,2.03125,-6.973228753518085e-05,-6.973228753518065e-05,2.0328790734103208e-19,-0.00013125490996328831,-0.00020098719749846896,-6.973228753518085e-05,-0.00015500716229244912,0.0,True
cyclonic,0.5,163.16445922851562,163469.11730899513,2.09375,-8.195141516841782e-05,-8.195141516841739e-05,4.336808689942018e-19,-0.00011585353223484282,-0.00019780494740326022,-8.195141516841782e-05,-0.00013681870855957015,0.0,True
cyclonic,0.5,163.16445922851562,168348.79245254723,2.15625,-9.251181947165684e-05,-9.25118194716564e-05,4.472333961502706e-19,-9.804129183602264e-05,-0.00019055311130767905,-9.251181947165684e-05,-0.00011578311576487555,0.0,True
cyclonic,0.5,163.16445922851562,173228.46759609933,2.21875,-0.00010427918287840672,-0.00010427918287840613,5.963111948670274e-19,-8.314413945955782e-05,-0.00018742332233796395,-0.00010427918287840672,-9.819013340132134e-05,0.0,True
cyclonic,0.5,163.16445922851562,178108.14273965143,2.28125,-0.00011379276899043718,-0.00011379276899043606,1.111307226797642e-18,-6.793695531768764e-05,-0.0001817297243081237,-0.00011379276899043718,-8.023101506472472e-05,0.0,True
cyclonic,0.5,163.16445922851562,182987.8178832035,2.34375,-0.00012121421221323281,-0.00012121421221323157,1.2332799712022613e-18,-5.357849494425087e-05,-0.00017479270715748245,-0.00012121421221323281,-6.327420790225341e-05,0.0,True
cyclonic,0.5,163.16445922851562,187867.4930267556,2.40625,-0.00012615654081316234,-0.00012615654081316128,1.0570971181733668e-18,-3.8678883569835554e-05,-0.00016483542438299685,-0.00012615654081316234,-4.567832155366357e-05,0.0,True
cyclonic,0.5,163.16445922851562,192747.1681703077,2.46875,-0.00012993077326831946,-0.00012993077326831876,7.047314121155779e-19,-2.4860111742219606e-05,-0.00015479088501053835,-0.00012993077326831946,-2.9358866472214012e-05,0.0,True
cyclonic,0.5,180.5499267578125,2439.837571776047,0.03125,9.798452315005003e-07,9.798452315005e-07,-4.235164736271502e-22,9.67836189899619e-07,1.947681421400119e-06,9.798452315005003e-07,4.129657265551891e-07,0.0,True
cyclonic,0.5,180.5499267578125,7319.512715328141,0.09375,-5.485595414755427e-06,-5.485595414755428e-06,-8.470329472543003e-22,1.4164004215311268e-06,-4.069194993224302e-06,-5.485595414755427e-06,6.043634607539779e-07,0.0,True
cyclonic,0.5,180.5499267578125,12199.187858880234,0.15625,-1.0732945302700222e-05,-1.0732945302700226e-05,-3.3881317890172014e-21,-3.228292468230866e-07,-1.1055774549523313e-05,-1.0732945302700222e-05,-1.3774791215586565e-07,0.0,True
cyclonic,0.5,180.5499267578125,17078.86300243233,0.21875,-1.4851460417620063e-05,-1.4851460417620063e-05,0.0,-9.353646188442519e-06,-2.4205106606062583e-05,-1.4851460417620063e-05,-3.991104418766332e-06,0.0,True
cyclonic,0.5,180.5499267578125,21958.53814598442,0.28125,-1.6798129316177792e-05,-1.679812931617775e-05,4.404571325722362e-20,-2.8598147289066654e-05,-4.53962766052444e-05,-1.6798129316177792e-05,-1.2202534681604153e-05,0.0,True
cyclonic,0.5,180.5499267578125,26838.213289536514,0.34375,-1.670945476110281e-05,-1.6709454761102814e-05,-3.3881317890172014e-21,-5.1769887695671803e-05,-6.847934245677461e-05,-1.670945476110281e-05,-2.2089677477488248e-05,0.0,True
cyclonic,0.5,180.5499267578125,31717.88843308861,0.40625,-1.4300423591327635e-05,-1.4300423591327687e-05,-5.251604272976662e-20,-7.483594426037722e-05,-8.91363678517049e-05,-1.4300423591327635e-05,-3.193172606733754e-05,0.0,True
cyclonic,0.5,180.5499267578125,36597.5635766407,0.46874999999999994,-9.61803494471487e-06,-9.618034944714858e-06,1.1858461261560205e-20,-9.764659239661107e-05,-0.00010726462734132594,-9.61803494471487e-06,-4.166479451330215e-05,0.0,True
cyclonic,0.5,180.5499267578125,41477.2387201928,0.53125,-5.050259900582407e-06,-5.050259900582597e-06,-1.9058241313221758e-19,-0.00011875619771544432,-0.00012380645761602693,-5.050259900582407e-06,-5.0672045522059536e-05,0.0,True
cyclonic,0.5,180.5499267578125,46356.91386374489,0.59375,-2.6531646566040725e-06,-2.6531646566042267e-06,-1.5415999640028266e-19,-0.00014242507395916245,-0.00014507823861576667,-2.6531646566040725e-06,-6.077131105556443e-05,0.0,True
cyclonic,0.5,180.5499267578125,51236.589007296985,0.65625,-7.52079545339261e-07,-7.520795453394118e-07,-1.5077186461126546e-19,-0.0001721937095025045,-0.00017294578904784391,-7.52079545339261e-07,-7.347328101081886e-05,0.0,True
cyclonic,0.5,180.5499267578125,56116.26415084908,0.71875,1.7538419980777756e-06,1.753841998077557e-06,-2.185345003916095e-19,-0.0002034556292067989,-0.00020170178720872134,1.7538419980777756e-06,-8.681241992598271e-05,0.0,True
cyclonic,0.5,180.5499267578125,60995.93929440117,0.78125,4.930770507063868e-06,4.930770507064109e-06,2.405573570202213e-19,-0.0002354758074636328,-0.00023054503695656871,4.930770507063868e-06,-0.00010047509994999747,0.0,True
cyclonic,0.5,180.5499267578125,65875.61443795326,0.84375,8.30665276495338e-06,8.30665276495323e-06,-1.4907779871675686e-19,-0.0002689785256355242,-0.000260671872870571,8.30665276495338e-06,-0.00011477036447494134,0.0,True
cyclonic,0.5,180.5499267578125,70755.28958150536,0.9062500000000001,1.0706518276215393e-05,1.0706518276215187e-05,-2.0667603913004928e-19,-0.0003119173451373449,-0.0003012108268611297,1.0706518276215393e-05,-0.00013309191617764287,0.0,True
cyclonic,0.5,180.5499267578125,75634.96472505745,0.96875,1.3034432897555575e-05,1.3034432897555531e-05,-4.404571325722362e-20,-0.00037310838184855883,-0.0003600739489510033,1.3034432897555575e-05,-0.00015920150083445614,0.0,True
cyclonic,0.5,180.5499267578125,80514.63986860955,1.03125,1.8090201835257544e-05,1.809020183525719e-05,-3.5236570605778894e-19,-0.00042293994451102543,-0.00040484974267576825,1.8090201835257544e-05,-0.00018046411499896708,0.0,True
cyclonic,0.5,180.5499267578125,85394.31501216163,1.09375,2.1710662104064914e-05,2.1710662104064887e-05,-2.710505431213761e-20,-0.0004520726810155961,-0.0004303620189115312,2.1710662104064914e-05,-0.00019289475338871227,0.0,True
cyclonic,0.5,180.5499267578125,90273.99015571373,1.15625,2.5838825610532233e-05,2.5838825610531895e-05,-3.3881317890172014e-19,-0.00047420209649685744,-0.00044836327088632554,2.5838825610532233e-05,-0.00020233714688239695,0.0,True
cyclonic,0.5,180.5499267578125,95153.66529926582,1.21875,2.869908611676633e-05,2.869908611676618e-05,-1.4907779871675686e-19,-0.0004932713847542699,-0.0004645722986375037,2.869908611676633e-05,-0.00021047381563098905,0.0,True
cyclonic,0.5,180.5499267578125,100033.34044281792,1.28125,3.087275798628951e-05,3.087275798628913e-05,-3.7947076036992655e-19,-0.0005122383688230197,-0.00048136561083673057,3.087275798628951e-05,-0.00021856683223674787,0.0,True
cyclonic,0.5,180.5499267578125,104913.01558637002,1.34375,3.49667469944562e-05,3.4966746994456e-05,-1.9651164376299768e-19,-0.0005309127611393817,-0.0004959460141449257,3.49667469944562e-05,-0.00022653500295756265,0.0,True
cyclonic,0.5,180.5499267578125,109792.6907299221,1.40625,3.742161011545597e-05,3.7421610115455844e-05,-1.2874900798265365e-19,-0.0005317666413720976,-0.0004943450312566418,3.742161011545597e-05,-0.00022689934485175368,0.0,True
cyclonic,0.5,180.5499267578125,114672.3658734742,1.46875,4.121018050565115e-05,4.12101805056513e-05,1.4907779871675686e-19,-0.0005245998692698933,-0.000483389688764242,4.121018050565115e-05,-0.0002238413570650506,0.0,True
cyclonic,0.5,180.5499267578125,119552.04101702629,1.53125,3.970035981591154e-05,3.970035981591153e-05,-6.776263578034403e-21,-0.0004991900612255516,-0.00045948970140964005,3.970035981591154e-05,-0.00021299925387634072,0.0,True
cyclonic,0.5,180.5499267578125,124431.71616057839,1.59375,3.81503891850497e-05,3.815038918504942e-05,-2.778268066994105e-19,-0.00047072438404953827,-0.00043257399486448887,3.81503891850497e-05,-0.00020085324282658132,0.0,True
cyclonic,0.5,180.5499267578125,129311.39130413048,1.65625,3.2636416937000506e-05,3.263641693700073e-05,2.236166980751353e-19,-0.00043121442817428007,-0.00039857801123727935,3.2636416937000506e-05,-0.00018399475189137283,0.0,True
cyclonic,0.5,180.5499267578125,134191.06644768256,1.7187499999999998,2.5557183635056664e-05,2.555718363505664e-05,-2.371692252312041e-20,-0.0004014922630623864,-0.00037593507942732977,2.5557183635056664e-05,-0.00017131261039023772,0.0,True
cyclonic,0.5,180.5499267578125,139070.74159123466,1.78125,1.6299847705560344e-05,1.629984770556033e-05,-1.3552527156068805e-20,-0.00036557008011100557,-0.00034927023240544525,1.6299847705560344e-05,-0.00015598498518177754,0.0,True
cyclonic,0.5,180.5499267578125,143950.41673478676,1.84375,9.94631221879179e-06,9.94631221879177e-06,-1.8634724839594607e-20,-0.00034106515397214,-0.0003311188417533482,9.94631221879179e-06,-0.00014552898577534137,0.0,True
cyclonic,0.5,180.5499267578125,148830.09187833886,1.90625,3.890995159767483e-06,3.8909951597674165e-06,-6.606856988583543e-20,-0.0003117309742099479,-0.00030783997905018046,3.890995159767483e-06,-0.00013301239362388377,0.0,True
cyclonic,0.5,180.5499267578125,153709.76702189096,1.9687500000000002,-5.451904569943021e-06,-5.451904569943049e-06,-2.795208725939191e-20,-0.00028338960421066836,-0.0002888415087806114,-5.451904569943021e-06,-0.00012091942316517856,0.0,True
cyclonic,0.5,180.5499267578125,158589.44216544303,2.03125,-1.2586913686231249e-05,-1.2586913686231208e-05,4.0657581468206416e-20,-0.0002574873154728354,-0.0002700742291590666,-1.2586913686231249e-05,-0.00010986718354064982,0.0,True
cyclonic,0.5,180.5499267578125,163469.11730899513,2.09375,-1.6774991204191227e-05,-1.6774991204191153e-05,7.453889935837843e-20,-0.00022939898573192655,-0.0002461739769361177,-1.6774991204191227e-05,-9.788218275205644e-05,0.0,True
cyclonic,0.5,180.5499267578125,168348.79245254723,2.15625,-2.0795218405990738e-05,-2.0795218405990647e-05,9.147955830346444e-20,-0.00019956917303996967,-0.0002203643914459603,-2.0795218405990738e-05,-8.515410913805278e-05,0.0,True
cyclonic,0.5,180.5499267578125,173228.46759609933,2.21875,-2.4553831981589162e-05,-2.4553831981589173e-05,-1.0164395367051604e-20,-0.00016902904343379753,-0.0001935828754153867,-2.4553831981589162e-05,-7.212295061812743e-05,0.0,True
cyclonic,0.5,180.5499267578125,178108.14273965143,2.28125,-2.7580897815718658e-05,-2.7580897815718502e-05,1.5585406229479126e-19,-0.00014049035982394736,-0.00016807125763966587,-2.7580897815718658e-05,-5.994578847554129e-05,0.0,True
cyclonic,0.5,180.5499267578125,182987.8178832035,2.34375,-2.910054747107335e-05,-2.9100547471073456e-05,-1.0503208545953324e-19,-0.0001177736999923476,-0.00014687424746342106,-2.910054747107335e-05,-5.025282387040841e-05,0.0,True
cyclonic,0.5,180.5499267578125,187867.4930267556,2.40625,-3.152312572975637e-05,-3.1523125729756186e-05,1.8295911660692887e-19,-8.883466458270776e-05,-0.00012035779031246395,-3.152312572975637e-05,-3.790483574135554e-05,0.0,True
cyclonic,0.5,180.5499267578125,192747.1681703077,2.46875,-3.301970886564453e-05,-3.3019708865644436e-05,9.486769009248164e-20,-6.11253692724756e-05,-9.414507813812004e-05,-3.301970886564453e-05,-2.608156503755064e-05,0.0,True
cyclonic,0.5,199.7899627685547,2439.837571776047,0.03125,2.431784605264021e-07,2.431784605264021e-07,0.0,2.172512989690948e-07,4.604297594954969e-07,2.431784605264021e-07,1.6533290519328777e-07,1.0,False
cyclonic,0.5,199.7899627685547,7319.512715328141,0.09375,8.409179841791497e-06,8.40917984179151e-06,1.3552527156068805e-20,1.7909060033836762e-07,8.588270442129879e-06,8.409179841791497e-06,1.3629179382243623e-07,0.0,True
cyclonic,0.5,199.7899627685547,12199.187858880234,0.15625,1.6223613937486478e-05,1.6223613937486526e-05,4.743384504624082e-20,-1.3613832305020667e-07,1.608747561443632e-05,1.6223613937486478e-05,-1.0360418816752349e-07,0.0,True
cyclonic,0.5,199.7899627685547,17078.86300243233,0.21875,2.3786657557563377e-05,2.378665755756344e-05,6.098637220230962e-20,-2.889626865979192e-06,2.0897030691584247e-05,2.3786657557563377e-05,-2.1990681157900813e-06,0.0,True
cyclonic,0.5,199.7899627685547,21958.53814598442,0.28125,3.227057738190515e-05,3.2270577381905295e-05,1.4230153513872246e-19,-9.285810848811746e-06,2.298476653309355e-05,3.227057738190515e-05,-7.066701520287771e-06,0.0,True
cyclonic,0.5,199.7899627685547,26838.213289536514,0.34375,4.263582472572249e-05,4.26358247257227e-05,2.1006417091906648e-19,-1.7244663252467026e-05,2.5391161473255673e-05,4.263582472572249e-05,-1.3123559160011698e-05,0.0,True
cyclonic,0.5,199.7899627685547,31717.88843308861,0.40625,5.5034916506699034e-05,5.503491650669945e-05,4.1335207826009857e-19,-2.5856774418415013e-05,2.9178142088284434e-05,5.5034916506699034e-05,-1.967756075019913e-05,0.0,True
cyclonic,0.5,199.7899627685547,36597.5635766407,0.46874999999999994,6.799243168091948e-05,6.799243168091993e-05,4.472333961502706e-19,-3.444459997604172e-05,3.354783170487821e-05,6.799243168091948e-05,-2.62130804707858e-05,0.0,True
cyclonic,0.5,199.7899627685547,41477.2387201928,0.53125,7.834723981961308e-05,7.834723981961369e-05,6.098637220230962e-19,-4.2523515121390285e-05,3.58237246982234e-05,7.834723981961308e-05,-3.236130843595228e-05,0.0,True
cyclonic,0.5,199.7899627685547,46356.91386374489,0.59375,8.523937450640394e-05,8.523937450640481e-05,8.673617379884035e-19,-5.199991551205522e-05,3.323945899434959e-05,8.523937450640394e-05,-3.9573052691558875e-05,0.0,True
cyclonic,0.5,199.7899627685547,51236.589007296985,0.65625,9.051105228732962e-05,9.051105228733034e-05,7.182839392716467e-19,-6.407828295712028e-05,2.643276933021006e-05,9.051105228732962e-05,-4.876494976725236e-05,0.0,True
cyclonic,0.5,199.7899627685547,56116.26415084908,0.71875,9.440972709593372e-05,9.440972709593456e-05,8.402566836762659e-19,-7.687700337189016e-05,1.7532723724044406e-05,9.440972709593372e-05,-5.8505050926470584e-05,0.0,True
cyclonic,0.5,199.7899627685547,60995.93929440117,0.78125,9.528788865216158e-05,9.528788865216258e-05,1.0028870095490916e-18,-9.029838527388339e-05,4.9895033782791935e-06,9.528788865216158e-05,-6.871901085257819e-05,0.0,True
cyclonic,0.5,199.7899627685547,65875.61443795326,0.84375,9.21603569174834e-05,9.216035691748476e-05,1.3552527156068805e-18,-0.00010392462990940181,-1.1764272991917054e-05,9.21603569174834e-05,-7.908887571946304e-05,0.0,True
cyclonic,0.5,199.7899627685547,70755.28958150536,0.9062500000000001,8.655964814229405e-05,8.655964814229534e-05,1.2874900798265365e-18,-0.0001256640285063476,-3.910438036405225e-05,8.655964814229405e-05,-9.563302502601897e-05,0.0,True
cyclonic,0.5,199.7899627685547,75634.96472505745,0.96875,8.370761521988456e-05,8.370761521988605e-05,1.4907779871675686e-18,-0.0001506132772561735,-6.690566203628744e-05,8.370761521988456e-05,-0.00011461993924826957,0.0,True
cyclonic,0.5,199.7899627685547,80514.63986860955,1.03125,7.787466469184874e-05,7.78746646918499e-05,1.1519648082658485e-18,-0.00016749127285551856,-8.961660816366867e-05,7.787466469184874e-05,-0.0001274644564480319,0.0,True
cyclonic,0.5,199.7899627685547,85394.31501216163,1.09375,6.954104059290068e-05,6.954104059290224e-05,1.5585406229479126e-18,-0.00017825789041991624,-0.000108716849827014,6.954104059290068e-05,-0.0001356580836874261,0.0,True
cyclonic,0.5,199.7899627685547,90273.99015571373,1.15625,5.8033623936322115e-05,5.803362393632343e-05,1.3145951341386741e-18,-0.00018615397664640987,-0.00012812035271008644,5.8033623936322115e-05,-0.00014166717491807788,0.0,True
cyclonic,0.5,199.7899627685547,95153.66529926582,1.21875,4.352475771083198e-05,4.352475771083405e-05,2.0735366548785272e-18,-0.00019337820540579073,-0.00014985344769495669,4.352475771083198e-05,-0.00014716496818438764,0.0,True
cyclonic,0.5,199.7899627685547,100033.34044281792,1.28125,3.025169528930318e-05,3.0251695289304578e-05,1.395910297075087e-18,-0.00019886039754769176,-0.00016860870225838718,3.025169528930318e-05,-0.00015133703416488726,0.0,True
cyclonic,0.5,199.7899627685547,104913.01558637002,1.34375,1.9247131428190217e-05,1.9247131428191695e-05,1.4772254600114998e-18,-0.00020518539159452307,-0.00018593826016633137,1.9247131428190217e-05,-0.00015615049049888887,0.0,True
cyclonic,0.5,199.7899627685547,109792.6907299221,1.40625,1.2169701701386109e-05,1.2169701701387603e-05,1.4941661189565858e-18,-0.000203637303573947,-0.00019146760187255938,1.2169701701386109e-05,-0.00015497236226144536,0.0,True
cyclonic,0.5,199.7899627685547,114672.3658734742,1.46875,8.649819531704118e-06,8.649819531705856e-06,1.7381116077658243e-18,-0.00020039827615331204,-0.0001917484566216062,8.649819531704118e-06,-0.0001525073928182455,0.0,True
cyclonic,0.5,199.7899627685547,119552.04101702629,1.53125,8.73017376178898e-06,8.730173761790458e-06,1.4772254600114998e-18,-0.0001870703587453473,-0.00017834018498355682,8.73017376178898e-06,-0.00014236456137976252,0.0,True
cyclonic,0.5,199.7899627685547,124431.71616057839,1.59375,8.947497481303633e-06,8.947497481304958e-06,1.3247595295057257e-18,-0.00017526910219077625,-0.00016632160470947128,8.947497481303633e-06,-0.00013338355164422983,0.0,True
cyclonic,0.5,199.7899627685547,129311.39130413048,1.65625,1.166805885615881e-05,1.1668058856159605e-05,7.945169045245337e-19,-0.00016185831489327435,-0.00015019025603711474,1.166805885615881e-05,-0.0001231776544397181,0.0,True
cyclonic,0.5,199.7899627685547,134191.06644768256,1.7187499999999998,1.7348434639005553e-05,1.7348434639006454e-05,9.012430558785756e-19,-0.00014679881171054623,-0.00012945037707153977,1.7348434639005553e-05,-0.00011171704903122202,0.0,True
cyclonic,0.5,199.7899627685547,139070.74159123466,1.78125,2.7355822723571312e-05,2.735582272357207e-05,7.589415207398531e-19,-0.00013439533162707293,-0.00010703950890350086,2.7355822723571312e-05,-0.00010227773425410096,0.0,True
cyclonic,0.5,199.7899627685547,143950.41673478676,1.84375,3.7595727263137165e-05,3.759572726313769e-05,5.21772295508649e-19,-0.00012526312680158236,-8.766739953844467e-05,3.7595727263137165e-05,-9.532793021710276e-05,0.0,True
cyclonic,0.5,199.7899627685547,148830.09187833886,1.90625,4.760212163344642e-05,4.760212163344665e-05,2.303929616531697e-19,-0.00011534624538149178,-6.774412374804513e-05,4.760212163344642e-05,-8.778097043632763e-05,0.0,True
cyclonic,0.5,199.7899627685547,153709.76702189096,1.9687500000000002,5.7507675717432946e-05,5.7507675717433007e-05,6.098637220230962e-20,-0.0001035121265937203,-4.600445087628729e-05,5.7507675717432946e-05,-7.877495183543052e-05,0.0,True
cyclonic,0.5,199.7899627685547,158589.44216544303,2.03125,6.761033014725328e-05,6.761033014725324e-05,-4.0657581468206416e-20,-9.504884415432607e-05,-2.743851400707283e-05,6.761033014725328e-05,-7.233421210307369e-05,0.0,True
cyclonic,0.5,199.7899627685547,163469.11730899513,2.09375,7.979235488631933e-05,7.979235488631905e-05,-2.846030702774449e-19,-8.689759008198876e-05,-7.10523519566971e-06,7.979235488631933e-05,-6.613093266058868e-05,0.0,True
cyclonic,0.5,199.7899627685547,168348.79245254723,2.15625,8.988369967192465e-05,8.988369967192427e-05,-3.7947076036992655e-19,-7.556128438835807e-05,1.4322415283566205e-05,8.988369967192465e-05,-5.750376051763273e-05,0.0,True
cyclonic,0.5,199.7899627685547,173228.46759609933,2.21875,9.739767154602312e-05,9.739767154602247e-05,-6.505213034913027e-19,-6.538466635532345e-05,3.201300519069902e-05,9.739767154602312e-05,-4.975913559512139e-05,0.0,True
cyclonic,0.5,199.7899627685547,178108.14273965143,2.28125,0.0001034015026604725,0.00010340150266047151,-9.893344823930228e-19,-5.758084319934186e-05,4.582065946112965e-05,0.0001034015026604725,-4.382025854299094e-05,0.0,True
cyclonic,0.5,199.7899627685547,182987.8178832035,2.34375,0.0001070171997236797,0.00010701719972367837,-1.328147661294743e-18,-4.840332827376737e-05,5.8613871449911e-05,0.0001070171997236797,-3.683597254654293e-05,0.0,True
cyclonic,0.5,199.7899627685547,187867.4930267556,2.40625,0.00010757284363205676,0.0001075728436320557,-1.0570971181733668e-18,-3.849016832174511e-05,6.908267531031059e-05,0.00010757284363205676,-2.929184488290697e-05,0.0,True
cyclonic,0.5,199.7899627685547,192747.1681703077,2.46875,0.00010681984365804099,0.00010681984365804006,-9.351243737687476e-19,-2.8582778397246502e-05,7.823706526079356e-05,0.00010681984365804099,-2.175210833415989e-05,0.0,True
cyclonic,0.5,221.14117431640625,2439.837571776047,0.03125,-6.25591021631282e-07,-6.25591021631282e-07,0.0,3.770893247161315e-08,-5.878820891596689e-07,-6.25591021631282e-07,3.90897603311397e-08,1.0,False
cyclonic,0.5,221.14117431640625,7319.512715328141,0.09375,6.516040452776553e-06,6.516040452776553e-06,0.0,-9.721921329161283e-08,6.41882123948494e-06,6.516040452776553e-06,-1.0077919203923103e-07,1.0,False
cyclonic,0.5,221.14117431640625,12199.187858880234,0.15625,1.1864172387528816e-05,1.186417238752883e-05,1.3552527156068805e-20,-1.2301996162035437e-07,1.1741152425908475e-05,1.1864172387528816e-05,-1.2752471365519776e-07,0.0,True
cyclonic,0.5,221.14117431640625,17078.86300243233,0.21875,1.6371991181546334e-05,1.637199118154636e-05,2.710505431213761e-20,-1.0652529622630976e-06,1.5306738219283265e-05,1.6371991181546334e-05,-1.1042604565442831e-06,0.0,True
cyclonic,0.5,221.14117431640625,21958.53814598442,0.28125,2.120213317559017e-05,2.1202133175590193e-05,2.371692252312041e-20,-3.347895087956441e-06,1.785423808763375e-05,2.120213317559017e-05,-3.4704885029703072e-06,0.0,True
cyclonic,0.5,221.14117431640625,26838.213289536514,0.34375,2.778118240893111e-05,2.7781182408931263e-05,1.5246593050577406e-19,-6.636251406239465e-06,2.1144931002691796e-05,2.778118240893111e-05,-6.8792580421726325e-06,0.0,True
cyclonic,0.5,221.14117431640625,31717.88843308861,0.40625,3.53040573996655e-05,3.53040573996656e-05,1.0164395367051604e-19,-9.902266679310692e-06,2.540179072035491e-05,3.53040573996655e-05,-1.0264868450483787e-05,0.0,True
cyclonic,0.5,221.14117431640625,36597.5635766407,0.46874999999999994,4.180312472786886e-05,4.180312472786901e-05,1.4907779871675686e-19,-1.3078248900987529e-05,2.8724875826881483e-05,4.180312472786886e-05,-1.3557148971942877e-05,0.0,True
cyclonic,0.5,221.14117431640625,41477.2387201928,0.53125,4.580471646911332e-05,4.580471646911363e-05,3.1170812458958252e-19,-1.6102746448776233e-05,2.9701970020337396e-05,4.580471646911332e-05,-1.6692397745006926e-05,0.0,True
cyclonic,0.5,221.14117431640625,46356.91386374489,0.59375,4.705980607874819e-05,4.7059806078748425e-05,2.371692252312041e-19,-1.992384742868004e-05,2.7135958650068386e-05,4.705980607874819e-05,-2.0653420020510584e-05,0.0,True
cyclonic,0.5,221.14117431640625,51236.589007296985,0.65625,4.620288362947797e-05,4.620288362947821e-05,2.439454888092385e-19,-2.4921466151928707e-05,2.1281417477549504e-05,4.620288362947797e-05,-2.5834041833797613e-05,0.0,True
cyclonic,0.5,221.14117431640625,56116.26415084908,0.71875,4.3480977140093425e-05,4.348097714009378e-05,3.5236570605778894e-19,-3.0304955774006096e-05,1.3176021366087682e-05,4.3480977140093425e-05,-3.14146643886949e-05,0.0,True
cyclonic,0.5,221.14117431640625,60995.93929440117,0.78125,3.779889515639877e-05,3.779889515639917e-05,4.0657581468206416e-19,-3.5907010212469434e-05,1.8918849439297395e-06,3.779889515639877e-05,-3.7221855179003724e-05,0.0,True
cyclonic,0.5,221.14117431640625,65875.61443795326,0.84375,2.614858522690775e-05,2.614858522690816e-05,4.0996394647108136e-19,-4.276897044118509e-05,-1.6620385214276926e-05,2.614858522690775e-05,-4.433508706230431e-05,0.0,True
cyclonic,0.5,221.14117431640625,70755.28958150536,0.9062500000000001,1.4040730251062488e-05,1.4040730251063078e-05,5.89534931288993e-19,-5.447875746060629e-05,-4.0438027209543214e-05,1.4040730251062488e-05,-5.647366373674189e-05,0.0,True
cyclonic,0.5,221.14117431640625,75634.96472505745,0.96875,1.5390923578469427e-06,1.539092357847644e-06,7.013432803265607e-19,-6.260375006749432e-05,-6.106465770964667e-05,1.5390923578469427e-06,-6.48961777905307e-05,0.0,True
cyclonic,0.5,221.14117431640625,80514.63986860955,1.03125,-1.4994592117094663e-05,-1.4994592117093972e-05,6.911788849595091e-19,-6.808438853614363e-05,-8.30789806532376e-05,-1.4994592117094663e-05,-7.057750659405494e-05,0.0,True
cyclonic,0.5,221.14117431640625,85394.31501216163,1.09375,-3.217117112134709e-05,-3.2171171121346545e-05,5.421010862427522e-19,-7.178831571184698e-05,-0.00010395948683319352,-3.217117112134709e-05,-7.441706438825215e-05,0.0,True
cyclonic,0.5,221.14117431640625,90273.99015571373,1.15625,-5.092963606441334e-05,-5.092963606441263e-05,7.115076756936123e-19,-7.471314174728618e-05,-0.0001256427778116988,-5.092963606441334e-05,-7.744899187179103e-05,0.0,True
cyclonic,0.5,221.14117431640625,95153.66529926582,1.21875,-6.995805499746868e-05,-6.995805499746784e-05,8.402566836762659e-19,-7.646240135244759e-05,-0.00014642045634991543,-6.995805499746868e-05,-7.926230596585026e-05,0.0,True
cyclonic,0.5,221.14117431640625,100033.34044281792,1.28125,-8.576358951152975e-05,-8.576358951152897e-05,7.724940478959219e-19,-7.91435766767519e-05,-0.00016490716618828085,-8.576358951152975e-05,-8.204166072249097e-05,0.0,True
cyclonic,0.5,221.14117431640625,104913.01558637002,1.34375,-9.739612742841611e-05,-9.739612742841515e-05,9.622294280808852e-19,-7.994473269641825e-05,-0.0001773408601248334,-9.739612742841611e-05,-8.287215351939479e-05,0.0,True
cyclonic,0.5,221.14117431640625,109792.6907299221,1.40625,-0.00010202957742613644,-0.00010202957742613559,8.538092108323347e-19,-8.00599941790058e-05,-0.0001820895716051414,-0.00010202957742613644,-8.299163565358545e-05,0.0,True
cyclonic,0.5,221.14117431640625,114672.3658734742,1.46875,-0.00010108721250318607,-0.00010108721250318543,6.369687763352339e-19,-7.695341495987905e-05,-0.0001780406274630645,-0.00010108721250318607,-7.97712995378182e-05,0.0,True
cyclonic,0.5,221.14117431640625,119552.04101702629,1.53125,-9.663396034875768e-05,-9.66339603487572e-05,4.743384504624082e-19,-7.302505780550241e-05,-0.00016965901815425963,-9.663396034875768e-05,-7.56990935750719e-05,0.0,True
cyclonic,0.5,221.14117431640625,124431.71616057839,1.59375,-8.96468888148124e-05,-8.964688881481175e-05,6.505213034913027e-19,-6.867929068195854e-05,-0.00015832617949677029,-8.96468888148124e-05,-7.1194192900884e-05,0.0,True
cyclonic,0.5,221.14117431640625,129311.39130413048,1.65625,-7.908776724481008e-05,-7.908776724480971e-05,3.6591823321385775e-19,-6.237076042271202e-05,-0.00014145852766752172,-7.908776724481008e-05,-6.46546565175264e-05,0.0,True
cyclonic,0.5,221.14117431640625,134191.06644768256,1.7187499999999998,-6.49122024443872e-05,-6.491220244438681e-05,3.9302328752599536e-19,-5.70681613317103e-05,-0.0001219803637760971,-6.49122024443872e-05,-5.9157886547827246e-05,0.0,True
cyclonic,0.5,221.14117431640625,139070.74159123466,1.78125,-4.797181922464718e-05,-4.797181922464691e-05,2.642742795433417e-19,-5.296374789054325e-05,-0.00010093556711519017,-4.797181922464718e-05,-5.490317745904819e-05,0.0,True
cyclonic,0.5,221.14117431640625,143950.41673478676,1.84375,-3.19958977546255e-05,-3.1995897754625266e-05,2.371692252312041e-19,-4.890652376256883e-05,-8.090242151719409e-05,-3.19958977546255e-05,-5.069738566444815e-05,0.0,True
cyclonic,0.5,221.14117431640625,148830.09187833886,1.90625,-1.3915023998479722e-05,-1.3915023998479595e-05,1.2705494208814505e-19,-4.428377619253622e-05,-5.819880019101581e-05,-1.3915023998479722e-05,-4.590536205784078e-05,0.0,True
cyclonic,0.5,221.14117431640625,153709.76702189096,1.9687500000000002,5.034861771620473e-06,5.0348617716204755e-06,2.541098841762901e-21,-3.9968279866309083e-05,-3.493341809468861e-05,5.034861771620473e-06,-4.143184063876795e-05,0.0,True
cyclonic,0.5,221.14117431640625,158589.44216544303,2.03125,2.1474484630944568e-05,2.1474484630944443e-05,-1.2536087619363645e-19,-3.7225761358789765e-05,-1.5751276727845322e-05,2.1474484630944568e-05,-3.858889643069876e-05,0.0,True
cyclonic,0.5,221.14117431640625,163469.11730899513,2.09375,3.7472409735965395e-05,3.7472409735965225e-05,-1.6940658945086007e-19,-3.426283209543676e-05,3.209577640528464e-06,3.7472409735965395e-05,-3.5517470453053344e-05,0.0,True
cyclonic,0.5,221.14117431640625,168348.79245254723,2.15625,5.031921694241235e-05,5.031921694241203e-05,-3.1848438816761693e-19,-3.0456205018844174e-05,1.9863011923567856e-05,5.031921694241235e-05,-3.1571452087085385e-05,0.0,True
cyclonic,0.5,221.14117431640625,173228.46759609933,2.21875,5.916712776424198e-05,5.916712776424175e-05,-2.303929616531697e-19,-2.6301820685802422e-05,3.286530707843933e-05,5.916712776424198e-05,-2.726494226943695e-05,0.0,True
cyclonic,0.5,221.14117431640625,178108.14273965143,2.28125,6.628630634850408e-05,6.628630634850355e-05,-5.285485590866834e-19,-2.2905480586370875e-05,4.338082576213268e-05,6.628630634850408e-05,-2.3744234792773164e-05,0.0,True
cyclonic,0.5,221.14117431640625,182987.8178832035,2.34375,7.334585923753298e-05,7.334585923753255e-05,-4.336808689942018e-19,-1.9350314749019653e-05,5.39955444885129e-05,7.334585923753298e-05,-2.0058885688177577e-05,0.0,True
cyclonic,0.5,221.14117431640625,187867.4930267556,2.40625,7.939973033891523e-05,7.939973033891467e-05,-5.55653613398821e-19,-1.5815575204219216e-05,6.358415513469546e-05,7.939973033891523e-05,-1.639471084728901e-05,0.0,True
cyclonic,0.5,221.14117431640625,192747.1681703077,2.46875,8.339975063344999e-05,8.339975063344955e-05,-4.336808689942018e-19,-1.209713844154298e-05,7.130261219190657e-05,8.339975063344999e-05,-1.2540112153228048e-05,0.0,True
cyclonic,0.5,244.890625,2439.837571776047,0.03125,-3.873570718281692e-07,-3.873570718281692e-07,0.0,6.438216549171713e-09,-3.809188552789975e-07,-3.873570718281692e-07,9.010453360033882e-09,1.0,False
cyclonic,0.5,244.890625,7319.512715328141,0.09375,1.9329416120331024e-05,1.9329416120331024e-05,0.0,-1.1669866519752742e-08,1.931774625381127e-05,1.9329416120331024e-05,-1.6332285065431795e-08,1.0,False
cyclonic,0.5,244.890625,12199.187858880234,0.15625,3.756775328119584e-05,3.756775328119584e-05,0.0,-2.3698344660868786e-08,3.754405493653497e-05,3.756775328119584e-05,-3.316645652501973e-08,1.0,False
cyclonic,0.5,244.890625,17078.86300243233,0.21875,5.46205145963516e-05,5.46205145963516e-05,0.0,-1.551895785690524e-07,5.446532501778255e-05,5.46205145963516e-05,-2.1719189607557662e-07,1.0,False
cyclonic,0.5,244.890625,21958.53814598442,0.28125,7.201185820530119e-05,7.201185820530119e-05,0.0,-5.669458605664112e-07,7.144491234473478e-05,7.201185820530119e-05,-7.934556402821104e-07,1.0,False
cyclonic,0.5,244.890625,26838.213289536514,0.34375,8.983695118427955e-05,8.983695118427944e-05,-1.0842021724855044e-19,-1.1856635139376397e-06,8.86512876703418e-05,8.983695118427955e-05,-1.6593672659866368e-06,1.0,False
cyclonic,0.5,244.890625,31717.88843308861,0.40625,0.00010642628573893308,0.00010642628573893298,-1.0842021724855044e-19,-1.8217938565250774e-06,0.0001046044918824079,0.00010642628573893308,-2.5496484081336635e-06,1.0,False
cyclonic,0.5,244.890625,36597.5635766407,0.46874999999999994,0.00012096235814149493,0.00012096235814149493,0.0,-2.4180976092391025e-06,0.00011854426053225583,0.00012096235814149493,-3.3841911904720643e-06,1.0,False
cyclonic,0.5,244.890625,41477.2387201928,0.53125,0.00013311086720796687,0.00013311086720796676,-1.0842021724855044e-19,-2.9907196529360897e-06,0.00013012014755503067,0.00013311086720796687,-4.185590798306439e-06,1.0,False
cyclonic,0.5,244.890625,46356.91386374489,0.59375,0.00014182712057305222,0.000141827120573052,-2.168404344971009e-19,-3.722847993743851e-06,0.00013810427257930814,0.00014182712057305222,-5.210223663328044e-06,0.0,True
cyclonic,0.5,244.890625,51236.589007296985,0.65625,0.00014673066290793978,0.0001467306629079395,-2.710505431213761e-19,-4.706077898341158e-06,0.00014202458500959833,0.00014673066290793978,-6.5862797698447414e-06,0.0,True
cyclonic,0.5,244.890625,56116.26415084908,0.71875,0.00014820770724109736,0.00014820770724109726,-1.0842021724855044e-19,-5.7787457146616054e-06,0.00014242896152643565,0.00014820770724109736,-8.087506585679047e-06,0.0,True
cyclonic,0.5,244.890625,60995.93929440117,0.78125,0.0001417026235924274,0.0001417026235924272,-2.168404344971009e-19,-6.874883528477259e-06,0.00013482774006394992,0.0001417026235924274,-9.621580280175405e-06,0.0,True
cyclonic,0.5,244.890625,65875.61443795326,0.84375,0.00013046776113456992,0.00013046776113456938,-5.421010862427522e-19,-9.22939728936393e-06,0.00012123836384520545,0.00013046776113456992,-1.2916784202876125e-05,0.0,True
cyclonic,0.5,244.890625,70755.28958150536,0.9062500000000001,0.00011810205926189764,0.0001181020592618972,-4.336808689942018e-19,-1.1035077400814118e-05,0.00010706698186108309,0.00011810205926189764,-1.5443881001050125e-05,0.0,True
cyclonic,0.5,244.890625,75634.96472505745,0.96875,0.00010050781069012066,0.00010050781069012028,-3.7947076036992655e-19,-1.2384220057961078e-05,8.81235906321592e-05,0.00010050781069012066,-1.7332041626808946e-05,0.0,True
cyclonic,0.5,244.890625,80514.63986860955,1.03125,8.225216806127263e-05,8.225216806127225e-05,-3.7947076036992655e-19,-1.3361790446249163e-05,6.889037761502309e-05,8.225216806127263e-05,-1.8700177091428138e-05,0.0,True
cyclonic,0.5,244.890625,85394.31501216163,1.09375,6.309302094730693e-05,6.30930209473064e-05,-5.285485590866834e-19,-1.4096439643506306e-05,4.8996581303800095e-05,6.309302094730693e-05,-1.9728337961339146e-05,0.0,True
cyclonic,0.5,244.890625,90273.99015571373,1.15625,4.20616821443025e-05,4.206168214430212e-05,-3.7947076036992655e-19,-1.4385203651716242e-05,2.7676478492585876e-05,4.20616821443025e-05,-2.0132470784172947e-05,0.0,True
cyclonic,0.5,244.890625,95153.66529926582,1.21875,2.2886533031131228e-05,2.2886533031130635e-05,-5.929230630780102e-19,-1.4792346151158706e-05,8.094186879971929e-06,2.2886533031131228e-05,-2.0702277418369787e-05,0.0,True
cyclonic,0.5,244.890625,100033.34044281792,1.28125,4.875610408314902e-06,4.8756104083144585e-06,-4.438452643612534e-19,-1.5157683908174066e-05,-1.0282073499859608e-05,4.875610408314902e-06,-2.1213577216241575e-05,0.0,True
cyclonic,0.5,244.890625,104913.01558637002,1.34375,-7.793916774958457e-06,-7.793916774958728e-06,-2.710505431213761e-19,-1.5520809222406244e-05,-2.3314725997364972e-05,-7.793916774958457e-06,-2.172178064225986e-05,0.0,True
cyclonic,0.5,244.890625,109792.6907299221,1.40625,-1.8057042322851875e-05,-1.8057042322852254e-05,-3.7947076036992655e-19,-1.5310528575051053e-05,-3.336757089790331e-05,-1.8057042322851875e-05,-2.1427487346742263e-05,0.0,True
cyclonic,0.5,244.890625,114672.3658734742,1.46875,-2.4744877107530404e-05,-2.4744877107530678e-05,-2.744386749103933e-19,-1.506287641842078e-05,-3.9807753525951454e-05,-2.4744877107530404e-05,-2.1080891641272248e-05,0.0,True
cyclonic,0.5,244.890625,119552.04101702629,1.53125,-3.085759772964471e-05,-3.085759772964495e-05,-2.371692252312041e-19,-1.4075520241894359e-05,-4.493311797153931e-05,-3.085759772964471e-05,-1.969906070868623e-05,0.0,True
cyclonic,0.5,244.890625,124431.71616057839,1.59375,-3.8672161311960214e-05,-3.867216131196048e-05,-2.642742795433417e-19,-1.3079558093175306e-05,-5.1751719405135784e-05,-3.8672161311960214e-05,-1.8305185491713808e-05,0.0,True
cyclonic,0.5,244.890625,129311.39130413048,1.65625,-4.257081708506938e-05,-4.257081708506953e-05,-1.4907779871675686e-19,-1.2132756628372213e-05,-5.470357371344174e-05,-4.257081708506938e-05,-1.6980111944612078e-05,0.0,True
cyclonic,0.5,244.890625,134191.06644768256,1.7187499999999998,-4.688174799170925e-05,-4.688174799170943e-05,-1.8295911660692887e-19,-1.1262510137370197e-05,-5.8144258129079625e-05,-4.688174799170925e-05,-1.5762179096436038e-05,0.0,True
cyclonic,0.5,244.890625,139070.74159123466,1.78125,-5.0756516710353425e-05,-5.0756516710353554e-05,-1.2874900798265365e-19,-1.035655472384132e-05,-6.111307143419487e-05,-5.0756516710353425e-05,-1.4494270672181134e-05,0.0,True
cyclonic,0.5,244.890625,143950.41673478676,1.84375,-5.330573344494737e-05,-5.330573344494748e-05,-1.0842021724855044e-19,-9.402638219949768e-06,-6.270837166489725e-05,-5.330573344494737e-05,-1.3159239440777896e-05,0.0,True
cyclonic,0.5,244.890625,148830.09187833886,1.90625,-5.146342868242179e-05,-5.146342868242186e-05,-6.776263578034403e-20,-8.623004730235745e-06,-6.0086433412657604e-05,-5.146342868242179e-05,-1.2068121870665656e-05,0.0,True
cyclonic,0.5,244.890625,153709.76702189096,1.9687500000000002,-4.868596552864357e-05,-4.868596552864359e-05,-2.0328790734103208e-20,-7.865910470097253e-06,-5.655187599874084e-05,-4.868596552864357e-05,-1.1008548545036392e-05,0.0,True
cyclonic,0.5,244.890625,158589.44216544303,2.03125,-4.614366503470348e-05,-4.6143665034703476e-05,6.776263578034403e-21,-7.382952325488259e-06,-5.352661736019174e-05,-4.614366503470348e-05,-1.0332635921779304e-05,0.0,True
cyclonic,0.5,244.890625,163469.11730899513,2.09375,-4.1570292823109785e-05,-4.157029282310975e-05,3.3881317890172014e-20,-6.8830074385603225e-06,-4.845330026167007e-05,-4.1570292823109785e-05,-9.632949905963152e-06,0.0,True
cyclonic,0.5,244.890625,168348.79245254723,2.15625,-3.804547722079944e-05,-3.804547722079937e-05,6.776263578034403e-20,-6.020919747586482e-06,-4.406639696838585e-05,-3.804547722079944e-05,-8.426435512970509e-06,0.0,True
cyclonic,0.5,244.890625,173228.46759609933,2.21875,-3.647044042342459e-05,-3.6470440423424525e-05,6.776263578034403e-20,-5.217155179218533e-06,-4.168759560264306e-05,-3.647044042342459e-05,-7.301545863730783e-06,0.0,True
cyclonic,0.5,244.890625,178108.14273965143,2.28125,-3.2428261700314104e-05,-3.2428261700314e-05,1.0164395367051604e-19,-4.615290590622903e-06,-3.7043552290936906e-05,-3.2428261700314104e-05,-6.459220545348227e-06,0.0,True
cyclonic,0.5,244.890625,182987.8178832035,2.34375,-2.5323625348190617e-05,-2.532362534819049e-05,1.2874900798265365e-19,-3.979953700039294e-06,-2.9303579048229783e-05,-2.5323625348190617e-05,-5.570049860145188e-06,0.0,True
cyclonic,0.5,244.890625,187867.4930267556,2.40625,-1.9265974325225338e-05,-1.926597432522517e-05,1.6601845766184287e-19,-3.3605126803938306e-06,-2.2626487005619002e-05,-1.9265974325225338e-05,-4.7031258643182164e-06,0.0,True
cyclonic,0.5,244.890625,192747.1681703077,2.46875,-1.4237473721810019e-05,-1.4237473721809865e-05,1.5415999640028266e-19,-2.663401892606356e-06,-1.690087561441622e-05,-1.4237473721810019e-05,-3.7275009855707604e-06,0.0,True
cyclonic,0.5,271.35638427734375,2439.837571776047,0.03125,-1.1093786282251321e-06,-1.1093786282251321e-06,0.0,-3.2243239444363045e-09,-1.1126029521695684e-06,-1.1093786282251321e-06,-1.0773585415868538e-09,1.0,False
cyclonic,0.5,271.35638427734375,7319.512715328141,0.09375,1.7564356588785897e-05,1.7564356588785897e-05,0.0,-1.1026206687858222e-07,1.7454094521907316e-05,1.7564356588785897e-05,-3.6842383585446276e-08,1.0,False
cyclonic,0.5,271.35638427734375,12199.187858880234,0.15625,3.366428924625194e-05,3.366428924625194e-05,0.0,-1.2142816800822498e-07,3.354286107824371e-05,3.366428924625194e-05,-4.0573365532530497e-08,1.0,False
cyclonic,0.5,271.35638427734375,17078.86300243233,0.21875,4.7502865583088136e-05,4.7502865583088136e-05,0.0,-5.190314059718278e-07,4.6983834177116306e-05,4.7502865583088136e-05,-1.734264075855264e-07,0.0,True
cyclonic,0.5,271.35638427734375,21958.53814598442,0.28125,6.0582690412567134e-05,6.0582690412567134e-05,0.0,-1.6423576186234056e-06,5.894033279394373e-05,6.0582690412567134e-05,-5.487686843058535e-07,0.0,True
cyclonic,0.5,271.35638427734375,26838.213289536514,0.34375,7.337600206273672e-05,7.337600206273674e-05,1.3552527156068805e-20,-3.3344155012350046e-06,7.004158656150174e-05,7.337600206273672e-05,-1.1141439518364464e-06,0.0,True
cyclonic,0.5,271.35638427734375,31717.88843308861,0.40625,8.494596782421539e-05,8.494596782421539e-05,0.0,-5.032397086653735e-06,7.991357073756165e-05,8.494596782421539e-05,-1.6814985340782975e-06,0.0,True
cyclonic,0.5,271.35638427734375,36597.5635766407,0.46874999999999994,9.513020918022389e-05,9.513020918022389e-05,0.0,-6.6268782266861725e-06,8.850333095353772e-05,9.513020918022389e-05,-2.2142700251616513e-06,0.0,True
cyclonic,0.5,271.35638427734375,41477.2387201928,0.53125,0.00010340201072503994,0.00010340201072503997,2.710505431213761e-20,-8.10967929392651e-06,9.529233143111345e-05,0.00010340201072503994,-2.709725327666861e-06,0.0,True
cyclonic,0.5,271.35638427734375,46356.91386374489,0.59375,0.0001087929540259942,0.00010879295402599417,-2.710505431213761e-20,-9.940214088433543e-06,9.885273993756063e-05,0.0001087929540259942,-3.3213705378006306e-06,0.0,True
cyclonic,0.5,271.35638427734375,51236.589007296985,0.65625,0.00011014379359295664,0.0001101437935929566,-4.0657581468206416e-20,-1.2418688095379909e-05,9.772510549757669e-05,0.00011014379359295664,-4.149514727869437e-06,0.0,True
cyclonic,0.5,271.35638427734375,56116.26415084908,0.71875,0.00010416197792132986,0.00010416197792132985,-1.3552527156068805e-20,-1.6122767684503402e-05,8.803921023682644e-05,0.00010416197792132986,-5.387176281990167e-06,0.0,True
cyclonic,0.5,271.35638427734375,60995.93929440117,0.78125,9.630208201988816e-05,9.630208201988816e-05,0.0,-2.1107722792837555e-05,7.51943592270506e-05,9.630208201988816e-05,-7.052822804467529e-06,0.0,True
cyclonic,0.5,271.35638427734375,65875.61443795326,0.84375,8.540194227785197e-05,8.540194227785197e-05,0.0,-2.625648678880522e-05,5.914545548904675e-05,8.540194227785197e-05,-8.77320356187942e-06,0.0,True
cyclonic,0.5,271.35638427734375,70755.28958150536,0.9062500000000001,7.482559900951253e-05,7.482559900951254e-05,1.3552527156068805e-20,-3.0286936796406352e-05,4.453866221310619e-05,7.482559900951253e-05,-1.0119916800671876e-05,0.0,True
cyclonic,0.5,271.35638427734375,75634.96472505745,0.96875,6.704310125784366e-05,6.704310125784366e-05,0.0,-3.304729311704136e-05,3.3995808140802306e-05,6.704310125784366e-05,-1.1042247655482836e-05,0.0,True
cyclonic,0.5,271.35638427734375,80514.63986860955,1.03125,5.8366206242431035e-05,5.8366206242431035e-05,0.0,-3.513330592771236e-05,2.3232900314718675e-05,5.8366206242431035e-05,-1.1739256938099724e-05,0.0,True
cyclonic,0.5,271.35638427734375,85394.31501216163,1.09375,4.9768416680267854e-05,4.976841668026793e-05,7.453889935837843e-20,-3.656943141706615e-05,1.3198985263201779e-05,4.9768416680267854e-05,-1.2219116309989356e-05,0.0,True
cyclonic,0.5,271.35638427734375,90273.99015571373,1.15625,4.161780042200189e-05,4.16178004220019e-05,6.776263578034403e-21,-3.739879650648123e-05,4.219003915520667e-06,4.161780042200189e-05,-1.2496235972459094e-05,0.0,True
cyclonic,0.5,271.35638427734375,95153.66529926582,1.21875,3.273738362412692e-05,3.2737383624127075e-05,1.5585406229479126e-19,-3.839328919188377e-05,-5.6559055677566925e-06,3.273738362412692e-05,-1.2828530496094927e-05,0.0,True
cyclonic,0.5,271.35638427734375,100033.34044281792,1.28125,2.6846462868712512e-05,2.684646286871253e-05,1.6940658945086007e-20,-3.921356948556132e-05,-1.2367106616848791e-05,2.6846462868712512e-05,-1.3102614612988268e-05,0.0,True
cyclonic,0.5,271.35638427734375,104913.01558637002,1.34375,2.2038550784780606e-05,2.2038550784780555e-05,-5.082197683525802e-20,-3.9486242617463176e-05,-1.744769183268262e-05,2.2038550784780606e-05,-1.3193724170457706e-05,0.0,True
cyclonic,0.5,271.35638427734375,109792.6907299221,1.40625,2.0035125712827233e-05,2.0035125712827206e-05,-2.710505431213761e-20,-4.008827534734688e-05,-2.0053149634519672e-05,2.0035125712827233e-05,-1.3394884201221444e-05,0.0,True
cyclonic,0.5,271.35638427734375,114672.3658734742,1.46875,1.86887442990086e-05,1.8688744299008597e-05,-3.3881317890172014e-21,-3.861705377630703e-05,-1.9928309477298432e-05,1.86887442990086e-05,-1.2903298010304849e-05,0.0,True
cyclonic,0.5,271.35638427734375,119552.04101702629,1.53125,1.6351912368892662e-05,1.6351912368892706e-05,4.404571325722362e-20,-3.616032420052505e-05,-1.980841183163234e-05,1.6351912368892662e-05,-1.2082419389406696e-05,0.0,True
cyclonic,0.5,271.35638427734375,124431.71616057839,1.59375,1.6120233591559827e-05,1.6120233591559834e-05,6.776263578034403e-21,-3.430779870401103e-05,-1.81875651124512e-05,1.6120233591559827e-05,-1.1463426322466045e-05,0.0,True
cyclonic,0.5,271.35638427734375,129311.39130413048,1.65625,1.4864054763595113e-05,1.4864054763595106e-05,-6.776263578034403e-21,-3.173810759934294e-05,-1.6874052835747836e-05,1.4864054763595113e-05,-1.0604803334031202e-05,0.0,True
cyclonic,0.5,271.35638427734375,134191.06644768256,1.7187499999999998,9.992551548252964e-06,9.992551548252994e-06,3.049318610115481e-20,-2.9305800946975215e-05,-1.931324939872222e-05,9.992551548252964e-06,-9.792085259531084e-06,0.0,True
cyclonic,0.5,271.35638427734375,139070.74159123466,1.78125,5.293845012349174e-06,5.29384501234919e-06,1.5246593050577406e-20,-2.713475317758172e-05,-2.184090816523253e-05,5.293845012349174e-06,-9.066662845761153e-06,0.0,True
cyclonic,0.5,271.35638427734375,143950.41673478676,1.84375,2.0735792842057203e-06,2.0735792842057347e-06,1.4399560103323106e-20,-2.512771568029182e-05,-2.3054136396086083e-05,2.0735792842057203e-06,-8.396041956466978e-06,0.0,True
cyclonic,0.5,271.35638427734375,148830.09187833886,1.90625,-5.357941457599726e-07,-5.357941457599692e-07,3.3881317890172014e-21,-2.3249479570214327e-05,-2.3785273715974298e-05,-5.357941457599726e-07,-7.768458081155523e-06,0.0,True
cyclonic,0.5,271.35638427734375,153709.76702189096,1.9687500000000002,-3.429271126370455e-06,-3.4292711263704494e-06,5.505714157152952e-21,-2.1194888258718607e-05,-2.4624159385089057e-05,-3.429271126370455e-06,-7.081947812009154e-06,0.0,True
cyclonic,0.5,271.35638427734375,158589.44216544303,2.03125,-5.882655487482959e-06,-5.882655487482956e-06,3.3881317890172014e-21,-1.971057416416802e-05,-2.5593229651650975e-05,-5.882655487482959e-06,-6.585986954564539e-06,0.0,True
cyclonic,0.5,271.35638427734375,163469.11730899513,2.09375,-4.967350695139569e-06,-4.9673506951395864e-06,-1.7787691892340307e-20,-1.841551585960243e-05,-2.3382866554742016e-05,-4.967350695139569e-06,-6.153263025356287e-06,0.0,True
cyclonic,0.5,271.35638427734375,168348.79245254723,2.15625,-2.440654404226053e-06,-2.440654404226059e-06,-5.929230630780102e-21,-1.63219857716731e-05,-1.876264017589916e-05,-2.440654404226053e-06,-5.4537419594932665e-06,0.0,True
cyclonic,0.5,271.35638427734375,173228.46759609933,2.21875,-1.972232882783436e-06,-1.9722328827834445e-06,-8.470329472543003e-21,-1.4297535448932758e-05,-1.6269768331716202e-05,-1.972232882783436e-06,-4.7773028408414105e-06,0.0,True
cyclonic,0.5,271.35638427734375,178108.14273965143,2.28125,-1.2030140914721867e-06,-1.2030140914722164e-06,-2.964615315390051e-20,-1.2953583003484667e-05,-1.4156597094956884e-05,-1.2030140914721867e-06,-4.328241682117431e-06,0.0,True
cyclonic,0.5,271.35638427734375,182987.8178832035,2.34375,7.247571471478783e-07,7.247571471478838e-07,5.505714157152952e-21,-1.1434901427448034e-05,-1.071014428030015e-05,7.247571471478783e-07,-3.820797456261366e-06,0.0,True
cyclonic,0.5,271.35638427734375,187867.4930267556,2.40625,1.9185535242825542e-06,1.918553524282524e-06,-3.006966962752766e-20,-9.697184741671431e-06,-7.778631217388907e-06,1.9185535242825542e-06,-3.2401659978404842e-06,0.0,True
cyclonic,0.5,271.35638427734375,192747.1681703077,2.46875,2.439317462109116e-06,2.439317462109118e-06,1.6940658945086007e-21,-8.027316508687262e-06,-5.587999046578144e-06,2.439317462109116e-06,-2.6822050624219557e-06,0.0,True
cyclonic,0.5,300.88751220703125,2439.837571776047,0.03125,-1.4411923293578692e-06,-1.4411923293578692e-06,0.0,-4.246150886933769e-09,-1.445438480244803e-06,-1.4411923293578692e-06,-1.714970208093141e-08,1.0,False
cyclonic,0.5,300.88751220703125,7319.512715328141,0.09375,4.466348272798147e-08,4.466348272798147e-08,0.0,-2.5065513369175377e-08,1.9597969358806093e-08,4.466348272798147e-08,-1.0123664896359252e-07,1.0,False
cyclonic,0.5,300.88751220703125,12199.187858880234,0.15625,-4.828472026880658e-07,-4.828472026880658e-07,0.0,-3.3623346666090445e-08,-5.164705493541563e-07,-4.828472026880658e-07,-1.358007272096084e-07,1.0,False
cyclonic,0.5,300.88751220703125,17078.86300243233,0.21875,-3.15535037230397e-06,-3.15535037230397e-06,0.0,-1.081906614380828e-07,-3.263541033742053e-06,-3.15535037230397e-06,-4.3696930726403907e-07,1.0,False
cyclonic,0.5,300.88751220703125,21958.53814598442,0.28125,-7.65864534830737e-06,-7.658645348307315e-06,5.421010862427522e-20,-2.807979465209386e-07,-7.939443294828254e-06,-7.65864534830737e-06,-1.1341097516317536e-06,1.0,False
cyclonic,0.5,300.88751220703125,26838.213289536514,0.34375,-1.2879917163794154e-05,-1.2879917163794154e-05,0.0,-5.103721235293976e-07,-1.3390289287323551e-05,-1.2879917163794154e-05,-2.061332746293906e-06,1.0,False
cyclonic,0.5,300.88751220703125,31717.88843308861,0.40625,-1.806451963991201e-05,-1.806451963991201e-05,0.0,-7.599177530201319e-07,-1.8824437392932143e-05,-1.806451963991201e-05,-3.069218079463259e-06,1.0,False
cyclonic,0.5,300.88751220703125,36597.5635766407,0.46874999999999994,-2.3272735762474174e-05,-2.3272735762474066e-05,1.0842021724855044e-19,-1.001663713179959e-06,-2.4274399475654025e-05,-2.3272735762474174e-05,-4.0456014691273895e-06,1.0,False
cyclonic,0.5,300.88751220703125,41477.2387201928,0.53125,-2.9076040155668698e-05,-2.9076040155668427e-05,2.710505431213761e-19,-1.2349031840027793e-06,-3.0310943339671205e-05,-2.9076040155668698e-05,-4.987628152737291e-06,1.0,False
cyclonic,0.5,300.88751220703125,46356.91386374489,0.59375,-3.680732441319475e-05,-3.680732441319453e-05,2.168404344971009e-19,-1.4953304674453983e-06,-3.830265488063993e-05,-3.680732441319475e-05,-6.039463201400003e-06,1.0,False
cyclonic,0.5,300.88751220703125,51236.589007296985,0.65625,-5.09638357319869e-05,-5.096383573198668e-05,2.168404344971009e-19,-1.8892922046782247e-06,-5.285312793666491e-05,-5.09638357319869e-05,-7.63062814224553e-06,1.0,False
cyclonic,0.5,300.88751220703125,56116.26415084908,0.71875,-6.089557524712373e-05,-6.089557524712357e-05,1.6263032587282567e-19,-2.7520673897462424e-06,-6.364764263686981e-05,-6.089557524712373e-05,-1.1115275245170715e-05,1.0,False
cyclonic,0.5,300.88751220703125,60995.93929440117,0.78125,-6.751285261337203e-05,-6.751285261337176e-05,2.710505431213761e-19,-3.4340436310548543e-06,-7.094689624442662e-05,-6.751285261337203e-05,-1.3869696761538867e-05,1.0,False
cyclonic,0.5,300.88751220703125,65875.61443795326,0.84375,-7.538627791017966e-05,-7.538627791017928e-05,3.7947076036992655e-19,-4.007763847771334e-06,-7.939404175795062e-05,-7.538627791017966e-05,-1.6186884976581333e-05,1.0,False
cyclonic,0.5,300.88751220703125,70755.28958150536,0.9062500000000001,-7.958060260671238e-05,-7.958060260671222e-05,1.6263032587282567e-19,-4.534207446290271e-06,-8.411481005300249e-05,-7.958060260671238e-05,-1.8313128512767294e-05,1.0,False
cyclonic,0.5,300.88751220703125,75634.96472505745,0.96875,-7.982021424343008e-05,-7.98202142434298e-05,2.710505431213761e-19,-4.957065399947732e-06,-8.477727964337754e-05,-7.982021424343008e-05,-2.0021001859918764e-05,1.0,False
cyclonic,0.5,300.88751220703125,80514.63986860955,1.03125,-7.894167237665464e-05,-7.894167237665426e-05,3.7947076036992655e-19,-5.228715920683176e-06,-8.417038829733744e-05,-7.894167237665464e-05,-2.1118166238857475e-05,1.0,False
cyclonic,0.5,300.88751220703125,85394.31501216163,1.09375,-7.559355755099414e-05,-7.559355755099381e-05,3.2526065174565133e-19,-5.375389944004127e-06,-8.096894749499793e-05,-7.559355755099414e-05,-2.1710565300960123e-05,1.0,False
cyclonic,0.5,300.88751220703125,90273.99015571373,1.15625,-7.128130055540939e-05,-7.128130055540917e-05,2.168404344971009e-19,-5.524186415759008e-06,-7.680548697116818e-05,-7.128130055540939e-05,-2.2311536681685753e-05,1.0,False
cyclonic,0.5,300.88751220703125,95153.66529926582,1.21875,-6.751884077651308e-05,-6.75188407765127e-05,3.7947076036992655e-19,-5.637031202247243e-06,-7.315587197875995e-05,-6.751884077651308e-05,-2.2767303450505647e-05,1.0,False
cyclonic,0.5,300.88751220703125,100033.34044281792,1.28125,-6.212175679845886e-05,-6.212175679845864e-05,2.168404344971009e-19,-5.832039136537495e-06,-6.795379593499614e-05,-6.212175679845886e-05,-2.355491747213329e-05,0.0,True
cyclonic,0.5,300.88751220703125,104913.01558637002,1.34375,-5.346705903423421e-05,-5.346705903423391e-05,2.981555974335137e-19,-5.92189182182481e-06,-5.938895085605872e-05,-5.346705903423421e-05,-2.391782185892532e-05,0.0,True
cyclonic,0.5,300.88751220703125,109792.6907299221,1.40625,-4.39750864539504e-05,-4.39750864539501e-05,2.981555974335137e-19,-5.839289195091898e-06,-4.9814375649042005e-05,-4.39750864539504e-05,-2.3584199602605836e-05,0.0,True
cyclonic,0.5,300.88751220703125,114672.3658734742,1.46875,-3.2397453844543e-05,-3.239745384454284e-05,1.6263032587282567e-19,-5.770889666605061e-06,-3.81683435111479e-05,-3.2397453844543e-05,-2.3307941983114475e-05,0.0,True
cyclonic,0.5,300.88751220703125,119552.04101702629,1.53125,-2.0309797065878176e-05,-2.0309797065877986e-05,1.8973538018496328e-19,-5.373084555767105e-06,-2.568288162164509e-05,-2.0309797065878176e-05,-2.170125411007252e-05,0.0,True
cyclonic,0.5,300.88751220703125,124431.71616057839,1.59375,-1.0615903866963083e-05,-1.0615903866962907e-05,1.7618285302889447e-19,-5.011026046761348e-06,-1.5626929913724253e-05,-1.0615903866963083e-05,-2.0238942541159164e-05,0.0,True
cyclonic,0.5,300.88751220703125,129311.39130413048,1.65625,-4.7328694902802427e-07,-4.7328694902788874e-07,1.3552527156068805e-19,-4.6675892147276395e-06,-5.140876163755528e-06,-4.7328694902802427e-07,-1.8851841726837857e-05,0.0,True
cyclonic,0.5,300.88751220703125,134191.06644768256,1.7187499999999998,9.16673573203706e-06,9.166735732037155e-06,9.486769009248164e-20,-4.322421463277313e-06,4.844314268759842e-06,9.16673573203706e-06,-1.7457749933365887e-05,0.0,True
cyclonic,0.5,300.88751220703125,139070.74159123466,1.78125,1.7217640710564622e-05,1.7217640710564696e-05,7.453889935837843e-20,-4.006930079503575e-06,1.321071063106112e-05,1.7217640710564622e-05,-1.618351748499251e-05,0.0,True
cyclonic,0.5,300.88751220703125,143950.41673478676,1.84375,2.4475539875005695e-05,2.4475539875005736e-05,4.0657581468206416e-20,-3.70392917730086e-06,2.0771610697704878e-05,2.4475539875005695e-05,-1.4959732616908748e-05,0.0,True
cyclonic,0.5,300.88751220703125,148830.09187833886,1.90625,3.117561986464033e-05,3.117561986464035e-05,2.0328790734103208e-20,-3.4226178942228882e-06,2.775300197041746e-05,3.117561986464033e-05,-1.3823549559533797e-05,0.0,True
cyclonic,0.5,300.88751220703125,153709.76702189096,1.9687500000000002,3.5787164154241694e-05,3.57871641542417e-05,6.776263578034403e-21,-3.1884397986167077e-06,3.2598724355624996e-05,3.5787164154241694e-05,-1.2877731881249179e-05,0.0,True
cyclonic,0.5,300.88751220703125,158589.44216544303,2.03125,3.950106311515345e-05,3.950106311515343e-05,-2.0328790734103208e-20,-3.00994917131333e-06,3.64911139438401e-05,3.950106311515345e-05,-1.2156829312310575e-05,0.0,True
cyclonic,0.5,300.88751220703125,163469.11730899513,2.09375,4.4885156132266934e-05,4.48851561322669e-05,-3.3881317890172014e-20,-2.8738971382007753e-06,4.2011258994066124e-05,4.4885156132266934e-05,-1.1607331214500343e-05,0.0,True
cyclonic,0.5,300.88751220703125,168348.79245254723,2.15625,4.9967065387415864e-05,4.996706538741582e-05,-4.0657581468206416e-20,-2.5645729206460896e-06,4.7402492466769734e-05,4.9967065387415864e-05,-1.0358007222316263e-05,0.0,True
cyclonic,0.5,300.88751220703125,173228.46759609933,2.21875,5.180039888578669e-05,5.180039888578665e-05,-4.0657581468206416e-20,-2.2554597719625214e-06,4.9544939113824125e-05,5.180039888578669e-05,-9.109535712381308e-06,0.0,True
cyclonic,0.5,300.88751220703125,178108.14273965143,2.28125,5.280184641358668e-05,5.280184641358661e-05,-6.776263578034403e-20,-2.040984392257858e-06,5.076086202132875e-05,5.280184641358668e-05,-8.243294977284466e-06,0.0,True
cyclonic,0.5,300.88751220703125,182987.8178832035,2.34375,5.427639519587753e-05,5.427639519587744e-05,-8.809142651444724e-20,-1.824583195197143e-06,5.2451812000680294e-05,5.427639519587753e-05,-7.369276093271576e-06,0.0,True
cyclonic,0.5,300.88751220703125,187867.4930267556,2.40625,5.499556526287299e-05,5.49955652628729e-05,-9.486769009248164e-20,-1.5465994299999206e-06,5.3448965832872976e-05,5.499556526287299e-05,-6.246532487730383e-06,0.0,True
cyclonic,0.5,300.88751220703125,192747.1681703077,2.46875,5.429189664290851e-05,5.42918966429084e-05,-1.0842021724855044e-19,-1.292910730879354e-06,5.299898591202904e-05,5.429189664290851e-05,-5.221913785506524e-06,0.0,True
cyclonic,0.5,333.8628234863281,2439.837571776047,0.03125,-1.8085822239860162e-06,-1.8085822239860162e-06,0.0,-1.0036848006466503e-07,-1.908950704050681e-06,-1.8085822239860162e-06,-6.913044864989242e-08,1.0,False
cyclonic,0.5,333.8628234863281,7319.512715328141,0.09375,-2.331763138884367e-05,-2.331763138884367e-05,0.0,-3.2696132794346506e-07,-2.3644592716787136e-05,-2.331763138884367e-05,-2.2520001575528277e-07,1.0,False
cyclonic,0.5,333.8628234863281,12199.187858880234,0.15625,-4.5638349913081534e-05,-4.5638349913081534e-05,0.0,-3.0645532074738727e-07,-4.594480523382892e-05,-4.5638349913081534e-05,-2.1107616455648547e-07,0.0,True
cyclonic,0.5,333.8628234863281,17078.86300243233,0.21875,-6.849221481983375e-05,-6.849221481983375e-05,0.0,-8.496686742964371e-07,-6.934188349413019e-05,-6.849221481983375e-05,-5.852233352545394e-07,0.0,True
cyclonic,0.5,333.8628234863281,21958.53814598442,0.28125,-9.147628381796387e-05,-9.147628381796383e-05,4.0657581468206416e-20,-2.2030231924417753e-06,-9.36793070104056e-05,-9.147628381796387e-05,-1.5173686159389634e-06,0.0,True
cyclonic,0.5,333.8628234863281,26838.213289536514,0.34375,-0.00011329031234033631,-0.00011329031234033629,2.710505431213761e-20,-3.924547066859989e-06,-0.00011721485940719628,-0.00011329031234033631,-2.7030966226135392e-06,0.0,True
cyclonic,0.5,333.8628234863281,31717.88843308861,0.40625,-0.00013291986759349445,-0.00013291986759349442,2.710505431213761e-20,-5.912830226694263e-06,-0.00013883269782018868,-0.00013291986759349445,-4.072559493764051e-06,0.0,True
cyclonic,0.5,333.8628234863281,36597.5635766407,0.46874999999999994,-0.00015057859598322973,-0.00015057859598322965,8.131516293641283e-20,-7.732567368365987e-06,-0.00015831116335159563,-0.00015057859598322973,-5.3259335106624805e-06,0.0,True
cyclonic,0.5,333.8628234863281,41477.2387201928,0.53125,-0.00016890104774222898,-0.0001689010477422288,1.8973538018496328e-19,-9.550989871908882e-06,-0.00017845203761413767,-0.00016890104774222898,-6.578402048832931e-06,0.0,True
cyclonic,0.5,333.8628234863281,46356.91386374489,0.59375,-0.00018987667500049838,-0.00018987667500049824,1.3552527156068805e-19,-1.2780377700804214e-05,-0.00020265705270130246,-0.00018987667500049838,-8.802696262835196e-06,0.0,True
cyclonic,0.5,333.8628234863281,51236.589007296985,0.65625,-0.00020403016776523693,-0.00020403016776523677,1.6263032587282567e-19,-2.018265715277073e-05,-0.0002242128249180075,-0.00020403016776523693,-1.3901138514990794e-05,0.0,True
cyclonic,0.5,333.8628234863281,56116.26415084908,0.71875,-0.0002073542427489791,-0.0002073542427489789,1.8973538018496328e-19,-2.5118860825396895e-05,-0.0002324731035743758,-0.0002073542427489791,-1.7301030336567045e-05,0.0,True
cyclonic,0.5,333.8628234863281,60995.93929440117,0.78125,-0.0002116562181983835,-0.00021165621819838328,2.168404344971009e-19,-2.8904946365542528e-05,-0.0002405611645639258,-0.0002116562181983835,-1.9908759295384684e-05,0.0,True
cyclonic,0.5,333.8628234863281,65875.61443795326,0.84375,-0.0002123111680385886,-0.0002123111680385884,1.8973538018496328e-19,-3.380256948522853e-05,-0.00024611373752381693,-0.0002123111680385886,-2.3282078123804157e-05,0.0,True
cyclonic,0.5,333.8628234863281,70755.28958150536,0.9062500000000001,-0.00020765245113991444,-0.0002076524511399143,1.3552527156068805e-19,-3.750433241108831e-05,-0.00024515678355100263,-0.00020765245113991444,-2.5831728489091666e-05,0.0,True
cyclonic,0.5,333.8628234863281,75634.96472505745,0.96875,-0.0002021955186537357,-0.00020219551865373556,1.3552527156068805e-19,-4.067237998176058e-05,-0.00024286789863549614,-0.0002021955186537357,-2.8013773586951808e-05,0.0,True
cyclonic,0.5,333.8628234863281,80514.63986860955,1.03125,-0.00019384115072247803,-0.00019384115072247784,1.8973538018496328e-19,-4.292524782096232e-05,-0.00023676639854344016,-0.00019384115072247803,-2.9565473526739567e-05,0.0,True
cyclonic,0.5,333.8628234863281,85394.31501216163,1.09375,-0.00018279202838944635,-0.0001827920283894462,1.3552527156068805e-19,-4.4852829812890314e-05,-0.00022764485820233652,-0.00018279202838944635,-3.089312746576089e-05,0.0,True
cyclonic,0.5,333.8628234863281,90273.99015571373,1.15625,-0.00017036946650708564,-0.00017036946650708553,1.0842021724855044e-19,-4.535386450348551e-05,-0.00021572333101057105,-0.00017036946650708564,-3.12382233855924e-05,0.0,True
cyclonic,0.5,333.8628234863281,95153.66529926582,1.21875,-0.0001581273347728855,-0.00015812733477288534,1.6263032587282567e-19,-4.6358719750983517e-05,-0.00020448605452386885,-0.0001581273347728855,-3.193033403669502e-05,0.0,True
cyclonic,0.5,333.8628234863281,100033.34044281792,1.28125,-0.00014422035059820522,-0.00014422035059820506,1.6263032587282567e-19,-4.8548369625281964e-05,-0.00019276872022348703,-0.00014422035059820522,-3.3438491558846464e-05,0.0,True
cyclonic,0.5,333.8628234863281,104913.01558637002,1.34375,-0.00012869134245442696,-0.00012869134245442677,1.8973538018496328e-19,-4.932191280054166e-05,-0.00017801325525496843,-0.00012869134245442696,-3.397128219910835e-05,0.0,True
cyclonic,0.5,333.8628234863281,109792.6907299221,1.40625,-0.00011135732805026585,-0.00011135732805026565,2.0328790734103208e-19,-4.924703229375074e-05,-0.00016060436034401638,-0.00011135732805026585,-3.3919707013091266e-05,0.0,True
cyclonic,0.5,333.8628234863281,114672.3658734742,1.46875,-9.375770679891993e-05,-9.375770679891981e-05,1.2197274440461925e-19,-4.798623660963175e-05,-0.00014174394340855156,-9.375770679891993e-05,-3.3051313158338866e-05,0.0,True
cyclonic,0.5,333.8628234863281,119552.04101702629,1.53125,-7.892007879262933e-05,-7.892007879262922e-05,1.0842021724855044e-19,-4.5759164492802964e-05,-0.00012467924328543218,-7.892007879262933e-05,-3.151738044845975e-05,0.0,True
cyclonic,0.5,333.8628234863281,124431.71616057839,1.59375,-6.467135886685312e-05,-6.467135886685301e-05,1.0842021724855044e-19,-4.326464659513801e-05,-0.00010793600546199103,-6.467135886685312e-05,-2.9799240039043754e-05,0.0,True
cyclonic,0.5,333.8628234863281,129311.39130413048,1.65625,-5.051730887252064e-05,-5.051730887252056e-05,8.131516293641283e-20,-3.996092855018465e-05,-9.04782374227052e-05,-5.051730887252064e-05,-2.752374966085703e-05,0.0,True
cyclonic,0.5,333.8628234863281,134191.06644768256,1.7187499999999998,-3.7662175917913333e-05,-3.766217591791327e-05,6.098637220230962e-20,-3.687558386077854e-05,-7.453775977869182e-05,-3.7662175917913333e-05,-2.539866753865304e-05,0.0,True
cyclonic,0.5,333.8628234863281,139070.74159123466,1.78125,-2.5440950423791738e-05,-2.5440950423791684e-05,5.421010862427522e-20,-3.414752541914318e-05,-5.9588475842934865e-05,-2.5440950423791738e-05,-2.3519672221678295e-05,0.0,True
cyclonic,0.5,333.8628234863281,143950.41673478676,1.84375,-1.2921743807592789e-05,-1.2921743807592765e-05,2.371692252312041e-20,-3.166189025963057e-05,-4.458363406722333e-05,-1.2921743807592789e-05,-2.180764994490031e-05,0.0,True
cyclonic,0.5,333.8628234863281,148830.09187833886,1.90625,-8.611368813433422e-07,-8.611368813433469e-07,-4.658681209898652e-21,-2.9435702161211812e-05,-3.029683904255516e-05,-8.611368813433422e-07,-2.0274326117304364e-05,0.0,True
cyclonic,0.5,333.8628234863281,153709.76702189096,1.9687500000000002,9.039365040964835e-06,9.039365040964822e-06,-1.3552527156068805e-20,-2.7812859660583283e-05,-1.877349461961846e-05,9.039365040964835e-06,-1.915656653696317e-05,0.0,True
cyclonic,0.5,333.8628234863281,158589.44216544303,2.03125,1.8217109385358507e-05,1.82171093853585e-05,-6.776263578034403e-21,-2.6222216341206008e-05,-8.005106955847508e-06,1.8217109385358507e-05,-1.8060984674612962e-05,0.0,True
cyclonic,0.5,333.8628234863281,163469.11730899513,2.09375,2.691009394495848e-05,2.691009394495847e-05,-1.0164395367051604e-20,-2.46973192770486e-05,2.212774667909869e-06,2.691009394495848e-05,-1.7010686631619907e-05,0.0,True
cyclonic,0.5,333.8628234863281,168348.79245254723,2.15625,3.383404294266325e-05,3.38340429426632e-05,-4.743384504624082e-20,-2.2248272424592156e-05,1.1585770518071044e-05,3.383404294266325e-05,-1.5323865155735818e-05,0.0,True
cyclonic,0.5,333.8628234863281,173228.46759609933,2.21875,3.9494048167427185e-05,3.949404816742713e-05,-5.421010862427522e-20,-1.983097254194771e-05,1.966307562547942e-05,3.9494048167427185e-05,-1.365890992974377e-05,0.0,True
cyclonic,0.5,333.8628234863281,178108.14273965143,2.28125,4.396552624180986e-05,4.396552624180981e-05,-4.743384504624082e-20,-1.7882546683136567e-05,2.6082979558673242e-05,4.396552624180986e-05,-1.2316899433083014e-05,0.0,True
cyclonic,0.5,333.8628234863281,182987.8178832035,2.34375,4.7974572071264124e-05,4.7974572071264056e-05,-6.776263578034403e-20,-1.6472432877988372e-05,3.1502139193275684e-05,4.7974572071264124e-05,-1.1345660255858287e-05,0.0,True
cyclonic,0.5,333.8628234863281,187867.4930267556,2.40625,5.066912644089765e-05,5.066912644089758e-05,-6.776263578034403e-20,-1.4000365628431382e-05,3.66687608124662e-05,5.066912644089765e-05,-9.642983101193031e-06,0.0,True
cyclonic,0.5,333.8628234863281,192747.1681703077,2.46875,5.103688810373242e-05,5.1036888103732344e-05,-7.453889935837843e-20,-1.1649066552581296e-05,3.938782155115105e-05,5.103688810373242e-05,-8.023487021160045e-06,0.0,True
cyclonic,0.5,370.6884765625,2439.837571776047,0.03125,-2.060796225074627e-06,-2.060796225074627e-06,0.0,-1.390045090274874e-07,-2.1998007341021145e-06,-2.060796225074627e-06,-1.2984377374338015e-07,1.0,False
cyclonic,0.5,370.6884765625,7319.512715328141,0.09375,-4.2549507687862536e-05,-4.2549507687862536e-05,0.0,-4.6160530739198725e-07,-4.301111299525452e-05,-4.2549507687862536e-05,-4.311843947443209e-07,1.0,False
cyclonic,0.5,370.6884765625,12199.187858880234,0.15625,-8.332764210637867e-05,-8.332764210637867e-05,0.0,-5.215626007047164e-07,-8.384920470708339e-05,-8.332764210637867e-05,-4.87190356576998e-07,0.0,True
cyclonic,0.5,370.6884765625,17078.86300243233,0.21875,-0.0001234762784121702,-0.0001234762784121702,0.0,-6.915605939730243e-07,-0.00012416783900614324,-0.0001234762784121702,-6.459850685556864e-07,0.0,True
cyclonic,0.5,370.6884765625,21958.53814598442,0.28125,-0.00016182158743780137,-0.00016182158743780143,-5.421010862427522e-20,-1.5567763286502233e-06,-0.00016337836376645166,-0.00016182158743780137,-1.454180981613611e-06,0.0,True
cyclonic,0.5,370.6884765625,26838.213289536514,0.34375,-0.00019708756393120266,-0.0001970875639312026,5.421010862427522e-20,-3.1396641348379687e-06,-0.00020022722806604056,-0.00019708756393120266,-2.932752630876837e-06,0.0,True
cyclonic,0.5,370.6884765625,31717.88843308861,0.40625,-0.0002286078830512855,-0.00022860788305128544,5.421010862427522e-20,-5.100904611988893e-06,-0.00023370878766327435,-0.0002286078830512855,-4.7647425897146964e-06,0.0,True
cyclonic,0.5,370.6884765625,36597.5635766407,0.46874999999999994,-0.000260801225036251,-0.0002608012250362511,-1.0842021724855044e-19,-6.946739437305911e-06,-0.000267747964473557,-0.000260801225036251,-6.488932409907659e-06,0.0,True
cyclonic,0.5,370.6884765625,41477.2387201928,0.53125,-0.00028995775381885285,-0.0002899577538188529,-5.421010862427522e-20,-1.2798711270573084e-05,-0.000302756465089426,-0.00028995775381885285,-1.195524506398942e-05,0.0,True
cyclonic,0.5,370.6884765625,46356.91386374489,0.59375,-0.0003095400501957586,-0.00030954005019575865,-5.421010862427522e-20,-1.935473302240086e-05,-0.00032889478321815953,-0.0003095400501957586,-1.8079209034342876e-05,0.0,True
cyclonic,0.5,370.6884765625,51236.589007296985,0.65625,-0.0003210146128622243,-0.00032101461286222424,5.421010862427522e-20,-2.323874385040201e-05,-0.0003442533567126263,-0.0003210146128622243,-2.1707254100622665e-05,0.0,True
cyclonic,0.5,370.6884765625,56116.26415084908,0.71875,-0.00033094558276582304,-0.00033094558276582304,0.0,-2.6533146758316838e-05,-0.0003574787295241399,-0.00033094558276582304,-2.478454784301659e-05,0.0,True
cyclonic,0.5,370.6884765625,60995.93929440117,0.78125,-0.00033661231338114495,-0.0003366123133811449,5.421010862427522e-20,-3.029294302959132e-05,-0.00036690525641073623,-0.00033661231338114495,-2.829656439401949e-05,0.0,True
cyclonic,0.5,370.6884765625,65875.61443795326,0.84375,-0.00033531550243002964,-0.0003353155024300296,5.421010862427522e-20,-3.4675132256946344e-05,-0.00036999063468697594,-0.00033531550243002964,-3.238995669127833e-05,0.0,True
cyclonic,0.5,370.6884765625,70755.28958150536,0.9062500000000001,-0.0003284436042002167,-0.00032844360420021654,1.6263032587282567e-19,-3.8036817437443384e-05,-0.00036648042163765993,-0.0003284436042002167,-3.553009864082198e-05,0.0,True
cyclonic,0.5,370.6884765625,75634.96472505745,0.96875,-0.0003183464978664629,-0.0003183464978664629,0.0,-4.0732049102807326e-05,-0.0003590785469692702,-0.0003183464978664629,-3.8047707983079406e-05,0.0,True
cyclonic,0.5,370.6884765625,80514.63986860955,1.03125,-0.0003043722160358406,-0.0003043722160358407,-1.0842021724855044e-19,-4.362094236899634e-05,-0.00034799315840483704,-0.0003043722160358406,-4.074621615557074e-05,0.0,True
cyclonic,0.5,370.6884765625,85394.31501216163,1.09375,-0.00028863998582636405,-0.00028863998582636405,0.0,-4.603292257797266e-05,-0.0003346729084043367,-0.00028863998582636405,-4.2999241001447524e-05,0.0,True
cyclonic,0.5,370.6884765625,90273.99015571373,1.15625,-0.00026990001999170556,-0.0002699000199917056,-5.421010862427522e-20,-4.806243104742961e-05,-0.0003179624510391352,-0.00026990001999170556,-4.4894999925831284e-05,0.0,True
cyclonic,0.5,370.6884765625,95153.66529926582,1.21875,-0.0002511402287311085,-0.0002511402287311085,0.0,-4.90974540630962e-05,-0.0003002376827942047,-0.0002511402287311085,-4.586181240699208e-05,0.0,True
cyclonic,0.5,370.6884765625,100033.34044281792,1.28125,-0.00023104522199194927,-0.0002310452219919492,8.131516293641283e-20,-5.1638854076063754e-05,-0.00028268407606801295,-0.00023104522199194927,-4.823572797695341e-05,0.0,True
cyclonic,0.5,370.6884765625,104913.01558637002,1.34375,-0.00020748142509309617,-0.00020748142509309622,-5.421010862427522e-20,-5.317319053400312e-05,-0.00026065461562709935,-0.00020748142509309617,-4.966894792992273e-05,0.0,True
cyclonic,0.5,370.6884765625,109792.6907299221,1.40625,-0.00018425684894731923,-0.00018425684894731923,0.0,-5.301617970238124e-05,-0.00023727302864970048,-0.00018425684894731923,-4.95222844940457e-05,0.0,True
cyclonic,0.5,370.6884765625,114672.3658734742,1.46875,-0.0001603383250409666,-0.00016033832504096652,8.131516293641283e-20,-5.179059811058375e-05,-0.00021212892315155028,-0.0001603383250409666,-4.837747171046947e-05,0.0,True
cyclonic,0.5,370.6884765625,119552.04101702629,1.53125,-0.00013832085567693026,-0.00013832085567693023,2.710505431213761e-20,-4.847872508256053e-05,-0.00018679958075949076,-0.00013832085567693026,-4.5283859171379705e-05,0.0,True
cyclonic,0.5,370.6884765625,124431.71616057839,1.59375,-0.00011982298255956429,-0.00011982298255956427,1.3552527156068805e-20,-4.656434828704465e-05,-0.00016638733084660892,-0.00011982298255956429,-4.349564446355762e-05,0.0,True
cyclonic,0.5,370.6884765625,129311.39130413048,1.65625,-0.00010155030751852798,-0.00010155030751852798,0.0,-4.4513269456707786e-05,-0.00014606357697523575,-0.00010155030751852798,-4.1579736717547505e-05,0.0,True
cyclonic,0.5,370.6884765625,134191.06644768256,1.7187499999999998,-8.556325333603712e-05,-8.556325333603712e-05,0.0,-4.083912820107454e-05,-0.00012640238153711165,-8.556325333603712e-05,-3.814773030829264e-05,0.0,True
cyclonic,0.5,370.6884765625,139070.74159123466,1.78125,-7.165484131514232e-05,-7.165484131514231e-05,1.3552527156068805e-20,-3.8070528913872043e-05,-0.00010972537022901435,-7.165484131514232e-05,-3.556158844894822e-05,0.0,True
cyclonic,0.5,370.6884765625,143950.41673478676,1.84375,-5.817133143561618e-05,-5.817133143561617e-05,6.776263578034403e-21,-3.537587962022439e-05,-9.354721105584056e-05,-5.817133143561618e-05,-3.3044523098694315e-05,0.0,True
cyclonic,0.5,370.6884765625,148830.09187833886,1.90625,-4.704188766754441e-05,-4.704188766754441e-05,0.0,-3.377522169167477e-05,-8.081710935921917e-05,-4.704188766754441e-05,-3.154935242136006e-05,0.0,True
cyclonic,0.5,370.6884765625,153709.76702189096,1.9687500000000002,-3.594556364078284e-05,-3.594556364078282e-05,2.0328790734103208e-20,-3.243036555549591e-05,-6.837592919627873e-05,-3.594556364078284e-05,-3.029312557602172e-05,0.0,True
cyclonic,0.5,370.6884765625,158589.44216544303,2.03125,-2.567224446295413e-05,-2.567224446295412e-05,1.0164395367051604e-20,-3.100312021244771e-05,-5.667536467540183e-05,-2.567224446295413e-05,-2.895993917296484e-05,0.0,True
cyclonic,0.5,370.6884765625,163469.11730899513,2.09375,-1.594271616905952e-05,-1.5942716169059522e-05,-3.3881317890172014e-21,-2.88412891100734e-05,-4.478400527913292e-05,-1.594271616905952e-05,-2.694057799905799e-05,0.0,True
cyclonic,0.5,370.6884765625,168348.79245254723,2.15625,-7.863230706871546e-06,-7.863230706871551e-06,-5.082197683525802e-21,-2.63972888438841e-05,-3.426051955075565e-05,-7.863230706871546e-06,-2.465764329562983e-05,0.0,True
cyclonic,0.5,370.6884765625,173228.46759609933,2.21875,-1.5910534387047108e-06,-1.5910534387047164e-06,-5.505714157152952e-21,-2.3693335553048714e-05,-2.528438899175343e-05,-1.5910534387047108e-06,-2.213188710423555e-05,0.0,True
cyclonic,0.5,370.6884765625,178108.14273965143,2.28125,3.564316897587482e-06,3.5643168975874746e-06,-7.199780051661553e-21,-2.1695217308863366e-05,-1.813090041127589e-05,3.564316897587482e-06,-2.026544971291885e-05,0.0,True
cyclonic,0.5,370.6884765625,182987.8178832035,2.34375,7.594628252875498e-06,7.5946282528754955e-06,-2.541098841762901e-21,-1.9761923727237614e-05,-1.2167295474362117e-05,7.594628252875498e-06,-1.8459564881208074e-05,0.0,True
cyclonic,0.5,370.6884765625,187867.4930267556,2.40625,1.0357023137161996e-05,1.035702313716199e-05,-5.082197683525802e-21,-1.6938607739116477e-05,-6.581584601954487e-06,1.0357023137161996e-05,-1.582231228463815e-05,0.0,True
cyclonic,0.5,370.6884765625,192747.1681703077,2.46875,1.1565660728428403e-05,1.1565660728428393e-05,-1.0164395367051604e-20,-1.4067187993101564e-05,-2.5015272646731713e-06,1.1565660728428403e-05,-1.314012608483575e-05,0.0,True
cyclonic,0.5,411.7938537597656,2439.837571776047,0.03125,-1.2163155468953839e-06,-1.2163155468953839e-06,0.0,-3.336704569001912e-08,-1.249682592585403e-06,-1.2163155468953839e-06,-6.028655661128009e-08,1.0,False
cyclonic,0.5,411.7938537597656,7319.512715328141,0.09375,-3.074133515934341e-05,-3.074133515934341e-05,0.0,-2.741745442770548e-07,-3.1015509703620463e-05,-3.074133515934341e-05,-4.953701726693416e-07,1.0,False
cyclonic,0.5,411.7938537597656,12199.187858880234,0.15625,-6.068207881703977e-05,-6.068207881703977e-05,0.0,-5.089382835894395e-08,-6.073297264539871e-05,-6.068207881703977e-05,-9.195341095013461e-08,0.0,True
cyclonic,0.5,411.7938537597656,17078.86300243233,0.21875,-9.036722992683098e-05,-9.036722992683098e-05,0.0,2.65397240147055e-08,-9.034069020281627e-05,-9.036722992683098e-05,4.7951160828688154e-08,0.0,True
cyclonic,0.5,411.7938537597656,21958.53814598442,0.28125,-0.00011862743185699508,-0.0001186274318569951,-1.3552527156068805e-20,-6.204434853354191e-07,-0.00011924787534233051,-0.00011862743185699508,-1.1209982942530095e-06,0.0,True
cyclonic,0.5,411.7938537597656,26838.213289536514,0.34375,-0.00014455454438072813,-0.00014455454438072813,0.0,-2.1565905791710135e-06,-0.00014671113495989913,-0.00014455454438072813,-3.8964618338217675e-06,0.0,True
cyclonic,0.5,411.7938537597656,31717.88843308861,0.40625,-0.00017014344606619463,-0.00017014344606619466,-2.710505431213761e-20,-4.497659378084373e-06,-0.00017464110544427902,-0.00017014344606619463,-8.126233267221655e-06,0.0,True
cyclonic,0.5,411.7938537597656,36597.5635766407,0.46874999999999994,-0.00019264795955125847,-0.0001926479595512585,-2.710505431213761e-20,-9.64204057053882e-06,-0.0002022900001217973,-0.00019264795955125847,-1.7420943709077733e-05,0.0,True
cyclonic,0.5,411.7938537597656,41477.2387201928,0.53125,-0.0002092784150821807,-0.00020927841508218073,-2.710505431213761e-20,-1.3912078555845629e-05,-0.00022319049363802635,-0.0002092784150821807,-2.513591761252156e-05,0.0,True
cyclonic,0.5,411.7938537597656,46356.91386374489,0.59375,-0.00022188314295407168,-0.00022188314295407165,2.710505431213761e-20,-1.8211495876049697e-05,-0.00024009463883012134,-0.00022188314295407168,-3.290397319880119e-05,0.0,True
cyclonic,0.5,411.7938537597656,51236.589007296985,0.65625,-0.00023105191963363744,-0.00023105191963363738,5.421010862427522e-20,-2.10359586347255e-05,-0.0002520878782683629,-0.00023105191963363744,-3.800712603945843e-05,0.0,True
cyclonic,0.5,411.7938537597656,56116.26415084908,0.71875,-0.0002374459553007612,-0.00023744595530076119,2.710505431213761e-20,-2.3513532240377212e-05,-0.0002609594875411384,-0.0002374459553007612,-4.24835301785403e-05,0.0,True
cyclonic,0.5,411.7938537597656,60995.93929440117,0.78125,-0.00024134072363371007,-0.00024134072363371007,0.0,-2.703716716532217e-05,-0.00026837789079903223,-0.00024134072363371007,-4.8849925883861015e-05,0.0,True
cyclonic,0.5,411.7938537597656,65875.61443795326,0.84375,-0.00023984669780730472,-0.00023984669780730474,-2.710505431213761e-20,-3.1017185540624475e-05,-0.00027086388334792924,-0.00023984669780730472,-5.604090123498027e-05,0.0,True
cyclonic,0.5,411.7938537597656,70755.28958150536,0.9062500000000001,-0.0002344011271073257,-0.00023440112710732564,5.421010862427522e-20,-3.4141647577435886e-05,-0.0002685427746847615,-0.0002344011271073257,-6.168608358681102e-05,0.0,True
cyclonic,0.5,411.7938537597656,75634.96472505745,0.96875,-0.00022684826351443473,-0.00022684826351443467,5.421010862427522e-20,-3.637875938588782e-05,-0.00026322702290032247,-0.00022684826351443473,-6.572802871251758e-05,0.0,True
cyclonic,0.5,411.7938537597656,80514.63986860955,1.03125,-0.0002162923713346414,-0.0002162923713346414,0.0,-3.963619141121601e-05,-0.0002559285627458574,-0.0002162923713346414,-7.161345716868703e-05,0.0,True
cyclonic,0.5,411.7938537597656,85394.31501216163,1.09375,-0.00020375774371078086,-0.00020375774371078083,2.710505431213761e-20,-4.1477495497848016e-05,-0.0002452352392086288,-0.00020375774371078086,-7.494026902037356e-05,0.0,True
cyclonic,0.5,411.7938537597656,90273.99015571373,1.15625,-0.0001910107159373087,-0.0001910107159373087,0.0,-4.3930041771440413e-05,-0.00023494075770874912,-0.0001910107159373087,-7.937145454210945e-05,0.0,True
cyclonic,0.5,411.7938537597656,95153.66529926582,1.21875,-0.00017753031386418948,-0.00017753031386418946,2.710505431213761e-20,-4.599298806352247e-05,-0.00022352330192771194,-0.00017753031386418948,-8.309872274496495e-05,0.0,True
cyclonic,0.5,411.7938537597656,100033.34044281792,1.28125,-0.00016313872411127846,-0.00016313872411127843,2.710505431213761e-20,-4.790647261837496e-05,-0.00021104519672965338,-0.00016313872411127846,-8.655594805680702e-05,0.0,True
cyclonic,0.5,411.7938537597656,104913.01558637002,1.34375,-0.00014692504320508549,-0.00014692504320508549,0.0,-4.9696418987808925e-05,-0.0001966214621928944,-0.00014692504320508549,-8.978996835739102e-05,0.0,True
cyclonic,0.5,411.7938537597656,109792.6907299221,1.40625,-0.0001303860582723087,-0.0001303860582723088,-8.131516293641283e-20,-5.016305300854623e-05,-0.00018054911128085504,-0.0001303860582723087,-9.063306841992798e-05,0.0,True
cyclonic,0.5,411.7938537597656,114672.3658734742,1.46875,-0.00011404792933258956,-0.00011404792933258954,2.710505431213761e-20,-4.897904117580157e-05,-0.0001630269705083911,-0.00011404792933258956,-8.849383208937872e-05,0.0,True
cyclonic,0.5,411.7938537597656,119552.04101702629,1.53125,-9.814181333628962e-05,-9.814181333628956e-05,5.421010862427522e-20,-4.695370129845427e-05,-0.00014509551463474382,-9.814181333628962e-05,-8.483451000533504e-05,0.0,True
cyclonic,0.5,411.7938537597656,124431.71616057839,1.59375,-8.417322501863364e-05,-8.417322501863366e-05,-1.3552527156068805e-20,-4.466975091723982e-05,-0.00012884297593587348,-8.417322501863364e-05,-8.07079383803372e-05,0.0,True
cyclonic,0.5,411.7938537597656,129311.39130413048,1.65625,-7.108345719978434e-05,-7.108345719978432e-05,1.3552527156068805e-20,-4.255460479887524e-05,-0.00011363806199865957,-7.108345719978434e-05,-7.688635712946671e-05,0.0,True
cyclonic,0.5,411.7938537597656,134191.06644768256,1.7187499999999998,-5.9386018946904155e-05,-5.938601894690413e-05,2.710505431213761e-20,-3.907721115301479e-05,-9.846323009991892e-05,-5.9386018946904155e-05,-7.060350875150618e-05,0.0,True
cyclonic,0.5,411.7938537597656,139070.74159123466,1.78125,-5.008730998591726e-05,-5.008730998591719e-05,7.453889935837843e-20,-3.653957320277086e-05,-8.662688318868806e-05,-5.008730998591726e-05,-6.601858219350183e-05,0.0,True
cyclonic,0.5,411.7938537597656,143950.41673478676,1.84375,-4.162934339257177e-05,-4.162934339257179e-05,-2.0328790734103208e-20,-3.4653033480665894e-05,-7.628237687323768e-05,-4.162934339257177e-05,-6.261003998054439e-05,0.0,True
cyclonic,0.5,411.7938537597656,148830.09187833886,1.90625,-3.390854744440977e-05,-3.390854744440972e-05,5.421010862427522e-20,-3.2784403395573005e-05,-6.669295083998272e-05,-3.390854744440977e-05,-5.9233856351431824e-05,0.0,True
cyclonic,0.5,411.7938537597656,153709.76702189096,1.9687500000000002,-2.6774036467297357e-05,-2.6774036467297354e-05,3.3881317890172014e-21,-3.139384804057364e-05,-5.816788450787099e-05,-2.6774036467297357e-05,-5.672144350826052e-05,0.0,True
cyclonic,0.5,411.7938537597656,158589.44216544303,2.03125,-2.028715797996133e-05,-2.028715797996133e-05,0.0,-2.9504580630863733e-05,-4.979173861082506e-05,-2.028715797996133e-05,-5.330797299284739e-05,0.0,True
cyclonic,0.5,411.7938537597656,163469.11730899513,2.09375,-1.492431676510879e-05,-1.4924316765108774e-05,1.6940658945086007e-20,-2.7033767836605994e-05,-4.195808460171477e-05,-1.492431676510879e-05,-4.8843784080808025e-05,0.0,True
cyclonic,0.5,411.7938537597656,168348.79245254723,2.15625,-1.0071516295686868e-05,-1.0071516295686836e-05,3.218725199566341e-20,-2.46097386571906e-05,-3.4681254952877436e-05,-1.0071516295686868e-05,-4.446412237177234e-05,0.0,True
cyclonic,0.5,411.7938537597656,173228.46759609933,2.21875,-6.7679823368983535e-06,-6.767982336898323e-06,3.049318610115481e-20,-2.2358030820682525e-05,-2.9126013157580848e-05,-6.7679823368983535e-06,-4.039580558943543e-05,0.0,True
cyclonic,0.5,411.7938537597656,178108.14273965143,2.28125,-3.7710524088202328e-06,-3.7710524088202336e-06,-8.470329472543003e-22,-2.0722915634682433e-05,-2.4493968043502666e-05,-3.7710524088202328e-06,-3.744152953087972e-05,0.0,True
cyclonic,0.5,411.7938537597656,182987.8178832035,2.34375,-1.2107288814018313e-06,-1.210728881401844e-06,-1.2705494208814505e-20,-1.8082230053039045e-05,-1.9292958934440888e-05,-1.2107288814018313e-06,-3.267041966729491e-05,0.0,True
cyclonic,0.5,411.7938537597656,187867.4930267556,2.40625,6.711728353199712e-07,6.711728353199843e-07,1.3129010682441655e-20,-1.5300116141965463e-05,-1.4628943306645479e-05,6.711728353199712e-07,-2.7643781427963528e-05,0.0,True
cyclonic,0.5,411.7938537597656,192747.1681703077,2.46875,1.6848135467890779e-06,1.6848135467890618e-06,-1.6093625997831706e-20,-1.2516201301629427e-05,-1.0831387754840366e-05,1.6848135467890779e-06,-2.26138893247767e-05,0.0,True
cyclonic,0.5,457.6256103515625,2439.837571776047,0.03125,-1.0775221247431475e-07,-1.0775221247431475e-07,0.0,5.7537382146074846e-08,-5.02148303282399e-08,-1.0775221247431475e-07,1.019552847123589e-07,1.0,False
cyclonic,0.5,457.6256103515625,7319.512715328141,0.09375,-1.0509043645317895e-05,-1.0509043645317895e-05,0.0,-3.946012884659692e-08,-1.0548503774164492e-05,-1.0509043645317895e-05,-6.992269236593367e-08,0.0,True
cyclonic,0.5,457.6256103515625,12199.187858880234,0.15625,-2.090821484675698e-05,-2.0908214846756976e-05,3.3881317890172014e-21,1.0626843981060747e-06,-1.9845530448650903e-05,-2.090821484675698e-05,1.8830590883196432e-06,0.0,True
cyclonic,0.5,457.6256103515625,17078.86300243233,0.21875,-3.178713485372455e-05,-3.1787134853724554e-05,-6.776263578034403e-21,1.82901340604196e-06,-2.9958121447682592e-05,-3.178713485372455e-05,3.2409813516072644e-06,0.0,True
cyclonic,0.5,457.6256103515625,21958.53814598442,0.28125,-4.243241014224448e-05,-4.2432410142244456e-05,2.0328790734103208e-20,1.628496556779277e-07,-4.2269560486566526e-05,-4.243241014224448e-05,2.8856688279283143e-07,0.0,True
cyclonic,0.5,457.6256103515625,26838.213289536514,0.34375,-5.412569106887029e-05,-5.4125691068870275e-05,1.3552527156068805e-20,-2.819626133735186e-06,-5.694531720260546e-05,-5.412569106887029e-05,-4.996330638010962e-06,0.0,True
cyclonic,0.5,457.6256103515625,31717.88843308861,0.40625,-6.667654167779531e-05,-6.667654167779525e-05,5.421010862427522e-20,-1.1881324845190471e-05,-7.855786652298573e-05,-6.667654167779531e-05,-2.1053510121055386e-05,0.0,True
cyclonic,0.5,457.6256103515625,36597.5635766407,0.46874999999999994,-7.382523215961516e-05,-7.382523215961512e-05,4.0657581468206416e-20,-2.705481560070348e-05,-0.00010088004776031859,-7.382523215961516e-05,-4.794068350915175e-05,0.0,True
cyclonic,0.5,457.6256103515625,41477.2387201928,0.53125,-7.744721624100326e-05,-7.744721624100318e-05,8.131516293641283e-20,-3.521103616972836e-05,-0.00011265825241073154,-7.744721624100326e-05,-6.239337077567623e-05,0.0,True
cyclonic,0.5,457.6256103515625,46356.91386374489,0.59375,-8.214386402243971e-05,-8.214386402243962e-05,9.486769009248164e-20,-4.0244790033705674e-05,-0.00012238865405614528,-8.214386402243971e-05,-7.131309894597771e-05,0.0,True
cyclonic,0.5,457.6256103515625,51236.589007296985,0.65625,-8.645344223437365e-05,-8.645344223437356e-05,9.486769009248164e-20,-4.686703633342485e-05,-0.0001333204785677984,-8.645344223437365e-05,-8.304760930672226e-05,0.0,True
cyclonic,0.5,457.6256103515625,56116.26415084908,0.71875,-9.061706889110016e-05,-9.061706889110002e-05,1.3552527156068805e-19,-5.222992577847043e-05,-0.00014284699466957044,-9.061706889110016e-05,-9.255056025541826e-05,0.0,True
cyclonic,0.5,457.6256103515625,60995.93929440117,0.78125,-9.385135545754178e-05,-9.385135545754173e-05,5.421010862427522e-20,-6.0931976705732266e-05,-0.000154783332163274,-9.385135545754178e-05,-0.00010797044984333816,0.0,True
cyclonic,0.5,457.6256103515625,65875.61443795326,0.84375,-9.412408806620028e-05,-9.412408806620017e-05,1.0842021724855044e-19,-6.863727332436653e-05,-0.0001627613613905667,-9.412408806620028e-05,-0.0001216241073655309,0.0,True
cyclonic,0.5,457.6256103515625,70755.28958150536,0.9062500000000001,-9.461420162935752e-05,-9.461420162935744e-05,8.131516293641283e-20,-7.483188335414806e-05,-0.0001694460849835055,-9.461420162935752e-05,-0.00013260085336459258,0.0,True
cyclonic,0.5,457.6256103515625,75634.96472505745,0.96875,-9.35257166084848e-05,-9.352571660848479e-05,1.3552527156068805e-20,-8.109728019561168e-05,-0.00017462299680409647,-9.35257166084848e-05,-0.00014370303241725764,0.0,True
cyclonic,0.5,457.6256103515625,80514.63986860955,1.03125,-9.21784622948603e-05,-9.217846229486021e-05,8.131516293641283e-20,-8.48881674148192e-05,-0.0001770666297096794,-9.21784622948603e-05,-0.00015042042155334143,0.0,True
cyclonic,0.5,457.6256103515625,85394.31501216163,1.09375,-8.980203263516988e-05,-8.980203263516966e-05,2.168404344971009e-19,-9.091493141351247e-05,-0.00018071696404868212,-8.980203263516988e-05,-0.00016109974717543851,0.0,True
cyclonic,0.5,457.6256103515625,90273.99015571373,1.15625,-8.582344179711343e-05,-8.582344179711328e-05,1.4907779871675686e-19,-9.573099040685053e-05,-0.0001815544322039638,-8.582344179711343e-05,-0.00016963372365373395,0.0,True
cyclonic,0.5,457.6256103515625,95153.66529926582,1.21875,-8.215079387879047e-05,-8.215079387879025e-05,2.168404344971009e-19,-9.902698791936849e-05,-0.00018117778179815874,-8.215079387879047e-05,-0.00017547417645617203,0.0,True
cyclonic,0.5,457.6256103515625,100033.34044281792,1.28125,-7.844541100309625e-05,-7.8445411003096e-05,2.439454888092385e-19,-0.00010302402554023683,-0.00018146943654333283,-7.844541100309625e-05,-0.0001825568606771371,0.0,True
cyclonic,0.5,457.6256103515625,104913.01558637002,1.34375,-7.258121523924543e-05,-7.258121523924524e-05,1.8973538018496328e-19,-0.00010798169018985603,-0.00018056290542910127,-7.258121523924543e-05,-0.00019134176002443568,0.0,True
cyclonic,0.5,457.6256103515625,109792.6907299221,1.40625,-6.722534378707274e-05,-6.722534378707244e-05,2.981555974335137e-19,-0.00010831728371775688,-0.00017554262750482931,-6.722534378707274e-05,-0.00019193642617726638,0.0,True
cyclonic,0.5,457.6256103515625,114672.3658734742,1.46875,-6.094783921790432e-05,-6.094783921790404e-05,2.778268066994105e-19,-0.00010866676132166613,-0.00016961460053957017,-6.094783921790432e-05,-0.00019255569468198738,0.0,True
cyclonic,0.5,457.6256103515625,119552.04101702629,1.53125,-5.5663699600018364e-05,-5.566369960001822e-05,1.4230153513872246e-19,-0.00010421674000268163,-0.00015988043960269986,-5.5663699600018364e-05,-0.00018467033087796034,0.0,True
cyclonic,0.5,457.6256103515625,124431.71616057839,1.59375,-5.170585339759857e-05,-5.1705853397598425e-05,1.4230153513872246e-19,-9.949158852297399e-05,-0.00015119744192057242,-5.170585339759857e-05,-0.00017629744100265202,0.0,True
cyclonic,0.5,457.6256103515625,129311.39130413048,1.65625,-4.670662152382329e-05,-4.6706621523823154e-05,1.3552527156068805e-19,-9.36006991599688e-05,-0.00014030732068379196,-4.670662152382329e-05,-0.0001658588829763346,0.0,True
cyclonic,0.5,457.6256103515625,134191.06644768256,1.7187499999999998,-4.227186445332203e-05,-4.227186445332177e-05,2.574980159653073e-19,-8.706567651495409e-05,-0.00012933754096827586,-4.227186445332203e-05,-0.0001542789314817976,0.0,True
cyclonic,0.5,457.6256103515625,139070.74159123466,1.78125,-3.8020098636264926e-05,-3.802009863626476e-05,1.6263032587282567e-19,-8.110119865132386e-05,-0.00011912129728758862,-3.8020098636264926e-05,-0.0001437099758556427,0.0,True
cyclonic,0.5,457.6256103515625,143950.41673478676,1.84375,-3.4930390561047065e-05,-3.493039056104701e-05,5.421010862427522e-20,-7.771681688993813e-05,-0.00011264720745098514,-3.4930390561047065e-05,-0.00013771290763343235,0.0,True
cyclonic,0.5,457.6256103515625,148830.09187833886,1.90625,-3.239169638323654e-05,-3.239169638323647e-05,6.776263578034403e-20,-7.478732655197792e-05,-0.0001071790229352144,-3.239169638323654e-05,-0.00013252189945181988,0.0,True
cyclonic,0.5,457.6256103515625,153709.76702189096,1.9687500000000002,-2.8695525518235304e-05,-2.8695525518235216e-05,8.809142651444724e-20,-7.20351515421215e-05,-0.00010073067706035672,-2.8695525518235304e-05,-0.00012764509108407435,0.0,True
cyclonic,0.5,457.6256103515625,158589.44216544303,2.03125,-2.514448436644711e-05,-2.5144484366446974e-05,1.3552527156068805e-19,-6.713952139584961e-05,-9.228400576229659e-05,-2.514448436644711e-05,-0.00011897011584550054,0.0,True
cyclonic,0.5,457.6256103515625,163469.11730899513,2.09375,-2.1448277467306938e-05,-2.1448277467306898e-05,4.0657581468206416e-20,-6.12070410305357e-05,-8.26553184978426e-05,-2.1448277467306938e-05,-0.0001084578592544641,0.0,True
cyclonic,0.5,457.6256103515625,168348.79245254723,2.15625,-1.83509503256527e-05,-1.8350950325652558e-05,1.4230153513872246e-19,-5.5458246328162745e-05,-7.38091966538153e-05,-1.83509503256527e-05,-9.827109060473122e-05,0.0,True
cyclonic,0.5,457.6256103515625,173228.46759609933,2.21875,-1.5737326358393847e-05,-1.573732635839377e-05,7.792703114739563e-20,-4.992674325592823e-05,-6.5664069614322e-05,-1.5737326358393847e-05,-8.846935911154003e-05,0.0,True
cyclonic,0.5,457.6256103515625,178108.14273965143,2.28125,-1.3209550065650335e-05,-1.3209550065650257e-05,7.792703114739563e-20,-4.529657368845007e-05,-5.850612375410033e-05,-1.3209550065650335e-05,-8.026477560580716e-05,0.0,True
cyclonic,0.5,457.6256103515625,182987.8178832035,2.34375,-9.82983259633671e-06,-9.829832596336607e-06,1.0333801956502464e-19,-3.955190867016319e-05,-4.9381741266499795e-05,-9.82983259633671e-06,-7.008532468762659e-05,0.0,True
cyclonic,0.5,457.6256103515625,187867.4930267556,2.40625,-6.891035234724429e-06,-6.891035234724374e-06,5.421010862427522e-20,-3.3060998977859444e-05,-3.9952034212583815e-05,-6.891035234724429e-06,-5.8583540611998735e-05,0.0,True
cyclonic,0.5,457.6256103515625,192747.1681703077,2.46875,-3.7161514131927063e-06,-3.7161514131926495e-06,5.675120746603812e-20,-2.7009193583492865e-05,-3.072534499668552e-05,-3.7161514131927063e-06,-4.7859842053034556e-05,0.0,True
cyclonic,0.5,508.639892578125,2439.837571776047,0.03125,5.924234746671485e-07,5.924234746671485e-07,0.0,-1.708249171153016e-07,4.215985575518469e-07,5.924234746671485e-07,-1.6667892752698645e-07,0.0,True
cyclonic,0.5,508.639892578125,7319.512715328141,0.09375,-5.428146417665835e-06,-5.4281464176658355e-06,-8.470329472543003e-22,5.862357915294386e-07,-4.841910626136397e-06,-5.428146417665835e-06,5.720076125903075e-07,0.0,True
cyclonic,0.5,508.639892578125,12199.187858880234,0.15625,-1.1712174578356304e-05,-1.1712174578356305e-05,-1.6940658945086007e-21,3.338257689988395e-06,-8.37391688836791e-06,-1.1712174578356304e-05,3.2572368303882523e-06,0.0,True
cyclonic,0.5,508.639892578125,17078.86300243233,0.21875,-1.9534546663097422e-05,-1.953454666309741e-05,1.0164395367051604e-20,3.4010240583397114e-06,-1.61335226047577e-05,-1.9534546663097422e-05,3.3184798336820856e-06,0.0,True
cyclonic,0.5,508.639892578125,21958.53814598442,0.28125,-2.8874204625265935e-05,-2.887420462526593e-05,3.3881317890172014e-21,-5.554987715098888e-06,-3.442919234036482e-05,-2.8874204625265935e-05,-5.420165924349981e-06,0.0,True
cyclonic,0.5,508.639892578125,26838.213289536514,0.34375,-3.626514530473623e-05,-3.626514530473622e-05,1.3552527156068805e-20,-2.7827100784155174e-05,-6.40922460888914e-05,-3.626514530473623e-05,-2.715172583258279e-05,0.0,True
cyclonic,0.5,508.639892578125,31717.88843308861,0.40625,-4.015396814557237e-05,-4.0153968145572364e-05,6.776263578034403e-21,-4.786962912603154e-05,-8.80235972716039e-05,-4.015396814557237e-05,-4.6707813933584674e-05,0.0,True
cyclonic,0.5,508.639892578125,36597.5635766407,0.46874999999999994,-4.231320202284263e-05,-4.2313202022842614e-05,1.3552527156068805e-20,-6.1021534630939967e-05,-0.00010333473665378258,-4.231320202284263e-05,-5.9540517391094766e-05,0.0,True
cyclonic,0.5,508.639892578125,41477.2387201928,0.53125,-4.565672857604487e-05,-4.5656728576044837e-05,3.3881317890172014e-20,-6.68196136890612e-05,-0.00011247634226510604,-4.565672857604487e-05,-6.519787473359547e-05,0.0,True
cyclonic,0.5,508.639892578125,46356.91386374489,0.59375,-5.043437250793789e-05,-5.043437250793788e-05,1.3552527156068805e-20,-7.302699904617279e-05,-0.00012346137155411067,-5.043437250793789e-05,-7.125460434624168e-05,0.0,True
cyclonic,0.5,508.639892578125,51236.589007296985,0.65625,-5.491065586072653e-05,-5.491065586072653e-05,0.0,-8.050732940974917e-05,-0.0001354179852704757,-5.491065586072653e-05,-7.855338407699316e-05,0.0,True
cyclonic,0.5,508.639892578125,56116.26415084908,0.71875,-6.0544044111433725e-05,-6.054404411143367e-05,5.421010862427522e-20,-8.918790459709361e-05,-0.00014973194870852727,-6.0544044111433725e-05,-8.702327820588857e-05,0.0,True
cyclonic,0.5,508.639892578125,60995.93929440117,0.78125,-6.624672744681981e-05,-6.624672744681977e-05,4.0657581468206416e-20,-0.0001011044547483586,-0.00016735118219517837,-6.624672744681981e-05,-9.86506088820905e-05,0.0,True
cyclonic,0.5,508.639892578125,65875.61443795326,0.84375,-7.101439057873184e-05,-7.101439057873173e-05,1.0842021724855044e-19,-0.00011341240825046534,-0.00018442679882919708,-7.101439057873184e-05,-0.00011065984339205654,0.0,True
cyclonic,0.5,508.639892578125,70755.28958150536,0.9062500000000001,-7.563438630077127e-05,-7.563438630077114e-05,1.2197274440461925e-19,-0.00012343679226358245,-0.0001990711785643536,-7.563438630077127e-05,-0.00012044093156490927,0.0,True
cyclonic,0.5,508.639892578125,75634.96472505745,0.96875,-8.036280050610924e-05,-8.036280050610911e-05,1.2197274440461925e-19,-0.00013493195249540826,-0.00021529475300151736,-8.036280050610924e-05,-0.0001316570996248554,0.0,True
cyclonic,0.5,508.639892578125,80514.63986860955,1.03125,-8.240694533113872e-05,-8.240694533113856e-05,1.6263032587282567e-19,-0.00014831834501292956,-0.0002307252903440681,-8.240694533113872e-05,-0.00014471859900067375,0.0,True
cyclonic,0.5,508.639892578125,85394.31501216163,1.09375,-8.277055740918192e-05,-8.277055740918174e-05,1.7618285302889447e-19,-0.00015537137654455786,-0.0002381419339537396,-8.277055740918192e-05,-0.00015160045061434865,0.0,True
cyclonic,0.5,508.639892578125,90273.99015571373,1.15625,-8.290753222689703e-05,-8.290753222689691e-05,1.2197274440461925e-19,-0.00016123924344633246,-0.00024414677567322936,-8.290753222689703e-05,-0.0001573259020214097,0.0,True
cyclonic,0.5,508.639892578125,95153.66529926582,1.21875,-8.27641651951567e-05,-8.276416519515658e-05,1.2197274440461925e-19,-0.00016859570207636797,-0.00025135986727152455,-8.27641651951567e-05,-0.00016450381643551908,0.0,True
cyclonic,0.5,508.639892578125,100033.34044281792,1.28125,-8.089509335525189e-05,-8.089509335525186e-05,2.710505431213761e-20,-0.00017771143154758827,-0.00025860652490284014,-8.089509335525189e-05,-0.00017339830347843445,0.0,True
cyclonic,0.5,508.639892578125,104913.01558637002,1.34375,-7.713947836238405e-05,-7.713947836238396e-05,9.486769009248164e-20,-0.0001845341559963509,-0.00026167363435873484,-7.713947836238405e-05,-0.0001800554376549687,0.0,True
cyclonic,0.5,508.639892578125,109792.6907299221,1.40625,-7.299988521401854e-05,-7.299988521401838e-05,1.6263032587282567e-19,-0.00018509905239373362,-0.00025809893760775197,-7.299988521401854e-05,-0.00018060662378910895,0.0,True
cyclonic,0.5,508.639892578125,114672.3658734742,1.46875,-6.817898178361836e-05,-6.817898178361843e-05,-6.776263578034403e-20,-0.00018283582549133743,-0.00025101480727495585,-6.817898178361836e-05,-0.00017839832631581353,0.0,True
cyclonic,0.5,508.639892578125,119552.04101702629,1.53125,-6.392859720507832e-05,-6.392859720507824e-05,8.131516293641283e-20,-0.00017743279086336955,-0.0002413613880684478,-6.392859720507832e-05,-0.00017312642551592613,0.0,True
cyclonic,0.5,508.639892578125,124431.71616057839,1.59375,-6.0083783736474964e-05,-6.008378373647485e-05,1.1519648082658485e-19,-0.0001691725048087658,-0.00022925628854524065,-6.0083783736474964e-05,-0.00016506661993312484,0.0,True
cyclonic,0.5,508.639892578125,129311.39130413048,1.65625,-5.5966862672566864e-05,-5.596686267256671e-05,1.5585406229479126e-19,-0.00015809032136090726,-0.00021405718403347398,-5.5966862672566864e-05,-0.00015425340554415135,0.0,True
cyclonic,0.5,508.639892578125,134191.06644768256,1.7187499999999998,-5.2225834923517316e-05,-5.222583492351721e-05,1.0842021724855044e-19,-0.0001520263553757973,-0.0002042521902993145,-5.2225834923517316e-05,-0.000148336614457544,0.0,True
cyclonic,0.5,508.639892578125,139070.74159123466,1.78125,-4.738224194212874e-05,-4.738224194212884e-05,-1.0164395367051604e-19,-0.00014097863943759743,-0.00018836088137972628,-4.738224194212874e-05,-0.00013755703103787785,0.0,True
cyclonic,0.5,508.639892578125,143950.41673478676,1.84375,-4.403707614970156e-05,-4.403707614970146e-05,1.0164395367051604e-19,-0.00013260201164903897,-0.00017663908779874042,-4.403707614970156e-05,-0.00012938370738189577,0.0,True
cyclonic,0.5,508.639892578125,148830.09187833886,1.90625,-3.9709734288704414e-05,-3.97097342887043e-05,1.1519648082658485e-19,-0.00012874583346286493,-0.00016845556775156923,-3.9709734288704414e-05,-0.00012562112019450894,0.0,True
cyclonic,0.5,508.639892578125,153709.76702189096,1.9687500000000002,-3.5049210060266845e-05,-3.5049210060266764e-05,8.131516293641283e-20,-0.00012045650263078835,-0.0001555057126910551,-3.5049210060266845e-05,-0.00011753297476269042,0.0,True
cyclonic,0.5,508.639892578125,158589.44216544303,2.03125,-3.05875282479283e-05,-3.058752824792828e-05,2.0328790734103208e-20,-0.00011244992479362987,-0.00014303745304155815,-3.05875282479283e-05,-0.00010972071979664147,0.0,True
cyclonic,0.5,508.639892578125,163469.11730899513,2.09375,-2.7522193480780034e-05,-2.752219348077992e-05,1.1519648082658485e-19,-0.000101144141921525,-0.0001286663354023049,-2.7522193480780034e-05,-9.868933283156848e-05,0.0,True
cyclonic,0.5,508.639892578125,168348.79245254723,2.15625,-2.430773914154138e-05,-2.430773914154134e-05,3.7269449679189215e-20,-9.325791007259616e-05,-0.0001175656492141375,-2.430773914154138e-05,-9.099450300811013e-05,0.0,True
cyclonic,0.5,508.639892578125,173228.46759609933,2.21875,-2.1046031302290605e-05,-2.1046031302290595e-05,1.0164395367051604e-20,-8.372875240799104e-05,-0.00010477478371028163,-2.1046031302290605e-05,-8.169662184069306e-05,0.0,True
cyclonic,0.5,508.639892578125,178108.14273965143,2.28125,-1.7991179811801138e-05,-1.79911798118011e-05,3.7269449679189215e-20,-7.613500997275881e-05,-9.412618978455991e-05,-1.7991179811801138e-05,-7.428718259497487e-05,0.0,True
cyclonic,0.5,508.639892578125,182987.8178832035,2.34375,-1.3299931221900016e-05,-1.3299931221899965e-05,5.082197683525802e-20,-6.52133016345174e-05,-7.851323285641736e-05,-1.3299931221900016e-05,-6.36305485200296e-05,0.0,True
cyclonic,0.5,508.639892578125,187867.4930267556,2.40625,-9.838033544734412e-06,-9.838033544734344e-06,6.776263578034403e-20,-5.414765786921611e-05,-6.398569141395046e-05,-9.838033544734412e-06,-5.283347238885148e-05,0.0,True
cyclonic,0.5,508.639892578125,192747.1681703077,2.46875,-5.943253452964713e-06,-5.943253452964627e-06,8.639736061993863e-20,-4.458689680769813e-05,-5.053015026066275e-05,-5.943253452964713e-06,-4.350475485170218e-05,0.0,True
cyclonic,0.5,565.2922973632812,2439.837571776047,0.03125,-3.483324468945404e-07,-3.483324468945404e-07,0.0,6.960985975806291e-09,-3.413714609187341e-07,-3.483324468945404e-07,4.048519450290142e-09,1.0,False
cyclonic,0.5,565.2922973632812,7319.512715328141,0.09375,-1.2061276066864017e-05,-1.2061276066864017e-05,0.0,-1.3727352048565375e-07,-1.219854958734967e-05,-1.2061276066864017e-05,-7.983847685192304e-08,0.0,True
cyclonic,0.5,565.2922973632812,12199.187858880234,0.15625,-2.400054438975429e-05,-2.4000544389754298e-05,-6.776263578034403e-21,1.3073019293893037e-07,-2.3869814196815367e-05,-2.400054438975429e-05,7.603286814439213e-08,0.0,True
cyclonic,0.5,565.2922973632812,17078.86300243233,0.21875,-3.575713990594053e-05,-3.5757139905940535e-05,-6.776263578034403e-21,3.4066218043382525e-08,-3.572307368789715e-05,-3.575713990594053e-05,1.9812961385902537e-08,0.0,True
cyclonic,0.5,565.2922973632812,21958.53814598442,0.28125,-4.698755236563319e-05,-4.698755236563322e-05,-3.3881317890172014e-20,-3.201396945438416e-07,-4.730769206017706e-05,-4.698755236563319e-05,-1.861937065633236e-07,0.0,True
cyclonic,0.5,565.2922973632812,26838.213289536514,0.34375,-5.716648889917318e-05,-5.7166488899173215e-05,-3.3881317890172014e-20,-1.2073978658081379e-06,-5.8373886764981356e-05,-5.716648889917318e-05,-7.022243344480888e-07,0.0,True
cyclonic,0.5,565.2922973632812,31717.88843308861,0.40625,-6.662394352975928e-05,-6.662394352975934e-05,-6.776263578034403e-20,-1.9035554988782792e-06,-6.852749902863762e-05,-6.662394352975928e-05,-1.1071106146026698e-06,0.0,True
cyclonic,0.5,565.2922973632812,36597.5635766407,0.46874999999999994,-7.51696073140604e-05,-7.516960731406046e-05,-6.776263578034403e-20,-2.7056217140466437e-06,-7.78752290281071e-05,-7.51696073140604e-05,-1.5735934783543957e-06,0.0,True
cyclonic,0.5,565.2922973632812,41477.2387201928,0.53125,-8.338187880535754e-05,-8.338187880535766e-05,-1.2197274440461925e-19,-3.159275443626363e-06,-8.654115424898403e-05,-8.338187880535754e-05,-1.8374391396276065e-06,0.0,True
cyclonic,0.5,565.2922973632812,46356.91386374489,0.59375,-9.096956520364749e-05,-9.096956520364763e-05,-1.3552527156068805e-19,-4.659191774755699e-06,-9.562875697840333e-05,-9.096956520364749e-05,-2.7097926340162483e-06,0.0,True
cyclonic,0.5,565.2922973632812,51236.589007296985,0.65625,-9.847599107791797e-05,-9.847599107791813e-05,-1.6263032587282567e-19,-6.138366700313021e-06,-0.00010461435777823115,-9.847599107791797e-05,-3.5700828971074114e-06,0.0,True
cyclonic,0.5,565.2922973632812,56116.26415084908,0.71875,-0.00010636661385476244,-0.00010636661385476258,-1.4907779871675686e-19,-9.853378787895637e-06,-0.00011621999264265822,-0.00010636661385476244,-5.730739267758854e-06,0.0,True
cyclonic,0.5,565.2922973632812,60995.93929440117,0.78125,-0.00011337280415014857,-0.00011337280415014869,-1.2197274440461925e-19,-1.5063037314080068e-05,-0.00012843584146422877,-0.00011337280415014857,-8.760684155729198e-06,0.0,True
cyclonic,0.5,565.2922973632812,65875.61443795326,0.84375,-0.00011882370082954824,-0.00011882370082954835,-1.0842021724855044e-19,-2.0699775041037357e-05,-0.0001395234758705857,-0.00011882370082954824,-1.2039018920816488e-05,0.0,True
cyclonic,0.5,565.2922973632812,70755.28958150536,0.9062500000000001,-0.00012305112497824615,-0.0001230511249782463,-1.6263032587282567e-19,-2.580757139632291e-05,-0.0001488586963745692,-0.00012305112497824615,-1.5009720623760142e-05,0.0,True
cyclonic,0.5,565.2922973632812,75634.96472505745,0.96875,-0.00012633654067883642,-0.0001263365406788366,-1.6263032587282567e-19,-3.115518401164606e-05,-0.00015749172469048265,-0.00012633654067883642,-1.8119899808289386e-05,0.0,True
cyclonic,0.5,565.2922973632812,80514.63986860955,1.03125,-0.0001268205368647951,-0.00012682053686479517,-8.131516293641283e-20,-3.5049487394360896e-05,-0.00016187002425915607,-0.0001268205368647951,-2.0384832253929818e-05,0.0,True
cyclonic,0.5,565.2922973632812,85394.31501216163,1.09375,-0.00012612050474508957,-0.00012612050474508987,-2.981555974335137e-19,-3.7739912170721897e-05,-0.00016386041691581176,-0.00012612050474508957,-2.1949587171479898e-05,0.0,True
cyclonic,0.5,565.2922973632812,90273.99015571373,1.15625,-0.0001243193619867843,-0.0001243193619867846,-2.981555974335137e-19,-3.976511751318654e-05,-0.00016408447949997114,-0.0001243193619867843,-2.3127449509990056e-05,0.0,True
cyclonic,0.5,565.2922973632812,95153.66529926582,1.21875,-0.00012127584889700985,-0.00012127584889701019,-3.3881317890172014e-19,-4.218542153269638e-05,-0.00016346127042970657,-0.00012127584889700985,-2.4535101807043567e-05,0.0,True
cyclonic,0.5,565.2922973632812,100033.34044281792,1.28125,-0.00011669266689146734,-0.00011669266689146765,-3.1170812458958252e-19,-4.392222447854656e-05,-0.0001606148913700142,-0.00011669266689146734,-2.5545228897090064e-05,0.0,True
cyclonic,0.5,565.2922973632812,104913.01558637002,1.34375,-0.00011115344948731825,-0.0001111534494873187,-4.472333961502706e-19,-4.566224917331445e-05,-0.00015681569866063315,-0.00011115344948731825,-2.655722976093852e-05,0.0,True
cyclonic,0.5,565.2922973632812,109792.6907299221,1.40625,-0.00010366444267560311,-0.00010366444267560352,-4.0657581468206416e-19,-4.604199476938461e-05,-0.00014970643744498813,-0.00010366444267560311,-2.677809034551598e-05,0.0,True
cyclonic,0.5,565.2922973632812,114672.3658734742,1.46875,-9.556799963441758e-05,-9.556799963441794e-05,-3.6591823321385775e-19,-4.6239480677868604e-05,-0.00014180748031228656,-9.556799963441758e-05,-2.689294843378602e-05,0.0,True
cyclonic,0.5,565.2922973632812,119552.04101702629,1.53125,-8.661133001737012e-05,-8.661133001737038e-05,-2.574980159653073e-19,-4.492679393579944e-05,-0.00013153812395316983,-8.661133001737012e-05,-2.6129487937546555e-05,0.0,True
cyclonic,0.5,565.2922973632812,124431.71616057839,1.59375,-7.833433407686682e-05,-7.833433407686707e-05,-2.439454888092385e-19,-4.298466752098854e-05,-0.0001213190015978556,-7.833433407686682e-05,-2.4999944422789877e-05,0.0,True
cyclonic,0.5,565.2922973632812,129311.39130413048,1.65625,-6.848919322625383e-05,-6.848919322625404e-05,-2.0328790734103208e-19,-4.167202054448951e-05,-0.00011016121377074354,-6.848919322625383e-05,-2.4236507054263167e-05,0.0,True
cyclonic,0.5,565.2922973632812,134191.06644768256,1.7187499999999998,-5.9657286045247196e-05,-5.965728604524747e-05,-2.710505431213761e-19,-4.0404951671275e-05,-0.00010006223771652247,-5.9657286045247196e-05,-2.3499577976127516e-05,0.0,True
cyclonic,0.5,565.2922973632812,139070.74159123466,1.78125,-5.1508293927073214e-05,-5.150829392707347e-05,-2.574980159653073e-19,-3.776601912087424e-05,-8.927431304794771e-05,-5.1508293927073214e-05,-2.1964771011218532e-05,0.0,True
cyclonic,0.5,565.2922973632812,143950.41673478676,1.84375,-4.296578131808787e-05,-4.29657813180879e-05,-2.710505431213761e-20,-3.519140350831084e-05,-7.815718482639874e-05,-4.296578131808787e-05,-2.046737086981453e-05,0.0,True
cyclonic,0.5,565.2922973632812,148830.09187833886,1.90625,-3.521436816474393e-05,-3.521436816474406e-05,-1.2874900798265365e-19,-3.218972369872962e-05,-6.740409186347368e-05,-3.521436816474393e-05,-1.8721589577499088e-05,0.0,True
cyclonic,0.5,565.2922973632812,153709.76702189096,1.9687500000000002,-2.8355885544001174e-05,-2.835588554400135e-05,-1.7618285302889447e-19,-3.0365554640753232e-05,-5.872144018475458e-05,-2.8355885544001174e-05,-1.766065023104689e-05,0.0,True
cyclonic,0.5,565.2922973632812,158589.44216544303,2.03125,-1.977014369081824e-05,-1.9770143690818357e-05,-1.1858461261560205e-19,-2.9029279976555645e-05,-4.8799423667374e-05,-1.977014369081824e-05,-1.6883470965388735e-05,0.0,True
cyclonic,0.5,565.2922973632812,163469.11730899513,2.09375,-1.3543828314392474e-05,-1.3543828314392491e-05,-1.6940658945086007e-20,-2.6149920173768772e-05,-3.969374848816126e-05,-1.3543828314392474e-05,-1.5208831164865936e-05,0.0,True
cyclonic,0.5,565.2922973632812,168348.79245254723,2.15625,-8.541354013556205e-06,-8.541354013556349e-06,-1.4399560103323106e-19,-2.2686208236245104e-05,-3.122756224980145e-05,-8.541354013556205e-06,-1.3194331322745157e-05,0.0,True
cyclonic,0.5,565.2922973632812,173228.46759609933,2.21875,-4.753677696873039e-06,-4.753677696873134e-06,-9.486769009248164e-20,-2.1086993185613305e-05,-2.584067088248644e-05,-4.753677696873039e-06,-1.226422555034707e-05,0.0,True
cyclonic,0.5,565.2922973632812,178108.14273965143,2.28125,2.5335209111142903e-07,2.5335209111134496e-07,-8.406802001498931e-20,-1.913370050117852e-05,-1.8880348410067173e-05,2.5335209111142903e-07,-1.1128187717125074e-05,0.0,True
cyclonic,0.5,565.2922973632812,182987.8178832035,2.34375,4.354259580170378e-06,4.354259580170329e-06,-4.828087799349512e-20,-1.6226719370175726e-05,-1.1872459790005397e-05,4.354259580170378e-06,-9.437483312404873e-06,0.0,True
cyclonic,0.5,565.2922973632812,187867.4930267556,2.40625,8.319508015381155e-06,8.319508015381159e-06,3.3881317890172014e-21,-1.3564072657616844e-05,-5.244564642235685e-06,8.319508015381155e-06,-7.888884156694447e-06,0.0,True
cyclonic,0.5,565.2922973632812,192747.1681703077,2.46875,1.02607300125704e-05,1.0260730012570359e-05,-4.0657581468206416e-20,-1.1609821062281936e-05,-1.3490910497115767e-06,1.02607300125704e-05,-6.752288619514459e-06,0.0,True
cyclonic,0.5,628.0260009765625,2439.837571776047,0.03125,1.670533067248212e-06,1.670533067248212e-06,0.0,1.6186379714414192e-08,1.6867194469626262e-06,1.670533067248212e-06,1.571978386412816e-08,1.0,False
cyclonic,0.5,628.0260009765625,7319.512715328141,0.09375,-1.7984001901045943e-05,-1.7984001901045943e-05,0.0,7.25077583336921e-08,-1.791149414271225e-05,-1.7984001901045943e-05,7.041761713170883e-08,1.0,False
cyclonic,0.5,628.0260009765625,12199.187858880234,0.15625,-3.6557432377950144e-05,-3.6557432377950144e-05,0.0,1.6884459850210816e-07,-3.6388587779448036e-05,-3.6557432377950144e-05,1.6397740828451195e-07,1.0,False
cyclonic,0.5,628.0260009765625,17078.86300243233,0.21875,-5.4881334103071684e-05,-5.4881334103071704e-05,-2.0328790734103208e-20,2.691088827216995e-07,-5.4612225220350004e-05,-5.4881334103071684e-05,2.6135142922261735e-07,1.0,False
cyclonic,0.5,628.0260009765625,21958.53814598442,0.28125,-7.252232150575722e-05,-7.252232150575725e-05,-2.710505431213761e-20,3.201238476485098e-07,-7.220219765810874e-05,-7.252232150575722e-05,3.108958138617219e-07,1.0,False
cyclonic,0.5,628.0260009765625,26838.213289536514,0.34375,-8.848556831629212e-05,-8.848556831629217e-05,-5.421010862427522e-20,3.1410274886140683e-07,-8.817146556743076e-05,-8.848556831629212e-05,3.050482819720842e-07,1.0,False
cyclonic,0.5,628.0260009765625,31717.88843308861,0.40625,-0.00010259195065911516,-0.00010259195065911527,-1.0842021724855044e-19,3.38942433214727e-07,-0.00010225300822590054,-0.00010259195065911516,3.2917192642975347e-07,1.0,False
cyclonic,0.5,628.0260009765625,36597.5635766407,0.46874999999999994,-0.00011505869977059957,-0.00011505869977059968,-1.0842021724855044e-19,3.5656744883475815e-07,-0.00011470213232176493,-0.00011505869977059957,3.46288875434851e-07,1.0,False
cyclonic,0.5,628.0260009765625,41477.2387201928,0.53125,-0.00012586367210432707,-0.00012586367210432723,-1.6263032587282567e-19,3.8223647568571657e-07,-0.00012548143562864152,-0.00012586367210432707,3.71217955390898e-07,0.0,True
cyclonic,0.5,628.0260009765625,46356.91386374489,0.59375,-0.0001350364812858324,-0.00013503648128583264,-2.439454888092385e-19,4.015284806125562e-07,-0.00013463495280522007,-0.0001350364812858324,3.899538403204695e-07,0.0,True
cyclonic,0.5,628.0260009765625,51236.589007296985,0.65625,-0.00014299829705402832,-0.0001429982970540285,-1.8973538018496328e-19,3.2588674197948756e-07,-0.00014267241031204903,-0.00014299829705402832,3.164925844128358e-07,0.0,True
cyclonic,0.5,628.0260009765625,56116.26415084908,0.71875,-0.00014865076175803052,-0.00014865076175803069,-1.6263032587282567e-19,7.096626574562646e-08,-0.00014857979549228506,-0.00014865076175803052,6.89205603012078e-08,0.0,True
cyclonic,0.5,628.0260009765625,60995.93929440117,0.78125,-0.00015144416141660635,-0.00015144416141660657,-2.168404344971009e-19,-3.405536737782458e-07,-0.00015178471509038482,-0.00015144416141660635,-3.307367206492464e-07,0.0,True
cyclonic,0.5,628.0260009765625,65875.61443795326,0.84375,-0.00015213190141672,-0.00015213190141672028,-2.710505431213761e-19,-7.776888758261676e-07,-0.00015290959029254643,-0.00015213190141672,-7.552708670634695e-07,0.0,True
cyclonic,0.5,628.0260009765625,70755.28958150536,0.9062500000000001,-0.00015158360827746806,-0.00015158360827746838,-3.2526065174565133e-19,-1.232060999249027e-06,-0.0001528156692767174,-0.00015158360827746806,-1.1965450556166827e-06,0.0,True
cyclonic,0.5,628.0260009765625,75634.96472505745,0.96875,-0.00014940702864425662,-0.00014940702864425694,-3.2526065174565133e-19,-1.6973055688611108e-06,-0.00015110433421311806,-0.00014940702864425662,-1.6483782763429007e-06,0.0,True
cyclonic,0.5,628.0260009765625,80514.63986860955,1.03125,-0.00014629692384560329,-0.00014629692384560358,-2.981555974335137e-19,-2.0520669113137013e-06,-0.00014834899075691729,-0.00014629692384560329,-1.992913109029205e-06,0.0,True
cyclonic,0.5,628.0260009765625,85394.31501216163,1.09375,-0.00014244302844073983,-0.00014244302844074026,-4.336808689942018e-19,-2.294951732015019e-06,-0.00014473798017275528,-0.00014244302844073983,-2.228796422819389e-06,0.0,True
cyclonic,0.5,628.0260009765625,90273.99015571373,1.15625,-0.00013846352632574893,-0.00013846352632574928,-3.5236570605778894e-19,-2.509411095530204e-06,-0.0001409729374212795,-0.00013846352632574893,-2.4370736844169932e-06,0.0,True
cyclonic,0.5,628.0260009765625,95153.66529926582,1.21875,-0.00013295467230161397,-0.00013295467230161435,-3.7947076036992655e-19,-2.774727735161537e-06,-0.00013572940003677588,-0.00013295467230161397,-2.694742187451508e-06,0.0,True
cyclonic,0.5,628.0260009765625,100033.34044281792,1.28125,-0.00012671393688165115,-0.00012671393688165145,-2.981555974335137e-19,-2.9529026594166764e-06,-0.00012966683954106814,-0.00012671393688165115,-2.867780961329028e-06,0.0,True
cyclonic,0.5,628.0260009765625,104913.01558637002,1.34375,-0.0001201191500050892,-0.00012011915000508956,-3.6591823321385775e-19,-3.123528669482322e-06,-0.0001232426786745719,-0.0001201191500050892,-3.0334884294073882e-06,0.0,True
cyclonic,0.5,628.0260009765625,109792.6907299221,1.40625,-0.00011208762950084109,-0.00011208762950084143,-3.3881317890172014e-19,-3.156688280938535e-06,-0.00011524431778177996,-0.00011208762950084109,-3.0656921670131445e-06,0.0,True
cyclonic,0.5,628.0260009765625,114672.3658734742,1.46875,-0.00010429535581266577,-0.00010429535581266601,-2.439454888092385e-19,-3.257702818081081e-06,-0.00010755305863074709,-0.00010429535581266577,-3.16379481374654e-06,0.0,True
cyclonic,0.5,628.0260009765625,119552.04101702629,1.53125,-9.506404515051599e-05,-9.506404515051632e-05,-3.3881317890172014e-19,-3.2236845024179295e-06,-9.828772965293425e-05,-9.506404515051599e-05,-3.130757125326923e-06,0.0,True
cyclonic,0.5,628.0260009765625,124431.71616057839,1.59375,-8.522067849235292e-05,-8.522067849235316e-05,-2.439454888092385e-19,-3.102708374994644e-06,-8.832338686734781e-05,-8.522067849235292e-05,-3.013268310078151e-06,0.0,True
cyclonic,0.5,628.0260009765625,129311.39130413048,1.65625,-7.571430887835006e-05,-7.571430887835032e-05,-2.574980159653073e-19,-3.0153090557767865e-06,-7.872961793412711e-05,-7.571430887835006e-05,-2.928388402883512e-06,0.0,True
cyclonic,0.5,628.0260009765625,134191.06644768256,1.7187499999999998,-6.773730851572167e-05,-6.773730851572202e-05,-3.5236570605778894e-19,-2.937330518006996e-06,-7.067463903372902e-05,-6.773730851572167e-05,-2.8526577094604323e-06,0.0,True
cyclonic,0.5,628.0260009765625,139070.74159123466,1.78125,-5.964460152984608e-05,-5.9644601529846374e-05,-2.913793338554793e-19,-2.810161317269309e-06,-6.245476284711569e-05,-5.964460152984608e-05,-2.7291543452096745e-06,0.0,True
cyclonic,0.5,628.0260009765625,143950.41673478676,1.84375,-5.17312749987744e-05,-5.1731274998774644e-05,-2.439454888092385e-19,-2.6623730243233943e-06,-5.439364802309804e-05,-5.17312749987744e-05,-2.5856262639618715e-06,0.0,True
cyclonic,0.5,628.0260009765625,148830.09187833886,1.90625,-4.426851628192708e-05,-4.426851628192736e-05,-2.846030702774449e-19,-2.49253738484571e-06,-4.6761053666773074e-05,-4.426851628192708e-05,-2.4206863828939805e-06,0.0,True
cyclonic,0.5,628.0260009765625,153709.76702189096,1.9687500000000002,-3.728493679500723e-05,-3.728493679500753e-05,-2.981555974335137e-19,-2.335285784284164e-06,-3.96202225792917e-05,-3.728493679500723e-05,-2.2679677875854576e-06,0.0,True
cyclonic,0.5,628.0260009765625,158589.44216544303,2.03125,-3.088535925700008e-05,-3.0885359257000315e-05,-2.371692252312041e-19,-2.1287500656972206e-06,-3.3014109322697534e-05,-3.088535925700008e-05,-2.0673857603692097e-06,0.0,True
cyclonic,0.5,628.0260009765625,163469.11730899513,2.09375,-2.4418578875400664e-05,-2.4418578875400843e-05,-1.7957098481791167e-19,-1.891849263433992e-06,-2.6310428138834834e-05,-2.4418578875400664e-05,-1.8373139670144414e-06,0.0,True
cyclonic,0.5,628.0260009765625,168348.79245254723,2.15625,-1.9610807022510637e-05,-1.9610807022510803e-05,-1.6601845766184287e-19,-1.651833252932248e-06,-2.126264027544305e-05,-1.9610807022510637e-05,-1.6042167658127529e-06,0.0,True
cyclonic,0.5,628.0260009765625,173228.46759609933,2.21875,-1.5209268460375196e-05,-1.5209268460375347e-05,-1.5077186461126546e-19,-1.5331975749410077e-06,-1.6742466035316356e-05,-1.5209268460375196e-05,-1.4890009331496986e-06,0.0,True
cyclonic,0.5,628.0260009765625,178108.14273965143,2.28125,-1.1029656095377108e-05,-1.1029656095377284e-05,-1.7618285302889447e-19,-1.3185705463028287e-06,-1.2348226641680112e-05,-1.1029656095377108e-05,-1.2805608396192272e-06,0.0,True
cyclonic,0.5,628.0260009765625,182987.8178832035,2.34375,-7.825653836970979e-06,-7.825653836971126e-06,-1.4738373282224826e-19,-1.1604511622734866e-06,-8.986104999244613e-06,-7.825653836970979e-06,-1.126999475958836e-06,0.0,True
cyclonic,0.5,628.0260009765625,187867.4930267556,2.40625,-4.910633211348475e-06,-4.9106332113485925e-06,-1.1773757966834775e-19,-9.458829558424126e-07,-5.856516167191005e-06,-4.910633211348475e-06,-9.186165090001128e-07,0.0,True
cyclonic,0.5,628.0260009765625,192747.1681703077,2.46875,-3.6825872089887313e-06,-3.6825872089888376e-06,-1.0630263488041469e-19,-8.508323373702741e-07,-4.5334195463591115e-06,-3.6825872089887313e-06,-8.263058623393811e-07,0.0,True
cyclonic,0.5,697.2586669921875,2439.837571776047,0.03125,2.3835305013959376e-06,2.3835305013959376e-06,0.0,8.316313085344275e-08,2.4666936322493803e-06,2.3835305013959376e-06,4.456125767326357e-08,1.0,False
cyclonic,0.5,697.2586669921875,7319.512715328141,0.09375,-2.9134744132310007e-06,-2.9134744132310007e-06,0.0,9.598018160093488e-07,-1.9536725972216516e-06,-2.9134744132310007e-06,5.14290113894724e-07,0.0,True
cyclonic,0.5,697.2586669921875,12199.187858880234,0.15625,-6.851701382590762e-06,-6.851701382590775e-06,-1.2705494208814505e-20,2.7758981162493766e-06,-4.075803266341398e-06,-6.851701382590762e-06,1.4874080612826598e-06,0.0,True
cyclonic,0.5,697.2586669921875,17078.86300243233,0.21875,-1.0685828379914208e-05,-1.0685828379914204e-05,3.3881317890172014e-21,4.472520470074017e-06,-6.213307909840187e-06,-1.0685828379914208e-05,2.3965083453524597e-06,0.0,True
cyclonic,0.5,697.2586669921875,21958.53814598442,0.28125,-1.3731144220636635e-05,-1.3731144220636684e-05,-4.912791094074942e-20,5.724944860299314e-06,-8.006199360337369e-06,-1.3731144220636635e-05,3.0675942628302657e-06,0.0,True
cyclonic,0.5,697.2586669921875,26838.213289536514,0.34375,-1.551939050642449e-05,-1.5519390506424497e-05,-6.776263578034403e-21,6.65415651867461e-06,-8.865233987749888e-06,-1.551939050642449e-05,3.565493268278159e-06,0.0,True
cyclonic,0.5,697.2586669921875,31717.88843308861,0.40625,-1.600947798567415e-05,-1.6009477985674216e-05,-6.437450399132683e-20,7.706823416378466e-06,-8.30265456929575e-06,-1.600947798567415e-05,4.129543231180134e-06,0.0,True
cyclonic,0.5,697.2586669921875,36597.5635766407,0.46874999999999994,-1.5483204985470794e-05,-1.548320498547084e-05,-4.404571325722362e-20,9.056451872488369e-06,-6.4267531129824695e-06,-1.5483204985470794e-05,4.852713953334261e-06,0.0,True
cyclonic,0.5,697.2586669921875,41477.2387201928,0.53125,-1.4117628186434742e-05,-1.41176281864348e-05,-5.759824041329242e-20,1.0495444944958592e-05,-3.6221832414762073e-06,-1.4117628186434742e-05,5.623768871954274e-06,0.0,True
cyclonic,0.5,697.2586669921875,46356.91386374489,0.59375,-1.1783626238856433e-05,-1.1783626238856503e-05,-6.945670167485263e-20,1.1639066894948602e-05,-1.445593439079006e-07,-1.1783626238856433e-05,6.236555233787058e-06,0.0,True
cyclonic,0.5,697.2586669921875,51236.589007296985,0.65625,-8.513517120192073e-06,-8.513517120192136e-06,-6.268043809681823e-20,1.2587535861812373e-05,4.074018741620237e-06,-8.513517120192073e-06,6.744772872947296e-06,0.0,True
cyclonic,0.5,697.2586669921875,56116.26415084908,0.71875,-4.153464706849655e-06,-4.15346470684976e-06,-1.0503208545953324e-19,1.2641007584852605e-05,8.487542878002845e-06,-4.153464706849655e-06,6.7734245988284235e-06,0.0,True
cyclonic,0.5,697.2586669921875,60995.93929440117,0.78125,1.4908710128500531e-06,1.4908710128499453e-06,-1.0778494253810972e-19,1.1818900429310773e-05,1.3309771442160719e-05,1.4908710128500531e-06,6.332915344099989e-06,0.0,True
cyclonic,0.5,697.2586669921875,65875.61443795326,0.84375,7.628144939243641e-06,7.628144939243525e-06,-1.1604351377383915e-19,1.0196287695368243e-05,1.7824432634611767e-05,7.628144939243641e-06,5.4634715966230564e-06,0.0,True
cyclonic,0.5,697.2586669921875,70755.28958150536,0.9062500000000001,1.3884687326070467e-05,1.3884687326070317e-05,-1.4907779871675686e-19,7.852072770080433e-06,2.173676009615075e-05,1.3884687326070467e-05,4.207372117740391e-06,0.0,True
cyclonic,0.5,697.2586669921875,75634.96472505745,0.96875,2.0214262502610787e-05,2.021426250261066e-05,-1.2874900798265365e-19,4.974072474930064e-06,2.518833497754072e-05,2.0214262502610787e-05,2.665254698400651e-06,0.0,True
cyclonic,0.5,697.2586669921875,80514.63986860955,1.03125,2.5705652254914205e-05,2.570565225491402e-05,-1.8634724839594607e-19,1.8056725947619123e-06,2.751132484967593e-05,2.5705652254914205e-05,9.67532618637638e-07,0.0,True
cyclonic,0.5,697.2586669921875,85394.31501216163,1.09375,3.026632484255407e-05,3.0266324842553872e-05,-1.9651164376299768e-19,-1.2348848151728113e-06,2.903144002738106e-05,3.026632484255407e-05,-6.616876959898399e-07,0.0,True
cyclonic,0.5,697.2586669921875,90273.99015571373,1.15625,3.3872608912944545e-05,3.387260891294443e-05,-1.1519648082658485e-19,-4.501053754286893e-06,2.9371555158657537e-05,3.3872608912944545e-05,-2.4117973203709106e-06,0.0,True
cyclonic,0.5,697.2586669921875,95153.66529926582,1.21875,3.663406398012364e-05,3.663406398012347e-05,-1.6940658945086007e-19,-8.00906259245779e-06,2.8625001387665676e-05,3.663406398012364e-05,-4.2914918935983445e-06,0.0,True
cyclonic,0.5,697.2586669921875,100033.34044281792,1.28125,3.832921607166792e-05,3.832921607166775e-05,-1.6940658945086007e-19,-1.152536198033733e-05,2.6803854091330423e-05,3.832921607166792e-05,-6.175628787816205e-06,0.0,True
cyclonic,0.5,697.2586669921875,104913.01558637002,1.34375,3.957923378996894e-05,3.9579233789968845e-05,-9.486769009248164e-20,-1.4754176243989519e-05,2.4825057545979328e-05,3.957923378996894e-05,-7.905722675638583e-06,0.0,True
cyclonic,0.5,697.2586669921875,109792.6907299221,1.40625,3.8836966240337096e-05,3.8836966240336994e-05,-1.0164395367051604e-19,-1.7593170793123394e-05,2.12437954472136e-05,3.8836966240337096e-05,-9.426939666132733e-06,0.0,True
cyclonic,0.5,697.2586669921875,114672.3658734742,1.46875,3.756252122215884e-05,3.7562521222158726e-05,-1.1519648082658485e-19,-2.0359385982919156e-05,1.720313523923957e-05,3.756252122215884e-05,-1.0909159329909157e-05,0.0,True
cyclonic,0.5,697.2586669921875,119552.04101702629,1.53125,3.586584483842828e-05,3.586584483842814e-05,-1.3552527156068805e-19,-2.24223847424829e-05,1.3443460095945243e-05,3.586584483842828e-05,-1.201457489520996e-05,0.0,True
cyclonic,0.5,697.2586669921875,124431.71616057839,1.59375,3.318879632847354e-05,3.318879632847344e-05,-1.0164395367051604e-19,-2.366800635633174e-05,9.520789972141701e-06,3.318879632847354e-05,-1.2682015684517458e-05,0.0,True
cyclonic,0.5,697.2586669921875,129311.39130413048,1.65625,2.877667637720708e-05,2.877667637720699e-05,-9.147955830346444e-20,-2.4627043433491436e-05,4.149632943715554e-06,2.877667637720708e-05,-1.319589602878732e-05,0.0,True
cyclonic,0.5,697.2586669921875,134191.06644768256,1.7187499999999998,2.5131639029262253e-05,2.5131639029262144e-05,-1.0842021724855044e-19,-2.5272245401191705e-05,-1.4060637192956138e-07,2.5131639029262253e-05,-1.3541614267614282e-05,0.0,True
cyclonic,0.5,697.2586669921875,139070.74159123466,1.78125,2.127463333299167e-05,2.127463333299156e-05,-1.0842021724855044e-19,-2.574042271996154e-05,-4.4657893869699805e-06,2.127463333299167e-05,-1.3792477479765905e-05,0.0,True
cyclonic,0.5,697.2586669921875,143950.41673478676,1.84375,1.7173771873955394e-05,1.7173771873955312e-05,-8.131516293641283e-20,-2.5551799341766805e-05,-8.378027467811493e-06,1.7173771873955394e-05,-1.369140751194868e-05,0.0,True
cyclonic,0.5,697.2586669921875,148830.09187833886,1.90625,1.3876152113919978e-05,1.3876152113919882e-05,-9.656175598699024e-20,-2.4868930430923953e-05,-1.0992778317004072e-05,1.3876152113919978e-05,-1.3325506214332136e-05,0.0,True
cyclonic,0.5,697.2586669921875,153709.76702189096,1.9687500000000002,1.0197839544752236e-05,1.019783954475212e-05,-1.1519648082658485e-19,-2.346579930168297e-05,-1.326795975693085e-05,1.0197839544752236e-05,-1.2573667182325606e-05,0.0,True
cyclonic,0.5,697.2586669921875,158589.44216544303,2.03125,5.6323588318687194e-06,5.6323588318686635e-06,-5.590417451878382e-20,-2.223626398664834e-05,-1.6603905154779675e-05,5.6323588318687194e-06,-1.1914845906246059e-05,0.0,True
cyclonic,0.5,697.2586669921875,163469.11730899513,2.09375,3.15057831237513e-06,3.1505783123750904e-06,-3.9810548520952116e-20,-2.1008286709568026e-05,-1.7857708397192935e-05,3.15057831237513e-06,-1.1256859472843005e-05,0.0,True
cyclonic,0.5,697.2586669921875,168348.79245254723,2.15625,6.537509305538501e-07,6.537509305537938e-07,-5.632769099241097e-20,-1.912936450476245e-05,-1.8475613574208655e-05,6.537509305538501e-07,-1.0250077553293714e-05,0.0,True
cyclonic,0.5,697.2586669921875,173228.46759609933,2.21875,-1.4013763477818897e-06,-1.4013763477819316e-06,-4.1928130889087867e-20,-1.7021623689509145e-05,-1.8423000037291076e-05,-1.4013763477818897e-06,-9.120687875282706e-06,0.0,True
cyclonic,0.5,697.2586669921875,178108.14273965143,2.28125,-3.953819001572093e-06,-3.953819001572128e-06,-3.5575383784680614e-20,-1.533236804796154e-05,-1.928618704953367e-05,-3.953819001572093e-06,-8.215534892867051e-06,0.0,True
cyclonic,0.5,697.2586669921875,182987.8178832035,2.34375,-5.503217292825292e-06,-5.503217292825309e-06,-1.6940658945086007e-20,-1.3347441782545524e-05,-1.8850659075370835e-05,-5.503217292825292e-06,-7.1519528719892245e-06,0.0,True
cyclonic,0.5,697.2586669921875,187867.4930267556,2.40625,-8.001295281810471e-06,-8.001295281810488e-06,-1.6940658945086007e-20,-1.1438314627931558e-05,-1.9439609909742046e-05,-8.001295281810471e-06,-6.1289862497043965e-06,0.0,True
cyclonic,0.5,697.2586669921875,192747.1681703077,2.46875,-9.56773733557585e-06,-9.56773733557586e-06,-1.0164395367051604e-20,-9.777243044941347e-06,-1.934498038051721e-05,-9.56773733557585e-06,-5.2389351169036595e-06,0.0,True
cyclonic,0.5,773.3682861328125,2439.837571776047,0.03125,2.5265706322407973e-06,2.5265706322407973e-06,0.0,1.8596021632424024e-07,2.7125308485650374e-06,2.5265706322407973e-06,1.5708874605173533e-07,1.0,False
cyclonic,0.5,773.3682861328125,7319.512715328141,0.09375,3.838723957032333e-06,3.838723957032333e-06,0.0,9.239964656605824e-07,4.762720422692915e-06,3.838723957032333e-06,7.805403167189999e-07,0.0,True
cyclonic,0.5,773.3682861328125,12199.187858880234,0.15625,6.682398841041389e-06,6.682398841041387e-06,-1.6940658945086007e-21,2.204119521139984e-06,8.88651836218137e-06,6.682398841041389e-06,1.86191637420083e-06,0.0,True
cyclonic,0.5,773.3682861328125,17078.86300243233,0.21875,9.580178293677275e-06,9.58017829367729e-06,1.5246593050577406e-20,3.2632102389475084e-06,1.2843388532624799e-05,9.580178293677275e-06,2.756576727388048e-06,0.0,True
cyclonic,0.5,773.3682861328125,21958.53814598442,0.28125,1.2834455147919865e-05,1.2834455147919887e-05,2.202285662861181e-20,3.990613040800714e-06,1.6825068188720603e-05,1.2834455147919865e-05,3.3710457588630573e-06,0.0,True
cyclonic,0.5,773.3682861328125,26838.213289536514,0.34375,1.673874879089838e-05,1.673874879089843e-05,5.082197683525802e-20,4.521811581841993e-06,2.1260560372740425e-05,1.673874879089838e-05,3.819772450873301e-06,0.0,True
cyclonic,0.5,773.3682861328125,31717.88843308861,0.40625,2.1377904107995523e-05,2.1377904107995578e-05,5.421010862427522e-20,5.2172298323686495e-06,2.6595133940364227e-05,2.1377904107995523e-05,4.407222729841836e-06,0.0,True
cyclonic,0.5,773.3682861328125,36597.5635766407,0.46874999999999994,2.651674466551406e-05,2.6516744665514105e-05,4.404571325722362e-20,6.266461414598216e-06,3.278320608011232e-05,2.651674466551406e-05,5.2935546390440515e-06,0.0,True
cyclonic,0.5,773.3682861328125,41477.2387201928,0.53125,3.206122623803289e-05,3.2061226238032984e-05,9.486769009248164e-20,7.296255538738576e-06,3.935748177677156e-05,3.206122623803289e-05,6.163466875382783e-06,0.0,True
cyclonic,0.5,773.3682861328125,46356.91386374489,0.59375,3.794859942016799e-05,3.794859942016814e-05,1.4907779871675686e-19,8.081306386378358e-06,4.60299058065465e-05,3.794859942016799e-05,6.826633738060335e-06,0.0,True
cyclonic,0.5,773.3682861328125,51236.589007296985,0.65625,4.38423341045553e-05,4.384233410455539e-05,8.809142651444724e-20,8.5072256228509e-06,5.2349559727406286e-05,4.38423341045553e-05,7.1864263867208675e-06,0.0,True
cyclonic,0.5,773.3682861328125,56116.26415084908,0.71875,4.9746825335458845e-05,4.9746825335458865e-05,2.0328790734103208e-20,8.39899945176008e-06,5.8145824787218944e-05,4.9746825335458845e-05,7.095002996047918e-06,0.0,True
cyclonic,0.5,773.3682861328125,60995.93929440117,0.78125,5.572163107132393e-05,5.572163107132403e-05,1.0164395367051604e-19,7.899709022155336e-06,6.362134009347937e-05,5.572163107132393e-05,6.673230484418409e-06,0.0,True
cyclonic,0.5,773.3682861328125,65875.61443795326,0.84375,6.177374282125639e-05,6.177374282125651e-05,1.2197274440461925e-19,6.8240581483226355e-06,6.859780096957915e-05,6.177374282125639e-05,5.7645810415439645e-06,0.0,True
cyclonic,0.5,773.3682861328125,70755.28958150536,0.9062500000000001,6.786136892223864e-05,6.786136892223877e-05,1.2197274440461925e-19,5.334410674588262e-06,7.319577959682703e-05,6.786136892223864e-05,4.506210523733565e-06,0.0,True
cyclonic,0.5,773.3682861328125,75634.96472505745,0.96875,7.358923114865831e-05,7.358923114865842e-05,1.0842021724855044e-19,3.379248759092916e-06,7.696847990775133e-05,7.358923114865831e-05,2.8545995517515032e-06,0.0,True
cyclonic,0.5,773.3682861328125,80514.63986860955,1.03125,7.901871327768077e-05,7.901871327768086e-05,9.486769009248164e-20,9.578849801587983e-07,7.997659825783967e-05,7.901871327768077e-05,8.091674303743138e-07,0.0,True
cyclonic,0.5,773.3682861328125,85394.31501216163,1.09375,8.352160222204465e-05,8.352160222204479e-05,1.3552527156068805e-19,-1.4296927383901222e-06,8.209190948365467e-05,8.352160222204465e-05,-1.2077241248277707e-06,0.0,True
cyclonic,0.5,773.3682861328125,90273.99015571373,1.15625,8.685218406405271e-05,8.685218406405279e-05,8.131516293641283e-20,-4.069721644134622e-06,8.278246241991817e-05,8.685218406405271e-05,-3.4378722637212782e-06,0.0,True
cyclonic,0.5,773.3682861328125,95153.66529926582,1.21875,8.926303778279775e-05,8.926303778279783e-05,8.131516293641283e-20,-6.728283009262129e-06,8.253475477353571e-05,8.926303778279775e-05,-5.683675583401708e-06,0.0,True
cyclonic,0.5,773.3682861328125,100033.34044281792,1.28125,9.058144732828621e-05,9.058144732828632e-05,1.0842021724855044e-19,-9.050412894114569e-06,8.153103443417174e-05,9.058144732828621e-05,-7.645280484660262e-06,0.0,True
cyclonic,0.5,773.3682861328125,104913.01558637002,1.34375,9.073957768674715e-05,9.07395776867472e-05,5.421010862427522e-20,-1.1109656651239389e-05,7.962992103550782e-05,9.073957768674715e-05,-9.384813950558018e-06,0.0,True
cyclonic,0.5,773.3682861328125,109792.6907299221,1.40625,8.913626904863683e-05,8.913626904863691e-05,8.131516293641283e-20,-1.3424733009458633e-05,7.571153603917828e-05,8.913626904863683e-05,-1.1340460428687403e-05,0.0,True
cyclonic,0.5,773.3682861328125,114672.3658734742,1.46875,8.715288347687195e-05,8.715288347687199e-05,4.0657581468206416e-20,-1.548971598864441e-05,7.166316748822757e-05,8.715288347687195e-05,-1.3084842067031337e-05,0.0,True
cyclonic,0.5,773.3682861328125,119552.04101702629,1.53125,8.350480531242499e-05,8.350480531242508e-05,9.486769009248164e-20,-1.7115257302607234e-05,6.638954800981784e-05,8.350480531242499e-05,-1.4458008068411302e-05,0.0,True
cyclonic,0.5,773.3682861328125,124431.71616057839,1.59375,7.912585452783787e-05,7.912585452783788e-05,1.3552527156068805e-20,-1.837448784048299e-05,6.075136668735489e-05,7.912585452783787e-05,-1.5521735300477172e-05,0.0,True
cyclonic,0.5,773.3682861328125,129311.39130413048,1.65625,7.373867849590783e-05,7.373867849590785e-05,1.3552527156068805e-20,-1.9001856054728647e-05,5.47368224411792e-05,7.373867849590783e-05,-1.6051700730914885e-05,0.0,True
cyclonic,0.5,773.3682861328125,134191.06644768256,1.7187499999999998,6.922810361287014e-05,6.92281036128703e-05,1.6263032587282567e-19,-1.9448728804950533e-05,4.9779374807919766e-05,6.922810361287014e-05,-1.6429193731109335e-05,0.0,True
cyclonic,0.5,773.3682861328125,139070.74159123466,1.78125,6.369385893785551e-05,6.369385893785562e-05,1.0842021724855044e-19,-1.9787182203935213e-05,4.39066767339204e-05,6.369385893785551e-05,-1.6715100152893386e-05,0.0,True
cyclonic,0.5,773.3682861328125,143950.41673478676,1.84375,5.784205850254476e-05,5.784205850254484e-05,8.131516293641283e-20,-1.984450501541699e-05,3.799755348712786e-05,5.784205850254476e-05,-1.6763523244422446e-05,0.0,True
cyclonic,0.5,773.3682861328125,148830.09187833886,1.90625,5.1733343575923104e-05,5.1733343575923145e-05,4.0657581468206416e-20,-1.932930509465019e-05,3.2404038481272954e-05,5.1733343575923104e-05,-1.632831128823663e-05,0.0,True
cyclonic,0.5,773.3682861328125,153709.76702189096,1.9687500000000002,4.6001160972807494e-05,4.60011609728076e-05,1.0842021724855044e-19,-1.849089466835631e-05,2.7510266304451292e-05,4.6001160972807494e-05,-1.562006925052268e-05,0.0,True
cyclonic,0.5,773.3682861328125,158589.44216544303,2.03125,4.090532156614993e-05,4.0905321566150026e-05,9.486769009248164e-20,-1.7638172571522108e-05,2.3267148994627917e-05,4.090532156614993e-05,-1.4899737517369981e-05,0.0,True
cyclonic,0.5,773.3682861328125,163469.11730899513,2.09375,3.6251555500899785e-05,3.625155550089981e-05,2.710505431213761e-20,-1.6617807938024822e-05,1.963374756287499e-05,3.6251555500899785e-05,-1.4037790785106832e-05,0.0,True
cyclonic,0.5,773.3682861328125,168348.79245254723,2.15625,3.1813630393305626e-05,3.181363039330567e-05,4.743384504624082e-20,-1.5151280415692908e-05,1.6662349977612765e-05,3.1813630393305626e-05,-1.2798950703678895e-05,0.0,True
cyclonic,0.5,773.3682861328125,173228.46759609933,2.21875,2.792838288691068e-05,2.7928382886910716e-05,3.3881317890172014e-20,-1.3420812079188566e-05,1.450757080772215e-05,2.792838288691068e-05,-1.1337148247019432e-05,0.0,True
cyclonic,0.5,773.3682861328125,178108.14273965143,2.28125,2.4499661844587802e-05,2.4499661844587867e-05,6.437450399132683e-20,-1.186453742164043e-05,1.2635124422947436e-05,2.4499661844587802e-05,-1.0022494826526164e-05,0.0,True
cyclonic,0.5,773.3682861328125,182987.8178832035,2.34375,2.097660312977737e-05,2.0976603129777404e-05,3.3881317890172014e-20,-1.052548653482893e-05,1.0451116594948474e-05,2.097660312977737e-05,-8.891339846893764e-06,0.0,True
cyclonic,0.5,773.3682861328125,187867.4930267556,2.40625,1.7916584597334685e-05,1.79165845973347e-05,1.3552527156068805e-20,-9.044448868313775e-06,8.872135729020924e-06,1.7916584597334685e-05,-7.640242410641066e-06,0.0,True
cyclonic,0.5,773.3682861328125,192747.1681703077,2.46875,1.5608392530373897e-05,1.5608392530373935e-05,3.7269449679189215e-20,-7.638027219149588e-06,7.970365311224347e-06,1.5608392530373897e-05,-6.452176394940176e-06,0.0,True
cyclonic,0.5,856.678955078125,2439.837571776047,0.03125,4.4817888543733207e-07,4.4817888543733207e-07,0.0,2.2290813837079007e-08,4.7046969927441106e-07,4.4817888543733207e-07,3.777539595138295e-08,1.0,False
cyclonic,0.5,856.678955078125,7319.512715328141,0.09375,1.1371607876532593e-05,1.1371607876532593e-05,0.0,4.778037224239736e-08,1.1419388248774991e-05,1.1371607876532593e-05,8.097158288400765e-08,1.0,False
cyclonic,0.5,856.678955078125,12199.187858880234,0.15625,2.2641469627726825e-05,2.264146962772684e-05,1.3552527156068805e-20,7.224086882107686e-08,2.2713710496547915e-05,2.2641469627726825e-05,1.2242385780678578e-07,1.0,False
cyclonic,0.5,856.678955078125,17078.86300243233,0.21875,3.319120957466434e-05,3.319120957466434e-05,0.0,2.7305977868372846e-07,3.346426935334807e-05,3.319120957466434e-05,4.627440403731133e-07,1.0,False
cyclonic,0.5,856.678955078125,21958.53814598442,0.28125,4.2898286851795153e-05,4.2898286851795194e-05,4.0657581468206416e-20,3.7237592644318156e-07,4.3270662778238376e-05,4.2898286851795153e-05,6.310513454989013e-07,0.0,True
cyclonic,0.5,856.678955078125,26838.213289536514,0.34375,5.2115011813563004e-05,5.211501181356303e-05,2.710505431213761e-20,4.295419383846922e-07,5.254455375194772e-05,5.2115011813563004e-05,7.279284156604199e-07,0.0,True
cyclonic,0.5,856.678955078125,31717.88843308861,0.40625,6.08912007313454e-05,6.0891200731345456e-05,5.421010862427522e-20,4.4094007196472026e-07,6.133214080331018e-05,6.08912007313454e-05,7.472443999147092e-07,0.0,True
cyclonic,0.5,856.678955078125,36597.5635766407,0.46874999999999994,6.936980214095275e-05,6.93698021409528e-05,5.421010862427522e-20,4.3060418599419136e-07,6.980040632694699e-05,6.936980214095275e-05,7.297285663566001e-07,0.0,True
cyclonic,0.5,856.678955078125,41477.2387201928,0.53125,7.721625384069608e-05,7.721625384069613e-05,5.421010862427522e-20,4.6624036136099153e-07,7.768249420205712e-05,7.721625384069608e-05,7.901198398431942e-07,0.0,True
cyclonic,0.5,856.678955078125,46356.91386374489,0.59375,8.412955758468445e-05,8.412955758468453e-05,8.131516293641283e-20,4.6642359809461913e-07,8.459598118277915e-05,8.412955758468445e-05,7.904303641791925e-07,0.0,True
cyclonic,0.5,856.678955078125,51236.589007296985,0.65625,9.008962820152194e-05,9.0089628201522e-05,5.421010862427522e-20,4.084398285902608e-07,9.049806803011225e-05,9.008962820152194e-05,6.921674713216259e-07,0.0,True
cyclonic,0.5,856.678955078125,56116.26415084908,0.71875,9.490789811038743e-05,9.490789811038754e-05,1.0842021724855044e-19,3.2090826460234126e-07,9.522880637498988e-05,9.490789811038743e-05,5.438310529183056e-07,0.0,True
cyclonic,0.5,856.678955078125,60995.93929440117,0.78125,9.87239707308996e-05,9.872397073089969e-05,8.131516293641283e-20,1.3211223094119866e-07,9.885608296184088e-05,9.87239707308996e-05,2.23885582208886e-07,0.0,True
cyclonic,0.5,856.678955078125,65875.61443795326,0.84375,0.00010166399593036722,0.00010166399593036733,1.0842021724855044e-19,-1.0718739703752755e-07,0.00010155680853332981,0.00010166399593036722,-1.8164641244975212e-07,0.0,True
cyclonic,0.5,856.678955078125,70755.28958150536,0.9062500000000001,0.00010362455113512106,0.00010362455113512114,8.131516293641283e-20,-4.280562212800468e-07,0.00010319649491384109,0.00010362455113512106,-7.254106272875986e-07,0.0,True
cyclonic,0.5,856.678955078125,75634.96472505745,0.96875,0.00010484310561243312,0.0001048431056124332,8.131516293641283e-20,-8.960556209139365e-07,0.00010394704999151927,0.00010484310561243312,-1.5185114425109664e-06,0.0,True
cyclonic,0.5,856.678955078125,80514.63986860955,1.03125,0.00010528603430296286,0.00010528603430296297,1.0842021724855044e-19,-1.4365497037814852e-06,0.00010384948459918149,0.00010528603430296286,-2.4344662451902004e-06,0.0,True
cyclonic,0.5,856.678955078125,85394.31501216163,1.09375,0.00010469069628873586,0.00010469069628873597,1.0842021724855044e-19,-1.9621427371322847e-06,0.00010272855355160368,0.00010469069628873586,-3.3251688049634338e-06,0.0,True
cyclonic,0.5,856.678955078125,90273.99015571373,1.15625,0.00010305105588343021,0.00010305105588343032,1.0842021724855044e-19,-2.4917334862694187e-06,0.0001005593223971609,0.00010305105588343021,-4.222646141908717e-06,0.0,True
cyclonic,0.5,856.678955078125,95153.66529926582,1.21875,0.0001006486862647789,0.000100648686264779,1.0842021724855044e-19,-2.9743915374473003e-06,9.76742947273317e-05,0.0001006486862647789,-5.0405884173961585e-06,0.0,True
cyclonic,0.5,856.678955078125,100033.34044281792,1.28125,9.764737337763539e-05,9.764737337763547e-05,8.131516293641283e-20,-3.422735974519763e-06,9.42246374031157e-05,9.764737337763539e-05,-5.800380713756367e-06,0.0,True
cyclonic,0.5,856.678955078125,104913.01558637002,1.34375,9.421802633864914e-05,9.421802633864925e-05,1.0842021724855044e-19,-3.8145956789117743e-06,9.040343065973748e-05,9.421802633864914e-05,-6.464450478054387e-06,0.0,True
cyclonic,0.5,856.678955078125,109792.6907299221,1.40625,9.022897821194145e-05,9.02289782119415e-05,4.0657581468206416e-20,-4.213900704350256e-06,8.601507750759124e-05,9.022897821194145e-05,-7.141137545272401e-06,0.0,True
cyclonic,0.5,856.678955078125,114672.3658734742,1.46875,8.561317090185801e-05,8.561317090185809e-05,8.131516293641283e-20,-4.586425452094268e-06,8.102674544976383e-05,8.561317090185801e-05,-7.772441092579902e-06,0.0,True
cyclonic,0.5,856.678955078125,119552.04101702629,1.53125,8.116415746433046e-05,8.116415746433053e-05,6.776263578034403e-20,-4.836176448004308e-06,7.632798101632621e-05,8.116415746433046e-05,-8.19568462369138e-06,0.0,True
cyclonic,0.5,856.678955078125,124431.71616057839,1.59375,7.695169877632367e-05,7.695169877632374e-05,6.776263578034403e-20,-4.969771986461738e-06,7.1981926789862e-05,7.695169877632367e-05,-8.422083910835083e-06,0.0,True
cyclonic,0.5,856.678955078125,129311.39130413048,1.65625,7.186585245598436e-05,7.186585245598444e-05,8.131516293641283e-20,-5.0091538096728685e-06,6.685669864631158e-05,7.186585245598436e-05,-8.488822791522032e-06,0.0,True
cyclonic,0.5,856.678955078125,134191.06644768256,1.7187499999999998,6.713387890795416e-05,6.713387890795417e-05,1.3552527156068805e-20,-5.069631521807144e-06,6.206424738614703e-05,6.713387890795416e-05,-8.591312074273378e-06,0.0,True
cyclonic,0.5,856.678955078125,139070.74159123466,1.78125,6.278045126341493e-05,6.278045126341499e-05,5.421010862427522e-20,-5.022999139464506e-06,5.7757452123950484e-05,6.278045126341493e-05,-8.512285946289697e-06,0.0,True
cyclonic,0.5,856.678955078125,143950.41673478676,1.84375,5.839990691308789e-05,5.839990691308793e-05,4.0657581468206416e-20,-4.985230157986624e-06,5.341467675510131e-05,5.839990691308789e-05,-8.448280287257447e-06,0.0,True
cyclonic,0.5,856.678955078125,148830.09187833886,1.90625,5.459658541654684e-05,5.459658541654688e-05,4.0657581468206416e-20,-4.849055927875436e-06,4.9747529488671444e-05,5.459658541654684e-05,-8.217510989266713e-06,0.0,True
cyclonic,0.5,856.678955078125,153709.76702189096,1.9687500000000002,5.068591683775764e-05,5.06859168377577e-05,6.098637220230962e-20,-4.615155578857736e-06,4.607076125889996e-05,5.068591683775764e-05,-7.821128947682712e-06,0.0,True
cyclonic,0.5,856.678955078125,158589.44216544303,2.03125,4.725940557365842e-05,4.725940557365847e-05,4.743384504624082e-20,-4.38825558566611e-06,4.287114998799236e-05,4.725940557365842e-05,-7.436610143352553e-06,0.0,True
cyclonic,0.5,856.678955078125,163469.11730899513,2.09375,4.4205811578504895e-05,4.420581157850493e-05,3.3881317890172014e-20,-4.102998683691942e-06,4.010281289481299e-05,4.4205811578504895e-05,-6.953196101196115e-06,0.0,True
cyclonic,0.5,856.678955078125,168348.79245254723,2.15625,4.157337212098062e-05,4.1573372120980666e-05,4.743384504624082e-20,-3.864936350475229e-06,3.770843577050544e-05,4.157337212098062e-05,-6.5497609029974535e-06,0.0,True
cyclonic,0.5,856.678955078125,173228.46759609933,2.21875,3.9244566206376244e-05,3.9244566206376285e-05,4.0657581468206416e-20,-3.4814891832125878e-06,3.5763077023163695e-05,3.9244566206376244e-05,-5.899947545995298e-06,0.0,True
cyclonic,0.5,856.678955078125,178108.14273965143,2.28125,3.717434123152765e-05,3.7174341231527694e-05,4.743384504624082e-20,-3.1348133662895235e-06,3.403952786523817e-05,3.717434123152765e-05,-5.312449200409816e-06,0.0,True
cyclonic,0.5,856.678955078125,182987.8178832035,2.34375,3.517690738794801e-05,3.517690738794806e-05,4.743384504624082e-20,-2.7802322165178057e-06,3.239667517143025e-05,3.517690738794801e-05,-4.711553987367273e-06,0.0,True
cyclonic,0.5,856.678955078125,187867.4930267556,2.40625,3.3381536045498026e-05,3.338153604549805e-05,2.0328790734103208e-20,-2.4779982547782463e-06,3.09035377907198e-05,3.3381536045498026e-05,-4.19936956655103e-06,0.0,True
cyclonic,0.5,856.678955078125,192747.1681703077,2.46875,3.2047209459397696e-05,3.204720945939771e-05,1.3552527156068805e-20,-2.1458903068602105e-06,2.9901319152537498e-05,3.2047209459397696e-05,-3.636558835507348e-06,0.0,True
cyclonic,0.5,947.4478759765625,2439.837571776047,0.03125,-7.084229802159672e-07,-7.084229802159672e-07,0.0,-7.786556086488597e-09,-7.162095363024559e-07,-7.084229802159672e-07,-2.6318801599462474e-09,1.0,False
cyclonic,0.5,947.4478759765625,7319.512715328141,0.09375,2.4137422652802303e-05,2.4137422652802303e-05,0.0,-8.803018473090153e-08,2.40493924680714e-05,2.4137422652802303e-05,-2.9754476060563874e-08,1.0,False
cyclonic,0.5,947.4478759765625,12199.187858880234,0.15625,4.7799277192931193e-05,4.7799277192931193e-05,0.0,-1.33462673390871e-07,4.766581451954032e-05,4.7799277192931193e-05,-4.51107984440425e-08,1.0,False
cyclonic,0.5,947.4478759765625,17078.86300243233,0.21875,6.996783101996246e-05,6.996783101996246e-05,0.0,-7.527525612033323e-08,6.989255576384212e-05,6.996783101996246e-05,-2.544327054443898e-08,0.0,True
cyclonic,0.5,947.4478759765625,21958.53814598442,0.28125,9.059966062012961e-05,9.059966062012961e-05,0.0,-1.711639346169385e-07,9.042849668551267e-05,9.059966062012961e-05,-5.78539419241255e-08,0.0,True
cyclonic,0.5,947.4478759765625,26838.213289536514,0.34375,0.00010994331754349661,0.00010994331754349661,0.0,-3.2936279244388253e-07,0.00010961395475105274,0.00010994331754349661,-1.1132564759428294e-07,0.0,True
cyclonic,0.5,947.4478759765625,31717.88843308861,0.40625,0.00012772548364564,0.00012772548364564,0.0,-4.948896129503796e-07,0.00012723059403268962,0.00012772548364564,-1.672742274274106e-07,0.0,True
cyclonic,0.5,947.4478759765625,36597.5635766407,0.46874999999999994,0.00014372045016755987,0.00014372045016755987,0.0,-7.253174064553709e-07,0.0001429951327611045,0.00014372045016755987,-2.4515953786373016e-07,0.0,True
cyclonic,0.5,947.4478759765625,41477.2387201928,0.53125,0.00015769297375245114,0.00015769297375245114,0.0,-9.796455632115078e-07,0.00015671332818923965,0.00015769297375245114,-3.311232453677018e-07,0.0,True
cyclonic,0.5,947.4478759765625,46356.91386374489,0.59375,0.0001695009411480592,0.0001695009411480592,0.0,-1.252943611797657e-06,0.00016824799753626155,0.0001695009411480592,-4.234988352737497e-07,0.0,True
cyclonic,0.5,947.4478759765625,51236.589007296985,0.65625,0.0001789663933061037,0.0001789663933061037,0.0,-1.4795620094226065e-06,0.00017748683129668107,0.0001789663933061037,-5.000965580619868e-07,0.0,True
cyclonic,0.5,947.4478759765625,56116.26415084908,0.71875,0.0001860280451671749,0.0001860280451671749,0.0,-1.7890565307504435e-06,0.00018423898863642447,0.0001860280451671749,-6.047066682631096e-07,0.0,True
cyclonic,0.5,947.4478759765625,60995.93929440117,0.78125,0.0001909860071914146,0.0001909860071914146,0.0,-2.1782467341815747e-06,0.00018880776045723303,0.0001909860071914146,-7.362541667307864e-07,0.0,True
cyclonic,0.5,947.4478759765625,65875.61443795326,0.84375,0.0001938779949888735,0.0001938779949888735,0.0,-2.5535384506831373e-06,0.00019132445653819038,0.0001938779949888735,-8.63103933416029e-07,0.0,True
cyclonic,0.5,947.4478759765625,70755.28958150536,0.9062500000000001,0.0001947813805306093,0.0001947813805306093,0.0,-2.987542531734263e-06,0.00019179383799887504,0.0001947813805306093,-1.0097986618128632e-06,0.0,True
cyclonic,0.5,947.4478759765625,75634.96472505745,0.96875,0.00019387490040739127,0.00019387490040739127,0.0,-3.479445994004867e-06,0.00019039545441338642,0.00019387490040739127,-1.1760635610287493e-06,0.0,True
cyclonic,0.5,947.4478759765625,80514.63986860955,1.03125,0.0001911558108341467,0.0001911558108341467,0.0,-4.037211269001432e-06,0.00018711859956514526,0.0001911558108341467,-1.3645899576622596e-06,0.0,True
cyclonic,0.5,947.4478759765625,85394.31501216163,1.09375,0.0001869520590181207,0.0001869520590181207,0.0,-4.544017277081064e-06,0.00018240804174103964,0.0001869520590181207,-1.5358919636827225e-06,0.0,True
cyclonic,0.5,947.4478759765625,90273.99015571373,1.15625,0.0001813038652506797,0.0001813038652506797,0.0,-5.0421307179847596e-06,0.00017626173453269496,0.0001813038652506797,-1.704255854978879e-06,0.0,True
cyclonic,0.5,947.4478759765625,95153.66529926582,1.21875,0.00017478106768063832,0.00017478106768063832,0.0,-5.506014069294024e-06,0.0001692750536113443,0.00017478106768063832,-1.8610498695957824e-06,0.0,True
cyclonic,0.5,947.4478759765625,100033.34044281792,1.28125,0.0001677971431439438,0.0001677971431439438,0.0,-5.888270847295797e-06,0.000161908872296648,0.0001677971431439438,-1.990253848717383e-06,0.0,True
cyclonic,0.5,947.4478759765625,104913.01558637002,1.34375,0.00015979765654414854,0.00015979765654414854,0.0,-6.2113111887389554e-06,0.0001535863453554096,0.00015979765654414854,-2.0994424882215408e-06,0.0,True
cyclonic,0.5,947.4478759765625,109792.6907299221,1.40625,0.00015174957334002553,0.00015174957334002556,2.710505431213761e-20,-6.541761261757841e-06,0.00014520781207826773,0.00015174957334002553,-2.2111356400297355e-06,0.0,True
cyclonic,0.5,947.4478759765625,114672.3658734742,1.46875,0.00014338386204272796,0.00014338386204272796,0.0,-6.7726734274794256e-06,0.00013661118861524855,0.00014338386204272796,-2.2891846697808227e-06,0.0,True
cyclonic,0.5,947.4478759765625,119552.04101702629,1.53125,0.00013517003281479978,0.00013517003281479978,0.0,-6.9110197184134174e-06,0.00012825901309638637,0.00013517003281479978,-2.3359461461340386e-06,0.0,True
cyclonic,0.5,947.4478759765625,124431.71616057839,1.59375,0.0001267622242090752,0.0001267622242090752,0.0,-6.9555942070609955e-06,0.0001198066300020142,0.0001267622242090752,-2.3510124618464335e-06,0.0,True
cyclonic,0.5,947.4478759765625,129311.39130413048,1.65625,0.00011809116182652888,0.00011809116182652885,-2.710505431213761e-20,-6.954821870698978e-06,0.00011113633995582987,0.00011809116182652888,-2.3507514097554422e-06,0.0,True
cyclonic,0.5,947.4478759765625,134191.06644768256,1.7187499999999998,0.00011025744811007183,0.00011025744811007185,1.3552527156068805e-20,-6.891274886437614e-06,0.00010336617322363423,0.00011025744811007183,-2.329272331553962e-06,0.0,True
cyclonic,0.5,947.4478759765625,139070.74159123466,1.78125,0.000102620226151431,0.000102620226151431,0.0,-6.788988020826391e-06,9.583123813060462e-05,0.000102620226151431,-2.2946990530422463e-06,0.0,True
cyclonic,0.5,947.4478759765625,143950.41673478676,1.84375,9.54765843979415e-05,9.54765843979415e-05,0.0,-6.617446407304121e-06,8.885913799063739e-05,9.54765843979415e-05,-2.236717454474191e-06,0.0,True
cyclonic,0.5,947.4478759765625,148830.09187833886,1.90625,8.850912438166353e-05,8.850912438166354e-05,1.3552527156068805e-20,-6.379820982265783e-06,8.212930339939775e-05,8.850912438166353e-05,-2.1563993222074232e-06,0.0,True
cyclonic,0.5,947.4478759765625,153709.76702189096,1.9687500000000002,8.193522385658304e-05,8.193522385658304e-05,0.0,-6.153649805732853e-06,7.578157405085019e-05,8.193522385658304e-05,-2.0799527615383725e-06,0.0,True
cyclonic,0.5,947.4478759765625,158589.44216544303,2.03125,7.610006869171264e-05,7.610006869171264e-05,0.0,-5.921969613716671e-06,7.017809907799597e-05,7.610006869171264e-05,-2.0016441365124787e-06,0.0,True
cyclonic,0.5,947.4478759765625,163469.11730899513,2.09375,7.053192009941148e-05,7.053192009941146e-05,-1.3552527156068805e-20,-5.665822238863375e-06,6.486609786054809e-05,7.053192009941148e-05,-1.9150655276370476e-06,0.0,True
cyclonic,0.5,947.4478759765625,168348.79245254723,2.15625,6.566564949658797e-05,6.566564949658796e-05,-1.3552527156068805e-20,-5.372609455548549e-06,6.029304004103941e-05,6.566564949658797e-05,-1.8159586954923485e-06,0.0,True
cyclonic,0.5,947.4478759765625,173228.46759609933,2.21875,6.104766276420497e-05,6.104766276420495e-05,-1.3552527156068805e-20,-4.921690593366596e-06,5.612597217083836e-05,6.104766276420497e-05,-1.6635467184976e-06,0.0,True
cyclonic,0.5,947.4478759765625,178108.14273965143,2.28125,5.6735328566578714e-05,5.6735328566578714e-05,0.0,-4.474103547581762e-06,5.226122501899695e-05,5.6735328566578714e-05,-1.5122609058012606e-06,0.0,True
cyclonic,0.5,947.4478759765625,182987.8178832035,2.34375,5.271800619582322e-05,5.271800619582322e-05,0.0,-4.142145722354058e-06,4.857586047346916e-05,5.271800619582322e-05,-1.4000581290599852e-06,0.0,True
cyclonic,0.5,947.4478759765625,187867.4930267556,2.40625,4.95796467676865e-05,4.9579646767686514e-05,1.3552527156068805e-20,-3.746260647592456e-06,4.5833386120094055e-05,4.95796467676865e-05,-1.2662477432731464e-06,0.0,True
cyclonic,0.5,947.4478759765625,192747.1681703077,2.46875,4.657020049477742e-05,4.657020049477742e-05,0.0,-3.283596971131241e-06,4.328660352364618e-05,4.657020049477742e-05,-1.1098659825459619e-06,0.0,True
cyclonic,0.5,1045.854248046875,2439.837571776047,0.03125,-3.976664355557942e-07,-3.976664355557942e-07,0.0,-1.440316740328718e-09,-3.9910675229612293e-07,-3.976664355557942e-07,-1.0705689479395452e-09,1.0,False
cyclonic,0.5,1045.854248046875,7319.512715328141,0.09375,6.525738205923217e-06,6.525738205923217e-06,0.0,-5.738895071728855e-09,6.519999310851488e-06,6.525738205923217e-06,-4.265647053351617e-09,1.0,False
cyclonic,0.5,1045.854248046875,12199.187858880234,0.15625,1.2680898098258738e-05,1.2680898098258738e-05,0.0,-1.564544109501603e-08,1.2665252657163722e-05,1.2680898098258738e-05,-1.162905557101194e-08,1.0,False
cyclonic,0.5,1045.854248046875,17078.86300243233,0.21875,1.8469668505842854e-05,1.8469668505842854e-05,0.0,-4.072118427511026e-08,1.8428947321567745e-05,1.8469668505842854e-05,-3.026753365256844e-08,1.0,False
cyclonic,0.5,1045.854248046875,21958.53814598442,0.28125,2.3738512338451807e-05,2.3738512338451807e-05,0.0,-6.241123077258388e-08,2.3676101107679224e-05,2.3738512338451807e-05,-4.6389466842250436e-08,1.0,False
cyclonic,0.5,1045.854248046875,26838.213289536514,0.34375,2.8457813627349575e-05,2.8457813627349575e-05,0.0,-9.426203500543923e-08,2.8363551592344136e-05,2.8457813627349575e-05,-7.006376085261806e-08,1.0,False
cyclonic,0.5,1045.854248046875,31717.88843308861,0.40625,3.2720647181364365e-05,3.2720647181364365e-05,0.0,-1.3104099942675138e-07,3.2589606181937615e-05,3.2720647181364365e-05,-9.740109308264119e-08,1.0,False
cyclonic,0.5,1045.854248046875,36597.5635766407,0.46874999999999994,3.646184308351214e-05,3.646184308351214e-05,0.0,-1.6853145385391487e-07,3.629331162965822e-05,3.646184308351214e-05,-1.2526726670269074e-07,1.0,False
cyclonic,0.5,1045.854248046875,41477.2387201928,0.53125,3.944840110711975e-05,3.944840110711975e-05,0.0,-2.0508718805833485e-07,3.924331391906142e-05,3.944840110711975e-05,-1.524386747774534e-07,1.0,False
cyclonic,0.5,1045.854248046875,46356.91386374489,0.59375,4.1663744070202896e-05,4.1663744070202896e-05,0.0,-2.4886942962969565e-07,4.14148746405732e-05,4.1663744070202896e-05,-1.8498145303245675e-07,1.0,False
cyclonic,0.5,1045.854248046875,51236.589007296985,0.65625,4.3179409122661016e-05,4.3179409122661016e-05,0.0,-2.9403799153873214e-07,4.288537113112228e-05,4.3179409122661016e-05,-2.1855466540230207e-07,1.0,False
cyclonic,0.5,1045.854248046875,56116.26415084908,0.71875,4.398585019337046e-05,4.398585019337046e-05,0.0,-3.381680532992612e-07,4.36476821400712e-05,4.398585019337046e-05,-2.513559739399605e-07,1.0,False
cyclonic,0.5,1045.854248046875,60995.93929440117,0.78125,4.421111644113303e-05,4.421111644113303e-05,0.0,-3.826182749179729e-07,4.3828498166215054e-05,4.421111644113303e-05,-2.8439525319124746e-07,1.0,False
cyclonic,0.5,1045.854248046875,65875.61443795326,0.84375,4.408043128556871e-05,4.408043128556871e-05,0.0,-4.241073594376005e-07,4.3656323926131114e-05,4.408043128556871e-05,-3.15233557240269e-07,1.0,False
cyclonic,0.5,1045.854248046875,70755.28958150536,0.9062500000000001,4.3934866137749274e-05,4.3934866137749274e-05,0.0,-4.646219616199901e-07,4.347024417612928e-05,4.3934866137749274e-05,-3.4534754107461024e-07,1.0,False
cyclonic,0.5,1045.854248046875,75634.96472505745,0.96875,4.355173354707958e-05,4.355173354707958e-05,0.0,-5.049067742390658e-07,4.304682677284052e-05,4.355173354707958e-05,-3.7529072527567884e-07,1.0,False
cyclonic,0.5,1045.854248046875,80514.63986860955,1.03125,4.2583239307084445e-05,4.2583239307084445e-05,0.0,-5.392680275037287e-07,4.2043971279580714e-05,4.2583239307084445e-05,-4.0083100383207393e-07,1.0,False
cyclonic,0.5,1045.854248046875,85394.31501216163,1.09375,4.120955266118855e-05,4.120955266118855e-05,0.0,-5.739576918879245e-07,4.0635594969300626e-05,4.120955266118855e-05,-4.266153861587618e-07,1.0,False
cyclonic,0.5,1045.854248046875,90273.99015571373,1.15625,3.9937619116103505e-05,3.9937619116103505e-05,0.0,-6.047828948746122e-07,3.9332836221228894e-05,3.9937619116103505e-05,-4.495273639255061e-07,1.0,False
cyclonic,0.5,1045.854248046875,95153.66529926582,1.21875,3.906461592631027e-05,3.906461592631027e-05,0.0,-6.290030819329049e-07,3.8435612844377365e-05,3.906461592631027e-05,-4.67529918122007e-07,1.0,False
cyclonic,0.5,1045.854248046875,100033.34044281792,1.28125,3.841286411855236e-05,3.841286411855236e-05,0.0,-6.495056389614441e-07,3.776335847959091e-05,3.841286411855236e-05,-4.827692056297703e-07,1.0,False
cyclonic,0.5,1045.854248046875,104913.01558637002,1.34375,3.7972515721842586e-05,3.7972515721842586e-05,0.0,-6.807792198473772e-07,3.729173650199521e-05,3.7972515721842586e-05,-5.060144569345038e-07,1.0,False
cyclonic,0.5,1045.854248046875,109792.6907299221,1.40625,3.808334907865806e-05,3.808334907865806e-05,0.0,-7.06892852091142e-07,3.737645622656692e-05,3.808334907865806e-05,-5.254243846367307e-07,1.0,False
cyclonic,0.5,1045.854248046875,114672.3658734742,1.46875,3.8203981315376594e-05,3.8203981315376594e-05,0.0,-7.259643999476165e-07,3.747801691542898e-05,3.8203981315376594e-05,-5.396000213925909e-07,1.0,False
cyclonic,0.5,1045.854248046875,119552.04101702629,1.53125,3.8605448071324524e-05,3.8605448071324524e-05,0.0,-7.331001862224441e-07,3.787234788510208e-05,3.8605448071324524e-05,-5.449039597493861e-07,1.0,False
cyclonic,0.5,1045.854248046875,124431.71616057839,1.59375,3.915634527094265e-05,3.915634527094265e-05,0.0,-7.417069782488269e-07,3.841463829269382e-05,3.915634527094265e-05,-5.513012778023001e-07,0.0,True
cyclonic,0.5,1045.854248046875,129311.39130413048,1.65625,3.961181893915602e-05,3.961181893915602e-05,0.0,-7.370739952158772e-07,3.8874744943940146e-05,3.961181893915602e-05,-5.478576409740044e-07,0.0,True
cyclonic,0.5,1045.854248046875,134191.06644768256,1.7187499999999998,4.0219405497844614e-05,4.021940549784462e-05,6.776263578034403e-21,-7.323015969202276e-07,3.9487103900924394e-05,4.0219405497844614e-05,-5.443103785702112e-07,0.0,True
cyclonic,0.5,1045.854248046875,139070.74159123466,1.78125,4.103651051643963e-05,4.103651051643962e-05,-6.776263578034403e-21,-7.283867140595624e-07,4.030812380238006e-05,4.103651051643963e-05,-5.414004963838163e-07,0.0,True
cyclonic,0.5,1045.854248046875,143950.41673478676,1.84375,4.131908693724851e-05,4.131908693724851e-05,0.0,-7.228877942037454e-07,4.059619914304477e-05,4.131908693724851e-05,-5.373132198285897e-07,0.0,True
cyclonic,0.5,1045.854248046875,148830.09187833886,1.90625,4.163057267051158e-05,4.163057267051155e-05,-2.710505431213761e-20,-7.192142039078602e-07,4.091135846660369e-05,4.163057267051158e-05,-5.345826873088266e-07,0.0,True
cyclonic,0.5,1045.854248046875,153709.76702189096,1.9687500000000002,4.182614401498879e-05,4.182614401498879e-05,0.0,-7.089846296191657e-07,4.111715938536963e-05,4.182614401498879e-05,-5.269791760272611e-07,0.0,True
cyclonic,0.5,1045.854248046875,158589.44216544303,2.03125,4.157713639386736e-05,4.157713639386736e-05,0.0,-6.900166708615307e-07,4.088711972300583e-05,4.157713639386736e-05,-5.12880535719097e-07,0.0,True
cyclonic,0.5,1045.854248046875,163469.11730899513,2.09375,4.10786922523217e-05,4.10786922523217e-05,0.0,-6.579352059448752e-07,4.042075704637682e-05,4.10786922523217e-05,-4.890347945827794e-07,0.0,True
cyclonic,0.5,1045.854248046875,168348.79245254723,2.15625,4.023711871563837e-05,4.023711871563837e-05,0.0,-6.433639962714152e-07,3.959375471936695e-05,4.023711871563837e-05,-4.782042014406332e-07,0.0,True
cyclonic,0.5,1045.854248046875,173228.46759609933,2.21875,3.9244222777469234e-05,3.924422277746923e-05,-6.776263578034403e-21,-6.090384357821624e-07,3.863518434168706e-05,3.9244222777469234e-05,-4.526904528661164e-07,0.0,True
cyclonic,0.5,1045.854248046875,178108.14273965143,2.28125,3.764292566463928e-05,3.764292566463928e-05,0.0,-5.742823291411839e-07,3.70686433354981e-05,3.764292566463928e-05,-4.268566848626875e-07,0.0,True
cyclonic,0.5,1045.854248046875,182987.8178832035,2.34375,3.6238171613088304e-05,3.6238171613088304e-05,0.0,-5.462592952556865e-07,3.5691912317832616e-05,3.6238171613088304e-05,-4.06027523425583e-07,0.0,True
cyclonic,0.5,1045.854248046875,187867.4930267556,2.40625,3.460615323610719e-05,3.460615323610719e-05,0.0,-5.050307590823289e-07,3.410112247702486e-05,3.460615323610719e-05,-3.7538288161844436e-07,0.0,True
cyclonic,0.5,1045.854248046875,192747.1681703077,2.46875,3.2776922186460956e-05,3.2776922186460956e-05,0.0,-4.655466776879058e-07,3.231137550877305e-05,3.2776922186460956e-05,-3.460348706600078e-07,0.0,True
cyclonic,0.5,1151.9912109375,2439.837571776047,0.03125,-3.9653305993261e-07,-3.9653305993261e-07,0.0,-3.4245216269622074e-09,-3.999575815595722e-07,-3.9653305993261e-07,-2.984487990652946e-09,1.0,False
cyclonic,0.5,1151.9912109375,7319.512715328141,0.09375,-5.140582310018743e-06,-5.140582310018743e-06,0.0,-2.6115169550651272e-08,-5.166697479569394e-06,-5.140582310018743e-06,-2.2759502899364916e-08,1.0,False
cyclonic,0.5,1151.9912109375,12199.187858880234,0.15625,-9.941282514911457e-06,-9.941282514911457e-06,0.0,-4.684598906863002e-08,-9.988128503980087e-06,-9.941282514911457e-06,-4.082651739875504e-08,1.0,False
cyclonic,0.5,1151.9912109375,17078.86300243233,0.21875,-1.4546152131823648e-05,-1.4546152131823648e-05,0.0,-1.2461892372874633e-07,-1.4670771055552394e-05,-1.4546152131823648e-05,-1.086060249549253e-07,1.0,False
cyclonic,0.5,1151.9912109375,21958.53814598442,0.28125,-1.880034333580899e-05,-1.880034333580899e-05,0.0,-2.665909533641647e-07,-1.9066934289173157e-05,-1.880034333580899e-05,-2.323353698419641e-07,1.0,False
cyclonic,0.5,1151.9912109375,26838.213289536514,0.34375,-2.265198679557948e-05,-2.265198679557948e-05,0.0,-4.486827768675033e-07,-2.3100669572446986e-05,-2.265198679557948e-05,-3.9102931884875993e-07,0.0,True
cyclonic,0.5,1151.9912109375,31717.88843308861,0.40625,-2.6121841371398767e-05,-2.6121841371398767e-05,0.0,-6.488800658708631e-07,-2.677072143726963e-05,-2.6121841371398767e-05,-5.655022729944218e-07,0.0,True
cyclonic,0.5,1151.9912109375,36597.5635766407,0.46874999999999994,-2.927407430834027e-05,-2.9274074308340275e-05,-3.3881317890172014e-21,-8.332487975307874e-07,-3.0107323105871063e-05,-2.927407430834027e-05,-7.261805590238392e-07,0.0,True
cyclonic,0.5,1151.9912109375,41477.2387201928,0.53125,-3.205083734409692e-05,-3.205083734409692e-05,0.0,-1.0172791171038496e-06,-3.3068116461200766e-05,-3.205083734409692e-05,-8.865639172007999e-07,0.0,True
cyclonic,0.5,1151.9912109375,46356.91386374489,0.59375,-3.450589185580966e-05,-3.450589185580966e-05,0.0,-1.1933793633728168e-06,-3.569927121918247e-05,-3.450589185580966e-05,-1.0400361762173026e-06,0.0,True
cyclonic,0.5,1151.9912109375,51236.589007296985,0.65625,-3.664597601009767e-05,-3.6645976010097685e-05,-1.3552527156068805e-20,-1.4102808717944907e-06,-3.805625688189218e-05,-3.664597601009767e-05,-1.2290669424248535e-06,0.0,True
cyclonic,0.5,1151.9912109375,56116.26415084908,0.71875,-3.8299367225101734e-05,-3.8299367225101734e-05,0.0,-1.6435571525551425e-06,-3.9942924377656876e-05,-3.8299367225101734e-05,-1.4323684058914275e-06,0.0,True
cyclonic,0.5,1151.9912109375,60995.93929440117,0.78125,-3.945182862762677e-05,-3.945182862762678e-05,-6.776263578034403e-21,-1.8722023830947996e-06,-4.132403101072158e-05,-3.945182862762677e-05,-1.6316338855698283e-06,0.0,True
cyclonic,0.5,1151.9912109375,65875.61443795326,0.84375,-4.000048072956219e-05,-4.000048072956219e-05,0.0,-2.073706809327496e-06,-4.207418753888969e-05,-4.000048072956219e-05,-1.807246016449658e-06,0.0,True
cyclonic,0.5,1151.9912109375,70755.28958150536,0.9062500000000001,-3.993253803637819e-05,-3.99325380363782e-05,-1.3552527156068805e-20,-2.2374215974370337e-06,-4.216995963381524e-05,-3.993253803637819e-05,-1.949924285775886e-06,0.0,True
cyclonic,0.5,1151.9912109375,75634.96472505745,0.96875,-3.944246833954465e-05,-3.944246833954466e-05,-1.3552527156068805e-20,-2.343421160388784e-06,-4.178588949993345e-05,-3.944246833954465e-05,-2.0423034432480458e-06,0.0,True
cyclonic,0.5,1151.9912109375,80514.63986860955,1.03125,-3.877053921534772e-05,-3.8770539215347736e-05,-1.3552527156068805e-20,-2.4811555436722234e-06,-4.1251694759019956e-05,-3.877053921534772e-05,-2.1623396578168123e-06,0.0,True
cyclonic,0.5,1151.9912109375,85394.31501216163,1.09375,-3.7783391180087285e-05,-3.7783391180087306e-05,-2.0328790734103208e-20,-2.6275961982453507e-06,-4.0410987378332654e-05,-3.7783391180087285e-05,-2.289963432032702e-06,0.0,True
cyclonic,0.5,1151.9912109375,90273.99015571373,1.15625,-3.623961032287801e-05,-3.6239610322878014e-05,-6.776263578034403e-21,-2.7607988365641548e-06,-3.9000409159442166e-05,-3.623961032287801e-05,-2.406050207848571e-06,0.0,True
cyclonic,0.5,1151.9912109375,95153.66529926582,1.21875,-3.4137067038095786e-05,-3.41370670380958e-05,-1.3552527156068805e-20,-2.8777772633577926e-06,-3.7014844301453595e-05,-3.4137067038095786e-05,-2.5079975009193355e-06,0.0,True
cyclonic,0.5,1151.9912109375,100033.34044281792,1.28125,-3.176609433877704e-05,-3.176609433877704e-05,0.0,-2.9979685011026912e-06,-3.476406283987973e-05,-3.176609433877704e-05,-2.6127447750516244e-06,0.0,True
cyclonic,0.5,1151.9912109375,104913.01558637002,1.34375,-2.8716421985641316e-05,-2.8716421985641337e-05,-2.0328790734103208e-20,-3.1354664187237865e-06,-3.1851888404365126e-05,-2.8716421985641316e-05,-2.7325749085946755e-06,0.0,True
cyclonic,0.5,1151.9912109375,109792.6907299221,1.40625,-2.5139373646844284e-05,-2.5139373646844304e-05,-2.0328790734103208e-20,-3.257838991667069e-06,-2.839721263851137e-05,-2.5139373646844284e-05,-2.8392232274311092e-06,0.0,True
cyclonic,0.5,1151.9912109375,114672.3658734742,1.46875,-2.1450247138459328e-05,-2.1450247138459335e-05,-6.776263578034403e-21,-3.335380004659155e-06,-2.478562714311849e-05,-2.1450247138459328e-05,-2.9068006140756872e-06,0.0,True
cyclonic,0.5,1151.9912109375,119552.04101702629,1.53125,-1.742338437834463e-05,-1.742338437834463e-05,0.0,-3.3577840097567953e-06,-2.0781168388101426e-05,-1.742338437834463e-05,-2.9263258183056714e-06,0.0,True
cyclonic,0.5,1151.9912109375,124431.71616057839,1.59375,-1.3207608712744272e-05,-1.3207608712744305e-05,-3.3881317890172014e-20,-3.3592403586466063e-06,-1.656684907139091e-05,-1.3207608712744272e-05,-2.927595033759772e-06,0.0,True
cyclonic,0.5,1151.9912109375,129311.39130413048,1.65625,-8.347221768315046e-06,-8.347221768315068e-06,-2.202285662861181e-20,-3.325061032947658e-06,-1.1672282801262727e-05,-8.347221768315046e-06,-2.8978075778202352e-06,0.0,True
cyclonic,0.5,1151.9912109375,134191.06644768256,1.7187499999999998,-4.038525787324418e-06,-4.0385257873244424e-06,-2.456395547037471e-20,-3.2987197225564206e-06,-7.337245509880863e-06,-4.038525787324418e-06,-2.8748509920297557e-06,0.0,True
cyclonic,0.5,1151.9912109375,139070.74159123466,1.78125,6.459695086094334e-07,6.45969508609408e-07,-2.541098841762901e-20,-3.309431363807081e-06,-2.663461855197673e-06,6.459695086094334e-07,-2.8841862417829124e-06,0.0,True
cyclonic,0.5,1151.9912109375,143950.41673478676,1.84375,5.42478825467448e-06,5.424788254674461e-06,-1.8634724839594607e-20,-3.2580218751732295e-06,2.1667663795012316e-06,5.42478825467448e-06,-2.8393826113355724e-06,0.0,True
cyclonic,0.5,1151.9912109375,148830.09187833886,1.90625,9.9355571997731e-06,9.93555719977307e-06,-2.879912020664621e-20,-3.2039361956965004e-06,6.7316210040765705e-06,9.9355571997731e-06,-2.7922466669765958e-06,0.0,True
cyclonic,0.5,1151.9912109375,153709.76702189096,1.9687500000000002,1.3993369430000954e-05,1.3993369430000937e-05,-1.6940658945086007e-20,-3.1465850645457223e-06,1.0846784365455215e-05,1.3993369430000954e-05,-2.742264864898828e-06,0.0,True
cyclonic,0.5,1151.9912109375,158589.44216544303,2.03125,1.7382799374324198e-05,1.7382799374324198e-05,0.0,-3.038722382492813e-06,1.4344076991831385e-05,1.7382799374324198e-05,-2.6482619896674384e-06,0.0,True
cyclonic,0.5,1151.9912109375,163469.11730899513,2.09375,2.0482579118438888e-05,2.0482579118438833e-05,-5.421010862427522e-20,-2.9162460422474523e-06,1.756633307619138e-05,2.0482579118438888e-05,-2.5415232371002214e-06,0.0,True
cyclonic,0.5,1151.9912109375,168348.79245254723,2.15625,2.3229734739834692e-05,2.322973473983465e-05,-4.0657581468206416e-20,-2.8620238694855205e-06,2.036771087034913e-05,2.3229734739834692e-05,-2.4942683381499567e-06,0.0,True
cyclonic,0.5,1151.9912109375,173228.46759609933,2.21875,2.570727472665885e-05,2.5707274726658824e-05,-2.710505431213761e-20,-2.781928719907253e-06,2.2925346006751572e-05,2.570727472665885e-05,-2.424465008498352e-06,0.0,True
cyclonic,0.5,1151.9912109375,178108.14273965143,2.28125,2.734557968495419e-05,2.734557968495415e-05,-4.0657581468206416e-20,-2.7016577112027783e-06,2.464392197375137e-05,2.734557968495419e-05,-2.3545084167250904e-06,0.0,True
cyclonic,0.5,1151.9912109375,182987.8178832035,2.34375,2.8275309627768736e-05,2.827530962776871e-05,-2.710505431213761e-20,-2.5456542977208015e-06,2.5729655330047908e-05,2.8275309627768736e-05,-2.2185506495519748e-06,0.0,True
cyclonic,0.5,1151.9912109375,187867.4930267556,2.40625,2.859264059327961e-05,2.859264059327957e-05,-4.0657581468206416e-20,-2.448430090950231e-06,2.614421050232934e-05,2.859264059327961e-05,-2.133819259560748e-06,0.0,True
cyclonic,0.5,1151.9912109375,192747.1681703077,2.46875,2.8638261607038884e-05,2.8638261607038823e-05,-6.098637220230962e-20,-2.3458416283037573e-06,2.6292419978735066e-05,2.8638261607038884e-05,-2.0444128933292264e-06,0.0,True
cyclonic,0.5,1265.8614501953125,2439.837571776047,0.03125,1.2436229523531133e-07,1.2436229523531133e-07,0.0,2.275406176955681e-08,1.4711635700486814e-07,1.2436229523531133e-07,1.3657390685571225e-08,1.0,False
cyclonic,0.5,1265.8614501953125,7319.512715328141,0.09375,6.986518404158248e-07,6.986518404158248e-07,0.0,3.136459480979406e-08,7.300164352256188e-07,6.986518404158248e-07,1.8825585047198382e-08,1.0,False
cyclonic,0.5,1265.8614501953125,12199.187858880234,0.15625,1.3575410533681274e-06,1.3575410533681265e-06,-8.470329472543003e-22,1.438218487093219e-08,1.3719232382390587e-06,1.3575410533681274e-06,8.63244196503113e-09,0.0,True
cyclonic,0.5,1265.8614501953125,17078.86300243233,0.21875,2.2075896238315534e-06,2.2075896238315517e-06,-1.6940658945086007e-21,-3.537346760686255e-07,1.8538549477629263e-06,2.2075896238315534e-06,-2.1231781468427022e-07,0.0,True
cyclonic,0.5,1265.8614501953125,21958.53814598442,0.28125,3.250004851340848e-06,3.2500048513408445e-06,-3.3881317890172014e-21,-9.353639173022806e-07,2.314640934038564e-06,3.250004851340848e-06,-5.614219817612984e-07,0.0,True
cyclonic,0.5,1265.8614501953125,26838.213289536514,0.34375,4.217498950875335e-06,4.217498950875333e-06,-2.541098841762901e-21,-1.6142279088057326e-06,2.6032710420696e-06,4.217498950875335e-06,-9.688881672813502e-07,0.0,True
cyclonic,0.5,1265.8614501953125,31717.88843308861,0.40625,4.931420777160896e-06,4.931420777160889e-06,-6.776263578034403e-21,-2.340178489232022e-06,2.591242287928867e-06,4.931420777160896e-06,-1.404616557039173e-06,0.0,True
cyclonic,0.5,1265.8614501953125,36597.5635766407,0.46874999999999994,5.358442409363945e-06,5.35844240936394e-06,-5.082197683525802e-21,-3.0999547093257027e-06,2.258487700038237e-06,5.358442409363945e-06,-1.8606476945352041e-06,0.0,True
cyclonic,0.5,1265.8614501953125,41477.2387201928,0.53125,5.414074915949358e-06,5.414074915949351e-06,-6.776263578034403e-21,-3.7676690171518142e-06,1.646405898797537e-06,5.414074915949358e-06,-2.2614216425310655e-06,0.0,True
cyclonic,0.5,1265.8614501953125,46356.91386374489,0.59375,5.166614541058995e-06,5.166614541058989e-06,-5.929230630780102e-21,-4.4338268836426e-06,7.327876574163891e-07,5.166614541058995e-06,-2.6612613868840345e-06,0.0,True
cyclonic,0.5,1265.8614501953125,51236.589007296985,0.65625,4.9372978953831425e-06,4.9372978953831365e-06,-5.929230630780102e-21,-5.134279988258986e-06,-1.9698209287584967e-07,4.9372978953831425e-06,-3.0816857402830543e-06,0.0,True
cyclonic,0.5,1265.8614501953125,56116.26415084908,0.71875,4.607093939616435e-06,4.607093939616418e-06,-1.6940658945086007e-20,-5.803546351619216e-06,-1.1964524120027987e-06,4.607093939616435e-06,-3.4833912594862817e-06,0.0,True
cyclonic,0.5,1265.8614501953125,60995.93929440117,0.78125,4.003633365177385e-06,4.003633365177373e-06,-1.1858461261560205e-20,-6.481595895853422e-06,-2.4779625306760492e-06,4.003633365177385e-06,-3.890368599337303e-06,0.0,True
cyclonic,0.5,1265.8614501953125,65875.61443795326,0.84375,2.8857097976193844e-06,2.8857097976193675e-06,-1.6940658945086007e-20,-7.081566103470878e-06,-4.1958563058515105e-06,2.8857097976193844e-06,-4.250481339125057e-06,0.0,True
cyclonic,0.5,1265.8614501953125,70755.28958150536,0.9062500000000001,1.0867111985934223e-06,1.0867111985934108e-06,-1.1434944787933055e-20,-7.634764855709992e-06,-6.5480536571165805e-06,1.0867111985934223e-06,-4.582521023407203e-06,0.0,True
cyclonic,0.5,1265.8614501953125,75634.96472505745,0.96875,-1.1354517702964513e-06,-1.1354517702964795e-06,-2.8163845496205486e-20,-7.940014443371588e-06,-9.075466213668068e-06,-1.1354517702964513e-06,-4.76573722970588e-06,0.0,True
cyclonic,0.5,1265.8614501953125,80514.63986860955,1.03125,-3.321652881661372e-06,-3.3216528816613917e-06,-1.9481757786848908e-20,-8.318849505366261e-06,-1.1640502387027653e-05,-3.321652881661372e-06,-4.9931207403710444e-06,0.0,True
cyclonic,0.5,1265.8614501953125,85394.31501216163,1.09375,-5.113899794166432e-06,-5.113899794166463e-06,-3.134021904840911e-20,-8.745159152156703e-06,-1.3859058946323165e-05,-5.113899794166432e-06,-5.248999337265543e-06,0.0,True
cyclonic,0.5,1265.8614501953125,90273.99015571373,1.15625,-6.932348620469618e-06,-6.932348620469638e-06,-1.9481757786848908e-20,-9.163240741448266e-06,-1.6095589361917905e-05,-6.932348620469618e-06,-5.499939308389239e-06,0.0,True
cyclonic,0.5,1265.8614501953125,95153.66529926582,1.21875,-8.821367410462515e-06,-8.82136741046255e-06,-3.5575383784680614e-20,-9.691992382850642e-06,-1.8513359793313192e-05,-8.821367410462515e-06,-5.817305403963919e-06,0.0,True
cyclonic,0.5,1265.8614501953125,100033.34044281792,1.28125,-1.0488604382875617e-05,-1.0488604382875637e-05,-2.0328790734103208e-20,-1.0205241710682736e-05,-2.0693846093558374e-05,-1.0488604382875617e-05,-6.125366736498758e-06,0.0,True
cyclonic,0.5,1265.8614501953125,104913.01558637002,1.34375,-1.2094931098303915e-05,-1.2094931098303959e-05,-4.404571325722362e-20,-1.0629856946265238e-05,-2.2724788044569197e-05,-1.2094931098303915e-05,-6.3802283177903635e-06,0.0,True
cyclonic,0.5,1265.8614501953125,109792.6907299221,1.40625,-1.3293717918477218e-05,-1.3293717918477253e-05,-3.5575383784680614e-20,-1.0978130177629871e-05,-2.4271848096107125e-05,-1.3293717918477218e-05,-6.589268076680222e-06,0.0,True
cyclonic,0.5,1265.8614501953125,114672.3658734742,1.46875,-1.3968444359888775e-05,-1.396844435988881e-05,-3.5575383784680614e-20,-1.1221011813230568e-05,-2.518945617311938e-05,-1.3968444359888775e-05,-6.735049934062157e-06,0.0,True
cyclonic,0.5,1265.8614501953125,119552.04101702629,1.53125,-1.4284499839709173e-05,-1.4284499839709195e-05,-2.202285662861181e-20,-1.1384572203747588e-05,-2.5669072043456783e-05,-1.4284499839709173e-05,-6.833221775933669e-06,0.0,True
cyclonic,0.5,1265.8614501953125,124431.71616057839,1.59375,-1.4193713834515862e-05,-1.4193713834515894e-05,-3.218725199566341e-20,-1.1501502844063669e-05,-2.5695216678579563e-05,-1.4193713834515862e-05,-6.9034056162556344e-06,0.0,True
cyclonic,0.5,1265.8614501953125,129311.39130413048,1.65625,-1.3408487313209028e-05,-1.3408487313209069e-05,-4.0657581468206416e-20,-1.1603669425446808e-05,-2.501215673865588e-05,-1.3408487313209028e-05,-6.964727807040297e-06,0.0,True
cyclonic,0.5,1265.8614501953125,134191.06644768256,1.7187499999999998,-1.2389805362498753e-05,-1.2389805362498805e-05,-5.251604272976662e-20,-1.1674592870608659e-05,-2.4064398233107466e-05,-1.2389805362498753e-05,-7.007297314372743e-06,0.0,True
cyclonic,0.5,1265.8614501953125,139070.74159123466,1.78125,-1.0846975902289348e-05,-1.084697590228941e-05,-6.268043809681823e-20,-1.1682060043968176e-05,-2.2529035946257588e-05,-1.0846975902289348e-05,-7.01177924401329e-06,0.0,True
cyclonic,0.5,1265.8614501953125,143950.41673478676,1.84375,-8.430315273895888e-06,-8.43031527389594e-06,-5.082197683525802e-20,-1.1574358187736678e-05,-2.000467346163262e-05,-8.430315273895888e-06,-6.947134683274566e-06,0.0,True
cyclonic,0.5,1265.8614501953125,148830.09187833886,1.90625,-5.658049710545339e-06,-5.658049710545371e-06,-3.134021904840911e-20,-1.1335471031462133e-05,-1.6993520742007503e-05,-5.658049710545339e-06,-6.803750383097811e-06,0.0,True
cyclonic,0.5,1265.8614501953125,153709.76702189096,1.9687500000000002,-2.833633653102376e-06,-2.8336336531024214e-06,-4.531626267810507e-20,-1.0996726879218531e-05,-1.3830360532320952e-05,-2.833633653102376e-06,-6.600430146188144e-06,0.0,True
cyclonic,0.5,1265.8614501953125,158589.44216544303,2.03125,4.5389156868084987e-07,4.5389156868080127e-07,-4.859851534871548e-20,-1.0738368563560716e-05,-1.0284476994879914e-05,4.5389156868084987e-07,-6.4453589114547575e-06,0.0,True
cyclonic,0.5,1265.8614501953125,163469.11730899513,2.09375,3.522403978039092e-06,3.5224039780390175e-06,-7.453889935837843e-20,-1.0389996259826118e-05,-6.867592281787101e-06,3.522403978039092e-06,-6.236259687574582e-06,0.0,True
cyclonic,0.5,1265.8614501953125,168348.79245254723,2.15625,7.051819312544615e-06,7.051819312544542e-06,-7.284483346386983e-20,-1.004584425505415e-05,-2.9940249425096077e-06,7.051819312544615e-06,-6.029693561843049e-06,0.0,True
cyclonic,0.5,1265.8614501953125,173228.46759609933,2.21875,1.0802013297435413e-05,1.080201329743532e-05,-9.317362419797304e-20,-9.556919258472058e-06,1.245094038963261e-06,1.0802013297435413e-05,-5.73623212353417e-06,0.0,True
cyclonic,0.5,1265.8614501953125,178108.14273965143,2.28125,1.4489921933809344e-05,1.4489921933809256e-05,-8.809142651444724e-20,-9.087459702181852e-06,5.402462231627404e-06,1.4489921933809344e-05,-5.45445418708203e-06,0.0,True
cyclonic,0.5,1265.8614501953125,182987.8178832035,2.34375,1.794689647403972e-05,1.794689647403963e-05,-9.147955830346444e-20,-8.688341235062217e-06,9.258555238977412e-06,1.794689647403972e-05,-5.214896217587016e-06,0.0,True
cyclonic,0.5,1265.8614501953125,187867.4930267556,2.40625,2.1176621002040225e-05,2.1176621002040174e-05,-5.082197683525802e-20,-8.250900047494499e-06,1.2925720954545676e-05,2.1176621002040225e-05,-4.952336272858126e-06,0.0,True
cyclonic,0.5,1265.8614501953125,192747.1681703077,2.46875,2.4261166770573022e-05,2.426116677057296e-05,-6.098637220230962e-20,-7.788604552301363e-06,1.64725622182716e-05,2.4261166770573022e-05,-4.674858332700664e-06,0.0,True
cyclonic,0.5,1387.376953125,2439.837571776047,0.03125,-4.4488670712155794e-07,-4.4488670712155794e-07,0.0,-3.319256460176107e-08,-4.78079271723319e-07,-4.4488670712155794e-07,-2.402163727070791e-10,1.0,False
cyclonic,0.5,1387.376953125,7319.512715328141,0.09375,-6.5385126852088405e-06,-6.5385126852088405e-06,0.0,-1.8337644425408372e-07,-6.7218891294629245e-06,-6.5385126852088405e-06,-1.3271051757266373e-09,0.0,True
cyclonic,0.5,1387.376953125,12199.187858880234,0.15625,-1.2838515635073954e-05,-1.2838515635073957e-05,-3.3881317890172014e-21,-5.542458189727687e-07,-1.3392761454046726e-05,-1.2838515635073954e-05,-4.0111067589709255e-09,0.0,True
cyclonic,0.5,1387.376953125,17078.86300243233,0.21875,-1.8977369771535536e-05,-1.897736977153554e-05,-3.3881317890172014e-21,-1.3585756534748938e-06,-2.0335945425010432e-05,-1.8977369771535536e-05,-9.832084969673409e-09,0.0,True
cyclonic,0.5,1387.376953125,21958.53814598442,0.28125,-2.4851827963325054e-05,-2.4851827963325067e-05,-1.3552527156068805e-20,-2.509665508490623e-06,-2.736149347181569e-05,-2.4851827963325054e-05,-1.8162584072388887e-08,0.0,True
cyclonic,0.5,1387.376953125,26838.213289536514,0.34375,-3.0362894219897736e-05,-3.0362894219897743e-05,-6.776263578034403e-21,-3.970943369977988e-06,-3.433383758987573e-05,-3.0362894219897736e-05,-2.8737930437310276e-08,0.0,True
cyclonic,0.5,1387.376953125,31717.88843308861,0.40625,-3.5390643455413556e-05,-3.539064345541357e-05,-1.3552527156068805e-20,-5.6247725133434274e-06,-4.1015415968757e-05,-3.5390643455413556e-05,-4.0706780770599193e-08,0.0,True
cyclonic,0.5,1387.376953125,36597.5635766407,0.46874999999999994,-4.013900380912407e-05,-4.013900380912408e-05,-1.3552527156068805e-20,-7.251485002350307e-06,-4.739048881147439e-05,-4.013900380912407e-05,-5.247938641993201e-08,0.0,True
cyclonic,0.5,1387.376953125,41477.2387201928,0.53125,-4.475790800060101e-05,-4.475790800060104e-05,-2.710505431213761e-20,-8.886093510762321e-06,-5.364400151136336e-05,-4.475790800060101e-05,-6.430913598577392e-08,0.0,True
cyclonic,0.5,1387.376953125,46356.91386374489,0.59375,-4.925349772313756e-05,-4.925349772313758e-05,-2.0328790734103208e-20,-1.0462734567406e-05,-5.971623229054358e-05,-4.925349772313756e-05,-7.571937198989116e-08,0.0,True
cyclonic,0.5,1387.376953125,51236.589007296985,0.65625,-5.3618549774642085e-05,-5.3618549774642106e-05,-2.0328790734103208e-20,-1.2085591260810396e-05,-6.57041410354525e-05,-5.3618549774642085e-05,-8.74640730393643e-08,0.0,True
cyclonic,0.5,1387.376953125,56116.26415084908,0.71875,-5.773902313453846e-05,-5.7739023134538505e-05,-4.743384504624082e-20,-1.3510178514628231e-05,-7.124920164916673e-05,-5.773902313453846e-05,-9.77738875060266e-08,0.0,True
cyclonic,0.5,1387.376953125,60995.93929440117,0.78125,-6.174225756181037e-05,-6.17422575618104e-05,-2.710505431213761e-20,-1.4473867583658896e-05,-7.62161251454693e-05,-6.174225756181037e-05,-1.0474815705577167e-07,0.0,True
cyclonic,0.5,1387.376953125,65875.61443795326,0.84375,-6.56399534022089e-05,-6.563995340220897e-05,-6.776263578034403e-20,-1.5397034855911135e-05,-8.10369882581201e-05,-6.56399534022089e-05,-1.1142916818591362e-07,0.0,True
cyclonic,0.5,1387.376953125,70755.28958150536,0.9062500000000001,-6.92237945409967e-05,-6.922379454099674e-05,-4.0657581468206416e-20,-1.6078863149740546e-05,-8.530265769073728e-05,-6.92237945409967e-05,-1.1636359616753659e-07,0.0,True
cyclonic,0.5,1387.376953125,75634.96472505745,0.96875,-7.274756724305254e-05,-7.27475672430526e-05,-6.776263578034403e-20,-1.6457692917154534e-05,-8.920526016020714e-05,-7.274756724305254e-05,-1.1910520754024824e-07,0.0,True
cyclonic,0.5,1387.376953125,80514.63986860955,1.03125,-7.562965638613031e-05,-7.562965638613036e-05,-5.421010862427522e-20,-1.7116255836891928e-05,-9.274591222302229e-05,-7.562965638613031e-05,-1.2387126276004606e-07,0.0,True
cyclonic,0.5,1387.376953125,85394.31501216163,1.09375,-7.764572865624422e-05,-7.76457286562443e-05,-8.131516293641283e-20,-1.8060330494717195e-05,-9.57060591509615e-05,-7.764572865624422e-05,-1.3070358176245996e-07,0.0,True
cyclonic,0.5,1387.376953125,90273.99015571373,1.15625,-7.897233248929578e-05,-7.897233248929586e-05,-8.131516293641283e-20,-1.9011668207000404e-05,-9.798400069629627e-05,-7.897233248929578e-05,-1.3758846388006526e-07,0.0,True
cyclonic,0.5,1387.376953125,95153.66529926582,1.21875,-8.024417957404655e-05,-8.024417957404666e-05,-1.0842021724855044e-19,-1.992261388180857e-05,-0.00010016679345585522,-8.024417957404655e-05,-1.4418102665311503e-07,0.0,True
cyclonic,0.5,1387.376953125,100033.34044281792,1.28125,-8.120338786456538e-05,-8.120338786456547e-05,-9.486769009248164e-20,-2.089733843748817e-05,-0.00010210072630205364,-8.120338786456538e-05,-1.5123516061242503e-07,0.0,True
cyclonic,0.5,1387.376953125,104913.01558637002,1.34375,-8.174442872765107e-05,-8.174442872765121e-05,-1.3552527156068805e-19,-2.178018198193123e-05,-0.00010352461070958244,-8.174442872765107e-05,-1.5762434675873203e-07,0.0,True
cyclonic,0.5,1387.376953125,109792.6907299221,1.40625,-8.196351367795547e-05,-8.196351367795557e-05,-1.0842021724855044e-19,-2.2645804408252632e-05,-0.0001046093180862082,-8.196351367795547e-05,-1.6388890274829229e-07,0.0,True
cyclonic,0.5,1387.376953125,114672.3658734742,1.46875,-8.160731155868175e-05,-8.160731155868187e-05,-1.2197274440461925e-19,-2.335239007805612e-05,-0.00010495970163673799,-8.160731155868175e-05,-1.690025011894923e-07,0.0,True
cyclonic,0.5,1387.376953125,119552.04101702629,1.53125,-8.034216402187667e-05,-8.034216402187678e-05,-1.0842021724855044e-19,-2.41075439638097e-05,-0.00010444970798568648,-8.034216402187667e-05,-1.744675904179925e-07,0.0,True
cyclonic,0.5,1387.376953125,124431.71616057839,1.59375,-7.891621132333867e-05,-7.89162113233387e-05,-2.710505431213761e-20,-2.478195125230854e-05,-0.00010369816257564724,-7.891621132333867e-05,-1.793483121854757e-07,0.0,True
cyclonic,0.5,1387.376953125,129311.39130413048,1.65625,-7.723141161025896e-05,-7.723141161025904e-05,-8.131516293641283e-20,-2.5389704118788432e-05,-0.00010262111572904747,-7.723141161025896e-05,-1.837466523209765e-07,0.0,True
cyclonic,0.5,1387.376953125,134191.06644768256,1.7187499999999998,-7.533913078894363e-05,-7.53391307889437e-05,-6.776263578034403e-20,-2.5723902955714266e-05,-0.00010106303374465796,-7.533913078894363e-05,-1.8616526725273712e-07,0.0,True
cyclonic,0.5,1387.376953125,139070.74159123466,1.78125,-7.308625234938629e-05,-7.308625234938643e-05,-1.4907779871675686e-19,-2.607519827091552e-05,-9.916145062030196e-05,-7.308625234938629e-05,-1.8870761031598324e-07,0.0,True
cyclonic,0.5,1387.376953125,143950.41673478676,1.84375,-7.0268137019197e-05,-7.02681370191971e-05,-9.486769009248164e-20,-2.6034796606802564e-05,-9.630293362599966e-05,-7.0268137019197e-05,-1.884152213029321e-07,0.0,True
cyclonic,0.5,1387.376953125,148830.09187833886,1.90625,-6.737549774213589e-05,-6.737549774213596e-05,-6.776263578034403e-20,-2.5830952425648055e-05,-9.320645016778402e-05,-6.737549774213589e-05,-1.8693999001598954e-07,0.0,True
cyclonic,0.5,1387.376953125,153709.76702189096,1.9687500000000002,-6.40326706144711e-05,-6.403267061447117e-05,-6.776263578034403e-20,-2.5426047162082027e-05,-8.94587177765532e-05,-6.40326706144711e-05,-1.840096688771802e-07,0.0,True
cyclonic,0.5,1387.376953125,158589.44216544303,2.03125,-6.061662126033907e-05,-6.061662126033914e-05,-7.453889935837843e-20,-2.481616012614955e-05,-8.54327813864887e-05,-6.061662126033907e-05,-1.795958836427305e-07,0.0,True
cyclonic,0.5,1387.376953125,163469.11730899513,2.09375,-5.707572301633999e-05,-5.707572301634005e-05,-5.421010862427522e-20,-2.406229936745671e-05,-8.113802238379676e-05,-5.707572301633999e-05,-1.7414015284421928e-07,0.0,True
cyclonic,0.5,1387.376953125,168348.79245254723,2.15625,-5.3714312964758094e-05,-5.3714312964758155e-05,-6.098637220230962e-20,-2.3102859870009664e-05,-7.681717283476781e-05,-5.3714312964758094e-05,-1.6719663767225801e-07,0.0,True
cyclonic,0.5,1387.376953125,173228.46759609933,2.21875,-5.0106179853414894e-05,-5.010617985341496e-05,-6.776263578034403e-20,-2.219418952669465e-05,-7.230036938010961e-05,-5.0106179853414894e-05,-1.6062054159542615e-07,0.0,True
cyclonic,0.5,1387.376953125,178108.14273965143,2.28125,-4.582071077646449e-05,-4.582071077646452e-05,-2.710505431213761e-20,-2.104271705028206e-05,-6.686342782674658e-05,-4.582071077646449e-05,-1.5228727344111202e-07,0.0,True
cyclonic,0.5,1387.376953125,182987.8178832035,2.34375,-4.16274933301033e-05,-4.162749333010336e-05,-6.098637220230962e-20,-1.9821373579016543e-05,-6.14488669091199e-05,-4.16274933301033e-05,-1.4344834514446243e-07,0.0,True
cyclonic,0.5,1387.376953125,187867.4930267556,2.40625,-3.757144791656443e-05,-3.7571447916564424e-05,6.776263578034403e-21,-1.864365640924878e-05,-5.621510432581321e-05,-3.757144791656443e-05,-1.3492514273480445e-07,0.0,True
cyclonic,0.5,1387.376953125,192747.1681703077,2.46875,-3.423021991173683e-05,-3.42302199117368e-05,2.710505431213761e-20,-1.7703234630799263e-05,-5.193345454253606e-05,-3.423021991173683e-05,-1.2811925981661925e-07,0.0,True
cyclonic,0.5,1516.3636474609375,2439.837571776047,0.03125,-1.2637935579957543e-06,-1.2637935579957543e-06,0.0,-2.65115678771374e-08,-1.2903051258728916e-06,-1.2637935579957543e-06,-8.152388739914345e-09,1.0,False
cyclonic,0.5,1516.3636474609375,7319.512715328141,0.09375,-2.9826883159478565e-06,-2.9826883159478565e-06,0.0,-2.055646784539039e-07,-3.1882529944017604e-06,-2.9826883159478565e-06,-6.321177146964985e-08,1.0,False
cyclonic,0.5,1516.3636474609375,12199.187858880234,0.15625,-5.439506714250803e-06,-5.439506714250801e-06,1.6940658945086007e-21,-5.719221678094376e-07,-6.0114288820602386e-06,-5.439506714250803e-06,-1.7586782730333569e-07,0.0,True
cyclonic,0.5,1516.3636474609375,17078.86300243233,0.21875,-7.632660009856171e-06,-7.63266000985617e-06,1.6940658945086007e-21,-1.1189736233863323e-06,-8.751633633242502e-06,-7.632660009856171e-06,-3.4408783402895734e-07,0.0,True
cyclonic,0.5,1516.3636474609375,21958.53814598442,0.28125,-9.42965130036674e-06,-9.429651300366734e-06,5.082197683525802e-21,-1.7073181971423259e-06,-1.1136969497509061e-05,-9.42965130036674e-06,-5.25005601718371e-07,0.0,True
cyclonic,0.5,1516.3636474609375,26838.213289536514,0.34375,-1.0819938502418879e-05,-1.0819938502418874e-05,5.082197683525802e-21,-2.3537815778949655e-06,-1.3173720080313838e-05,-1.0819938502418879e-05,-7.237950814820188e-07,0.0,True
cyclonic,0.5,1516.3636474609375,31717.88843308861,0.40625,-1.1519570349203954e-05,-1.1519570349203947e-05,6.776263578034403e-21,-3.048689574153636e-06,-1.4568259923357584e-05,-1.1519570349203954e-05,-9.374814296538691e-07,0.0,True
cyclonic,0.5,1516.3636474609375,36597.5635766407,0.46874999999999994,-1.1137120376960055e-05,-1.1137120376960046e-05,8.470329472543003e-21,-3.67928588345698e-06,-1.4816406260417026e-05,-1.1137120376960055e-05,-1.1313917360989821e-06,0.0,True
cyclonic,0.5,1516.3636474609375,41477.2387201928,0.53125,-9.826686287219996e-06,-9.826686287219986e-06,1.0164395367051604e-20,-4.313949908377691e-06,-1.4140636195597676e-05,-9.826686287219996e-06,-1.326552877619179e-06,0.0,True
cyclonic,0.5,1516.3636474609375,46356.91386374489,0.59375,-8.16276524299767e-06,-8.162765242997656e-06,1.3552527156068805e-20,-5.04026909313719e-06,-1.3203034336134846e-05,-8.16276524299767e-06,-1.5498982629565497e-06,0.0,True
cyclonic,0.5,1516.3636474609375,51236.589007296985,0.65625,-7.444499598722767e-06,-7.4444995987227555e-06,1.1858461261560205e-20,-5.90915498237913e-06,-1.3353654581101886e-05,-7.444499598722767e-06,-1.817083348823727e-06,0.0,True
cyclonic,0.5,1516.3636474609375,56116.26415084908,0.71875,-6.6191163465547105e-06,-6.619116346554685e-06,2.541098841762901e-20,-6.777849989360389e-06,-1.3396966335915074e-05,-6.6191163465547105e-06,-2.0842097378081003e-06,0.0,True
cyclonic,0.5,1516.3636474609375,60995.93929440117,0.78125,-6.018932744009778e-06,-6.018932744009761e-06,1.6940658945086007e-20,-7.341174217478654e-06,-1.3360106961488414e-05,-6.018932744009778e-06,-2.257433672187049e-06,0.0,True
cyclonic,0.5,1516.3636474609375,65875.61443795326,0.84375,-5.792548767349069e-06,-5.792548767349033e-06,3.5575383784680614e-20,-7.459397330042772e-06,-1.3251946097391804e-05,-5.792548767349069e-06,-2.2937876432585404e-06,0.0,True
cyclonic,0.5,1516.3636474609375,70755.28958150536,0.9062500000000001,-5.9190346525803695e-06,-5.919034652580344e-06,2.541098841762901e-20,-7.5046351825055584e-06,-1.3423669835085903e-05,-5.9190346525803695e-06,-2.3076984221587034e-06,0.0,True
cyclonic,0.5,1516.3636474609375,75634.96472505745,0.96875,-5.751227940635044e-06,-5.7512279406350005e-06,4.319868030996932e-20,-7.75445095129899e-06,-1.350567889193399e-05,-5.751227940635044e-06,-2.384517540137799e-06,0.0,True
cyclonic,0.5,1516.3636474609375,80514.63986860955,1.03125,-5.517952625910274e-06,-5.51795262591024e-06,3.3881317890172014e-20,-8.076533531737752e-06,-1.3594486157647992e-05,-5.517952625910274e-06,-2.4835589251762098e-06,0.0,True
cyclonic,0.5,1516.3636474609375,85394.31501216163,1.09375,-5.118503027905131e-06,-5.118503027905099e-06,3.218725199566341e-20,-8.586741544566742e-06,-1.3705244572471841e-05,-5.118503027905131e-06,-2.640449459831765e-06,0.0,True
cyclonic,0.5,1516.3636474609375,90273.99015571373,1.15625,-4.74977502060598e-06,-4.749775020605948e-06,3.218725199566341e-20,-9.141458315803092e-06,-1.389123333640904e-05,-4.74977502060598e-06,-2.8110265747208732e-06,0.0,True
cyclonic,0.5,1516.3636474609375,95153.66529926582,1.21875,-4.853119742348208e-06,-4.85311974234817e-06,3.7269449679189215e-20,-9.493362750838643e-06,-1.4346482493186814e-05,-4.853119742348208e-06,-2.9192382718564375e-06,0.0,True
cyclonic,0.5,1516.3636474609375,100033.34044281792,1.28125,-5.44651776166653e-06,-5.446517761666499e-06,3.134021904840911e-20,-9.8916790626957e-06,-1.53381968243622e-05,-5.44651776166653e-06,-3.041721763996786e-06,0.0,True
cyclonic,0.5,1516.3636474609375,104913.01558637002,1.34375,-5.695811746956895e-06,-5.695811746956844e-06,5.082197683525802e-20,-1.0229571131388271e-05,-1.5925382878345115e-05,-5.695811746956895e-06,-3.1456246153438454e-06,0.0,True
cyclonic,0.5,1516.3636474609375,109792.6907299221,1.40625,-5.823288570737692e-06,-5.82328857073765e-06,4.1504614415460717e-20,-1.0715649593509124e-05,-1.6538938164246772e-05,-5.823288570737692e-06,-3.2950952388721584e-06,0.0,True
cyclonic,0.5,1516.3636474609375,114672.3658734742,1.46875,-5.739081760791289e-06,-5.739081760791244e-06,4.489274620447792e-20,-1.1221053607363482e-05,-1.6960135368154725e-05,-5.739081760791289e-06,-3.4505085290535716e-06,0.0,True
cyclonic,0.5,1516.3636474609375,119552.04101702629,1.53125,-6.486136600902192e-06,-6.486136600902151e-06,4.0657581468206416e-20,-1.1822328516843675e-05,-1.8308465117745827e-05,-6.486136600902192e-06,-3.635402414785109e-06,0.0,True
cyclonic,0.5,1516.3636474609375,124431.71616057839,1.59375,-7.503827988340948e-06,-7.503827988340914e-06,3.3881317890172014e-20,-1.232808010093134e-05,-1.9831908089272256e-05,-7.503827988340948e-06,-3.790922583883283e-06,0.0,True
cyclonic,0.5,1516.3636474609375,129311.39130413048,1.65625,-8.697880570678804e-06,-8.697880570678755e-06,4.912791094074942e-20,-1.2686620186611122e-05,-2.138450075728988e-05,-8.697880570678804e-06,-3.901174764020258e-06,0.0,True
cyclonic,0.5,1516.3636474609375,134191.06644768256,1.7187499999999998,-1.0335393488256855e-05,-1.0335393488256791e-05,6.437450399132683e-20,-1.2962243605876394e-05,-2.3297637094133184e-05,-1.0335393488256855e-05,-3.9859298139700804e-06,0.0,True
cyclonic,0.5,1516.3636474609375,139070.74159123466,1.78125,-1.1971439077481036e-05,-1.1971439077480958e-05,7.792703114739563e-20,-1.3249303926970716e-05,-2.5220743004451675e-05,-1.1971439077481036e-05,-4.074201746441629e-06,0.0,True
cyclonic,0.5,1516.3636474609375,143950.41673478676,1.84375,-1.373802583209624e-05,-1.3738025832096175e-05,6.437450399132683e-20,-1.3470068825541835e-05,-2.720809465763801e-05,-1.373802583209624e-05,-4.1420876323922505e-06,0.0,True
cyclonic,0.5,1516.3636474609375,148830.09187833886,1.90625,-1.577169142510392e-05,-1.577169142510385e-05,7.115076756936123e-20,-1.3502256767396215e-05,-2.9273948192500064e-05,-1.577169142510392e-05,-4.1519855236052765e-06,0.0,True
cyclonic,0.5,1516.3636474609375,153709.76702189096,1.9687500000000002,-1.751050099436081e-05,-1.751050099436074e-05,7.115076756936123e-20,-1.3346405668420902e-05,-3.085690666278164e-05,-1.751050099436081e-05,-4.1040608308719855e-06,0.0,True
cyclonic,0.5,1516.3636474609375,158589.44216544303,2.03125,-1.9617260981100285e-05,-1.9617260981100197e-05,8.809142651444724e-20,-1.3081921210986066e-05,-3.269918219208627e-05,-1.9617260981100285e-05,-4.022731045977086e-06,0.0,True
cyclonic,0.5,1516.3636474609375,163469.11730899513,2.09375,-2.1355711463168735e-05,-2.1355711463168647e-05,8.809142651444724e-20,-1.2790830652670983e-05,-3.414654211583963e-05,-2.1355711463168735e-05,-3.933219803152789e-06,0.0,True
cyclonic,0.5,1516.3636474609375,168348.79245254723,2.15625,-2.3176245729912553e-05,-2.3176245729912455e-05,9.825582188149884e-20,-1.2371556401126887e-05,-3.554780213103934e-05,-2.3176245729912553e-05,-3.8042916800382097e-06,0.0,True
cyclonic,0.5,1516.3636474609375,173228.46759609933,2.21875,-2.475073865882307e-05,-2.4750738658822932e-05,1.3891340334970526e-19,-1.1949345556167751e-05,-3.6700084214990685e-05,-2.475073865882307e-05,-3.6744605454079997e-06,0.0,True
cyclonic,0.5,1516.3636474609375,178108.14273965143,2.28125,-2.6156296769073368e-05,-2.615629676907323e-05,1.3891340334970526e-19,-1.1544001178374093e-05,-3.770029794744732e-05,-2.6156296769073368e-05,-3.549815901355759e-06,0.0,True
cyclonic,0.5,1516.3636474609375,182987.8178832035,2.34375,-2.7384180137957208e-05,-2.7384180137957083e-05,1.2536087619363645e-19,-1.104568920360133e-05,-3.842986934155841e-05,-2.7384180137957208e-05,-3.396583435025269e-06,0.0,True
cyclonic,0.5,1516.3636474609375,187867.4930267556,2.40625,-2.8165259333018793e-05,-2.816525933301868e-05,1.1180834903756764e-19,-1.057739828558268e-05,-3.874265761860136e-05,-2.8165259333018793e-05,-3.2525825360685675e-06,0.0,True
cyclonic,0.5,1516.3636474609375,192747.1681703077,2.46875,-2.9396505059938087e-05,-2.9396505059937958e-05,1.2874900798265365e-19,-9.977353233386922e-06,-3.937385829332488e-05,-2.9396505059938087e-05,-3.0680668352381945e-06,0.0,True
cyclonic,0.5,1652.5684814453125,2439.837571776047,0.03125,-1.2635388626075223e-06,-1.2635388626075223e-06,0.0,-1.857079152413529e-08,-1.2821096541316576e-06,-1.2635388626075223e-06,-4.0690133337577834e-09,1.0,False
cyclonic,0.5,1652.5684814453125,7319.512715328141,0.09375,1.3066056688817392e-05,1.3066056688817392e-05,0.0,-3.046107412910009e-07,1.2761445947526392e-05,1.3066056688817392e-05,-6.674272156402543e-08,0.0,True
cyclonic,0.5,1652.5684814453125,12199.187858880234,0.15625,2.6375518187269587e-05,2.6375518187269587e-05,0.0,-7.840842424880573e-07,2.559143394478153e-05,2.6375518187269587e-05,-1.7179931363328536e-07,0.0,True
cyclonic,0.5,1652.5684814453125,17078.86300243233,0.21875,3.953816142526743e-05,3.953816142526743e-05,0.0,-1.5129517263399272e-06,3.802520969892751e-05,3.953816142526743e-05,-3.315001807977957e-07,0.0,True
cyclonic,0.5,1652.5684814453125,21958.53814598442,0.28125,5.239987421260139e-05,5.2399874212601375e-05,-1.3552527156068805e-20,-2.399718642620631e-06,5.000015556998074e-05,5.239987421260139e-05,-5.257981137422273e-07,0.0,True
cyclonic,0.5,1652.5684814453125,26838.213289536514,0.34375,6.499982707720794e-05,6.499982707720793e-05,-1.3552527156068805e-20,-3.553310368526647e-06,6.144651670868129e-05,6.499982707720794e-05,-7.785595594955632e-07,0.0,True
cyclonic,0.5,1652.5684814453125,31717.88843308861,0.40625,7.747871519610554e-05,7.747871519610554e-05,0.0,-4.699914391131193e-06,7.277880080497435e-05,7.747871519610554e-05,-1.0297899419192037e-06,0.0,True
cyclonic,0.5,1652.5684814453125,36597.5635766407,0.46874999999999994,9.085334435750932e-05,9.08533443575093e-05,-2.710505431213761e-20,-5.4854526849300355e-06,8.536789167257926e-05,9.085334435750932e-05,-1.2019078501672562e-06,0.0,True
cyclonic,0.5,1652.5684814453125,41477.2387201928,0.53125,0.00010427618697240996,0.00010427618697240991,-4.0657581468206416e-20,-6.121510975156773e-06,9.815467599725314e-05,0.00010427618697240996,-1.3412734588229853e-06,0.0,True
cyclonic,0.5,1652.5684814453125,46356.91386374489,0.59375,0.00011639794001559828,0.00011639794001559827,-1.3552527156068805e-20,-6.754706603969048e-06,0.00010964323341162922,0.00011639794001559828,-1.480011834791818e-06,0.0,True
cyclonic,0.5,1652.5684814453125,51236.589007296985,0.65625,0.00012745594719716367,0.00012745594719716364,-2.710505431213761e-20,-7.68035723341192e-06,0.00011977558996375173,0.00012745594719716367,-1.6828295094563185e-06,0.0,True
cyclonic,0.5,1652.5684814453125,56116.26415084908,0.71875,0.0001370030362585279,0.0001370030362585279,0.0,-8.499431515262002e-06,0.0001285036047432659,0.0001370030362585279,-1.8622954288197768e-06,0.0,True
cyclonic,0.5,1652.5684814453125,60995.93929440117,0.78125,0.0001450416126789366,0.00014504161267893658,-2.710505431213761e-20,-9.395078298694355e-06,0.00013564653438024221,0.0001450416126789366,-2.0585390137734455e-06,0.0,True
cyclonic,0.5,1652.5684814453125,65875.61443795326,0.84375,0.00015119188686085164,0.00015119188686085156,-8.131516293641283e-20,-1.0178440198142923e-05,0.00014101344666270864,0.00015119188686085164,-2.230180056099048e-06,0.0,True
cyclonic,0.5,1652.5684814453125,70755.28958150536,0.9062500000000001,0.00015630522967767114,0.0001563052296776711,-5.421010862427522e-20,-1.0812992812657058e-05,0.00014549223686501403,0.00015630522967767114,-2.3692157588084996e-06,0.0,True
cyclonic,0.5,1652.5684814453125,75634.96472505745,0.96875,0.0001589500580042243,0.00015895005800422421,-8.131516293641283e-20,-1.138615908264422e-05,0.00014756389892158,0.0001589500580042243,-2.494801207980493e-06,0.0,True
cyclonic,0.5,1652.5684814453125,80514.63986860955,1.03125,0.00015921274418753155,0.0001592127441875315,-5.421010862427522e-20,-1.224031908342735e-05,0.00014697242510410414,0.00015921274418753155,-2.681954697255956e-06,0.0,True
cyclonic,0.5,1652.5684814453125,85394.31501216163,1.09375,0.00015800731431901056,0.0001580073143190105,-5.421010862427522e-20,-1.2988023436836004e-05,0.0001450192908821745,0.00015800731431901056,-2.8457828776420484e-06,0.0,True
cyclonic,0.5,1652.5684814453125,90273.99015571373,1.15625,0.00015496396134777993,0.00015496396134777988,-5.421010862427522e-20,-1.3667463607851561e-05,0.00014129649773992833,0.00015496396134777993,-2.9946538135824973e-06,0.0,True
cyclonic,0.5,1652.5684814453125,95153.66529926582,1.21875,0.00015005271152934314,0.0001500527115293431,-5.421010862427522e-20,-1.4417269314666713e-05,0.0001356354422146764,0.00015005271152934314,-3.1589424178023752e-06,0.0,True
cyclonic,0.5,1652.5684814453125,100033.34044281792,1.28125,0.0001442919446599098,0.00014429194465990976,-2.710505431213761e-20,-1.5057529678542753e-05,0.00012923441498136702,0.0001442919446599098,-3.2992287353942975e-06,0.0,True
cyclonic,0.5,1652.5684814453125,104913.01558637002,1.34375,0.00013668805781875444,0.00013668805781875439,-5.421010862427522e-20,-1.556307479725416e-05,0.00012112498302150022,0.00013668805781875444,-3.409997833533138e-06,0.0,True
cyclonic,0.5,1652.5684814453125,109792.6907299221,1.40625,0.00012666504316875577,0.00012666504316875574,-2.710505431213761e-20,-1.6214169535678157e-05,0.00011045087363307758,0.00012666504316875577,-3.552658051798128e-06,0.0,True
cyclonic,0.5,1652.5684814453125,114672.3658734742,1.46875,0.0001155912631690875,0.00011559126316908747,-2.710505431213761e-20,-1.7180033844079294e-05,9.841122932500818e-05,0.0001155912631690875,-3.7642868746394833e-06,0.0,True
cyclonic,0.5,1652.5684814453125,119552.04101702629,1.53125,0.00010373699625731449,0.00010373699625731444,-5.421010862427522e-20,-1.786374755643043e-05,8.5873248700884e-05,0.00010373699625731449,-3.9140941786746475e-06,0.0,True
cyclonic,0.5,1652.5684814453125,124431.71616057839,1.59375,9.101248942587823e-05,9.101248942587822e-05,-1.3552527156068805e-20,-1.8554152031543247e-05,7.245833739433497e-05,9.101248942587823e-05,-4.06536748392225e-06,0.0,True
cyclonic,0.5,1652.5684814453125,129311.39130413048,1.65625,7.789814653106042e-05,7.789814653106038e-05,-4.0657581468206416e-20,-1.8988644847964528e-05,5.890950168309585e-05,7.789814653106042e-05,-4.16056843758879e-06,0.0,True
cyclonic,0.5,1652.5684814453125,134191.06644768256,1.7187499999999998,6.46484396848529e-05,6.464843968485287e-05,-4.0657581468206416e-20,-1.9365667899700812e-05,4.5282771785152054e-05,6.46484396848529e-05,-4.243177292610139e-06,0.0,True
cyclonic,0.5,1652.5684814453125,139070.74159123466,1.78125,5.163270332449069e-05,5.163270332449067e-05,-2.0328790734103208e-20,-1.990497963709273e-05,3.172772368739794e-05,5.163270332449069e-05,-4.361344934934257e-06,0.0,True
cyclonic,0.5,1652.5684814453125,143950.41673478676,1.84375,3.872764295174897e-05,3.872764295174895e-05,-2.0328790734103208e-20,-2.0295126207528337e-05,1.843251674422061e-05,3.872764295174897e-05,-4.446829260960919e-06,0.0,True
cyclonic,0.5,1652.5684814453125,148830.09187833886,1.90625,2.6543769737758382e-05,2.6543769737758355e-05,-2.710505431213761e-20,-2.03159061809428e-05,6.2278635568155534e-06,2.6543769737758382e-05,-4.451382324237124e-06,0.0,True
cyclonic,0.5,1652.5684814453125,153709.76702189096,1.9687500000000002,1.560499228454966e-05,1.5604992284549655e-05,-3.3881317890172014e-21,-2.0171500436877597e-05,-4.566508152327942e-06,1.560499228454966e-05,-4.419741836683921e-06,0.0,True
cyclonic,0.5,1652.5684814453125,158589.44216544303,2.03125,6.677454057458452e-06,6.677454057458451e-06,-8.470329472543003e-22,-1.977911177732406e-05,-1.3101657719865607e-05,6.677454057458452e-06,-4.333766250470288e-06,0.0,True
cyclonic,0.5,1652.5684814453125,163469.11730899513,2.09375,-1.6214013902070771e-06,-1.6214013902070708e-06,6.3527471044072525e-21,-1.9272682767779652e-05,-2.0894084157986722e-05,-1.6214013902070771e-06,-4.222803484572033e-06,0.0,True
cyclonic,0.5,1652.5684814453125,168348.79245254723,2.15625,-8.04430176266571e-06,-8.044301762665707e-06,3.3881317890172014e-21,-1.8663533429391462e-05,-2.670783519205717e-05,-8.04430176266571e-06,-4.0893338488308766e-06,0.0,True
cyclonic,0.5,1652.5684814453125,173228.46759609933,2.21875,-1.3031595918471449e-05,-1.3031595918471446e-05,3.3881317890172014e-21,-1.807429442592769e-05,-3.110589034439913e-05,-1.3031595918471449e-05,-3.960226731412204e-06,0.0,True
cyclonic,0.5,1652.5684814453125,178108.14273965143,2.28125,-1.726345672721996e-05,-1.7263456727219935e-05,2.371692252312041e-20,-1.7502113183852078e-05,-3.476556991107201e-05,-1.726345672721996e-05,-3.834857109966294e-06,0.0,True
cyclonic,0.5,1652.5684814453125,182987.8178832035,2.34375,-1.9845368406141186e-05,-1.9845368406141165e-05,2.0328790734103208e-20,-1.684533685530483e-05,-3.6690705261445994e-05,-1.9845368406141186e-05,-3.6909520085234146e-06,0.0,True
cyclonic,0.5,1652.5684814453125,187867.4930267556,2.40625,-2.1731904986967495e-05,-2.173190498696749e-05,3.3881317890172014e-21,-1.6111436651608038e-05,-3.7843341638575526e-05,-2.1731904986967495e-05,-3.530148431001759e-06,0.0,True
cyclonic,0.5,1652.5684814453125,192747.1681703077,2.46875,-2.209275756573085e-05,-2.209275756573084e-05,1.0164395367051604e-20,-1.5377637142046478e-05,-3.747039470777732e-05,-2.209275756573085e-05,-3.369366916394242e-06,0.0,True
cyclonic,0.5,1795.6707763671875,2439.837571776047,0.03125,-1.6702188946932626e-06,-1.6702188946932626e-06,0.0,-1.7529354079150237e-08,-1.6877482487724128e-06,-1.6702188946932626e-06,-1.2388253930976567e-08,1.0,False
cyclonic,0.5,1795.6707763671875,7319.512715328141,0.09375,1.568228817426025e-06,1.568228817426025e-06,0.0,-1.449657337819693e-07,1.4232630836440557e-06,1.568228817426025e-06,-1.0244942929856325e-07,1.0,False
cyclonic,0.5,1795.6707763671875,12199.187858880234,0.15625,3.3515929956447805e-06,3.3515929956447805e-06,0.0,-3.2137219613313515e-07,3.030220799511645e-06,3.3515929956447805e-06,-2.2711848674380136e-07,1.0,False
cyclonic,0.5,1795.6707763671875,17078.86300243233,0.21875,5.304216055386367e-06,5.304216055386367e-06,0.0,-5.535717135478013e-07,4.750644341838566e-06,5.304216055386367e-06,-3.9121732184032794e-07,1.0,False
cyclonic,0.5,1795.6707763671875,21958.53814598442,0.28125,7.618796213856638e-06,7.618796213856636e-06,-1.6940658945086007e-21,-7.834751707015156e-07,6.83532104315512e-06,7.618796213856638e-06,-5.536934971728345e-07,0.0,True
cyclonic,0.5,1795.6707763671875,26838.213289536514,0.34375,1.0645008643197607e-05,1.0645008643197605e-05,-1.6940658945086007e-21,-1.1082598332252313e-06,9.536748809972374e-06,1.0645008643197607e-05,-7.832236244132881e-07,0.0,True
cyclonic,0.5,1795.6707763671875,31717.88843308861,0.40625,1.5605433142283468e-05,1.5605433142283468e-05,0.0,-1.4418455247548225e-06,1.4163587617528646e-05,1.5605433142283468e-05,-1.018973569091759e-06,0.0,True
cyclonic,0.5,1795.6707763671875,36597.5635766407,0.46874999999999994,2.103090021522765e-05,2.103090021522765e-05,0.0,-1.538007698403833e-06,1.9492892516823816e-05,2.103090021522765e-05,-1.0869328002385322e-06,0.0,True
cyclonic,0.5,1795.6707763671875,41477.2387201928,0.53125,2.5528038202349524e-05,2.5528038202349518e-05,-6.776263578034403e-21,-1.6012507823133412e-06,2.3926787420036175e-05,2.5528038202349524e-05,-1.1316276235224616e-06,0.0,True
cyclonic,0.5,1795.6707763671875,46356.91386374489,0.59375,2.9308433075228935e-05,2.9308433075228935e-05,0.0,-1.7495594301437889e-06,2.7558873645085145e-05,2.9308433075228935e-05,-1.2364395396482626e-06,0.0,True
cyclonic,0.5,1795.6707763671875,51236.589007296985,0.65625,3.342847941556472e-05,3.3428479415564714e-05,-6.776263578034403e-21,-1.90298090969204e-06,3.152549850587268e-05,3.342847941556472e-05,-1.344864769609845e-06,0.0,True
cyclonic,0.5,1795.6707763671875,56116.26415084908,0.71875,3.752434734507291e-05,3.7524347345072906e-05,-6.776263578034403e-21,-2.13513179556373e-06,3.538921554950917e-05,3.752434734507291e-05,-1.5089292360752898e-06,0.0,True
cyclonic,0.5,1795.6707763671875,60995.93929440117,0.78125,4.18609066946856e-05,4.1860906694685595e-05,-6.776263578034403e-21,-2.3426081444844335e-06,3.951829855020116e-05,4.18609066946856e-05,-1.6555558421382423e-06,0.0,True
cyclonic,0.5,1795.6707763671875,65875.61443795326,0.84375,4.552921658716526e-05,4.5529216587165246e-05,-1.3552527156068805e-20,-2.542766062966633e-06,4.2986450524198614e-05,4.552921658716526e-05,-1.7970104051105592e-06,0.0,True
cyclonic,0.5,1795.6707763671875,70755.28958150536,0.9062500000000001,4.822459848347285e-05,4.8224598483472834e-05,-1.3552527156068805e-20,-2.6339486426975858e-06,4.559064984077525e-05,4.822459848347285e-05,-1.8614504835463137e-06,0.0,True
cyclonic,0.5,1795.6707763671875,75634.96472505745,0.96875,4.9288761469134126e-05,4.928876146913411e-05,-1.3552527156068805e-20,-2.7874583796088184e-06,4.6501303089525294e-05,4.9288761469134126e-05,-1.969938086292367e-06,0.0,True
cyclonic,0.5,1795.6707763671875,80514.63986860955,1.03125,4.825443589967219e-05,4.8254435899672175e-05,-1.3552527156068805e-20,-3.0417572140314455e-06,4.521267868564073e-05,4.825443589967219e-05,-2.1496548357489784e-06,0.0,True
cyclonic,0.5,1795.6707763671875,85394.31501216163,1.09375,4.573926479216594e-05,4.5739264792165926e-05,-1.3552527156068805e-20,-3.3401545956287364e-06,4.239911019653719e-05,4.573926479216594e-05,-2.3605366810739346e-06,0.0,True
cyclonic,0.5,1795.6707763671875,90273.99015571373,1.15625,4.17079347551168e-05,4.170793475511679e-05,-1.3552527156068805e-20,-3.6616353879722684e-06,3.804629936714452e-05,4.17079347551168e-05,-2.587731914366654e-06,0.0,True
cyclonic,0.5,1795.6707763671875,95153.66529926582,1.21875,3.531316006836726e-05,3.531316006836723e-05,-2.710505431213761e-20,-3.953496466674008e-06,3.1359663601693225e-05,3.531316006836726e-05,-2.7939944577096747e-06,0.0,True
cyclonic,0.5,1795.6707763671875,100033.34044281792,1.28125,2.789578809000103e-05,2.789578809000102e-05,-1.0164395367051604e-20,-4.267230086841552e-06,2.3628558003159468e-05,2.789578809000103e-05,-3.015714649781264e-06,0.0,True
cyclonic,0.5,1795.6707763671875,104913.01558637002,1.34375,1.821351072728031e-05,1.821351072728029e-05,-1.6940658945086007e-20,-4.595901200550199e-06,1.3617609526730092e-05,1.821351072728031e-05,-3.247991389586669e-06,0.0,True
cyclonic,0.5,1795.6707763671875,109792.6907299221,1.40625,5.867032770274768e-06,5.867032770274755e-06,-1.3552527156068805e-20,-4.915921525005939e-06,9.511112452688153e-07,5.867032770274768e-06,-3.4741544886107605e-06,0.0,True
cyclonic,0.5,1795.6707763671875,114672.3658734742,1.46875,-8.860777066410794e-06,-8.860777066410804e-06,-1.0164395367051604e-20,-5.227675270205858e-06,-1.4088452336616661e-05,-8.860777066410794e-06,-3.6944754737441034e-06,0.0,True
cyclonic,0.5,1795.6707763671875,119552.04101702629,1.53125,-2.3874549607467707e-05,-2.387454960746772e-05,-1.3552527156068805e-20,-5.5950950259767095e-06,-2.946964463344443e-05,-2.3874549607467707e-05,-3.954136452305805e-06,0.0,True
cyclonic,0.5,1795.6707763671875,124431.71616057839,1.59375,-3.9459974627978945e-05,-3.945997462797895e-05,-6.776263578034403e-21,-5.9253542642309225e-06,-4.5385328892209874e-05,-3.9459974627978945e-05,-4.1875355432289776e-06,0.0,True
cyclonic,0.5,1795.6707763671875,129311.39130413048,1.65625,-5.525311146988692e-05,-5.5253111469886924e-05,-6.776263578034403e-21,-6.215859211104e-06,-6.146897068099092e-05,-5.525311146988692e-05,-4.392839688140345e-06,0.0,True
cyclonic,0.5,1795.6707763671875,134191.06644768256,1.7187499999999998,-7.107237680536074e-05,-7.107237680536078e-05,-4.0657581468206416e-20,-6.4643395087501974e-06,-7.753671631411098e-05,-7.107237680536074e-05,-4.568444391553066e-06,0.0,True
cyclonic,0.5,1795.6707763671875,139070.74159123466,1.78125,-8.563266000576447e-05,-8.563266000576449e-05,-1.3552527156068805e-20,-6.681094843327578e-06,-9.231375484909207e-05,-8.563266000576447e-05,-4.721628594092064e-06,0.0,True
cyclonic,0.5,1795.6707763671875,143950.41673478676,1.84375,-9.945759499590814e-05,-9.945759499590817e-05,-2.710505431213761e-20,-6.872396488757952e-06,-0.00010632999148466612,-9.945759499590814e-05,-4.856824297841578e-06,0.0,True
cyclonic,0.5,1795.6707763671875,148830.09187833886,1.90625,-0.00011251781551125714,-0.00011251781551125716,-2.710505431213761e-20,-6.999299843613997e-06,-0.00011951711535487116,-0.00011251781551125714,-4.94650877666213e-06,0.0,True
cyclonic,0.5,1795.6707763671875,153709.76702189096,1.9687500000000002,-0.00012403967795843274,-0.00012403967795843274,0.0,-7.072668952575655e-06,-0.0001311123469110084,-0.00012403967795843274,-4.9983598116975624e-06,0.0,True
cyclonic,0.5,1795.6707763671875,158589.44216544303,2.03125,-0.00013273773834683415,-0.00013273773834683415,0.0,-7.092677186789633e-06,-0.00013983041553362378,-0.00013273773834683415,-5.012499926902835e-06,0.0,True
cyclonic,0.5,1795.6707763671875,163469.11730899513,2.09375,-0.0001398384374733095,-0.00013983843747330952,-2.710505431213761e-20,-7.019878842886096e-06,-0.0001468583163161956,-0.0001398384374733095,-4.961052259980285e-06,0.0,True
cyclonic,0.5,1795.6707763671875,168348.79245254723,2.15625,-0.000144550508786843,-0.000144550508786843,0.0,-6.926559733648554e-06,-0.00015147706852049154,-0.000144550508786843,-4.89510226452539e-06,0.0,True
cyclonic,0.5,1795.6707763671875,173228.46759609933,2.21875,-0.00014799171386900057,-0.0001479917138690006,-2.710505431213761e-20,-6.796442152606758e-06,-0.00015478815602160736,-0.00014799171386900057,-4.80314624449454e-06,0.0,True
cyclonic,0.5,1795.6707763671875,178108.14273965143,2.28125,-0.00014986093876373323,-0.00014986093876373329,-5.421010862427522e-20,-6.661645006395032e-06,-0.00015652258377012832,-0.00014986093876373323,-4.707883106508865e-06,0.0,True
cyclonic,0.5,1795.6707763671875,182987.8178832035,2.34375,-0.0001502659762706962,-0.00015026597627069621,-2.710505431213761e-20,-6.541657664274797e-06,-0.00015680763393497102,-0.0001502659762706962,-4.6230862762333885e-06,0.0,True
cyclonic,0.5,1795.6707763671875,187867.4930267556,2.40625,-0.00014848274330337267,-0.00014848274330337267,0.0,-6.329657332263803e-06,-0.00015481240063563648,-0.00014848274330337267,-4.47326250437363e-06,0.0,True
cyclonic,0.5,1795.6707763671875,192747.1681703077,2.46875,-0.00014565661918030005,-0.00014565661918030008,-2.710505431213761e-20,-6.0156109878389885e-06,-0.00015167223016813907,-0.00014565661918030005,-4.251321305441666e-06,0.0,True
cyclonic,0.5,1945.2955322265625,2439.837571776047,0.03125,-6.257757253463025e-07,-6.257757253463025e-07,0.0,-5.5167027984948666e-09,-6.312924281447974e-07,-6.257757253463025e-07,-4.428491420938412e-09,1.0,False
cyclonic,0.5,1945.2955322265625,7319.512715328141,0.09375,-1.2492598299177298e-05,-1.2492598299177298e-05,0.0,-4.3663668957741245e-08,-1.2536261968135039e-05,-1.2492598299177298e-05,-3.50506798080201e-08,1.0,False
cyclonic,0.5,1945.2955322265625,12199.187858880234,0.15625,-2.5310938232706757e-05,-2.5310938232706757e-05,0.0,-1.9366472590621312e-07,-2.550460295861297e-05,-2.5310938232706757e-05,-1.5546289306142186e-07,1.0,False
cyclonic,0.5,1945.2955322265625,17078.86300243233,0.21875,-3.7814927215708795e-05,-3.7814927215708795e-05,0.0,-4.079605929752212e-07,-3.822288780868402e-05,-3.7814927215708795e-05,-3.274872785542529e-07,1.0,False
cyclonic,0.5,1945.2955322265625,21958.53814598442,0.28125,-4.907873047284268e-05,-4.907873047284268e-05,0.0,-6.795649138679481e-07,-4.975829538671063e-05,-4.907873047284268e-05,-5.455155916421733e-07,1.0,False
cyclonic,0.5,1945.2955322265625,26838.213289536514,0.34375,-5.767898606834845e-05,-5.767898606834845e-05,0.0,-1.0017279558760751e-06,-5.868071402422452e-05,-5.767898606834845e-05,-8.041295354757363e-07,0.0,True
cyclonic,0.5,1945.2955322265625,31717.88843308861,0.40625,-6.243317003508282e-05,-6.243317003508282e-05,0.0,-1.0891192049032864e-06,-6.352228923998611e-05,-6.243317003508282e-05,-8.742821992530359e-07,0.0,True
cyclonic,0.5,1945.2955322265625,36597.5635766407,0.46874999999999994,-6.770465704849851e-05,-6.770465704849851e-05,0.0,-1.0644375715284149e-06,-6.876909462002692e-05,-6.770465704849851e-05,-8.544692048526149e-07,0.0,True
cyclonic,0.5,1945.2955322265625,41477.2387201928,0.53125,-7.34006599229509e-05,-7.34006599229509e-05,0.0,-1.0267013910759561e-06,-7.442736131402686e-05,-7.34006599229509e-05,-8.241767715828198e-07,0.0,True
cyclonic,0.5,1945.2955322265625,46356.91386374489,0.59375,-7.841015734451913e-05,-7.841015734451913e-05,0.0,-1.0314492007572067e-06,-7.944160654527634e-05,-7.841015734451913e-05,-8.279880398728938e-07,0.0,True
cyclonic,0.5,1945.2955322265625,51236.589007296985,0.65625,-8.289139342344827e-05,-8.289139342344827e-05,0.0,-1.1177111108178541e-06,-8.400910453426612e-05,-8.289139342344827e-05,-8.972341353416515e-07,0.0,True
cyclonic,0.5,1945.2955322265625,56116.26415084908,0.71875,-8.516285284031758e-05,-8.516285284031758e-05,0.0,-1.1911010326933126e-06,-8.63539538730109e-05,-8.516285284031758e-05,-9.561473397102972e-07,0.0,True
cyclonic,0.5,1945.2955322265625,60995.93929440117,0.78125,-8.664168982105756e-05,-8.664168982105756e-05,0.0,-1.23676957011301e-06,-8.787845939117057e-05,-8.664168982105756e-05,-9.92807412503255e-07,0.0,True
cyclonic,0.5,1945.2955322265625,65875.61443795326,0.84375,-8.720274246455653e-05,-8.720274246455653e-05,0.0,-1.2321469238029304e-06,-8.843488938835947e-05,-8.720274246455653e-05,-9.890966181621486e-07,0.0,True
cyclonic,0.5,1945.2955322265625,70755.28958150536,0.9062500000000001,-8.836445726194093e-05,-8.836445726194093e-05,0.0,-1.1420869565017041e-06,-8.950654421844263e-05,-8.836445726194093e-05,-9.168016609873145e-07,0.0,True
cyclonic,0.5,1945.2955322265625,75634.96472505745,0.96875,-8.843388712429664e-05,-8.843388712429664e-05,0.0,-1.038641171472614e-06,-8.947252829576926e-05,-8.843388712429664e-05,-8.337613399356615e-07,0.0,True
cyclonic,0.5,1945.2955322265625,80514.63986860955,1.03125,-8.945281451695419e-05,-8.945281451695419e-05,0.0,-1.0580552054086065e-06,-9.05108697223628e-05,-8.945281451695419e-05,-8.493458087518549e-07,0.0,True
cyclonic,0.5,1945.2955322265625,85394.31501216163,1.09375,-9.066902163924001e-05,-9.066902163924001e-05,0.0,-1.1208098313337061e-06,-9.178983147057372e-05,-9.066902163924001e-05,-8.997216097845525e-07,0.0,True
cyclonic,0.5,1945.2955322265625,90273.99015571373,1.15625,-9.380868985808311e-05,-9.380868985808311e-05,0.0,-1.2285587937127339e-06,-9.503724865179585e-05,-9.380868985808311e-05,-9.862162738873073e-07,0.0,True
cyclonic,0.5,1945.2955322265625,95153.66529926582,1.21875,-9.866762316689077e-05,-9.866762316689082e-05,-5.421010862427522e-20,-1.339457667309684e-06,-0.0001000070808342005,-9.866762316689077e-05,-1.0752395053816374e-06,0.0,True
cyclonic,0.5,1945.2955322265625,100033.34044281792,1.28125,-0.00010453424800763634,-0.00010453424800763634,0.0,-1.4438973444524562e-06,-0.0001059781453520888,-0.00010453424800763634,-1.1590776658057465e-06,0.0,True
cyclonic,0.5,1945.2955322265625,104913.01558637002,1.34375,-0.00011130454689072404,-0.00011130454689072409,-5.421010862427522e-20,-1.5698539196576622e-06,-0.00011287440081038176,-0.00011130454689072404,-1.2601883533090182e-06,0.0,True
cyclonic,0.5,1945.2955322265625,109792.6907299221,1.40625,-0.00011963520772944369,-0.00011963520772944369,0.0,-1.6865198698747248e-06,-0.00012132172759931841,-0.00011963520772944369,-1.3538410619147543e-06,0.0,True
cyclonic,0.5,1945.2955322265625,114672.3658734742,1.46875,-0.00012964894904282846,-0.00012964894904282846,0.0,-1.8477403776590348e-06,-0.00013149668942048748,-0.00012964894904282846,-1.4832596044175231e-06,0.0,True
cyclonic,0.5,1945.2955322265625,119552.04101702629,1.53125,-0.00014134421432747475,-0.00014134421432747475,0.0,-2.0857643365822346e-06,-0.00014342997866405698,-0.00014134421432747475,-1.6743315360714773e-06,0.0,True
cyclonic,0.5,1945.2955322265625,124431.71616057839,1.59375,-0.0001532133819958585,-0.0001532133819958585,0.0,-2.320924360335424e-06,-0.00015553430635619392,-0.0001532133819958585,-1.8631044654420428e-06,0.0,True
cyclonic,0.5,1945.2955322265625,129311.39130413048,1.65625,-0.0001647030287334395,-0.0001647030287334395,0.0,-2.548708117277489e-06,-0.000167251736850717,-0.0001647030287334395,-2.0459561524537612e-06,0.0,True
cyclonic,0.5,1945.2955322265625,134191.06644768256,1.7187499999999998,-0.0001770660888265763,-0.0001770660888265763,0.0,-2.780334642386005e-06,-0.00017984642346896231,-0.0001770660888265763,-2.231892592528927e-06,0.0,True
cyclonic,0.5,1945.2955322265625,139070.74159123466,1.78125,-0.00018697585629221084,-0.00018697585629221084,0.0,-3.01432379025066e-06,-0.0001899901800824615,-0.00018697585629221084,-2.4197256101411913e-06,0.0,True
cyclonic,0.5,1945.2955322265625,143950.41673478676,1.84375,-0.00019592527912430958,-0.00019592527912430958,0.0,-3.264185076559527e-06,-0.0001991894642008691,-0.00019592527912430958,-2.6202998667687814e-06,0.0,True
cyclonic,0.5,1945.2955322265625,148830.09187833886,1.90625,-0.00020518344473941107,-0.00020518344473941107,0.0,-3.4696311193432437e-06,-0.0002086530758587543,-0.00020518344473941107,-2.7852201227923e-06,0.0,True
cyclonic,0.5,1945.2955322265625,153709.76702189096,1.9687500000000002,-0.0002130358132379931,-0.0002130358132379931,0.0,-3.696528429335939e-06,-0.00021673234166732903,-0.0002130358132379931,-2.9673602212240662e-06,0.0,True
cyclonic,0.5,1945.2955322265625,158589.44216544303,2.03125,-0.00021966761251853076,-0.00021966761251853076,0.0,-3.875187162567941e-06,-0.0002235427996810987,-0.00021966761251853076,-3.1107771672320165e-06,0.0,True
cyclonic,0.5,1945.2955322265625,163469.11730899513,2.09375,-0.0002239829672888785,-0.0002239829672888785,0.0,-4.026658325240184e-06,-0.0002280096256141187,-0.0002239829672888785,-3.2323694967293763e-06,0.0,True
cyclonic,0.5,1945.2955322265625,168348.79245254723,2.15625,-0.00022674730315321424,-0.00022674730315321424,0.0,-4.114047134926012e-06,-0.00023086135028814025,-0.00022674730315321424,-3.3025202023438415e-06,0.0,True
cyclonic,0.5,1945.2955322265625,173228.46759609933,2.21875,-0.00022930920881646436,-0.00022930920881646436,0.0,-4.1612507141305574e-06,-0.00023347045953059492,-0.00022930920881646436,-3.3404125183123486e-06,0.0,True
cyclonic,0.5,1945.2955322265625,178108.14273965143,2.28125,-0.00022958777123299723,-0.0002295877712329973,-5.421010862427522e-20,-4.176117674994722e-06,-0.000233763888907992,-0.00022958777123299723,-3.352346858632502e-06,0.0,True
cyclonic,0.5,1945.2955322265625,182987.8178832035,2.34375,-0.00023001419148835635,-0.00023001419148835635,0.0,-4.1713838462592315e-06,-0.00023418557533461557,-0.00023001419148835635,-3.3485468134408282e-06,0.0,True
cyclonic,0.5,1945.2955322265625,187867.4930267556,2.40625,-0.0002282359499331078,-0.0002282359499331078,0.0,-4.127380902353468e-06,-0.00023236333083546126,-0.0002282359499331078,-3.3132237832359252e-06,0.0,True
cyclonic,0.5,1945.2955322265625,192747.1681703077,2.46875,-0.00022610856637506993,-0.0002261085663750699,2.710505431213761e-20,-4.059894165541282e-06,-0.00023016846054061118,-0.00022610856637506993,-3.2590493160013597e-06,0.0,True
